Date,SST,SST_detrended
2016-01-01,28.52449,-0.39079715551515193
2016-01-02,28.506613,-0.40878390521057995
2016-01-03,28.493362,-0.4221446549060133
2016-01-04,28.463135,-0.4524814046014427
2016-01-05,28.413782,-0.5019441542968721
2016-01-06,28.360138,-0.5556979039923036
2016-01-07,28.304468,-0.6114776536877322
2016-01-08,28.253868,-0.662187403383161
2016-01-09,28.191668,-0.7244971530785946
2016-01-10,28.134796,-0.7814789027740225
2016-01-11,28.070595,-0.8457896524694526
2016-01-12,28.019995,-0.8964994021648813
2016-01-13,27.98246,-0.9341441518603126
2016-01-14,27.929888,-0.9868259015557435
2016-01-15,27.907135,-1.0096886512511745
2016-01-16,27.867437,-1.0494964009466052
2016-01-17,27.836725,-1.0803181506420323
2016-01-18,27.815384,-1.1017689003374613
2016-01-19,27.810534,-1.106728650032892
2016-01-20,27.902943,-1.0144293997283214
2016-01-21,27.939629,-0.9778531494237548
2016-01-22,27.89405,-1.0235418991191843
2016-01-23,27.887772,-1.0299296488146155
2016-01-24,27.889154,-1.0286573985100418
2016-01-25,27.886047,-1.0318741482054712
2016-01-26,27.86302,-1.0550108979009032
2016-01-27,27.85985,-1.0582906475963334
2016-01-28,27.851627,-1.0666233972917638
2016-01-29,27.815817,-1.1025431469871947
2016-01-30,27.781828,-1.1366418966826224
2016-01-31,27.7597,-1.158879646378054
2016-02-01,27.733496,-1.1851933960734833
2016-02-02,27.714123,-1.2046761457689144
2016-02-03,27.69789,-1.2210188954643435
2016-02-04,27.678934,-1.2400846451597722
2016-02-05,27.67536,-1.243768394855202
2016-02-06,27.656914,-1.2623241445506324
2016-02-07,27.681858,-1.237489894246064
2016-02-08,27.680342,-1.2391156439414956
2016-02-09,27.672009,-1.2475583936369254
2016-02-10,27.652813,-1.2668641433323558
2016-02-11,27.617716,-1.302070893027782
2016-02-12,27.650928,-1.2689686427232125
2016-02-13,27.612268,-1.307738392418642
2016-02-14,27.638369,-1.2817471421140745
2016-02-15,27.645039,-1.2751868918095042
2016-02-16,27.698755,-1.2215806415049357
2016-02-17,27.73692,-1.1835253912003623
2016-02-18,27.825016,-1.0955391408957915
2016-02-19,27.949982,-0.9706828905912239
2016-02-20,28.075745,-0.8450296402866542
2016-02-21,28.210875,-0.7100093899820834
2016-02-22,28.122908,-0.7980861396775154
2016-02-23,28.160196,-0.7609078893729446
2016-02-24,28.222351,-0.6988626390683734
2016-02-25,28.138628,-0.782695388763802
2016-02-26,28.122904,-0.7985291384592372
2016-02-27,28.162848,-0.7586948881546647
2016-02-28,28.22152,-0.7001326378500927
2016-02-29,28.267078,-0.6546843875455224
2016-03-01,28.355776,-0.5660961372409545
2016-03-02,28.357393,-0.5645888869363844
2016-03-03,28.354458,-0.5676336366318147
2016-03-04,28.369251,-0.5529503863272467
2016-03-05,28.40562,-0.5166911360226756
2016-03-06,28.455196,-0.46722488571810317
2016-03-07,28.485928,-0.43660263541353217
2016-03-08,28.5504,-0.37224038510896307
2016-03-09,28.632633,-0.2901171348043974
2016-03-10,28.635218,-0.28764188449982697
2016-03-11,28.688902,-0.2340676341952559
2016-03-12,28.771534,-0.15154538389068506
2016-03-13,28.81555,-0.10763913358611177
2016-03-14,28.83135,-0.09194888328154249
2016-03-15,28.920204,-0.003204632976977706
2016-03-16,28.931553,0.008034617327595583
2016-03-17,28.992893,0.06926486763216388
2016-03-18,29.04681,0.12307211793673645
2016-03-19,29.157131,0.23328336824130602
2016-03-20,29.262201,0.3382436185458779
2016-03-21,29.262518,0.33845086885044395
2016-03-22,29.28009,0.3559131191550158
2016-03-23,29.369802,0.44551536945958503
2016-03-24,29.321754,0.3973576197641542
2016-03-25,29.403145,0.47863887006872474
2016-03-26,29.398472,0.4738561203732985
2016-03-27,29.420443,0.4957173706778626
2016-03-28,29.450167,0.5253316209824348
2016-03-29,29.455877,0.5309318712870059
2016-03-30,29.455833,0.5307781215915739
2016-03-31,29.568502,0.6433373718961448
2016-04-01,29.651852,0.7265776222007183
2016-04-02,29.711445,0.7860608725052849
2016-04-03,29.778143,0.8526491228098543
2016-04-04,29.874426,0.9488223731144245
2016-04-05,29.98578,1.0600666234189937
2016-04-06,30.004658,1.0788348737235651
2016-04-07,30.077038,1.1511051240281382
2016-04-08,30.144894,1.2188513743327043
2016-04-09,30.196661,1.270508624637273
2016-04-10,30.249655,1.3233928749418453
2016-04-11,30.202284,1.275912125246414
2016-04-12,30.12064,1.1941583755509875
2016-04-13,30.133133,1.2065416258555572
2016-04-14,30.224123,1.2974218761601222
2016-04-15,30.3719,1.4450891264646941
2016-04-16,30.403383,1.4764623767692662
2016-04-17,30.424665,1.497634627073836
2016-04-18,30.501484,1.574343877378407
2016-04-19,30.570738,1.643488127682975
2016-04-20,30.718866,1.7915063779875418
2016-04-21,30.709774,1.7823046282921133
2016-04-22,30.675386,1.747806878596684
2016-04-23,30.643066,1.715377128901256
2016-04-24,30.645855,1.7180563792058265
2016-04-25,30.761904,1.8339956295103974
2016-04-26,30.908712,1.9806938798149645
2016-04-27,30.95322,2.0250921301195355
2016-04-28,30.970936,2.0426983804241026
2016-04-29,31.06063,2.1322826307286746
2016-04-30,31.089834,2.161376881033245
2016-05-01,31.105463,2.1768961313378163
2016-05-02,31.180666,2.2519893816423817
2016-05-03,31.209633,2.280846631946954
2016-05-04,31.208937,2.280040882251523
2016-05-05,31.296133,2.367127132556096
2016-05-06,31.316774,2.387658382860664
2016-05-07,31.383356,2.454130633165235
2016-05-08,31.398212,2.468876883469804
2016-05-09,31.403278,2.4738331337743737
2016-05-10,31.484478,2.5549233840789434
2016-05-11,31.545143,2.615478634383514
2016-05-12,31.56265,2.6328758846880866
2016-05-13,31.56104,2.631156134992654
2016-05-14,31.480963,2.550969385297222
2016-05-15,31.470947,2.5408436356017923
2016-05-16,31.366,2.4357868859063636
2016-05-17,31.22887,2.298547136210935
2016-05-18,31.120447,2.1900143865155037
2016-05-19,31.000055,2.0695126368200754
2016-05-20,30.832647,1.9019948871246442
2016-05-21,30.68662,1.7558581374292146
2016-05-22,30.588884,1.658012387733784
2016-05-23,30.537638,1.6066566380383556
2016-05-24,30.502382,1.5712908883429257
2016-05-25,30.457983,1.5267821386474942
2016-05-26,30.427292,1.495981388952064
2016-05-27,30.406239,1.4748186392566325
2016-05-28,30.38454,1.453009889561205
2016-05-29,30.357056,1.4254161398657743
2016-05-30,30.34951,1.4177603901703435
2016-05-31,30.326353,1.3944936404749164
2016-06-01,30.310291,1.3783218907794819
2016-06-02,30.2742,1.3421211410840534
2016-06-03,30.23209,1.299901391388623
2016-06-04,30.190868,1.2585696416931924
2016-06-05,30.162123,1.2297148919977658
2016-06-06,30.121021,1.1885031423023307
2016-06-07,30.082006,1.149378392606902
2016-06-08,30.041601,1.1088636429114729
2016-06-09,30.00241,1.0695628932160446
2016-06-10,29.97308,1.0401231435206135
2016-06-11,29.9427,1.0096333938251831
2016-06-12,29.912645,0.9794686441297529
2016-06-13,29.867582,0.9342958944343209
2016-06-14,29.827478,0.894082144738892
2016-06-15,29.776192,0.8426863950434651
2016-06-16,29.715286,0.7816706453480329
2016-06-17,29.665422,0.731696895652604
2016-06-18,29.621553,0.6877181459571702
2016-06-19,29.606533,0.6725883962617409
2016-06-20,29.599895,0.6658406465663127
2016-06-21,29.629322,0.6951578968708816
2016-06-22,29.694939,0.7606651471754553
2016-06-23,29.652597,0.7182133974800244
2016-06-24,29.575537,0.641043647784592
2016-06-25,29.501488,0.5668848980891603
2016-06-26,29.453962,0.5192491483937332
2016-06-27,29.407286,0.47246339869830223
2016-06-28,29.368343,0.43341064900287307
2016-06-29,29.319302,0.38425989930744464
2016-06-30,29.268528,0.3333761496120111
2016-07-01,29.255262,0.32000039991658014
2016-07-02,29.241888,0.3065166502211518
2016-07-03,29.248503,0.31302190052572243
2016-07-04,29.301943,0.36635215083029493
2016-07-05,29.319664,0.3839634011348636
2016-07-06,29.313309,0.3774986514394314
2016-07-07,29.263279,0.3273589017440024
2016-07-08,29.225487,0.28945715204857336
2016-07-09,29.191809,0.25566940235314206
2016-07-10,29.188683,0.25243365265771445
2016-07-11,29.197739,0.26137990296228253
2016-07-12,29.210455,0.2739861532668506
2016-07-13,29.260126,0.3235474035714212
2016-07-14,29.300188,0.3634996538759907
2016-07-15,29.285759,0.34896090418056147
2016-07-16,29.37958,0.442672154485134
2016-07-17,29.33966,0.40264240478970237
2016-07-18,29.330309,0.3931816550942706
2016-07-19,29.323101,0.38586390539884263
2016-07-20,29.347351,0.41000415570341175
2016-07-21,29.320974,0.38351740600798223
2016-07-22,29.303102,0.36553565631255225
2016-07-23,29.299248,0.36157190661712235
2016-07-24,29.293236,0.355450156921691
2016-07-25,29.296555,0.35865940722626277
2016-07-26,29.325861,0.3878556575308316
2016-07-27,29.395824,0.4577089078354035
2016-07-28,29.300411,0.36218615813997346
2016-07-29,29.236881,0.29854640844454394
2016-07-30,29.170008,0.2315636587491099
2016-07-31,29.11591,0.1773559090536807
2016-08-01,29.069893,0.1312291593582522
2016-08-02,29.023241,0.08446740966282107
2016-08-03,28.991802,0.052918659967392756
2016-08-04,28.962831,0.0238379102719648
2016-08-05,28.964708,0.02560516057653217
2016-08-06,28.986485,0.04727241088109935
2016-08-07,28.983318,0.04399566118567222
2016-08-08,28.980757,0.041324911490242755
2016-08-09,29.009453,0.06991116179481338
2016-08-10,29.068624,0.12897241209938315
2016-08-11,29.078466,0.13870466240394919
2016-08-12,29.07474,0.13486891270851942
2016-08-13,29.068922,0.1289411630130921
2016-08-14,29.053616,0.11352541331766375
2016-08-15,29.034273,0.09407266362223154
2016-08-16,29.009415,0.06910491392680385
2016-08-17,29.003803,0.06338316423137158
2016-08-18,29.023556,0.08302641453594006
2016-08-19,29.077469,0.13682966484051207
2016-08-20,29.137493,0.19674391514508116
2016-08-21,29.214209,0.27335016544965285
2016-08-22,29.369267,0.4282984157542238
2016-08-23,29.481472,0.5403936660587902
2016-08-24,29.41229,0.4711019163633594
2016-08-25,29.362988,0.4216901666679327
2016-08-26,29.369879,0.4284714169725028
2016-08-27,29.3354,0.39388266727707233
2016-08-28,29.347153,0.4055259175816417
2016-08-29,29.330807,0.38907016788621007
2016-08-30,29.276379,0.33453241819077917
2016-08-31,29.20387,0.2619136684953496
2016-09-01,29.169813,0.22774691879992304
2016-09-02,29.12613,0.18395416910449214
2016-09-03,29.081055,0.13876941940906207
2016-09-04,29.059572,0.11717666971362917
2016-09-05,29.054096,0.1115909200182017
2016-09-06,29.020998,0.07838317032276976
2016-09-07,28.985826,0.043101420627341014
2016-09-08,28.957237,0.014402670931911388
2016-09-09,28.965534,0.0225899212364844
2016-09-10,29.003115,0.06006117154105084
2016-09-11,29.03266,0.08949642184562023
2016-09-12,29.030014,0.08674067215019221
2016-09-13,29.04857,0.10518692245476302
2016-09-14,29.05843,0.11493717275933335
2016-09-15,29.03695,0.09334742306390353
2016-09-16,29.011528,0.06781567336846805
2016-09-17,29.01926,0.07543792367303936
2016-09-18,29.105309,0.1613771739776091
2016-09-19,29.056276,0.11223442428218178
2016-09-20,29.01525,0.07109867458675367
2016-09-21,28.958258,0.013996924891323204
2016-09-22,28.938845,-0.005525824804109902
2016-09-23,28.896353,-0.04812757449953864
2016-09-24,28.929413,-0.015177324194969088
2016-09-25,28.93484,-0.009860073890397558
2016-09-26,28.950546,0.0057361764141710125
2016-09-27,28.97529,0.03037042671874346
2016-09-28,28.99164,0.04661067702330968
2016-09-29,28.933994,-0.011145072672121614
2016-09-30,28.894062,-0.05118682236754779
2016-10-01,28.876482,-0.06887657206297959
2016-10-02,28.926622,-0.018846321758410056
2016-10-03,28.989088,0.04350992854616109
2016-10-04,29.013685,0.06799717885072809
2016-10-05,28.993626,0.047828429155298835
2016-10-06,28.978548,0.03264067945987037
2016-10-07,28.956377,0.010359929764440778
2016-10-08,28.964071,0.017944180069012106
2016-10-09,28.958788,0.01255143037358053
2016-10-10,28.98375,0.0374036806781497
2016-10-11,29.02049,0.07403393098271849
2016-10-12,29.090528,0.14396218128728933
2016-10-13,29.165586,0.21891043159186196
2016-10-14,29.245811,0.2990256818964312
2016-10-15,29.368582,0.42168693220100195
2016-10-16,29.313297,0.3662921825055676
2016-10-17,29.342102,0.39498743281014015
2016-10-18,29.262236,0.3150116831147116
2016-10-19,29.18747,0.24013593341928186
2016-10-20,29.113087,0.16564318372385145
2016-10-21,29.033102,0.08554843402842138
2016-10-22,28.985947,0.038283684332988344
2016-10-23,28.93929,-0.008483065362440811
2016-10-24,28.907207,-0.040675815057870324
2016-10-25,28.885836,-0.06215656475329823
2016-10-26,28.93894,-0.009162314448730058
2016-10-27,28.988417,0.04020493585584006
2016-10-28,29.102427,0.15410518616040747
2016-10-29,29.164454,0.21602243646497854
2016-10-30,29.091137,0.1425956867695497
2016-10-31,28.998404,0.049752937074121206
2016-11-01,28.91328,-0.035480812621308644
2016-11-02,28.88353,-0.06534056231674157
2016-11-03,28.848358,-0.10062231201217031
2016-11-04,28.828043,-0.12104706170759982
2016-11-05,28.805384,-0.14381581140303012
2016-11-06,28.825068,-0.12424156109845796
2016-11-07,28.802906,-0.14651331079388896
2016-11-08,28.8782,-0.07132906048932242
2016-11-09,28.80962,-0.1400188101847526
2016-11-10,28.871765,-0.07798355988018102
2016-11-11,28.90204,-0.04781830957561084
2016-11-12,28.964287,0.014318940728959006
2016-11-13,28.947115,-0.002962808966469055
2016-11-14,28.90552,-0.04466755866190297
2016-11-15,28.915447,-0.03485030835733127
2016-11-16,28.932814,-0.01759305805276057
2016-11-17,28.89966,-0.05085680774818968
2016-11-18,28.866142,-0.08448455744361993
2016-11-19,28.879192,-0.07154430713904958
2016-11-20,28.840878,-0.1099680568344823
2016-11-21,28.821323,-0.12963280652991216
2016-11-22,28.777924,-0.17314155622534244
2016-11-23,28.739725,-0.21145030592077063
2016-11-24,28.712315,-0.23897005561619977
2016-11-25,28.687288,-0.26410680531163067
2016-11-26,28.715979,-0.23552555500706163
2016-11-27,28.696733,-0.2548813047024936
2016-11-28,28.71041,-0.24131405439792175
2016-11-29,28.670063,-0.28177080409335176
2016-11-30,28.646832,-0.3051115537887803
2016-12-01,28.668953,-0.2831003034842112
2016-12-02,28.723478,-0.2286850531796425
2016-12-03,28.686344,-0.2659288028750737
2016-12-04,28.652355,-0.3000275525705014
2016-12-05,28.623468,-0.3290243022659318
2016-12-06,28.579432,-0.37317005196135966
2016-12-07,28.532177,-0.4205348016567889
2016-12-08,28.452595,-0.5002265513522239
2016-12-09,28.384785,-0.5681463010476513
2016-12-10,28.329954,-0.6230870507430808
2016-12-11,28.303797,-0.6493538004385115
2016-12-12,28.335972,-0.6172885501339387
2016-12-13,28.435581,-0.5177892998293707
2016-12-14,28.387007,-0.5664730495248023
2016-12-15,28.318222,-0.6353677992202336
2016-12-16,28.253242,-0.7004575489156615
2016-12-17,28.195393,-0.7584162986110918
2016-12-18,28.16667,-0.7872490483065206
2016-12-19,28.176027,-0.7780017980019487
2016-12-20,28.174826,-0.7793125476973835
2016-12-21,28.139006,-0.815242297392814
2016-12-22,28.09278,-0.8615780470882406
2016-12-23,28.079798,-0.874669796783671
2016-12-24,28.067762,-0.8868155464791023
2016-12-25,28.074722,-0.8799652961745288
2016-12-26,28.134424,-0.8203730458699638
2016-12-27,28.132702,-0.8222047955653942
2016-12-28,28.13878,-0.8162365452608213
2016-12-29,28.11173,-0.8433962949562499
2016-12-30,28.101585,-0.8536510446516807
2016-12-31,28.088795,-0.8665507943471091
2017-01-01,28.07104,-0.8844155440425432
2017-01-02,28.05287,-0.902695293737974
2017-01-03,28.032501,-0.9231740434334021
2017-01-04,28.016716,-0.9390687931288326
2017-01-05,27.968596,-0.9872985428242593
2017-01-06,27.92618,-1.0298242925196917
2017-01-07,27.888504,-1.0676100422151222
2017-01-08,27.857145,-1.0990787919105536
2017-01-09,27.840326,-1.1160075416059811
2017-01-10,27.818598,-1.13784529130141
2017-01-11,27.789272,-1.1672810409968406
2017-01-12,27.758644,-1.1980187906922701
2017-01-13,27.694576,-1.262196540387702
2017-01-14,27.634106,-1.3227762900831337
2017-01-15,27.590027,-1.366965039778563
2017-01-16,27.559082,-1.3980197894739916
2017-01-17,27.51258,-1.4446315391694213
2017-01-18,27.484056,-1.4732652888648516
2017-01-19,27.482067,-1.4753640385602829
2017-01-20,27.488676,-1.4688647882557113
2017-01-21,27.529808,-1.4278425379511432
2017-01-22,27.561686,-1.3960742876465702
2017-01-23,27.56079,-1.3970800373420005
2017-01-24,27.558916,-1.3990637870374307
2017-01-25,27.57403,-1.3840595367328632
2017-01-26,27.604557,-1.3536422864282933
2017-01-27,27.638628,-1.319681036123722
2017-01-28,27.6618,-1.2966187858191525
2017-01-29,27.669,-1.289528535514581
2017-01-30,27.593702,-1.3649362852100104
2017-01-31,27.585604,-1.3731440349054438
2017-02-01,27.567835,-1.3910227846008745
2017-02-02,27.538794,-1.4201735342963033
2017-02-03,27.519705,-1.4393722839917338
2017-02-04,27.494589,-1.4645980336871602
2017-02-05,27.502962,-1.4563347833825908
2017-02-06,27.522491,-1.4369155330780252
2017-02-07,27.507605,-1.4519112827734517
2017-02-08,27.43012,-1.529506032468884
2017-02-09,27.43942,-1.5203157821643138
2017-02-10,27.44287,-1.5169755318597424
2017-02-11,27.45653,-1.5034252815551703
2017-02-12,27.485922,-1.4741430312506054
2017-02-13,27.505053,-1.4551217809460333
2017-02-14,27.52444,-1.4358445306414644
2017-02-15,27.518816,-1.4415782803368913
2017-02-16,27.505232,-1.4552720300323223
2017-02-17,27.508457,-1.4521567797277513
2017-02-18,27.555689,-1.4050345294231832
2017-02-19,27.588232,-1.3726012791186122
2017-02-20,27.771097,-1.189846028814042
2017-02-21,27.782333,-1.1787197785094712
2017-02-22,27.726845,-1.234317528204901
2017-02-23,27.72461,-1.236662277900333
2017-02-24,27.681337,-1.280045027595765
2017-02-25,27.656466,-1.305025777291192
2017-02-26,27.647614,-1.3139875269866224
2017-02-27,27.631927,-1.3297842766820516
2017-02-28,27.619955,-1.341866026377481
2017-03-01,27.65566,-1.3062707760729104
2017-03-02,27.721394,-1.2406465257683443
2017-03-03,27.78202,-1.1801302754637746
2017-03-04,28.064684,-0.8975760251592035
2017-03-05,28.097439,-0.8649307748546313
2017-03-06,28.105484,-0.8569955245500616
2017-03-07,28.077068,-0.885521274245491
2017-03-08,28.146965,-0.815734023940923
2017-03-09,28.145002,-0.8178067736363523
2017-03-10,28.196854,-0.7660645233317851
2017-03-11,28.347088,-0.6159402730272134
2017-03-12,28.384584,-0.578554022722642
2017-03-13,28.439018,-0.5242297724180709
2017-03-14,28.375278,-0.5880795221135031
2017-03-15,28.273844,-0.6896232718089337
2017-03-16,28.340723,-0.622854021504363
2017-03-17,28.320562,-0.643124771199794
2017-03-18,28.434456,-0.5293405208952215
2017-03-19,28.462526,-0.5013802705906514
2017-03-20,28.491232,-0.4727840202860847
2017-03-21,28.528917,-0.43520876998151437
2017-03-22,28.383858,-0.5803775196769436
2017-03-23,28.461082,-0.503263269372372
2017-03-24,28.569292,-0.3951630190678017
2017-03-25,28.657207,-0.3073577687632323
2017-03-26,28.613321,-0.3513535184586658
2017-03-27,28.74059,-0.22419426815409338
2017-03-28,28.826723,-0.13817101784952257
2017-03-29,28.926136,-0.03886776754495358
2017-03-30,29.034058,0.06894448275961906
2017-03-31,29.028818,0.06359473306418906
2017-04-01,29.260212,0.2948789833687542
2017-04-02,29.200485,0.235042233673326
2017-04-03,29.36213,0.3965774839778966
2017-04-04,29.34854,0.3828777342824665
2017-04-05,29.468426,0.5026539845870381
2017-04-06,29.523966,0.5580842348916057
2017-04-07,29.525309,0.5593174851961749
2017-04-08,29.623348,0.6572467355007454
2017-04-09,29.725304,0.7590929858053173
2017-04-10,29.831373,0.8650522361098858
2017-04-11,29.932152,0.9657214864144557
2017-04-12,30.025679,1.0591387367190244
2017-04-13,29.93541,0.9687599870235957
2017-04-14,29.717905,0.7511452373281635
2017-04-15,29.515247,0.5483774876327345
2017-04-16,29.399084,0.43210473793730486
2017-04-17,29.46863,0.501540988241878
2017-04-18,29.577765,0.6105662385464434
2017-04-19,29.618706,0.6513974888510141
2017-04-20,29.587307,0.6198887391555843
2017-04-21,29.587236,0.6197079894601565
2017-04-22,29.668821,0.7011832397647275
2017-04-23,29.692938,0.7251904900692985
2017-04-24,29.737698,0.7698407403738656
2017-04-25,29.708925,0.7409579906784352
2017-04-26,29.793318,0.8252412409830043
2017-04-27,29.863783,0.8955964912875771
2017-04-28,29.956335,0.9880387415921454
2017-04-29,30.133615,1.1652089918967157
2017-04-30,30.155462,1.1869462422012838
2017-05-01,30.175903,1.207277492505856
2017-05-02,30.23312,1.2643847428104245
2017-05-03,30.274212,1.305366993114994
2017-05-04,30.398987,1.4300322434195678
2017-05-05,30.343288,1.3742234937241378
2017-05-06,30.348871,1.3796967440287027
2017-05-07,30.49144,1.522155994333275
2017-05-08,30.53864,1.5692462446378457
2017-05-09,30.603941,1.6344374949424143
2017-05-10,30.669218,1.6996047452469867
2017-05-11,30.692038,1.7223149955515566
2017-05-12,30.642193,1.6723602458561224
2017-05-13,30.667368,1.6974254961606938
2017-05-14,30.647823,1.6777707464652636
2017-05-15,30.567223,1.5970609967698337
2017-05-16,30.602802,1.6325302470744063
2017-05-17,30.532053,1.5616714973789776
2017-05-18,30.53098,1.560488747683543
2017-05-19,30.500528,1.5299269979881132
2017-05-20,30.475409,1.5046982482926836
2017-05-21,30.456522,1.4857014985972548
2017-05-22,30.483051,1.5121207489018254
2017-05-23,30.601582,1.6305419992063968
2017-05-24,30.574339,1.6031892495109616
2017-05-25,30.543835,1.5725754998155352
2017-05-26,30.46662,1.4952507501201033
2017-05-27,30.324791,1.3533120004246761
2017-05-28,30.226616,1.2550272507292455
2017-05-29,30.149939,1.178240501033816
2017-05-30,30.077818,1.1060097513383838
2017-05-31,30.035484,1.063566001642954
2017-06-01,30.035757,1.0637292519475245
2017-06-02,30.105967,1.1338295022520946
2017-06-03,30.066181,1.0939337525566657
2017-06-04,30.03637,1.0640130028612376
2017-06-05,29.977385,1.0049182531658047
2017-06-06,29.921694,0.9491175034703723
2017-06-07,29.859013,0.8863267537749451
2017-06-08,29.801249,0.8284530040795133
2017-06-09,29.74155,0.7686442543840855
2017-06-10,29.657595,0.6845795046886565
2017-06-11,29.588238,0.6151127549932234
2017-06-12,29.54981,0.5765750052977943
2017-06-13,29.54007,0.5667252556023641
2017-06-14,29.517635,0.5441805059069331
2017-06-15,29.495964,0.5223997562115059
2017-06-16,29.496527,0.5228530065160761
2017-06-17,29.492237,0.5184532568206421
2017-06-18,29.510092,0.5361985071252136
2017-06-19,29.466333,0.4923297574297827
2017-06-20,29.438335,0.46422200773435307
2017-06-21,29.39818,0.42395725803892503
2017-06-22,29.345081,0.37074850834349604
2017-06-23,29.282047,0.30760475864806125
2017-06-24,29.200327,0.2257750089526347
2017-06-25,29.128551,0.15388925925720542
2017-06-26,29.07642,0.10164850956177318
2017-06-27,29.055408,0.08052675986634483
2017-06-28,29.02642,0.05142901017091717
2017-06-29,29.053526,0.07842526047548404
2017-06-30,29.048635,0.07342451078005396
2017-07-01,29.045326,0.07000576108462297
2017-07-02,29.05994,0.08451001138919523
2017-07-03,29.06661,0.09107026169376553
2017-07-04,29.066969,0.09131951199833566
2017-07-05,29.072744,0.09698476230290254
2017-07-06,29.053148,0.07727901260747316
2017-07-07,29.023369,0.0473902629120424
2017-07-08,29.003618,0.027529513216613566
2017-07-09,29.02821,0.05201176352118608
2017-07-10,29.026312,0.05000401382575603
2017-07-11,29.032064,0.05564626413032059
2017-07-12,29.009207,0.03267951443489281
2017-07-13,28.965946,-0.010691235260537724
2017-07-14,28.91882,-0.05792698495596582
2017-07-15,28.875856,-0.10100073465139658
2017-07-16,28.842543,-0.13442348434682572
2017-07-17,28.792624,-0.18445223404225786
2017-07-18,28.762993,-0.2141929837376857
2017-07-19,28.7522,-0.22509573343311828
2017-07-20,28.757708,-0.2196974831285452
2017-07-21,28.735132,-0.24238323282397545
2017-07-22,28.713789,-0.26383598251940654
2017-07-23,28.733767,-0.2439677322148377
2017-07-24,28.761572,-0.21627248191026638
2017-07-25,28.787294,-0.19066023160569756
2017-07-26,28.805841,-0.17222298130112534
2017-07-27,28.79784,-0.18033373099655492
2017-07-28,28.849686,-0.12859748069198673
2017-07-29,28.889698,-0.08869523038741889
2017-07-30,28.927208,-0.051294980082847275
2017-07-31,28.923319,-0.05529372977827762
2017-08-01,28.929987,-0.04873547947370582
2017-08-02,28.944439,-0.034393229169136674
2017-08-03,28.961346,-0.01759597886456632
2017-08-04,29.007328,0.028276271440002887
2017-08-05,29.005632,0.026470521744570874
2017-08-06,28.996136,0.01686477204914283
2017-08-07,28.9965,0.01711902235371454
2017-08-08,29.000134,0.02064327265828325
2017-08-09,28.990986,0.011385522962854111
2017-08-10,29.011824,0.032113773267422374
2017-08-11,29.009315,0.029495023571993073
2017-08-12,29.037266,0.057336273876561705
2017-08-13,29.04082,0.060780524181133444
2017-08-14,29.056274,0.07612477448570232
2017-08-15,29.029219,0.048960024790275725
2017-08-16,28.975965,-0.004403724905159834
2017-08-17,28.910002,-0.07047647460058926
2017-08-18,28.855852,-0.1247362242960186
2017-08-19,28.813068,-0.16762997399144552
2017-08-20,28.775549,-0.2052587236868746
2017-08-21,28.739046,-0.2418714733823073
2017-08-22,28.70691,-0.274117223077738
2017-08-23,28.691872,-0.289264972773168
2017-08-24,28.66359,-0.3176567224685982
2017-08-25,28.659626,-0.3217304721640275
2017-08-26,28.66229,-0.3191762218594576
2017-08-27,28.645893,-0.3356829715548848
2017-08-28,28.649776,-0.3319097212503195
2017-08-29,28.675343,-0.30645247094574657
2017-08-30,28.791752,-0.19015322064117868
2017-08-31,28.790665,-0.1913499703366064
2017-09-01,28.84441,-0.13771472003203655
2017-09-02,28.839357,-0.14287746972746618
2017-09-03,28.961517,-0.020827219422898224
2017-09-04,28.98865,0.006196030881671533
2017-09-05,29.008142,0.025578281186241725
2017-09-06,29.117126,0.13445253149081182
2017-09-07,29.270887,0.28810378179538176
2017-09-08,29.236902,0.25400903209995107
2017-09-09,29.247015,0.2640122824045221
2017-09-10,29.301289,0.3181765327090922
2017-09-11,29.356749,0.3735267830136628
2017-09-12,29.49673,0.5133980333182322
2017-09-13,29.453121,0.46967928362280276
2017-09-14,29.361229,0.3776775339273719
2017-09-15,29.277512,0.29385078423194244
2017-09-16,29.2128,0.2290290345365129
2017-09-17,29.096033,0.11215228484108053
2017-09-18,28.999956,0.015965535145653575
2017-09-19,28.962149,-0.021951214549776665
2017-09-20,28.97307,-0.01113996424520991
2017-09-21,29.004293,0.019973286059361328
2017-09-22,29.054617,0.07018753636393171
2017-09-23,29.104101,0.11956178666850192
2017-09-24,29.029533,0.044884036973073194
2017-09-25,28.969995,-0.014763712722356104
2017-09-26,28.898787,-0.08608146241779124
2017-09-27,28.857792,-0.12718621211321945
2017-09-28,28.866642,-0.11844596180864997
2017-09-29,28.890963,-0.09423471150407892
2017-09-30,28.935804,-0.04950346119950666
2017-10-01,28.965569,-0.01984821089493849
2017-10-02,29.054615,0.06908803940962827
2017-10-03,29.04626,0.06062328971420072
2017-10-04,29.041704,0.0559575400187704
2017-10-05,28.976444,-0.009412209676657568
2017-10-06,28.983215,-0.00275095937208647
2017-10-07,29.092113,0.10603729093248404
2017-10-08,29.257175,0.27098954123705
2017-10-09,29.483198,0.496902791541622
2017-10-10,29.635471,0.64906604184619
2017-10-11,29.47317,0.4866552921507612
2017-10-12,29.397564,0.41093954245533126
2017-10-13,29.365688,0.3789537927599014
2017-10-14,29.308311,0.3214670430644695
2017-10-15,29.205273,0.21831929336903855
2017-10-16,29.139383,0.15231954367360956
2017-10-17,29.10668,0.1195067939781822
2017-10-18,29.04475,0.05746704428275251
2017-10-19,29.002281,0.014888294587322548
2017-10-20,29.005173,0.017670544891888795
2017-10-21,29.02164,0.0340277951964616
2017-10-22,29.02516,0.03743804550103036
2017-10-23,29.143364,0.15553229580559957
2017-10-24,29.313917,0.3259755461101719
2017-10-25,29.326504,0.33845279641474235
2017-10-26,29.317907,0.3297460467193112
2017-10-27,29.333546,0.3452752970238784
2017-10-28,29.356903,0.3685225473284497
2017-10-29,29.237247,0.24875679763302116
2017-10-30,29.155586,0.1669860479375913
2017-10-31,29.111935,0.12322529824216133
2017-11-01,29.083342,0.09452254854672759
2017-11-02,29.11298,0.12405079885130021
2017-11-03,29.06698,0.07794104915587141
2017-11-04,29.037945,0.04879629946044162
2017-11-05,29.020582,0.031323549765012615
2017-11-06,29.021296,0.031927800069581735
2017-11-07,28.975702,-0.01377594962585249
2017-11-08,28.927603,-0.061984699321278924
2017-11-09,28.875715,-0.11398244901671006
2017-11-10,28.837158,-0.15264919871214033
2017-11-11,28.84322,-0.14669694840756975
2017-11-12,28.803057,-0.1869696981029989
2017-11-13,28.835468,-0.15466844779843214
2017-11-14,28.81922,-0.17102619749385894
2017-11-15,28.867424,-0.12293194718929001
2017-11-16,28.910374,-0.08009169688471829
2017-11-17,29.047392,0.056816553419849924
2017-11-18,29.157043,0.16635780372442355
2017-11-19,29.140991,0.1501960540289886
2017-11-20,29.101566,0.11066130433355781
2017-11-21,29.049902,0.05888755463812956
2017-11-22,28.958536,-0.032588195057300595
2017-11-23,28.91101,-0.08022394475272776
2017-11-24,28.873209,-0.11813469444815894
2017-11-25,28.836008,-0.15544544414359152
2017-11-26,28.813187,-0.17837619383902137
2017-11-27,28.77578,-0.215892943534449
2017-11-28,28.738085,-0.2536976932298778
2017-11-29,28.713907,-0.2779854429253099
2017-11-30,28.68083,-0.31117219262073803
2017-12-01,28.63569,-0.35642194231617097
2017-12-02,28.628319,-0.3639026920115995
2017-12-03,28.615503,-0.3768284417070298
2017-12-04,28.595478,-0.3969631914024596
2017-12-05,28.569275,-0.4232759410978879
2017-12-06,28.535316,-0.45734469079331674
2017-12-07,28.502928,-0.4898424404887507
2017-12-08,28.503935,-0.48894519018418237
2017-12-09,28.604723,-0.38826693987961036
2017-12-10,28.629356,-0.36374368957503833
2017-12-11,28.654902,-0.33830743927046925
2017-12-12,28.687572,-0.30574718896589914
2017-12-13,28.606758,-0.3866709386613323
2017-12-14,28.597889,-0.3956496883567624
2017-12-15,28.520779,-0.4728694380521894
2017-12-16,28.450344,-0.5434141877476186
2017-12-17,28.379019,-0.6148489374430497
2017-12-18,28.3396,-0.6543776871384779
2017-12-19,28.304228,-0.6898594368339133
2017-12-20,28.235458,-0.7587391865293398
2017-12-21,28.144001,-0.8503059362247711
2017-12-22,28.084047,-0.9103696859201982
2017-12-23,28.037434,-0.9570924356156283
2017-12-24,28.018549,-0.9760871853110586
2017-12-25,28.020464,-0.9742819350064913
2017-12-26,28.002811,-0.99204468470192
2017-12-27,27.962652,-1.0323134343973521
2017-12-28,27.953466,-1.0416091840927812
2017-12-29,27.950546,-1.0446389337882103
2017-12-30,27.958853,-1.0364416834836376
2017-12-31,27.979517,-1.0158874331790706
2018-01-01,28.008764,-0.986750182874502
2018-01-02,28.023403,-0.9722209325699325
2018-01-03,28.02798,-0.9677536822653607
2018-01-04,27.950762,-1.0450814319607886
2018-01-05,27.883457,-1.112496181656219
2018-01-06,27.835224,-1.1608389313516518
2018-01-07,27.836475,-1.1596976810470814
2018-01-08,27.839981,-1.1563014307425092
2018-01-09,27.840193,-1.156199180437941
2018-01-10,27.8238,-1.1727019301333712
2018-01-11,27.810831,-1.1857806798287989
2018-01-12,27.830763,-1.1659584295242311
2018-01-13,27.815786,-1.1810451792196623
2018-01-14,27.797453,-1.1994879289150902
2018-01-15,27.780724,-1.2163266786105211
2018-01-16,27.73315,-1.2640104283059515
2018-01-17,27.685497,-1.3117731780013777
2018-01-18,27.633783,-1.3635969276968112
2018-01-19,27.61239,-1.3850996773922404
2018-01-20,27.586,-1.4115994270876726
2018-01-21,27.552475,-1.4452341767830994
2018-01-22,27.56026,-1.4375589264785305
2018-01-23,27.55482,-1.44310867617396
2018-01-24,27.56363,-1.4344084258693925
2018-01-25,27.56552,-1.4326281755648225
2018-01-26,27.564306,-1.4339519252602528
2018-01-27,27.570074,-1.428293674955679
2018-01-28,27.55497,-1.4435074246511093
2018-01-29,27.531378,-1.4672091743465394
2018-01-30,27.493635,-1.5050619240419714
2018-01-31,27.462214,-1.5365926737374025
2018-02-01,27.440054,-1.5588624234328314
2018-02-02,27.418268,-1.5807581731282596
2018-02-03,27.388607,-1.6105289228236899
2018-02-04,27.418253,-1.5809926725191232
2018-02-05,27.421095,-1.5782604222145515
2018-02-06,27.479942,-1.5195231719099809
2018-02-07,27.56754,-1.4320349216054105
2018-02-08,27.492207,-1.5074776713008404
2018-02-09,27.53559,-1.4642044209962712
2018-02-10,27.532766,-1.4671381706917046
2018-02-11,27.453115,-1.5468989203871324
2018-02-12,27.46777,-1.5323536700825606
2018-02-13,27.509577,-1.4906564197779915
2018-02-14,27.548708,-1.4516351694734198
2018-02-15,27.509295,-1.4911579191688489
2018-02-16,27.453598,-1.546964668864284
2018-02-17,27.420088,-1.580584418559713
2018-02-18,27.427868,-1.5729141682551422
2018-02-19,27.398043,-1.6028489179505705
2018-02-20,27.385643,-1.6153586676459994
2018-02-21,27.388346,-1.612765417341432
2018-02-22,27.454117,-1.5471041670368635
2018-02-23,27.496946,-1.5043849167322918
2018-02-24,27.529377,-1.4720636664277222
2018-02-25,27.56499,-1.4365604161231502
2018-02-26,27.705057,-1.2966031658185813
2018-02-27,27.801054,-1.2007159155140101
2018-02-28,27.822096,-1.1797836652094453
2018-03-01,27.845133,-1.1568564149048726
2018-03-02,27.865025,-1.1370741646003033
2018-03-03,27.950699,-1.0515099142957318
2018-03-04,27.97862,-1.023698663991162
2018-03-05,27.977001,-1.0254274136865895
2018-03-06,27.986298,-1.0162401633820224
2018-03-07,27.998617,-1.0040309130774538
2018-03-08,28.075933,-0.9268246627728836
2018-03-09,28.18562,-0.817247412468312
2018-03-10,28.239546,-0.7634311621637409
2018-03-11,28.342405,-0.6606819118591716
2018-03-12,28.478823,-0.5243736615546055
2018-03-13,28.458189,-0.5451174112500325
2018-03-14,28.635813,-0.36760316094546397
2018-03-15,28.66035,-0.34317591064089115
2018-03-16,28.73317,-0.27046566033632047
2018-03-17,28.713306,-0.2904394100317518
2018-03-18,28.685349,-0.31850615972718543
2018-03-19,28.734686,-0.26927890942261357
2018-03-20,28.81037,-0.19370465911804402
2018-03-21,28.952953,-0.051231408813471546
2018-03-22,28.934654,-0.06964015850890348
2018-03-23,28.974297,-0.030106908204331262
2018-03-24,28.925745,-0.07876865789976506
2018-03-25,28.931526,-0.07309740759519201
2018-03-26,29.124077,0.1193438427093767
2018-03-27,29.333921,0.32907809301394764
2018-03-28,29.288502,0.2835493433185192
2018-03-29,29.364496,0.3594335936230877
2018-03-30,29.392233,0.3870608439276566
2018-03-31,29.410662,0.40538009423222476
2018-04-01,29.468094,0.4627023445367975
2018-04-02,29.434093,0.4285915948413681
2018-04-03,29.572405,0.5667938451459378
2018-04-04,29.645391,0.6396700954505086
2018-04-05,29.79803,0.7921993457550762
2018-04-06,29.724724,0.7187835960596445
2018-04-07,29.696112,0.6900618463642161
2018-04-08,29.510633,0.5044730966687858
2018-04-09,29.508512,0.5022423469733575
2018-04-10,29.53391,0.5275305972779272
2018-04-11,29.613853,0.6073638475824943
2018-04-12,29.675825,0.6692260978870657
2018-04-13,29.668776,0.6620673481916377
2018-04-14,29.862022,0.8552035984962068
2018-04-15,30.011171,1.0042428488007786
2018-04-16,30.085138,1.0781000991053489
2018-04-17,30.240889,1.2337413494099145
2018-04-18,30.297976,1.2907185997144843
2018-04-19,30.3335,1.3261328500190572
2018-04-20,30.377108,1.3696311003236268
2018-04-21,30.369255,1.3616683506281966
2018-04-22,30.438494,1.4307976009327668
2018-04-23,30.478909,1.4711028512373368
2018-04-24,30.506641,1.498725101541904
2018-04-25,30.510921,1.502895351846476
2018-04-26,30.49255,1.4844146021510483
2018-04-27,30.512394,1.504148852455618
2018-04-28,30.432165,1.4238101027601893
2018-04-29,30.481115,1.4726503530647541
2018-04-30,30.471336,1.4627616033693265
2018-05-01,30.443697,1.4350128536738964
2018-05-02,30.446693,1.4378991039784665
2018-05-03,30.437897,1.4289933542830369
2018-05-04,30.366226,1.357212604587609
2018-05-05,30.369495,1.3603718548921755
2018-05-06,30.289726,1.2804931051967472
2018-05-07,30.343037,1.333694355501315
2018-05-08,30.354996,1.3455436058058865
2018-05-09,30.431362,1.4217998561104572
2018-05-10,30.4851,1.475428106415027
2018-05-11,30.510036,1.5002543567195943
2018-05-12,30.575314,1.5654226070241641
2018-05-13,30.538258,1.528256857328735
2018-05-14,30.66079,1.6506791076333052
2018-05-15,30.61416,1.6039393579378753
2018-05-16,30.637302,1.626971608242446
2018-05-17,30.647646,1.6372058585470164
2018-05-18,30.580492,1.5699421088515848
2018-05-19,30.574865,1.5642053591561549
2018-05-20,30.581858,1.5710886094607268
2018-05-21,30.657545,1.646665859765296
2018-05-22,30.69343,1.6824411100698669
2018-05-23,30.650133,1.6390343603744348
2018-05-24,30.571918,1.5607096106790053
2018-05-25,30.522408,1.5110898609835743
2018-05-26,30.429758,1.418330111288146
2018-05-27,30.327715,1.3161773615927181
2018-05-28,30.243816,1.2321686118972863
2018-05-29,30.184408,1.1726508622018557
2018-05-30,30.15608,1.1442131125064243
2018-05-31,30.137218,1.1252413628109963
2018-06-01,30.083992,1.0719056131155646
2018-06-02,30.05353,1.0413338634201352
2018-06-03,30.025402,1.013096113724707
2018-06-04,30.00712,0.9947043640292748
2018-06-05,29.990126,0.9776006143338449
2018-06-06,29.949743,0.937107864638417
2018-06-07,29.879942,0.8671971149429858
2018-06-08,29.79932,0.7864653652475582
2018-06-09,29.738718,0.7257536155521258
2018-06-10,29.682291,0.6692168658566935
2018-06-11,29.609768,0.5965841161612637
2018-06-12,29.539541,0.5262473664658351
2018-06-13,29.485842,0.47243861677040755
2018-06-14,29.45918,0.4456668670749764
2018-06-15,29.440235,0.4266121173795483
2018-06-16,29.408627,0.39489436768411323
2018-06-17,29.396633,0.38279061798868597
2018-06-18,29.380383,0.36643086829325355
2018-06-19,29.351746,0.3376841185978243
2018-06-20,29.29163,0.2774583689023977
2018-06-21,29.259052,0.2447706192069674
2018-06-22,29.236988,0.22259686951153412
2018-06-23,29.215425,0.20092411981610425
2018-06-24,29.18703,0.1724193701206751
2018-06-25,29.163914,0.14919362042524398
2018-06-26,29.121925,0.10709487072981716
2018-06-27,29.089989,0.07504912103438599
2018-06-28,29.062996,0.047946371338952076
2018-06-29,29.096838,0.08167862164352613
2018-06-30,29.108961,0.0936918719480957
2018-07-01,29.09429,0.07891112225266639
2018-07-02,29.0603,0.04481137255723766
2018-07-03,29.055311,0.039712622861806324
2018-07-04,29.034101,0.01839287316637339
2018-07-05,29.00359,-0.012227876529056658
2018-07-06,28.9562,-0.05972762622448613
2018-07-07,28.93496,-0.08107737591991437
2018-07-08,28.925016,-0.09113112561534464
2018-07-09,28.907255,-0.10900187531077776
2018-07-10,28.853989,-0.1623776250062079
2018-07-11,28.794615,-0.22186137470163558
2018-07-12,28.758095,-0.25849112439706445
2018-07-13,28.729174,-0.2875218740924943
2018-07-14,28.698025,-0.31878062378792293
2018-07-15,28.669682,-0.3472333734833555
2018-07-16,28.68155,-0.33547512317878514
2018-07-17,28.715237,-0.30189787287421765
2018-07-18,28.68102,-0.33622462256964525
2018-07-19,28.663406,-0.35394837226507647
2018-07-20,28.64335,-0.37411412196050264
2018-07-21,28.631584,-0.3859898716559371
2018-07-22,28.655788,-0.36189562135136555
2018-07-23,28.718771,-0.29902237104679585
2018-07-24,28.77238,-0.24552312074222726
2018-07-25,28.80353,-0.21448287043765646
2018-07-26,28.824017,-0.19410562013308308
2018-07-27,28.82557,-0.19266236982851837
2018-07-28,28.814644,-0.20369811952394556
2018-07-29,28.806864,-0.21158786921937534
2018-07-30,28.779196,-0.2393656189148068
2018-07-31,28.748617,-0.2700543686102357
2018-08-01,28.7194,-0.2993811183056643
2018-08-02,28.695038,-0.32385286800109725
2018-08-03,28.675074,-0.3439266176965283
2018-08-04,28.661476,-0.357634367391956
2018-08-05,28.658787,-0.36043311708738557
2018-08-06,28.618465,-0.40086486678281474
2018-08-07,28.570879,-0.4485606164782432
2018-08-08,28.555304,-0.46424536617367806
2018-08-09,28.564484,-0.45517511586910686
2018-08-10,28.521973,-0.49779586556453737
2018-08-11,28.474617,-0.5452616152599674
2018-08-12,28.431805,-0.5881833649553947
2018-08-13,28.379313,-0.640785114650825
2018-08-14,28.34839,-0.6718178643462593
2018-08-15,28.332481,-0.6878366140416858
2018-08-16,28.321104,-0.6993233637371183
2018-08-17,28.327068,-0.6934691134325455
2018-08-18,28.314165,-0.7064818631279763
2018-08-19,28.30774,-0.7130166128234059
2018-08-20,28.324959,-0.6959073625188381
2018-08-21,28.39731,-0.6236661122142664
2018-08-22,28.440975,-0.5801108619096951
2018-08-23,28.455376,-0.5658196116051251
2018-08-24,28.43991,-0.5813953613005545
2018-08-25,28.420807,-0.6006081109959851
2018-08-26,28.422178,-0.5993468606914192
2018-08-27,28.431608,-0.5900266103868468
2018-08-28,28.41748,-0.6042643600822757
2018-08-29,28.416338,-0.6055161097777066
2018-08-30,28.410334,-0.6116298594731369
2018-08-31,28.387394,-0.6346796091685647
2018-09-01,28.375242,-0.6469413588639981
2018-09-02,28.397732,-0.6245611085594263
2018-09-03,28.42869,-0.5937128582548574
2018-09-04,28.403584,-0.6189286079502878
2018-09-05,28.394756,-0.6278663576457149
2018-09-06,28.416683,-0.6060491073411463
2018-09-07,28.452389,-0.5704528570365781
2018-09-08,28.608038,-0.41491360673200717
2018-09-09,28.866129,-0.1569323564274363
2018-09-10,28.784918,-0.23825310612286543
2018-09-11,28.851048,-0.17223285581829728
2018-09-12,28.826323,-0.19706760551372682
2018-09-13,28.833136,-0.19036435520915873
2018-09-14,28.796766,-0.22684410490458617
2018-09-15,28.729273,-0.29444685460001807
2018-09-16,28.687002,-0.336827604295447
2018-09-17,28.610838,-0.413101353990875
2018-09-18,28.543455,-0.48059410368630395
2018-09-19,28.472467,-0.5516918533817368
2018-09-20,28.408028,-0.6162406030771663
2018-09-21,28.436115,-0.5882633527725964
2018-09-22,28.653852,-0.37063610246802625
2018-09-23,28.786585,-0.23801285216345747
2018-09-24,28.820375,-0.20433260185888713
2018-09-25,28.891758,-0.13305935155431925
2018-09-26,29.05817,0.033242898750252436
2018-09-27,29.06921,0.04417314905482428
2018-09-28,29.222063,0.19691639935939165
2018-09-29,29.376898,0.3516416496639643
2018-09-30,29.452387,0.42702089996853587
2018-10-01,29.428923,0.4034471502731023
2018-10-02,29.480694,0.45510840057767155
2018-10-03,29.54121,0.5155146508822419
2018-10-04,29.475029,0.4492239011868122
2018-10-05,29.424746,0.3988311514913825
2018-10-06,29.445574,0.4195494017959547
2018-10-07,29.323309,0.2971746521005194
2018-10-08,29.188347,0.16210290240509195
2018-10-09,29.097916,0.0715621527096637
2018-10-10,29.050755,0.024291403014231605
2018-10-11,29.02642,-0.00015334668119493244
2018-10-12,29.030159,0.0034759036233751317
2018-10-13,29.120174,0.09338115392793966
2018-10-14,29.276443,0.249540404232512
2018-10-15,29.31623,0.28921765453708304
2018-10-16,29.341936,0.31481390484165317
2018-10-17,29.225643,0.19841115514622487
2018-10-18,29.265757,0.23841540545079454
2018-10-19,29.428871,0.40141965575536176
2018-10-20,29.315544,0.2879829060599306
2018-10-21,29.293037,0.2653661563645038
2018-10-22,29.315586,0.2878054066690723
2018-10-23,29.384855,0.3569646569736449
2018-10-24,29.383743,0.3557429072782128
2018-10-25,29.349426,0.32131615758278187
2018-10-26,29.21356,0.1853404078873524
2018-10-27,29.183697,0.15536765819192055
2018-10-28,29.15314,0.12470090849649296
2018-10-29,29.181164,0.15261515880106202
2018-10-30,29.194237,0.1655784091056347
2018-10-31,29.17159,0.14282165941019898
2018-11-01,29.17567,0.1467919097147714
2018-11-02,29.145102,0.11611416001934316
2018-11-03,29.126455,0.09735741032391232
2018-11-04,29.097181,0.06797366062848198
2018-11-05,29.102205,0.07288791093305491
2018-11-06,29.070324,0.04089716123761988
2018-11-07,29.072927,0.04339041154219103
2018-11-08,29.060364,0.0307176618467615
2018-11-09,28.986444,-0.04331208784866902
2018-11-10,28.930487,-0.09937883754409782
2018-11-11,28.86076,-0.16921558723952757
2018-11-12,28.826015,-0.2040703369349579
2018-11-13,28.791039,-0.23915608663038768
2018-11-14,28.813229,-0.21707583632581873
2018-11-15,28.813759,-0.2166555860212469
2018-11-16,28.826866,-0.20365833571667835
2018-11-17,28.90021,-0.13042408541210548
2018-11-18,28.834837,-0.19590683510753948
2018-11-19,28.865211,-0.16564258480297056
2018-11-20,28.883095,-0.14786833449839776
2018-11-21,28.85962,-0.17145308419382843
2018-11-22,28.826345,-0.20483783388925758
2018-11-23,28.802597,-0.22869558358468822
2018-11-24,28.78735,-0.24405233328011988
2018-11-25,28.746529,-0.2849830829755504
2018-11-26,28.716959,-0.3146628326709795
2018-11-27,28.69492,-0.3368115823664084
2018-11-28,28.67859,-0.3532513320618378
2018-11-29,28.67313,-0.35882108175726657
2018-11-30,28.63742,-0.39464083145270124
2018-12-01,28.626013,-0.40615758114812905
2018-12-02,28.616398,-0.41588233084355863
2018-12-03,28.641264,-0.3911260805389887
2018-12-04,28.645006,-0.3874938302344191
2018-12-05,28.670746,-0.36186357992984597
2018-12-06,28.636333,-0.39638632962527964
2018-12-07,28.612312,-0.42051707932071025
2018-12-08,28.57567,-0.4572688290161402
2018-12-09,28.54289,-0.49015857871156854
2018-12-10,28.501617,-0.5315413284069983
2018-12-11,28.4612,-0.5720680781024292
2018-12-12,28.43742,-0.5959578277978608
2018-12-13,28.426098,-0.60738957749329
2018-12-14,28.414429,-0.6191683271887207
2018-12-15,28.40412,-0.6295870768841496
2018-12-16,28.393032,-0.6407848265795764
2018-12-17,28.41007,-0.6238565762750099
2018-12-18,28.441458,-0.5925783259704396
2018-12-19,28.368555,-0.6655910756658692
2018-12-20,28.346842,-0.6874138253613005
2018-12-21,28.39602,-0.6383455750567286
2018-12-22,28.383108,-0.6513673247521581
2018-12-23,28.369545,-0.6650400744475924
2018-12-24,28.360224,-0.6744708241430217
2018-12-25,28.358967,-0.6758375738384501
2018-12-26,28.339725,-0.695189323533878
2018-12-27,28.25424,-0.7807840732293094
2018-12-28,28.184938,-0.8501958229247393
2018-12-29,28.1036,-0.9316435726201711
2018-12-30,28.023449,-1.0119043223156012
2018-12-31,27.969803,-1.0656600720110312
2019-01-01,27.92696,-1.1086128217064584
2019-01-02,27.917048,-1.1186345714018877
2019-01-03,27.921059,-1.1147333210973187
2019-01-04,27.884298,-1.1516040707927502
2019-01-05,27.856174,-1.1798378204881814
2019-01-06,27.85815,-1.1779715701836118
2019-01-07,27.887114,-1.1491173198790392
2019-01-08,27.961294,-1.0750470695744703
2019-01-09,27.952349,-1.0841018192698968
2019-01-10,27.919222,-1.1173385689653301
2019-01-11,27.88851,-1.1481603186607607
2019-01-12,27.87419,-1.1625900683561916
2019-01-13,27.861053,-1.1758368180516214
2019-01-14,27.858116,-1.1788835677470502
2019-01-15,27.817898,-1.219211317442479
2019-01-16,27.752243,-1.2849760671379116
2019-01-17,27.705345,-1.3319838168333398
2019-01-18,27.688837,-1.348601566528771
2019-01-19,27.68615,-1.3513983162241985
2019-01-20,27.683273,-1.3543850659196295
2019-01-21,27.670128,-1.3676398156150604
2019-01-22,27.696636,-1.34124156531049
2019-01-23,27.72509,-1.3128973150059196
2019-01-24,27.77356,-1.2645370647013507
2019-01-25,27.737104,-1.3011028143967813
2019-01-26,27.737652,-1.3006645640922088
2019-01-27,27.717907,-1.3205193137876385
2019-01-28,27.718206,-1.3203300634830732
2019-01-29,27.698977,-1.339668813178502
2019-01-30,27.648438,-1.390317562873932
2019-01-31,27.626095,-1.4127703125693607
2019-02-01,27.66409,-1.374885062264788
2019-02-02,27.66283,-1.3762548119602194
2019-02-03,27.666065,-1.3731295616556523
2019-02-04,27.647655,-1.391649311351081
2019-02-05,27.639431,-1.3999830610465125
2019-02-06,27.64945,-1.3900738107419386
2019-02-07,27.675968,-1.3636655604373686
2019-02-08,27.802685,-1.2370583101327988
2019-02-09,27.802769,-1.2370840598282307
2019-02-10,27.71542,-1.3245428095236598
2019-02-11,27.673223,-1.3668495592190908
2019-02-12,27.698755,-1.3414273089145219
2019-02-13,27.722795,-1.3174970586099484
2019-02-14,27.777727,-1.2626748083053805
2019-02-15,27.861,-1.1795115580008115
2019-02-16,27.993492,-1.0471293076962418
2019-02-17,28.098469,-0.9422620573916696
2019-02-18,28.163797,-0.8770438070871016
2019-02-19,28.02276,-1.0181905567825282
2019-02-20,27.938,-1.1030603064779605
2019-02-21,27.912987,-1.1281830561733912
2019-02-22,27.927502,-1.1137778058688212
2019-02-23,28.058542,-0.982847555564252
2019-02-24,28.12055,-0.9209493052596791
2019-02-25,28.210224,-0.8313850549551098
2019-02-26,28.135008,-0.9067108046505403
2019-02-27,28.288385,-0.7534435543459708
2019-02-28,28.372377,-0.6695613040414017
2019-03-01,28.252708,-0.7893400537368329
2019-03-02,28.209465,-0.8326928034322592
2019-03-03,28.174124,-0.8681435531276911
2019-03-04,28.309944,-0.732433302823118
2019-03-05,28.21499,-0.8274970525185523
2019-03-06,28.324871,-0.7177258022139803
2019-03-07,28.429071,-0.613635551909411
2019-03-08,28.525095,-0.5177213016048405
2019-03-09,28.49975,-0.5431760513002715
2019-03-10,28.455679,-0.5873568009956998
2019-03-11,28.415445,-0.6277005506911344
2019-03-12,28.415592,-0.6276633003865619
2019-03-13,28.412207,-0.6311580500819929
2019-03-14,28.53477,-0.5087047997774192
2019-03-15,28.629412,-0.41417254947285187
2019-03-16,28.659288,-0.38440629916827973
2019-03-17,28.739067,-0.3047370488637142
2019-03-18,28.74823,-0.29568379855914273
2019-03-19,28.853191,-0.19083254825457274
2019-03-20,29.01465,-0.029483297950001486
2019-03-21,28.948925,-0.09531804764543139
2019-03-22,29.001537,-0.04281579734086094
2019-03-23,28.98409,-0.06037254703629458
2019-03-24,29.082752,0.03817970326827691
2019-03-25,29.055712,0.011029953572847973
2019-03-26,29.105572,0.06078020387741745
2019-03-27,29.129662,0.08476045418198908
2019-03-28,29.150986,0.10597470448655955
2019-03-29,29.326223,0.28110195479112576
2019-03-30,29.369951,0.3247202050956979
2019-03-31,29.383768,0.338427455400268
2019-04-01,29.426067,0.3806167057048384
2019-04-02,29.498724,0.4531639560094085
2019-04-03,29.467913,0.42224320631397916
2019-04-04,29.603628,0.5578484566185473
2019-04-05,29.633734,0.5878447069231179
2019-04-06,29.633698,0.587698957227687
2019-04-07,29.686283,0.6401742075322581
2019-04-08,29.858797,0.8125784578368282
2019-04-09,29.88466,0.8383317081413999
2019-04-10,29.852373,0.8059349584459667
2019-04-11,29.985222,0.9386742087505375
2019-04-12,30.007238,0.9605804590551088
2019-04-13,30.157665,1.11089770935968
2019-04-14,30.239538,1.1926609596642486
2019-04-15,30.343128,1.2961412099688197
2019-04-16,30.423185,1.3760884602733867
2019-04-17,30.545916,1.4987097105779554
2019-04-18,30.590952,1.5436359608825292
2019-04-19,30.63491,1.5874842111870997
2019-04-20,30.653244,1.6057084614916697
2019-04-21,30.696077,1.6484317117962384
2019-04-22,30.58254,1.534784962100808
2019-04-23,30.789122,1.741257212405376
2019-04-24,30.713438,1.6654634627099476
2019-04-25,30.917105,1.8690207130145176
2019-04-26,31.046204,1.9980099633190882
2019-04-27,31.019537,1.971233213623659
2019-04-28,30.914608,1.8661944639282275
2019-04-29,30.657804,1.6092807142327956
2019-04-30,30.334461,1.2858279645373685
2019-05-01,30.097298,1.0485552148419366
2019-05-02,30.034174,0.9853214651465088
2019-05-03,30.036972,0.9880097154510779
2019-05-04,30.01658,0.9675079657556473
2019-05-05,30.01035,0.9611682160602157
2019-05-06,30.000488,0.951196466364788
2019-05-07,29.978691,0.9292897166693592
2019-05-08,29.96809,0.9185789669739286
2019-05-09,30.014168,0.964547217278497
2019-05-10,30.068508,1.0187774675830674
2019-05-11,30.117647,1.0678067178876383
2019-05-12,30.13983,1.0898799681922071
2019-05-13,30.164967,1.1149072184967785
2019-05-14,30.226013,1.1758434688013466
2019-05-15,30.276583,1.226303719105914
2019-05-16,30.257877,1.2074879694104865
2019-05-17,30.238098,1.1875992197150573
2019-05-18,30.26095,1.2103414700196282
2019-05-19,30.328184,1.277465720324198
2019-05-20,30.38384,1.3330119706287675
2019-05-21,30.400919,1.3499812209333335
2019-05-22,30.369734,1.318686471237907
2019-05-23,30.34491,1.2937527215424751
2019-05-24,30.316162,1.2648949718470455
2019-05-25,30.305206,1.2538292221516159
2019-05-26,30.30839,1.2569034724561874
2019-05-27,30.318378,1.2667817227607543
2019-05-28,30.314417,1.2627109730653245
2019-05-29,30.283827,1.232011223369895
2019-05-30,30.289322,1.2373964736744654
2019-05-31,30.243483,1.1914477239790386
2019-06-01,30.195534,1.1433889742836065
2019-06-02,30.200369,1.1481142245881735
2019-06-03,30.21441,1.1620454748927465
2019-06-04,30.306898,1.2544237251973165
2019-06-05,30.276787,1.2242029755018855
2019-06-06,30.304813,1.2521192258064566
2019-06-07,30.256723,1.2039194761110288
2019-06-08,30.197956,1.1450427264155962
2019-06-09,30.118774,1.0657509767201638
2019-06-10,30.02877,0.9756372270247375
2019-06-11,29.966824,0.9135814773293056
2019-06-12,29.911448,0.8580957276338772
2019-06-13,29.871641,0.8181789779384481
2019-06-14,29.836962,0.7833902282430145
2019-06-15,29.79864,0.7449584785475842
2019-06-16,29.766682,0.7128907288521553
2019-06-17,29.712612,0.6587109791567265
2019-06-18,29.665216,0.611205229461298
2019-06-19,29.609138,0.5550174797658691
2019-06-20,29.592085,0.5378547300704355
2019-06-21,29.620705,0.5663649803750062
2019-06-22,29.711124,0.6566742306795774
2019-06-23,29.786701,0.7321414809841471
2019-06-24,29.796297,0.7416277312887161
2019-06-25,29.699072,0.6442929815932885
2019-06-26,29.597115,0.5422262318978532
2019-06-27,29.583147,0.5281484822024254
2019-06-28,29.53562,0.4805117325069972
2019-06-29,29.499256,0.44403798281156526
2019-06-30,29.488113,0.43278523311613526
2019-07-01,29.486315,0.43087748342070853
2019-07-02,29.484396,0.42884873372527466
2019-07-03,29.511902,0.45624498402984415
2019-07-04,29.463394,0.4076272343344165
2019-07-05,29.40921,0.3533334846389877
2019-07-06,29.373003,0.3170167349435573
2019-07-07,29.384798,0.3287019852481272
2019-07-08,29.38038,0.3241742355526931
2019-07-09,29.377907,0.32159148585726527
2019-07-10,29.35732,0.3008947361618368
2019-07-11,29.37271,0.3161749864664074
2019-07-12,29.422337,0.3656922367709754
2019-07-13,29.386757,0.33000248707554647
2019-07-14,29.359991,0.303126737380115
2019-07-15,29.333889,0.2769149876846839
2019-07-16,29.332865,0.275781237989257
2019-07-17,29.310223,0.25302948829382643
2019-07-18,29.35432,0.2970167385983977
2019-07-19,29.411713,0.3542999889029659
2019-07-20,29.44421,0.3866872392075358
2019-07-21,29.33343,0.2757974895121045
2019-07-22,29.35137,0.29362773981667445
2019-07-23,29.333576,0.2757239901212465
2019-07-24,29.338696,0.2807342404258151
2019-07-25,29.302536,0.24446449073038679
2019-07-26,29.278196,0.2200147410349551
2019-07-27,29.228205,0.16991399133952356
2019-07-28,29.206617,0.1482162416440964
2019-07-29,29.18849,0.1299794919486672
2019-07-30,29.18618,0.1275597422532364
2019-07-31,29.159119,0.1003889925578072
2019-08-01,29.107817,0.04897724286237448
2019-08-02,29.039242,-0.01970750683305411
2019-08-03,29.005098,-0.053961256528484824
2019-08-04,28.980537,-0.07863200622391275
2019-08-05,28.906834,-0.15244475591934403
2019-08-06,28.824568,-0.23482050561477408
2019-08-07,28.775688,-0.28381025531020754
2019-08-08,28.751621,-0.3079870050056357
2019-08-09,28.746248,-0.31346975470106386
2019-08-10,28.734238,-0.32558950439649337
2019-08-11,28.721601,-0.33833625409192436
2019-08-12,28.733252,-0.32679500378735327
2019-08-13,28.770962,-0.28919475348278567
2019-08-14,28.829996,-0.23027050317821462
2019-08-15,28.884651,-0.1757252528736437
2019-08-16,28.902628,-0.15785800256907478
2019-08-17,28.856253,-0.20434275226450538
2019-08-18,28.863571,-0.19713450195993332
2019-08-19,28.915562,-0.1452532516553653
2019-08-20,28.91207,-0.1488550013507961
2019-08-21,28.890875,-0.17015975104622427
2019-08-22,28.851227,-0.20991750074165338
2019-08-23,28.826254,-0.2350002504370856
2019-08-24,28.808846,-0.2525180001325147
2019-08-25,28.773169,-0.2883047498279474
2019-08-26,28.74313,-0.3184534995233754
2019-08-27,28.716373,-0.3453202492188048
2019-08-28,28.70372,-0.35808299891423445
2019-08-29,28.701931,-0.35998174860966614
2019-08-30,28.658266,-0.40375649830509275
2019-08-31,28.615602,-0.44653024800052776
2019-09-01,28.599064,-0.4631779976959578
2019-09-02,28.600916,-0.46143574739138415
2019-09-03,28.578785,-0.48367649708681526
2019-09-04,28.547934,-0.5146372467822431
2019-09-05,28.534143,-0.5285379964776737
2019-09-06,28.519222,-0.5435687461731078
2019-09-07,28.514353,-0.5485474958685366
2019-09-08,28.550386,-0.5126242455639662
2019-09-09,28.587635,-0.47548499525939647
2019-09-10,28.56388,-0.49934974495482365
2019-09-11,28.528908,-0.5344314946502529
2019-09-12,28.539373,-0.5240762443456859
2019-09-13,28.562998,-0.5005609940411162
2019-09-14,28.562754,-0.5009147437365442
2019-09-15,28.50957,-0.5542084934319753
2019-09-16,28.4831,-0.5807882431274045
2019-09-17,28.511951,-0.5520469928228344
2019-09-18,28.49705,-0.5670577425182657
2019-09-19,28.493065,-0.5711524922136952
2019-09-20,28.521719,-0.5426082419091252
2019-09-21,28.614386,-0.45005099160455586
2019-09-22,28.536942,-0.5276047412999851
2019-09-23,28.473114,-0.5915424909954154
2019-09-24,28.522612,-0.5421542406908486
2019-09-25,28.678537,-0.38633899038627817
2019-09-26,28.808697,-0.25628874008170754
2019-09-27,28.865215,-0.19988048977713646
2019-09-28,29.005493,-0.059712239472563766
2019-09-29,29.188078,0.12276301083200636
2019-09-30,29.355316,0.28989126113657093
2019-10-01,29.515043,0.4495085114411417
2019-10-02,29.623219,0.5575747617457125
2019-10-03,29.70805,0.6422960120502843
2019-10-04,29.756336,0.6904722623548558
2019-10-05,29.889051,0.8230775126594203
2019-10-06,29.918322,0.8522387629639923
2019-10-07,29.925482,0.8592890132685618
2019-10-08,29.83514,0.7688372635731326
2019-10-09,29.832485,0.7660725138777025
2019-10-10,29.922146,0.8556237641822761
2019-10-11,30.049286,0.9826540144868403
2019-10-12,30.119528,1.0527862647914112
2019-10-13,30.074894,1.0080425150959833
2019-10-14,29.960438,0.8934767654005533
2019-10-15,29.804632,0.7375610157051256
2019-10-16,29.770273,0.7030922660096941
2019-10-17,29.797642,0.7303515163142613
2019-10-18,29.766287,0.6988867666188305
2019-10-19,29.746399,0.678889016923403
2019-10-20,29.710987,0.6433672672279727
2019-10-21,29.698174,0.6304445175325455
2019-10-22,29.766457,0.6986177678371135
2019-10-23,29.800367,0.7324180181416828
2019-10-24,29.83194,0.7638812684462515
2019-10-25,29.78965,0.7214815187508243
2019-10-26,29.800741,0.7324627690553918
2019-10-27,29.752232,0.6838440193599631
2019-10-28,29.731565,0.6630672696645341
2019-10-29,29.72986,0.6612525199691
2019-10-30,29.813326,0.7446087702736719
2019-10-31,29.709167,0.6403400205782432
2019-11-01,29.73128,0.6623432708828147
2019-11-02,29.785774,0.7167275211873836
2019-11-03,29.708492,0.6393357714919539
2019-11-04,29.542706,0.4734400217965202
2019-11-05,29.454927,0.3855512721010932
2019-11-06,29.365921,0.2964355224056625
2019-11-07,29.289371,0.21977577271023208
2019-11-08,29.226547,0.15684202301480354
2019-11-09,29.223373,0.15355827331937277
2019-11-10,29.342426,0.27250152362394076
2019-11-11,29.45258,0.38254577392851274
2019-11-12,29.420235,0.3500910242330839
2019-11-13,29.309958,0.23970427453765453
2019-11-14,29.281431,0.21106752484222469
2019-11-15,29.345486,0.275012775146795
2019-11-16,29.427702,0.357119025451361
2019-11-17,29.404678,0.33398527575593207
2019-11-18,29.372524,0.3017215260605006
2019-11-19,29.337643,0.2667307763650726
2019-11-20,29.303648,0.23262602666964227
2019-11-21,29.262121,0.1909892769742143
2019-11-22,29.232994,0.1617525272787823
2019-11-23,29.204617,0.13326577758335034
2019-11-24,29.17684,0.10537902788792053
2019-11-25,29.11958,0.04800927819249168
2019-11-26,29.083694,0.012013528497064385
2019-11-27,29.06582,-0.005970221198367653
2019-11-28,29.053257,-0.018642970893800737
2019-11-29,29.038948,-0.033061720589227406
2019-11-30,29.045176,-0.026943470284656712
2019-12-01,29.048862,-0.02336721998008784
2019-12-02,29.021933,-0.05040596967551636
2019-12-03,28.987028,-0.08542071937094775
2019-12-04,28.9245,-0.1480584690663811
2019-12-05,28.85132,-0.22134821876180766
2019-12-06,28.752787,-0.31999096845723685
2019-12-07,28.630611,-0.44227671815266945
2019-12-08,28.531206,-0.5417914678480962
2019-12-09,28.460772,-0.6123352175435279
2019-12-10,28.41281,-0.6604069672389592
2019-12-11,28.361881,-0.7114457169343886
2019-12-12,28.31397,-0.7594664666298172
2019-12-13,28.280815,-0.7927312163252473
2019-12-14,28.261076,-0.8125799660206781
2019-12-15,28.230087,-0.8436787157161056
2019-12-16,28.216911,-0.85696446541154
2019-12-17,28.200422,-0.8735632151069694
2019-12-18,28.206408,-0.8676869648023988
2019-12-19,28.162312,-0.9118927144978279
2019-12-20,28.11734,-0.9569744641932587
2019-12-21,28.073935,-1.000489213888688
2019-12-22,28.043472,-1.0310619635841185
2019-12-23,28.018682,-1.055961713279551
2019-12-24,27.961203,-1.1135504629749775
2019-12-25,27.887465,-1.1873982126704092
2019-12-26,27.858551,-1.216421962365839
2019-12-27,27.838459,-1.2366237120612666
2019-12-28,27.78625,-1.288942461756701
2019-12-29,27.770287,-1.3050152114521296
2019-12-30,27.782797,-1.2926149611475601
2019-12-31,27.795332,-1.2801897108429898
2020-01-01,27.836697,-1.2389344605384167
2020-01-02,27.879084,-1.1966572102338482
2020-01-03,27.91226,-1.1635909599292802
2020-01-04,28.015762,-1.0601987096247107
2020-01-05,28.025091,-1.0509794593201391
2020-01-06,27.934446,-1.141734209015567
2020-01-07,27.890823,-1.1854669587109967
2020-01-08,27.861748,-1.2146517084064286
2020-01-09,27.872507,-1.2040024581018614
2020-01-10,27.811686,-1.264933207797288
2020-01-11,27.755835,-1.3208939574927179
2020-01-12,27.688147,-1.3886917071881477
2020-01-13,27.622477,-1.454471456883578
2020-01-14,27.594923,-1.4821352065790059
2020-01-15,27.58037,-1.4967979562744418
2020-01-16,27.626535,-1.4507427059698692
2020-01-17,27.657385,-1.4200024556652977
2020-01-18,27.669783,-1.4077142053607297
2020-01-19,27.72902,-1.3485869550561596
2020-01-20,27.73573,-1.3419867047515872
2020-01-21,27.761766,-1.316060454447019
2020-01-22,27.786095,-1.2918412041424503
2020-01-23,27.785648,-1.292397953837881
2020-01-24,27.746119,-1.3320367035333085
2020-01-25,27.673466,-1.404799453228737
2020-01-26,27.602997,-1.475378202924169
2020-01-27,27.529118,-1.5493669526196001
2020-01-28,27.438326,-1.64026870231503
2020-01-29,27.373371,-1.7053334520104606
2020-01-30,27.418598,-1.6602162017058895
2020-01-31,27.45672,-1.6222039514013176
2020-02-01,27.4193,-1.659733701096748
2020-02-02,27.40914,-1.67000345079218
2020-02-03,27.409895,-1.6693582004876113
2020-02-04,27.394186,-1.6851769501830383
2020-02-05,27.392647,-1.6868256998784688
2020-02-06,27.403316,-1.6762664495738981
2020-02-07,27.393286,-1.686406199269328
2020-02-08,27.412373,-1.667428948964762
2020-02-09,27.407202,-1.6727096986601886
2020-02-10,27.406233,-1.6737884483556194
2020-02-11,27.42009,-1.6600411980510508
2020-02-12,27.419214,-1.6610269477464783
2020-02-13,27.408377,-1.6719736974419064
2020-02-14,27.497854,-1.5826064471373407
2020-02-15,27.508116,-1.5724541968327692
2020-02-16,27.450882,-1.6297979465281998
2020-02-17,27.401218,-1.6795716962236291
2020-02-18,27.431604,-1.6492954459190585
2020-02-19,27.436388,-1.6446211956144872
2020-02-20,27.449507,-1.6316119453099205
2020-02-21,27.493095,-1.5881336950053502
2020-02-22,27.517872,-1.5634664447007793
2020-02-23,27.572083,-1.50936519439621
2020-02-24,27.634035,-1.447522944091638
2020-02-25,27.710924,-1.3707436937870696
2020-02-26,27.73104,-1.350737443482501
2020-02-27,27.70067,-1.3812171931779318
2020-02-28,27.692732,-1.3892649428733606
2020-02-29,27.730476,-1.35163069256879
2020-03-01,27.728148,-1.354068442264218
2020-03-02,27.783163,-1.29916319195965
2020-03-03,27.793701,-1.2887349416550826
2020-03-04,27.817266,-1.2652796913505107
2020-03-05,27.868326,-1.2143294410459404
2020-03-06,27.922203,-1.16056219074137
2020-03-07,27.992476,-1.090398940436799
2020-03-08,27.960672,-1.1223126901322296
2020-03-09,27.951761,-1.1313334398276602
2020-03-10,28.008915,-1.0742891895230926
2020-03-11,28.032663,-1.0506509392185208
2020-03-12,28.075043,-1.0083806889139488
2020-03-13,28.05619,-1.0273434386093783
2020-03-14,28.174307,-0.9093361883048132
2020-03-15,28.254921,-0.828831938000242
2020-03-16,28.469858,-0.6140046876956724
2020-03-17,28.610207,-0.47376543739110133
2020-03-18,28.546795,-0.5372871870865303
2020-03-19,28.594814,-0.48937793678195973
2020-03-20,28.56139,-0.5229116864773928
2020-03-21,28.672274,-0.41213743617282006
2020-03-22,28.674286,-0.41023518586825247
2020-03-23,28.634758,-0.449872935563679
2020-03-24,28.529232,-0.5555086852591096
2020-03-25,28.605982,-0.47886843495453846
2020-03-26,28.59625,-0.48871018464997107
2020-03-27,28.664827,-0.42024293434540283
2020-03-28,28.736897,-0.3482826840408322
2020-03-29,28.87313,-0.2121594337362609
2020-03-30,28.947771,-0.1376281834316906
2020-03-31,29.01726,-0.06824893312711922
2020-04-01,29.100248,0.014629317177448087
2020-04-02,29.229631,0.14390256748201935
2020-04-03,29.332382,0.24654381778658774
2020-04-04,29.307846,0.22189806809116064
2020-04-05,29.444921,0.3588633183957306
2020-04-06,29.496794,0.4106265687003017
2020-04-07,29.645344,0.5590668190048689
2020-04-08,29.711233,0.624846069309438
2020-04-09,29.831013,0.7445163196140072
2020-04-10,29.843208,0.7566015699185797
2020-04-11,29.818447,0.7317308202231487
2020-04-12,29.937187,0.8503610705277218
2020-04-13,30.064943,0.9780073208322868
2020-04-14,30.103424,1.0163785711368583
2020-04-15,30.207573,1.1204178214414284
2020-04-16,30.327072,1.2398070717460001
2020-04-17,30.468462,1.3810873220505684
2020-04-18,30.511179,1.4236945723551386
2020-04-19,30.45093,1.3633358226597068
2020-04-20,30.4845,1.3967960729642783
2020-04-21,30.555553,1.467739323268848
2020-04-22,30.619902,1.5319785735734186
2020-04-23,30.712942,1.6249088238779912
2020-04-24,30.80443,1.71628707418256
2020-04-25,30.79279,1.7045373244871271
2020-04-26,30.749262,1.6608995747916993
2020-04-27,30.79299,1.7045178250962678
2020-04-28,30.707972,1.6193900754008403
2020-04-29,30.808977,1.720285325705408
2020-04-30,30.822329,1.7335275760099798
2020-05-01,31.002708,1.9137968263145453
2020-05-02,30.998913,1.9098920766191192
2020-05-03,31.055965,1.9668343269236885
2020-05-04,31.121037,2.03179657722826
2020-05-05,31.223814,2.13446382753283
2020-05-06,31.317076,2.2276160778374
2020-05-07,31.285385,2.1958153281419683
2020-05-08,31.277994,2.188314578446537
2020-05-09,31.28391,2.1941208287511067
2020-05-10,31.408081,2.3181820790556777
2020-05-11,31.292006,2.2019973293602497
2020-05-12,31.270674,2.1805555796648193
2020-05-13,31.134132,2.0439038299693877
2020-05-14,30.910456,1.8201180802739572
2020-05-15,30.801928,1.711480330578528
2020-05-16,30.633833,1.5432755808830976
2020-05-17,30.340992,1.250324831187669
2020-05-18,29.964567,0.8737900814922384
2020-05-19,29.720884,0.6299973317968082
2020-05-20,29.748446,0.6574495821013784
2020-05-21,29.788452,0.6973458324059472
2020-05-22,29.930906,0.8396900827105185
2020-05-23,30.10885,1.0175243330150892
2020-05-24,30.158543,1.067107583319661
2020-05-25,30.041174,0.949628833624228
2020-05-26,30.016518,0.9248630839287983
2020-05-27,29.973509,0.8817443342333675
2020-05-28,29.94773,0.8558555845379381
2020-05-29,29.944721,0.85273683484251
2020-05-30,29.994383,0.9022890851470784
2020-05-31,30.069408,0.9772043354516455
2020-06-01,30.159458,1.0671445857562176
2020-06-02,30.115168,1.022744836060788
2020-06-03,30.133736,1.041203086365357
2020-06-04,30.041546,0.9489033366699289
2020-06-05,29.990587,0.8978345869745006
2020-06-06,29.875383,0.7825208372790655
2020-06-07,29.789568,0.6965960875836359
2020-06-08,29.744156,0.6510743378882076
2020-06-09,29.674776,0.5815845881927793
2020-06-10,29.583206,0.489904838497349
2020-06-11,29.536768,0.4433570888019176
2020-06-12,29.494318,0.40079733910648585
2020-06-13,29.556286,0.46265558941105667
2020-06-14,29.586466,0.49272583971562867
2020-06-15,29.57269,0.4788400900201992
2020-06-16,29.548859,0.45489934032476853
2020-06-17,29.530434,0.4363645906293385
2020-06-18,29.561241,0.4670618409339049
2020-06-19,29.61211,0.5178210912384777
2020-06-20,29.636332,0.5419333415430465
2020-06-21,29.6395,0.5449915918476194
2020-06-22,29.679781,0.5851628421521866
2020-06-23,29.788116,0.6933880924567575
2020-06-24,29.818375,0.7235373427613254
2020-06-25,29.810326,0.7153785930658962
2020-06-26,29.782621,0.6875638433704658
2020-06-27,29.80483,0.7096630936750365
2020-06-28,29.796906,0.701629343979608
2020-06-29,29.776356,0.6809695942841785
2020-06-30,29.697117,0.6016208445887443
2020-07-01,29.666592,0.5709860948933176
2020-07-02,29.63146,0.5357443451978874
2020-07-03,29.569029,0.47320359550245783
2020-07-04,29.513859,0.417923845807028
2020-07-05,29.478218,0.3821730961115968
2020-07-06,29.487606,0.3914513464161651
2020-07-07,29.5277,0.4314355967207355
2020-07-08,29.520666,0.4242918470253052
2020-07-09,29.590813,0.49432909732987795
2020-07-10,29.572128,0.47553434763444713
2020-07-11,29.55189,0.4551865979390186
2020-07-12,29.533201,0.4363878482435837
2020-07-13,29.47133,0.37440709854815424
2020-07-14,29.443464,0.3464313488527253
2020-07-15,29.440504,0.3433615991572978
2020-07-16,29.395805,0.298552849461867
2020-07-17,29.355701,0.2583390997664381
2020-07-18,29.493977,0.3965053500710063
2020-07-19,29.514038,0.4164566003755752
2020-07-20,29.583717,0.4860258506801465
2020-07-21,29.560991,0.46319010098471836
2020-07-22,29.545351,0.4474403512892877
2020-07-23,29.51972,0.42169960159385766
2020-07-24,29.635803,0.5376728518984244
2020-07-25,29.914627,0.8163871022029952
2020-07-26,29.895592,0.7972423525075669
2020-07-27,29.923428,0.8249686028121381
2020-07-28,29.807571,0.7090018531167068
2020-07-29,29.679224,0.5805451034212794
2020-07-30,29.597254,0.49846535372584455
2020-07-31,29.554512,0.4556136040304146
2020-08-01,29.499374,0.4003658543349857
2020-08-02,29.427176,0.3280581046395561
2020-08-03,29.349955,0.2507273549441287
2020-08-04,29.267838,0.16850060524869903
2020-08-05,29.225967,0.12651985555326561
2020-08-06,29.2207,0.12114310585783628
2020-08-07,29.199295,0.0996283561624054
2020-08-08,29.156712,0.056935606466975486
2020-08-09,29.11951,0.019623856771545434
2020-08-10,29.110865,0.010869107076114659
2020-08-11,29.138176,0.038070357380686204
2020-08-12,29.122543,0.022327607685255657
2020-08-13,29.079258,-0.021067142010174678
2020-08-14,29.046427,-0.05400789170560216
2020-08-15,29.037628,-0.06291664140103137
2020-08-16,29.074636,-0.0260183910964642
2020-08-17,29.108397,0.0076328592081047475
2020-08-18,29.105629,0.004755109512675659
2020-08-19,29.094654,-0.006329640182755725
2020-08-20,29.103716,0.0026226101218149722
2020-08-21,29.145187,0.04398386042638691
2020-08-22,29.17065,0.06933711073095239
2020-08-23,29.17298,0.07155736103552357
2020-08-24,29.240871,0.13933861134009362
2020-08-25,29.282225,0.18058286164466608
2020-08-26,29.294462,0.1927101119492356
2020-08-27,29.348839,0.2469773622538085
2020-08-28,29.399488,0.29751661255837547
2020-08-29,29.483814,0.3817328628629433
2020-08-30,29.672958,0.5707671131675163
2020-08-31,29.782625,0.680324363472085
2020-09-01,29.867413,0.7650026137766552
2020-09-02,29.793938,0.6914178640812274
2020-09-03,29.86666,0.7640301143857933
2020-09-04,30.108421,1.0056813646903642
2020-09-05,30.11897,1.0161206149949358
2020-09-06,29.98071,0.8777508652995039
2020-09-07,29.983559,0.8804901156040756
2020-09-08,29.992142,0.8889633659086478
2020-09-09,29.90763,0.8043416162132146
2020-09-10,29.814497,0.7110988665177835
2020-09-11,29.729044,0.625536116822353
2020-09-12,29.646576,0.5429583671269249
2020-09-13,29.629646,0.5259186174314969
2020-09-14,29.592667,0.4888298677360652
2020-09-15,29.560167,0.45622011804063334
2020-09-16,29.521257,0.4172003683452026
2020-09-17,29.483727,0.37956061864977286
2020-09-18,29.414232,0.30995586895434357
2020-09-19,29.312677,0.20829111925891652
2020-09-20,29.23603,0.13153436956348585
2020-09-21,29.195621,0.09101561986805251
2020-09-22,29.243366,0.13865087017262567
2020-09-23,29.29739,0.19256512047719454
2020-09-24,29.261246,0.15631137078176494
2020-09-25,29.168493,0.0634486210863372
2020-09-26,29.191412,0.0862578713909059
2020-09-27,29.146154,0.04089012169547246
2020-09-28,29.105444,7.037200004234023e-05
2020-09-29,29.022215,-0.08326837769538642
2020-09-30,28.985785,-0.11980812739081514
2020-10-01,28.952702,-0.15300087708624588
2020-10-02,28.945112,-0.16070062678167218
2020-10-03,28.92401,-0.18191237647710778
2020-10-04,28.922604,-0.18342812617253657
2020-10-05,29.004639,-0.1015028758679648
2020-10-06,29.08299,-0.023261625563396393
2020-10-07,29.117966,0.011604624741174518
2020-10-08,29.201982,0.09551087504574696
2020-10-09,29.005688,-0.10089287464968777
2020-10-10,28.902378,-0.20431262434511765
2020-10-11,28.862066,-0.2447343740405472
2020-10-12,28.827732,-0.2791781237359743
2020-10-13,28.793753,-0.3132668734314059
2020-10-14,28.770864,-0.3362656231268346
2020-10-15,28.757372,-0.349867372822267
2020-10-16,28.836008,-0.27134112251769693
2020-10-17,28.853666,-0.2537928722131255
2020-10-18,28.786953,-0.32061562190855497
2020-10-19,28.747458,-0.3602203716039831
2020-10-20,28.758451,-0.3493371212994134
2020-10-21,28.762989,-0.34490887099484624
2020-10-22,28.809906,-0.2981016206902751
2020-10-23,28.843685,-0.26443237038570544
2020-10-24,28.884533,-0.22369412008113443
2020-10-25,28.858213,-0.25012386977656575
2020-10-26,28.94411,-0.16433661947199596
2020-10-27,29.057926,-0.050630369167429023
2020-10-28,29.091871,-0.016795118862855674
2020-10-29,29.047642,-0.06113386855828651
2020-10-30,29.039392,-0.06949361825371625
2020-10-31,29.06937,-0.03962536794914584
2020-11-01,29.214243,0.1051378823554252
2020-11-02,29.3313,0.2220851326599913
2020-11-03,29.28483,0.17550538296456253
2020-11-04,29.369074,0.25963963326913486
2020-11-05,29.327814,0.21826988357370425
2020-11-06,29.30427,0.1946161338782737
2020-11-07,29.26913,0.15936638418284588
2020-11-08,29.247322,0.13744863448741285
2020-11-09,29.231153,0.12116988479198199
2020-11-10,29.19226,0.08216713509655449
2020-11-11,29.164457,0.05425438540112282
2020-11-12,29.147352,0.03703963570569613
2020-11-13,29.120407,0.00998488601026537
2020-11-14,29.090282,-0.020249863685169345
2020-11-15,29.069387,-0.041254613380598215
2020-11-16,29.07768,-0.03307136307602576
2020-11-17,29.076853,-0.03400811277145621
2020-11-18,29.095205,-0.015765862466885494
2020-11-19,29.051153,-0.05992761216231557
2020-11-20,29.009455,-0.10173536185774879
2020-11-21,28.984816,-0.12648411155317874
2020-11-22,28.920633,-0.19077686124860804
2020-11-23,28.888142,-0.22337761094403774
2020-11-24,28.867107,-0.24452236063946486
2020-11-25,28.855904,-0.25583511033489614
2020-11-26,28.875746,-0.23610286003032854
2020-11-27,28.870174,-0.24178460972575877
2020-11-28,28.834776,-0.27729235942118535
2020-11-29,28.806393,-0.3057851091166164
2020-11-30,28.774666,-0.33762185881204587
2020-12-01,28.749506,-0.3628916085074749
2020-12-02,28.732388,-0.3801193582029079
2020-12-03,28.73673,-0.3758871078983361
2020-12-04,28.716124,-0.39660285759376634
2020-12-05,28.691792,-0.4210446072891969
2020-12-06,28.681898,-0.4310483569846255
2020-12-07,28.677025,-0.43603110668005485
2020-12-08,28.642603,-0.4705628563754871
2020-12-09,28.605282,-0.5079936060709187
2020-12-10,28.577408,-0.5359773557663488
2020-12-11,28.517971,-0.5955241054617773
2020-12-12,28.494001,-0.6196038551572052
2020-12-13,28.46363,-0.650084604852637
2020-12-14,28.435045,-0.6787793545480696
2020-12-15,28.419445,-0.6944891042434982
2020-12-16,28.41241,-0.701633853938926
2020-12-17,28.414722,-0.6994316036343555
2020-12-18,28.408804,-0.7054593533297862
2020-12-19,28.387106,-0.7272671030252162
2020-12-20,28.351742,-0.762740852720647
2020-12-21,28.328833,-0.7857596024160785
2020-12-22,28.304262,-0.810440352111506
2020-12-23,28.275755,-0.8390571018069366
2020-12-24,28.241415,-0.8735068515023663
2020-12-25,28.231342,-0.8836896011977942
2020-12-26,28.225107,-0.8900343508932274
2020-12-27,28.245998,-0.8692531005886579
2020-12-28,28.29897,-0.8163908502840869
2020-12-29,28.281382,-0.8340885999795162
2020-12-30,28.260357,-0.8552233496749473
2020-12-31,28.229156,-0.8865340993703761
2021-01-01,28.221182,-0.8946178490658099
2021-01-02,28.194946,-0.9209635987612366
2021-01-03,28.160194,-0.955825348456667
2021-01-04,28.16608,-0.9500490981520961
2021-01-05,28.188837,-0.927401847847527
2021-01-06,28.213465,-0.9028835975429601
2021-01-07,28.244223,-0.8722353472383872
2021-01-08,28.245224,-0.871344096933818
2021-01-09,28.235657,-0.881020846629248
2021-01-10,28.260164,-0.8566235963246775
2021-01-11,28.25104,-0.8658573460201069
2021-01-12,28.224764,-0.8922430957155392
2021-01-13,28.224016,-0.8931008454109701
2021-01-14,28.199282,-0.9179445951063983
2021-01-15,28.172932,-0.9444043448018284
2021-01-16,28.11393,-1.0035160944972574
2021-01-17,28.057606,-1.059949844192687
2021-01-18,28.025036,-1.0926295938881196
2021-01-19,28.045969,-1.0718063435835496
2021-01-20,28.112192,-1.0056930932789783
2021-01-21,28.135817,-0.9821778429744086
2021-01-22,28.03819,-1.0799145926698372
2021-01-23,27.992867,-1.1253473423652665
2021-01-24,27.94715,-1.1711740920606992
2021-01-25,27.90079,-1.2176438417561286
2021-01-26,27.874332,-1.2442115914515597
2021-01-27,27.865602,-1.253051341146989
2021-01-28,27.862679,-1.2560840908424176
2021-01-29,27.912212,-1.2066608405378467
2021-01-30,27.917963,-1.2010195902332796
2021-01-31,27.922573,-1.1965193399287095
2021-02-01,27.873957,-1.245245089624138
2021-02-02,27.847334,-1.2719778393195682
2021-02-03,27.807459,-1.3119625890149962
2021-02-04,27.79164,-1.327891338710426
2021-02-05,27.820263,-1.2993780884058594
2021-02-06,27.84796,-1.271790838101289
2021-02-07,27.841742,-1.278118587796719
2021-02-08,27.781666,-1.338304337492147
2021-02-09,27.7301,-1.3899800871875776
2021-02-10,27.701273,-1.4189168368830067
2021-02-11,27.702599,-1.417700586578441
2021-02-12,27.702875,-1.4175343362738708
2021-02-13,27.724155,-1.3963640859692994
2021-02-14,27.737589,-1.3830398356647287
2021-02-15,27.769627,-1.351111585360158
2021-02-16,27.763924,-1.356924335055588
2021-02-17,27.756908,-1.364050084751021
2021-02-18,27.765516,-1.3555518344464481
2021-02-19,27.765678,-1.355499584141878
2021-02-20,27.771458,-1.3498293338373095
2021-02-21,27.81491,-1.306487083532737
2021-02-22,27.895824,-1.2256828332281664
2021-02-23,27.939802,-1.1818145829236002
2021-02-24,28.049541,-1.0721853326190285
2021-02-25,28.045443,-1.0763930823144605
2021-02-26,28.051071,-1.0708748320098884
2021-02-27,28.110544,-1.0115115817053173
2021-02-28,28.153141,-0.9690243314007461
2021-03-01,28.102333,-1.019942081096179
2021-03-02,28.118637,-1.0037478307916103
2021-03-03,28.096977,-1.0255175804870404
2021-03-04,28.161615,-0.9609893301824677
2021-03-05,28.273993,-0.8487210798778975
2021-03-06,28.473654,-0.6491698295733279
2021-03-07,28.506187,-0.6167465792687601
2021-03-08,28.47779,-0.6452533289641913
2021-03-09,28.588333,-0.5348200786596209
2021-03-10,28.588425,-0.5348378283550481
2021-03-11,28.640274,-0.48309857805047685
2021-03-12,28.686522,-0.43696032774590776
2021-03-13,28.777594,-0.34599807744134026
2021-03-14,28.838459,-0.28524282713676996
2021-03-15,28.833399,-0.2904125768321997
2021-03-16,28.88198,-0.24194132652763045
2021-03-17,28.84178,-0.28225107622305856
2021-03-18,28.82629,-0.29785082591848777
2021-03-19,28.884134,-0.2401165756139214
2021-03-20,28.93762,-0.18674032530935136
2021-03-21,28.948936,-0.17553407500478002
2021-03-22,29.03333,-0.09124982470020981
2021-03-23,29.016615,-0.10807457439563706
2021-03-24,29.193483,0.06868367590893243
2021-03-25,29.311487,0.18657792621349856
2021-03-26,29.336609,0.21159017651806877
2021-03-27,29.48651,0.3613814268226392
2021-03-28,29.496843,0.371604677127209
2021-03-29,29.427504,0.3021559274317802
2021-03-30,29.413298,0.28784017773635284
2021-03-31,29.49008,0.36451242804091777
2021-04-01,29.35534,0.22966267834549114
2021-04-02,29.40121,0.2754229286500589
2021-04-03,29.437565,0.31166817895462984
2021-04-04,29.58477,0.4587634292592
2021-04-05,29.513828,0.38771167956377184
2021-04-06,29.580761,0.45453492986833766
2021-04-07,29.670519,0.544183180172908
2021-04-08,29.768446,0.6420004304774807
2021-04-09,29.799948,0.673392680782051
2021-04-10,29.79151,0.6648449310866198
2021-04-11,29.895231,0.7684561813911905
2021-04-12,29.930311,0.8034264316957582
2021-04-13,30.034615,0.9076206820003279
2021-04-14,30.138512,1.0114079323048983
2021-04-15,30.093245,0.9660311826094699
2021-04-16,29.956877,0.8295534329140395
2021-04-17,30.027054,0.8996206832186111
2021-04-18,30.133755,1.0062119335231792
2021-04-19,30.143362,1.0157091838277488
2021-04-20,30.336237,1.2084744341323201
2021-04-21,30.417202,1.2893296844368898
2021-04-22,30.36392,1.235937934741461
2021-04-23,30.378464,1.2503721850460323
2021-04-24,30.416536,1.288334435350599
2021-04-25,30.497166,1.3688546856551689
2021-04-26,30.510674,1.382252935959741
2021-04-27,30.59609,1.4675591862643103
2021-04-28,30.774088,1.6454474365688796
2021-04-29,30.887615,1.7588646868734514
2021-04-30,30.849752,1.720891937178017
2021-05-01,30.881887,1.7529171874825877
2021-05-02,30.915098,1.7860184377871597
2021-05-03,30.876917,1.7477276880917287
2021-05-04,30.98147,1.852170938396302
2021-05-05,30.977415,1.8480061887008716
2021-05-06,30.960312,1.8307934390054363
2021-05-07,30.859892,1.7302636893100072
2021-05-08,30.883648,1.75390993961458
2021-05-09,30.999733,1.8698851899191489
2021-05-10,31.161434,2.03147644022372
2021-05-11,31.216574,2.0865066905282923
2021-05-12,31.200676,2.0704989408328593
2021-05-13,31.181246,2.05095919113743
2021-05-14,31.270863,2.1404664414419976
2021-05-15,31.383492,2.25298569174657
2021-05-16,31.51594,2.3853239420511407
2021-05-17,31.62351,2.4927841923557104
2021-05-18,31.48512,2.3542844426602763
2021-05-19,31.394236,2.2632906929648478
2021-05-20,31.237478,2.1064229432694184
2021-05-21,31.094715,1.9635501935739903
2021-05-22,30.895409,1.7641344438785609
2021-05-23,30.632586,1.5012016941831305
2021-05-24,30.347166,1.215671944487699
2021-05-25,30.15726,1.025656194792269
2021-05-26,30.090206,0.9584924450968373
2021-05-27,30.096886,0.9650626954014108
2021-05-28,30.219946,1.0880129457059802
2021-05-29,30.302292,1.1702491960105519
2021-05-30,30.36326,1.231107446315118
2021-05-31,30.356012,1.223749696619688
2021-06-01,30.389633,1.2572609469242586
2021-06-02,30.633116,1.5006341972288304
2021-06-03,30.607927,1.4753354475334
2021-06-04,30.643295,1.5105936978379653
2021-06-05,30.508495,1.3756839481425374
2021-06-06,30.458748,1.325827198447108
2021-06-07,30.365738,1.232707448751679
2021-06-08,30.25917,1.1260296990562502
2021-06-09,30.134993,1.0017429493608212
2021-06-10,30.055267,0.9219071996653909
2021-06-11,29.983234,0.8497644499699568
2021-06-12,29.904352,0.7707727002745273
2021-06-13,29.84122,0.7075309505790983
2021-06-14,29.765215,0.6314162008836703
2021-06-15,29.702408,0.568499451188238
2021-06-16,29.665659,0.5316407014928082
2021-06-17,29.647663,0.5135349517973786
2021-06-18,29.645454,0.5112162021019486
2021-06-19,29.695103,0.5607554524065179
2021-06-20,29.720825,0.5863677027110903
2021-06-21,29.697588,0.5630209530156591
2021-06-22,29.643555,0.5088782033202257
2021-06-23,29.601656,0.4668694536247955
2021-06-24,29.560562,0.42566570392936853
2021-06-25,29.52887,0.3938639542339395
2021-06-26,29.526623,0.3915072045385095
2021-06-27,29.593935,0.4587094548430777
2021-06-28,29.682184,0.5468487051476458
2021-06-29,29.622423,0.4869779554522182
2021-06-30,29.609562,0.4740072057567879
2021-07-01,29.568071,0.43240645606135786
2021-07-02,29.526825,0.3910507063659274
2021-07-03,29.575258,0.43937395667050083
2021-07-04,29.622978,0.48698420697506606
2021-07-05,29.78122,0.645116457279638
2021-07-06,29.647167,0.510953707584207
2021-07-07,29.601574,0.46525095788877735
2021-07-08,29.571228,0.43479520819334994
2021-07-09,29.52087,0.3843274584979177
2021-07-10,29.436176,0.2995237088024858
2021-07-11,29.41764,0.2808779591070554
2021-07-12,29.364584,0.22771220941162795
2021-07-13,29.387539,0.25055745971619814
2021-07-14,29.436295,0.2992037100207696
2021-07-15,29.438597,0.30139596032534044
2021-07-16,29.447844,0.3105332106299059
2021-07-17,29.425554,0.28813346093447834
2021-07-18,29.393402,0.2558717112390454
2021-07-19,29.34761,0.20996996154361725
2021-07-20,29.318518,0.18076821184818925
2021-07-21,29.277792,0.13993246215276045
2021-07-22,29.23237,0.0944007124573254
2021-07-23,29.209785,0.07170596276189656
2021-07-24,29.180845,0.042656213066468496
2021-07-25,29.154922,0.016623463371036706
2021-07-26,29.135101,-0.003307286324393033
2021-07-27,29.136026,-0.0024920360198201763
2021-07-28,29.139837,0.001209214284745741
2021-07-29,29.164377,0.025639464589318095
2021-07-30,29.19748,0.05863271489388566
2021-07-31,29.220152,0.08119496519845626
2021-08-01,29.217941,0.07887421550302776
2021-08-02,29.19637,0.05719346580760032
2021-08-03,29.186472,0.047185716112164044
2021-08-04,29.186785,0.04738896641673662
2021-08-05,29.171774,0.032268216721305976
2021-08-06,29.163546,0.023930467025877533
2021-08-07,29.183714,0.04398871733044629
2021-08-08,29.272099,0.13226396763501924
2021-08-09,29.360458,0.22051321793958678
2021-08-10,29.357983,0.2179284682441569
2021-08-11,29.315533,0.17536871854872516
2021-08-12,29.282906,0.14263196885329776
2021-08-13,29.267466,0.12708221915786666
2021-08-14,29.24487,0.10437646946243717
2021-08-15,29.18931,0.04870671976700436
2021-08-16,29.152657,0.011943970071577326
2021-08-17,29.133987,-0.006835779623852289
2021-08-18,29.155128,0.014195470680718358
2021-08-19,29.167156,0.026113720985286193
2021-08-20,29.2751,0.13394797128985658
2021-08-21,29.313974,0.172712221594427
2021-08-22,29.320127,0.1787554718989952
2021-08-23,29.304344,0.1628627222035668
2021-08-24,29.263485,0.12189397250813627
2021-08-25,29.20981,0.06810922281270848
2021-08-26,29.17763,0.03581947311727873
2021-08-27,29.155338,0.013417723421845551
2021-08-28,29.15352,0.011489973726416025
2021-08-29,29.131495,-0.010644775969012699
2021-08-30,29.133034,-0.009215525664444613
2021-08-31,29.219198,0.07683872464012609
2021-09-01,29.225328,0.08285897494469907
2021-09-02,29.12937,-0.013208774750733454
2021-09-03,29.052534,-0.09015452444616301
2021-09-04,29.014896,-0.1279022741415936
2021-09-05,28.967033,-0.17587502383702258
2021-09-06,28.946268,-0.19674977353245282
2021-09-07,29.000284,-0.14284352322788152
2021-09-08,28.998163,-0.14507427292331343
2021-09-09,28.934458,-0.2088890226187452
2021-09-10,28.856632,-0.2868247723141728
2021-09-11,28.835915,-0.30765152200960344
2021-09-12,28.833807,-0.30986927170503265
2021-09-13,28.830812,-0.3129740214004606
2021-09-14,28.849112,-0.2947837710958936
2021-09-15,28.82214,-0.3218655207913237
2021-09-16,28.773823,-0.37029227048675395
2021-09-17,28.803345,-0.34088002018218333
2021-09-18,28.912504,-0.23183076987761453
2021-09-19,29.059946,-0.08449851957304233
2021-09-20,29.055937,-0.08861726926847524
2021-09-21,28.97611,-0.16855401896390632
2021-09-22,28.936193,-0.20858076865933484
2021-09-23,28.914818,-0.2300655183547633
2021-09-24,28.969086,-0.1759072680501923
2021-09-25,28.986557,-0.15854601774562127
2021-09-26,29.00276,-0.14245276744105695
2021-09-27,29.026686,-0.11863651713648338
2021-09-28,29.025581,-0.11985126683191538
2021-09-29,29.239222,0.09367998347265782
2021-09-30,29.347631,0.2019792337772266
2021-10-01,29.23023,0.08446848408179619
2021-10-02,29.235699,0.08982773438636471
2021-10-03,29.200737,0.05475598469093512
2021-10-04,29.190582,0.04449123499550467
2021-10-05,29.163445,0.017244485300075496
2021-10-06,29.135874,-0.010436264395352168
2021-10-07,29.087294,-0.059126014090782775
2021-10-08,28.98097,-0.1655597637862165
2021-10-09,28.930267,-0.21637251348164455
2021-10-10,28.94313,-0.20361926317707457
2021-10-11,28.999792,-0.14706701287250468
2021-10-12,29.004595,-0.1423737625679351
2021-10-13,28.978655,-0.16842351226336305
2021-10-14,28.928991,-0.21819726195879596
2021-10-15,28.920025,-0.2272730116542263
2021-10-16,28.861406,-0.28600176134965594
2021-10-17,28.90942,-0.23809751104508337
2021-10-18,28.96616,-0.181467260740515
2021-10-19,28.984211,-0.1635260104359446
2021-10-20,29.138897,-0.008949760131375939
2021-10-21,29.229765,0.08180849017319503
2021-10-22,29.417528,0.26946174047776594
2021-10-23,29.33503,0.18685399078233544
2021-10-24,29.27203,0.12374424108690718
2021-10-25,29.223719,0.07532349139147598
2021-10-26,29.238499,0.0899937416960448
2021-10-27,29.237839,0.08922399200061548
2021-10-28,29.242342,0.09361724230518575
2021-10-29,29.244944,0.09610949260975588
2021-10-30,29.318632,0.1696877429143271
2021-10-31,29.350533,0.2014789932188954
2021-11-01,29.37115,0.22198624352346386
2021-11-02,29.31935,0.17007649382803436
2021-11-03,29.331593,0.1822097441326065
2021-11-04,29.435352,0.2858589944371772
2021-11-05,29.427425,0.27782224474174555
2021-11-06,29.425692,0.27597949504631814
2021-11-07,29.445395,0.29557274535088496
2021-11-08,29.32797,0.17803799565545475
2021-11-09,29.292652,0.14261024596002514
2021-11-10,29.232744,0.08259249626459564
2021-11-11,29.192417,0.042155746569164876
2021-11-12,29.176485,0.026113996873732503
2021-11-13,29.201336,0.05085524717830481
2021-11-14,29.211544,0.06095349748287404
2021-11-15,29.184492,0.03379174778744343
2021-11-16,29.124989,-0.02582100190798542
2021-11-17,29.068468,-0.08245175160341489
2021-11-18,29.068665,-0.08236450129884787
2021-11-19,29.040354,-0.11078525099427594
2021-11-20,29.066036,-0.08521300068970561
2021-11-21,29.033997,-0.11736175038513608
2021-11-22,29.027342,-0.12412650008056403
2021-11-23,29.010878,-0.1407002497759926
2021-11-24,28.96099,-0.1906979994714284
2021-11-25,28.926197,-0.22560074916685835
2021-11-26,28.948118,-0.20378949886228526
2021-11-27,28.947855,-0.20416224855771503
2021-11-28,28.924448,-0.2276789982531433
2021-11-29,28.921814,-0.2304227479485732
2021-11-30,28.908648,-0.24369849764400797
2021-12-01,28.8507,-0.30175624733943707
2021-12-02,28.760368,-0.3921979970348666
2021-12-03,28.766264,-0.3864117467302961
2021-12-04,28.791937,-0.36084849642572436
2021-12-05,28.873394,-0.27950124612115346
2021-12-06,28.863932,-0.2890729958165892
2021-12-07,28.78255,-0.37056474551201646
2021-12-08,28.73233,-0.4208944952074454
2021-12-09,28.705692,-0.44764224490287674
2021-12-10,28.684376,-0.46906799459830495
2021-12-11,28.670895,-0.4826587442937331
2021-12-12,28.65334,-0.5003234939891676
2021-12-13,28.62394,-0.5298332436845961
2021-12-14,28.599966,-0.5539169933800281
2021-12-15,28.581274,-0.5727187430754554
2021-12-16,28.546947,-0.607155492770886
2021-12-17,28.503435,-0.6507772424663152
2021-12-18,28.448067,-0.706254992161746
2021-12-19,28.418503,-0.735928741857176
2021-12-20,28.401705,-0.7528364915526069
2021-12-21,28.394032,-0.7606192412480368
2021-12-22,28.340044,-0.8147169909434666
2021-12-23,28.304312,-0.8505587406388955
2021-12-24,28.246145,-0.9088354903343294
2021-12-25,28.204336,-0.950754240029756
2021-12-26,28.190586,-0.9646139897251871
2021-12-27,28.185143,-0.9701667394206162
2021-12-28,28.18542,-0.969999489116045
2021-12-29,28.209402,-0.9461272388114743
2021-12-30,28.22009,-0.935548988506909
2021-12-31,28.231037,-0.9247117382023369
2022-01-01,28.231947,-0.9239114878977652
2022-01-02,28.226133,-0.9298352375931955
2022-01-03,28.223381,-0.9326969872886259
2022-01-04,28.211033,-0.9451547369840547
2022-01-05,28.22902,-0.9272774866794897
2022-01-06,28.178392,-0.9780152363749188
2022-01-07,28.157343,-0.9991739860703461
2022-01-08,28.142233,-1.0143937357657755
2022-01-09,28.11415,-1.0425864854612072
2022-01-10,28.086138,-1.070708235156637
2022-01-11,28.021008,-1.13594798485207
2022-01-12,28.00221,-1.1548557345474961
2022-01-13,28.004711,-1.1524644842429268
2022-01-14,28.052824,-1.1044612339383555
2022-01-15,28.13068,-1.0267149836337843
2022-01-16,28.066748,-1.090756733329215
2022-01-17,28.026794,-1.1308204830246495
2022-01-18,28.0051,-1.152624232720079
2022-01-19,27.997034,-1.160799982415508
2022-01-20,28.04323,-1.1147137321109355
2022-01-21,28.074274,-1.083779481806367
2022-01-22,28.127506,-1.0306572315017952
2022-01-23,28.185884,-0.972388981197227
2022-01-24,28.186258,-0.9721247308926593
2022-01-25,28.138504,-1.0199884805880863
2022-01-26,28.127045,-1.0315572302835179
2022-01-27,28.07001,-1.0887019799789464
2022-01-28,28.093206,-1.0656157296743771
2022-01-29,28.055117,-1.1038144793698095
2022-01-30,27.999159,-1.1598822290652393
2022-01-31,27.926495,-1.2326559787606683
2022-02-01,27.893509,-1.2657517284560953
2022-02-02,27.864788,-1.2945824781515256
2022-02-03,27.865707,-1.2937732278469554
2022-02-04,27.938791,-1.2207989775423904
2022-02-05,27.991676,-1.16802372723782
2022-02-06,27.918633,-1.2411764769332478
2022-02-07,27.923367,-1.2365522266286781
2022-02-08,27.904203,-1.2558259763241075
2022-02-09,27.89398,-1.2661587260195368
2022-02-10,27.92306,-1.2371884757149694
2022-02-11,27.912031,-1.2483272254103994
2022-02-12,27.874462,-1.2860059751058266
2022-02-13,27.81863,-1.3419477248012583
2022-02-14,27.77373,-1.3869574744966862
2022-02-15,27.753407,-1.4073902241921168
2022-02-16,27.722912,-1.4379949738875482
2022-02-17,27.723688,-1.4373287235829793
2022-02-18,27.654945,-1.5061814732784065
2022-02-19,27.651583,-1.5096532229738386
2022-02-20,27.72599,-1.4353559726692673
2022-02-21,27.901375,-1.2600807223646946
2022-02-22,27.779644,-1.381921472060128
2022-02-23,27.743658,-1.4180172217555587
2022-02-24,27.753174,-1.4086109714509867
2022-02-25,27.796309,-1.3655857211464166
2022-02-26,27.818419,-1.3435854708418482
2022-02-27,27.846724,-1.315390220537278
2022-02-28,27.902424,-1.2597999702327094
2022-03-01,27.916023,-1.2463107199281396
2022-03-02,27.963804,-1.1986394696235685
2022-03-03,28.026615,-1.135938219318998
2022-03-04,28.123909,-1.0387539690144258
2022-03-05,28.103666,-1.059106718709856
2022-03-06,28.073643,-1.0892394684052888
2022-03-07,28.123642,-1.0393502181007186
2022-03-08,28.21118,-0.9519219677961495
2022-03-09,28.239557,-0.9236547174915763
2022-03-10,28.348587,-0.8147344671870087
2022-03-11,28.327612,-0.8358192168824381
2022-03-12,28.332376,-0.8311649665778695
2022-03-13,28.36472,-0.7989307162733006
2022-03-14,28.41203,-0.751730465968727
2022-03-15,28.549612,-0.6142582156641581
2022-03-16,28.716797,-0.44718296535958757
2022-03-17,28.802717,-0.36137271505501545
2022-03-18,28.771482,-0.3927174647504508
2022-03-19,28.862717,-0.30159221444587914
2022-03-20,28.776527,-0.387891964141307
2022-03-21,28.792053,-0.3724757138367387
2022-03-22,28.824657,-0.33998146353216896
2022-03-23,28.916132,-0.24861621322759575
2022-03-24,29.062204,-0.10265396292302853
2022-03-25,29.28005,0.11508228738154003
2022-03-26,29.466703,0.30162553768611033
2022-03-27,29.58151,0.41632278799068345
2022-03-28,29.715227,0.5499300382952512
2022-03-29,29.816313,0.650906288599824
2022-03-30,29.848146,0.6826295389043899
2022-03-31,29.881107,0.7154807892089607
2022-04-01,29.87589,0.7101540395135295
2022-04-02,29.955023,0.7891772898181024
2022-04-03,29.827936,0.6619805401226735
2022-04-04,29.79138,0.6253147904272431
2022-04-05,29.869432,0.7032570407318097
2022-04-06,29.92231,0.75602529103638
2022-04-07,29.891754,0.7253595413409499
2022-04-08,29.814545,0.6480407916455206
2022-04-09,29.91868,0.7520660419500906
2022-04-10,30.047432,0.8807082922546599
2022-04-11,30.116377,0.9495435425592298
2022-04-12,30.18304,1.0160967928637987
2022-04-13,30.169054,1.0020010431683701
2022-04-14,30.12437,0.9572072934729405
2022-04-15,30.257154,1.089881543777512
2022-04-16,30.430393,1.2630107940820814
2022-04-17,30.599972,1.4324800443866508
2022-04-18,30.709948,1.542346294691221
2022-04-19,30.797316,1.6296045449957894
2022-04-20,30.746845,1.5790237953003619
2022-04-21,30.748446,1.5805150456049333
2022-04-22,30.888643,1.7206022959094973
2022-04-23,31.010963,1.8428125462140699
2022-04-24,31.015678,1.8474177965186414
2022-04-25,31.089863,1.9214930468232119
2022-04-26,31.160769,1.9922892971277797
2022-04-27,31.115993,1.9474035474323514
2022-04-28,31.244717,2.0760177977369203
2022-04-29,31.284933,2.1161240480414882
2022-04-30,31.273602,2.1046832983460604
2022-05-01,31.409567,2.2405385486506297
2022-05-02,31.393341,2.2242027989552007
2022-05-03,31.323242,2.1539940492597722
2022-05-04,31.425976,2.2566182995643373
2022-05-05,31.431807,2.2623395498689085
2022-05-06,31.266113,2.0965358001734806
2022-05-07,31.021477,1.8517900504780513
2022-05-08,30.666487,1.496690300782621
2022-05-09,30.299402,1.1294955510871922
2022-05-10,30.195137,1.0251208013917577
2022-05-11,30.214048,1.0439220516963275
2022-05-12,30.240305,1.0700693020008991
2022-05-13,30.1958,1.0254545523054688
2022-05-14,30.220776,1.0503208026100417
2022-05-15,30.104307,0.9337420529146101
2022-05-16,30.099117,0.9284423032191782
2022-05-17,30.005543,0.8347585535237485
2022-05-18,29.907495,0.7366008038283205
2022-05-19,29.806343,0.6353390541328885
2022-05-20,29.747702,0.5765883044374611
2022-05-21,29.699509,0.5282855547420304
2022-05-22,29.649038,0.4777048050465993
2022-05-23,29.594711,0.4232680553511692
2022-05-24,29.564234,0.39268130565573856
2022-05-25,29.562346,0.3906835559603117
2022-05-26,29.559296,0.3875238062648805
2022-05-27,29.525782,0.3539000565694508
2022-05-28,29.4998,0.32780830687401874
2022-05-29,29.470924,0.29882255717858897
2022-05-30,29.451963,0.27975180748315864
2022-05-31,29.45171,0.2793890577877285
2022-06-01,29.489706,0.3172753080923023
2022-06-02,29.51779,0.34524955839687266
2022-06-03,29.548988,0.3763378087014395
2022-06-04,29.544827,0.3720670590060102
2022-06-05,29.507603,0.3347333093105789
2022-06-06,29.465645,0.2926655596151484
2022-06-07,29.413124,0.24003480991972026
2022-06-08,29.403942,0.2307430602242917
2022-06-09,29.417128,0.24381931052885975
2022-06-10,29.428736,0.25531756083342927
2022-06-11,29.438261,0.26473281113799985
2022-06-12,29.535154,0.3615160614425683
2022-06-13,29.646637,0.47288931174713866
2022-06-14,29.748756,0.5748985620517111
2022-06-15,29.75573,0.5817628123562777
2022-06-16,29.743078,0.569001062660849
2022-06-17,29.719917,0.5457303129654179
2022-06-18,29.71055,0.536253563269991
2022-06-19,29.784006,0.6095998135745617
2022-06-20,29.789185,0.6146690638791306
2022-06-21,29.75978,0.585154314183697
2022-06-22,29.725214,0.5504785644882695
2022-06-23,29.715977,0.5411318147928377
2022-06-24,29.67718,0.5022250650974094
2022-06-25,29.615343,0.44027831540197937
2022-06-26,29.614391,0.4392165657065519
2022-06-27,29.63746,0.46217581601111846
2022-06-28,29.66365,0.48825606631568874
2022-06-29,29.690592,0.5150883166202576
2022-06-30,29.713734,0.5381205669248281
2022-07-01,29.742275,0.5665518172293993
2022-07-02,29.672657,0.49682406753397146
2022-07-03,29.646149,0.4702063178385387
2022-07-04,29.618862,0.4428095681431081
2022-07-05,29.551304,0.3751418184476769
2022-07-06,29.523108,0.3468360687522498
2022-07-07,29.501286,0.32490431905682016
2022-07-08,29.494581,0.31808956936139055
2022-07-09,29.437689,0.2610878196659563
2022-07-10,29.382399,0.20568806997052747
2022-07-11,29.32267,0.14584932027509723
2022-07-12,29.273006,0.09607557057966787
2022-07-13,29.22274,0.045699820884241404
2022-07-14,29.158047,-0.019102928811189912
2022-07-15,29.125208,-0.05205167850662207
2022-07-16,29.095446,-0.08192342820205312
2022-07-17,29.10706,-0.07041917789748098
2022-07-18,29.139565,-0.038023927592909956
2022-07-19,29.181665,0.003966322711658421
2022-07-20,29.148035,-0.029773426983769724
2022-07-21,29.17503,-0.0028881766792032693
2022-07-22,29.163788,-0.014239926374632006
2022-07-23,29.190748,0.01261032392993755
2022-07-24,29.25752,0.0792725742345084
2022-07-25,29.430487,0.25212982453907884
2022-07-26,29.536531,0.3580640748436501
2022-07-27,29.601612,0.4230353251482164
2022-07-28,29.617895,0.43920857545278835
2022-07-29,29.789297,0.6105008257573594
2022-07-30,29.777472,0.5985660760619282
2022-07-31,29.757017,0.5780013263665005
2022-08-01,29.723955,0.54482957667107
2022-08-02,29.563463,0.3842278269756356
2022-08-03,29.45296,0.2736150772802084
2022-08-04,29.346691,0.1672363275847779
2022-08-05,29.261442,0.08187757788934746
2022-08-06,29.17575,-0.003924171806080068
2022-08-07,29.104572,-0.07521192150150924
2022-08-08,29.051783,-0.12811067119694286
2022-08-09,29.0186,-0.16140342089237336
2022-08-10,29.01196,-0.16815317058780366
2022-08-11,29.019026,-0.1611969202832313
2022-08-12,29.016031,-0.16430166997865925
2022-08-13,29.001076,-0.17936641967408917
2022-08-14,29.032793,-0.14775916936952171
2022-08-15,29.082912,-0.09774991906495245
2022-08-16,29.116621,-0.06415066876038367
2022-08-17,29.030891,-0.14999041845581118
2022-08-18,29.016241,-0.16475016815124022
2022-08-19,29.030905,-0.15019591784666986
2022-08-20,29.061193,-0.12001766754210408
2022-08-21,29.049864,-0.13145641723753343
2022-08-22,29.0367,-0.1447301669329626
2022-08-23,29.071465,-0.11007491662839186
2022-08-24,29.158236,-0.02341366632382247
2022-08-25,29.39123,0.20947058398074958
2022-08-26,29.227362,0.04549283428531581
2022-08-27,29.18076,-0.0012189154101136523
2022-08-28,29.396969,0.21488033489445613
2022-08-29,29.584538,0.4023395851990266
2022-08-30,29.465252,0.28294383550359825
2022-08-31,29.514975,0.332557085808169
2022-09-01,29.485355,0.3028273361127347
2022-09-02,29.691496,0.5088585864173076
2022-09-03,29.721367,0.5386198367218782
2022-09-04,29.606068,0.4232110870264485
2022-09-05,29.492123,0.309156337331018
2022-09-06,29.333889,0.1508125876355848
2022-09-07,29.205587,0.02240083794015746
2022-09-08,29.149096,-0.03419991175527315
2022-09-09,29.113306,-0.07009966145070123
2022-09-10,29.10642,-0.07709541114613216
2022-09-11,29.120272,-0.06335316084156162
2022-09-12,29.168177,-0.01555791053699096
2022-09-13,29.198017,0.014172339767576148
2022-09-14,29.169939,-0.014015409927853995
2022-09-15,29.153334,-0.03073015962328185
2022-09-16,29.16324,-0.020933909318713972
2022-09-17,29.11803,-0.06625365901414071
2022-09-18,29.084053,-0.10034040870957384
2022-09-19,29.09083,-0.09367315840500368
2022-09-20,29.109325,-0.07528790810043517
2022-09-21,29.166616,-0.018106657795861736
2022-09-22,29.171331,-0.013501407491293804
2022-09-23,29.15742,-0.02752215718672346
2022-09-24,29.237883,0.052831093117845285
2022-09-25,29.381336,0.1961743434224168
2022-09-26,29.28478,0.09950859372698773
2022-09-27,29.29797,0.11258884403155633
2022-09-28,29.253153,0.06766209433612858
2022-09-29,29.217676,0.032075344640698944
2022-09-30,29.146736,-0.03897440505473426
2022-10-01,29.10636,-0.07946015475016566
2022-10-02,29.113825,-0.07210490444559525
2022-10-03,29.119583,-0.06645665414102453
2022-10-04,29.082664,-0.10348540383645144
2022-10-05,29.05039,-0.1358691535318819
2022-10-06,29.071943,-0.11442590322731405
2022-10-07,29.01472,-0.17175865292274395
2022-10-08,29.050623,-0.13596540261817225
2022-10-09,29.043196,-0.14350215231360508
2022-10-10,29.06229,-0.1245179020090319
2022-10-11,29.019768,-0.16714965170446305
2022-10-12,29.120075,-0.06695240139989522
2022-10-13,29.184689,-0.0024481510953258123
2022-10-14,29.317354,0.13010709920924768
2022-10-15,29.297989,0.11063234951381773
2022-10-16,29.324135,0.13666859981838542
2022-10-17,29.213182,0.025605850122957463
2022-10-18,29.136473,-0.051212899572476545
2022-10-19,29.106472,-0.08132364926790459
2022-10-20,29.086138,-0.10176739896333586
2022-10-21,29.054882,-0.13313314865876436
2022-10-22,29.035385,-0.15273989835419144
2022-10-23,29.003054,-0.18518064804962364
2022-10-24,29.011648,-0.1766963977450544
2022-10-25,29.17802,-0.010434147440484765
2022-10-26,29.237986,0.049422102864085105
2022-10-27,29.181461,-0.007212646831344927
2022-10-28,29.14318,-0.045603396526772144
2022-10-29,29.113174,-0.07571914622220177
2022-10-30,29.110004,-0.07899889591763554
2022-10-31,29.135168,-0.05394464561306478
2022-11-01,29.186348,-0.0028743953084955365
2022-11-02,29.213127,0.023794854996076253
2022-11-03,29.27464,0.08519810530064831
2022-11-04,29.237494,0.04794235560521898
2022-11-05,29.207954,0.01829260590978521
2022-11-06,29.167114,-0.02265714378564354
2022-11-07,29.137384,-0.05249689348107367
2022-11-08,29.086767,-0.10322364317650568
2022-11-09,29.074305,-0.11579539287193441
2022-11-10,29.083525,-0.10668514256736117
2022-11-11,29.09696,-0.0933598922627965
2022-11-12,29.123667,-0.06676264195822412
2022-11-13,29.102905,-0.08763439165365483
2022-11-14,29.068516,-0.12213314134908515
2022-11-15,29.018488,-0.1722708910445121
2022-11-16,28.955227,-0.2356416407399422
2022-11-17,28.941713,-0.24926539043537588
2022-11-18,28.91349,-0.27759814013080586
2022-11-19,28.901838,-0.2893598898262333
2022-11-20,28.921661,-0.2696466395216639
2022-11-21,29.009867,-0.18155038921709377
2022-11-22,29.034533,-0.15699413891252334
2022-11-23,29.021326,-0.17031088860795762
2022-11-24,28.978893,-0.2128536383033861
2022-11-25,28.91664,-0.27521638799881387
2022-11-26,28.902416,-0.28955013769424554
2022-11-27,28.901041,-0.2910348873896744
2022-11-28,28.998163,-0.19402263708510148
2022-11-29,29.050812,-0.14148338678053562
2022-11-30,29.018253,-0.17415213647596417
2022-12-01,28.979769,-0.212745886171394
2022-12-02,28.975466,-0.2171586358668236
2022-12-03,28.968435,-0.22429938556225437
2022-12-04,28.952717,-0.24012713525768348
2022-12-05,28.889572,-0.30338188495311513
2022-12-06,28.820015,-0.3730486346485442
2022-12-07,28.743416,-0.4497573843439753
2022-12-08,28.705166,-0.48811713403940615
2022-12-09,28.687468,-0.5059248837348349
2022-12-10,28.74168,-0.45182263343026463
2022-12-11,28.750353,-0.4432593831256959
2022-12-12,28.760519,-0.4332031328211272
2022-12-13,28.721811,-0.4720208825165564
2022-12-14,28.642963,-0.550978632211983
2022-12-15,28.583652,-0.6103993819074134
2022-12-16,28.517578,-0.6765831316028432
2022-12-17,28.473969,-0.7203018812982762
2022-12-18,28.457548,-0.7368326309937068
2022-12-19,28.456385,-0.7381053806891344
2022-12-20,28.42988,-0.7647201303845641
2022-12-21,28.385471,-0.8092388800799952
2022-12-22,28.342035,-0.8527846297754245
2022-12-23,28.268053,-0.9268763794708583
2022-12-24,28.209867,-0.9851721291662869
2022-12-25,28.182993,-1.0121558788617158
2022-12-26,28.18646,-1.0087986285571446
2022-12-27,28.195082,-1.000286378252575
2022-12-28,28.189693,-1.0057851279480055
2022-12-29,28.168413,-1.0271748776434357
2022-12-30,28.092539,-1.1031586273388676
2022-12-31,28.058928,-1.136879377034294
2023-01-01,27.99972,-1.1961971267297251
2023-01-02,27.958649,-1.2373778764251533
2023-01-03,27.91012,-1.2860166261205848
2023-01-04,27.886671,-1.3095753758160171
2023-01-05,27.89216,-1.3041961255114458
2023-01-06,27.883623,-1.3128428752068757
2023-01-07,27.860859,-1.3357166249023038
2023-01-08,27.830976,-1.365709374597735
2023-01-09,27.784185,-1.4126101242931632
2023-01-10,27.747726,-1.449178873988597
2023-01-11,27.71241,-1.484604623684028
2023-01-12,27.701262,-1.495862373379456
2023-01-13,27.69569,-1.5015441230748863
2023-01-14,27.680809,-1.5165348727703147
2023-01-15,27.632084,-1.5653696224657452
2023-01-16,27.61132,-1.586243372161178
2023-01-17,27.578543,-1.6191301218566068
2023-01-18,27.536898,-1.6608848715520352
2023-01-19,27.519938,-1.6779546212474656
2023-01-20,27.527033,-1.6709693709428954
2023-01-21,27.538961,-1.6591511206383238
2023-01-22,27.572079,-1.6261428703337586
2023-01-23,27.537405,-1.660926620029187
2023-01-24,27.52448,-1.6739613697246156
2023-01-25,27.53542,-1.663131119420047
2023-01-26,27.594673,-1.6039878691154748
2023-01-27,27.55296,-1.6458106188109056
2023-01-28,27.552797,-1.6460833685063356
2023-01-29,27.565536,-1.6334541182017652
2023-01-30,27.572285,-1.6268148678971954
2023-01-31,27.602837,-1.5963726175926247
2023-02-01,27.661615,-1.537704367288054
2023-02-02,27.6684,-1.5310291169834862
2023-02-03,27.684778,-1.514760866678916
2023-02-04,27.690275,-1.5093736163743472
2023-02-05,27.711493,-1.4882653660697756
2023-02-06,27.760809,-1.4390591157652075
2023-02-07,27.837034,-1.362943865460636
2023-02-08,27.751068,-1.4490196151560646
2023-02-09,27.723537,-1.4766603648514973
2023-02-10,27.6696,-1.530707114546928
2023-02-11,27.65569,-1.5447268642423566
2023-02-12,27.720833,-1.479693613937787
2023-02-13,27.675148,-1.5254883636332153
2023-02-14,27.62588,-1.5748661133286497
2023-02-15,27.614237,-1.5866188630240785
2023-02-16,27.611313,-1.589652612719508
2023-02-17,27.644062,-1.557013362414935
2023-02-18,27.673483,-1.527702112110365
2023-02-19,27.752735,-1.4485598618057942
2023-02-20,27.832952,-1.3684526115012297
2023-02-21,27.815752,-1.385762361196658
2023-02-22,27.806053,-1.3955711108920887
2023-02-23,27.864527,-1.3372068605875178
2023-02-24,27.842474,-1.359369610282947
2023-02-25,27.781301,-1.4206523599783765
2023-02-26,27.816088,-1.385975109673808
2023-02-27,27.847635,-1.3545378593692377
2023-02-28,27.894447,-1.307835609064668
2023-03-01,27.863316,-1.3390763587600958
2023-03-02,27.898315,-1.304187108455526
2023-03-03,28.033886,-1.1687258581509568
2023-03-04,28.02924,-1.1734816078463872
2023-03-05,28.075588,-1.1272433575418184
2023-03-06,28.142454,-1.0604871072372468
2023-03-07,28.13276,-1.070290856932676
2023-03-08,28.14872,-1.0544406066281056
2023-03-09,28.196596,-1.0066743563235363
2023-03-10,28.261152,-0.9422281060189697
2023-03-11,28.31481,-0.8886798557143969
2023-03-12,28.476742,-0.7268576054098261
2023-03-13,28.578606,-0.6251033551052565
2023-03-14,28.544502,-0.6593171048006852
2023-03-15,28.629292,-0.5746368544961165
2023-03-16,28.607504,-0.5965346041915502
2023-03-17,28.662003,-0.5421453538869798
2023-03-18,28.68071,-0.5235481035824066
2023-03-19,28.840912,-0.3634558532778378
2023-03-20,28.8063,-0.39817760297326643
2023-03-21,28.971916,-0.23267135266869587
2023-03-22,29.015814,-0.1888831023641302
2023-03-23,29.222874,0.018067147940442396
2023-03-24,29.202822,-0.002094601754986769
2023-03-25,29.217476,0.01244964854958397
2023-03-26,29.258327,0.05319089885415451
2023-03-27,29.326948,0.12170214915872535
2023-03-28,29.33685,0.1314943994632891
2023-03-29,29.384123,0.17865764976786025
2023-03-30,29.408442,0.2028669000724328
2023-03-31,29.485945,0.28026015037700347
2023-04-01,29.53905,0.33325540068157267
2023-04-02,29.607288,0.40138365098614415
2023-04-03,29.680983,0.4749689012907119
2023-04-04,29.714758,0.508634151595281
2023-04-05,29.74428,0.5380464018998516
2023-04-06,29.78314,0.5767966522044219
2023-04-07,29.732738,0.5262849025089942
2023-04-08,29.786623,0.5800601528135623
2023-04-09,29.794628,0.58795540311813
2023-04-10,29.99036,0.7835776534227001
2023-04-11,29.983456,0.776563903727272
2023-04-12,30.040113,0.8331111540318439
2023-04-13,30.084984,0.8778724043364114
2023-04-14,30.120134,0.9129126546409836
2023-04-15,30.09299,0.8856589049455508
2023-04-16,30.142471,0.9350301552501215
2023-04-17,30.364614,1.1570634055546911
2023-04-18,30.531229,1.3235686558592619
2023-04-19,30.41127,1.203499906163831
2023-04-20,30.323187,1.115307156468404
2023-04-21,30.417154,1.2091644067729703
2023-04-22,30.675108,1.4670086570775425
2023-04-23,30.826546,1.6183369073821119
2023-04-24,30.74576,1.5374411576866827
2023-04-25,30.846392,1.6379634079912542
2023-04-26,30.876228,1.6676896582958243
2023-04-27,30.974438,1.7657899086003894
2023-04-28,31.106447,1.89768915890496
2023-04-29,31.251966,2.043098409209531
2023-04-30,31.255886,2.046908659514102
2023-05-01,31.24165,2.0325629098186724
2023-05-02,31.171598,1.9624011601232425
2023-05-03,31.199074,1.9897674104278096
2023-05-04,31.309227,2.0998106607323805
2023-05-05,31.34406,2.13453391103695
2023-05-06,31.460278,2.2506421613415206
2023-05-07,31.426262,2.2165164116460936
2023-05-08,31.615097,2.4052416619506616
2023-05-09,31.378407,2.168441912255229
2023-05-10,31.123287,1.9132121625598018
2023-05-11,30.746805,1.5366204128643695
2023-05-12,30.265387,1.0550926631689421
2023-05-13,29.935957,0.7255529134735106
2023-05-14,29.8713,0.6607861637780843
2023-05-15,29.897167,0.6865434140826494
2023-05-16,29.935602,0.7248686643872198
2023-05-17,29.996786,0.7859429146917911
2023-05-18,30.09585,0.8848971649963602
2023-05-19,30.103497,0.8924344153009329
2023-05-20,30.153101,0.9419286656055021
2023-05-21,30.198282,0.9869999159100686
2023-05-22,30.223436,1.0120441662146398
2023-05-23,30.286402,1.0749004165192098
2023-05-24,30.279947,1.0683356668237813
2023-05-25,30.293959,1.082237917128353
2023-05-26,30.30863,1.0967991674329234
2023-05-27,30.392073,1.1801324177374894
2023-05-28,30.454626,1.2425756680420612
2023-05-29,30.627722,1.4155619183466293
2023-05-30,30.563286,1.3510161686512028
2023-05-31,30.572773,1.3603934189557734
2023-06-01,30.518692,1.306202669260344
2023-06-02,30.449322,1.236722919564908
2023-06-03,30.372921,1.1602121698694816
2023-06-04,30.346537,1.133718420174052
2023-06-05,30.30222,1.0892916704786195
2023-06-06,30.244873,1.03183492078319
2023-06-07,30.188635,0.9754871710877637
2023-06-08,30.142656,0.9293984213923281
2023-06-09,30.097036,0.8836686716968991
2023-06-10,30.061079,0.8476019220014699
2023-06-11,30.028341,0.8147541723060421
2023-06-12,29.986885,0.7731884226106125
2023-06-13,29.951542,0.737735672915182
2023-06-14,29.888836,0.6749199232197505
2023-06-15,29.828053,0.6140271735243203
2023-06-16,29.790909,0.5767734238288895
2023-06-17,29.746895,0.5326496741334594
2023-06-18,29.692093,0.4777379244380313
2023-06-19,29.661913,0.44744817474260046
2023-06-20,29.639664,0.42508942504716885
2023-06-21,29.59877,0.3840856753517379
2023-06-22,29.582222,0.36742792565631177
2023-06-23,29.590992,0.37608817596088073
2023-06-24,29.599636,0.3846224262654516
2023-06-25,29.596668,0.381544676570023
2023-06-26,29.596972,0.3817389268745899
2023-06-27,29.611671,0.3963281771791607
2023-06-28,29.668222,0.45276942748373017
2023-06-29,29.661018,0.4454556777882992
2023-06-30,29.618605,0.40293292809286996
2023-07-01,29.56579,0.3500081783974416
2023-07-02,29.489592,0.27370042870200706
2023-07-03,29.432653,0.21665167900657778
2023-07-04,29.375479,0.15936792931114852
2023-07-05,29.33909,0.1228691796157193
2023-07-06,29.324291,0.10796042992028987
2023-07-07,29.370024,0.15358368022486246
2023-07-08,29.392561,0.1760109305294293
2023-07-09,29.46489,0.24823018083399973
2023-07-10,29.369436,0.15266643113857015
2023-07-11,29.325876,0.10899668144314134
2023-07-12,29.323812,0.10682293174771118
2023-07-13,29.34729,0.13019118205227898
2023-07-14,29.3633,0.1460914323568474
2023-07-15,29.370378,0.1530596826614179
2023-07-16,29.343182,0.12575393296598847
2023-07-17,29.310638,0.09310018327056113
2023-07-18,29.289776,0.07212843357513066
2023-07-19,29.27695,0.05919268387970078
2023-07-20,29.269485,0.051617934184267966
2023-07-21,29.250998,0.03302118448883817
2023-07-22,29.217026,-0.0010605652065898141
2023-07-23,29.167566,-0.05063031490201908
2023-07-24,29.1105,-0.10780606459745101
2023-07-25,29.097015,-0.1214008142928833
2023-07-26,29.087233,-0.13129256398831046
2023-07-27,29.108034,-0.11060131368374115
2023-07-28,29.127045,-0.09170006337917158
2023-07-29,29.123716,-0.09513881307459826
2023-07-30,29.085775,-0.1331895627700277
2023-07-31,29.073317,-0.14575731246546297
2023-08-01,29.077892,-0.1412920621608933
2023-08-02,29.0935,-0.12579381185632244
2023-08-03,29.111235,-0.10816856155175003
2023-08-04,29.130821,-0.08869231124717913
2023-08-05,29.170639,-0.04898406094260821
2023-08-06,29.198788,-0.0209448106380421
2023-08-07,29.220587,0.0007444396665263753
2023-08-08,29.23459,0.014637689971099377
2023-08-09,29.255672,0.03560994027566977
2023-08-10,29.285093,0.0649211905802396
2023-08-11,29.313112,0.09283044088481063
2023-08-12,29.322487,0.10209569118937623
2023-08-13,29.363825,0.14332394149394645
2023-08-14,29.375845,0.15523419179852027
2023-08-15,29.331959,0.11123844210309031
2023-08-16,29.300083,0.07925269240766042
2023-08-17,29.284756,0.06381594271223179
2023-08-18,29.273026,0.05197619301679879
2023-08-19,29.29405,0.0728904433213664
2023-08-20,29.346743,0.1254736936259384
2023-08-21,29.352827,0.1314479439305103
2023-08-22,29.331268,0.10977919423508098
2023-08-23,29.308344,0.08674544453965183
2023-08-24,29.293821,0.07211269484421834
2023-08-25,29.309103,0.08728494514878804
2023-08-26,29.327888,0.10596019545335977
2023-08-27,29.342827,0.1207894457579286
2023-08-28,29.303137,0.08098969606249895
2023-08-29,29.236025,0.01376794636707146
2023-08-30,29.230587,0.00822019667163687
2023-08-31,29.27372,0.05124344697620842
2023-09-01,29.259907,0.03732069728077647
2023-09-02,29.22321,0.0005139475853503939
2023-09-03,29.164146,-0.05865980211008193
2023-09-04,29.098526,-0.12438955180551048
2023-09-05,29.037806,-0.18521930150094335
2023-09-06,29.025118,-0.19801705119637347
2023-09-07,29.012962,-0.2102828008918003
2023-09-08,28.997599,-0.2257555505872304
2023-09-09,28.970568,-0.25289630028266075
2023-09-10,28.923567,-0.3000070499780918
2023-09-11,28.873299,-0.3503847996735239
2023-09-12,28.8462,-0.37759354936895306
2023-09-13,28.837461,-0.386442299064381
2023-09-14,28.822886,-0.4011270487598111
2023-09-15,28.806807,-0.4173157984552418
2023-09-16,28.78479,-0.4394425481506694
2023-09-17,28.726347,-0.49799529784610286
2023-09-18,28.67122,-0.5532320475415311
2023-09-19,28.678463,-0.5460987972369615
2023-09-20,28.752102,-0.47256954693239095
2023-09-21,28.925312,-0.2994692966278194
2023-09-22,28.911083,-0.3138080463232491
2023-09-23,28.889578,-0.3354227960186833
2023-09-24,28.842325,-0.38278554571411405
2023-09-25,28.841038,-0.3841822954095413
2023-09-26,28.826387,-0.39894304510497136
2023-09-27,28.834072,-0.3913677948004022
2023-09-28,28.74425,-0.4812995444958297
2023-09-29,28.677824,-0.5478352941912625
2023-09-30,28.67015,-0.5556190438866935
2023-10-01,28.676529,-0.5493497935821239
2023-10-02,28.692581,-0.5334075432775514
2023-10-03,28.71371,-0.5123882929729824
2023-10-04,28.75473,-0.4714780426684122
2023-10-05,28.800179,-0.4261387923638438
2023-10-06,28.864672,-0.3617555420592744
2023-10-07,28.925919,-0.3006182917547022
2023-10-08,28.935966,-0.2906810414501315
2023-10-09,29.028692,-0.19806479114556197
2023-10-10,29.044226,-0.18264054084099257
2023-10-11,29.258678,0.03170170946357587
2023-10-12,29.389893,0.1628069597681474
2023-10-13,29.585314,0.3581182100727176
2023-10-14,29.602142,0.37483646037728846
2023-10-15,29.635061,0.40764571068185873
2023-10-16,29.624817,0.39729196098642916
2023-10-17,29.635801,0.4081662112909967
2023-10-18,29.59299,0.3652454615955669
2023-10-19,29.471304,0.2434497119001371
2023-10-20,29.453838,0.2258739622047088
2023-10-21,29.375397,0.14732321250927782
2023-10-22,29.355429,0.12724546281384974
2023-10-23,29.347464,0.11917071311841454
2023-10-24,29.424816,0.1964129634229863
2023-10-25,29.588205,0.35969221372755555
2023-10-26,29.606339,0.377716464032126
2023-10-27,29.604467,0.3757347143366978
2023-10-28,29.702782,0.47393996464126786
2023-10-29,29.665493,0.4365412149458372
2023-10-30,29.61583,0.3867684652504053
2023-10-31,29.529152,0.29998071555497674
2023-11-01,29.438646,0.209364965859546
2023-11-02,29.414888,0.1854972161641193
2023-11-03,29.48617,0.25666946646868993
2023-11-04,29.587502,0.35789171677325626
2023-11-05,29.557856,0.3281359670778272
2023-11-06,29.595633,0.3658032173823962
2023-11-07,29.640238,0.4102984676869674
2023-11-08,29.71435,0.4843007179915375
2023-11-09,29.74673,0.5165709682961079
2023-11-10,29.688528,0.4582592186006771
2023-11-11,29.653214,0.4228354689052445
2023-11-12,29.601305,0.3708167192098166
2023-11-13,29.539753,0.30915496951438826
2023-11-14,29.482191,0.25148321981895805
2023-11-15,29.466307,0.23548947012352883
2023-11-16,29.443697,0.2127697204280956
2023-11-17,29.468,0.23696297073266592
2023-11-18,29.412363,0.18121622103723567
2023-11-19,29.355192,0.12393547134180594
2023-11-20,29.35242,0.12105372164637629
2023-11-21,29.339626,0.10814997195094733
2023-11-22,29.359104,0.1275182222555138
2023-11-23,29.360147,0.12845147256008715
2023-11-24,29.310663,0.07885772286465809
2023-11-25,29.290638,0.058722973169228254
2023-11-26,29.26008,0.028055223473796076
2023-11-27,29.235971,0.0038364737783673775
2023-11-28,29.21129,-0.020954275917063114
2023-11-29,29.160376,-0.07197802561249489
2023-11-30,29.087988,-0.14447577530792444
2023-12-01,29.011011,-0.22156252500335327
2023-12-02,28.962774,-0.269909274698783
2023-12-03,28.936562,-0.29623102439421345
2023-12-04,28.944857,-0.28804577408964605
2023-12-05,28.975292,-0.2577205237850748
2023-12-06,28.987135,-0.2459872734805053
2023-12-07,29.081303,-0.15192902317593493
2023-12-08,29.209858,-0.023483772871362163
2023-12-09,29.161016,-0.07243552256679209
2023-12-10,29.104124,-0.12943727226222634
2023-12-11,29.018307,-0.21536402195765447
2023-12-12,28.990599,-0.2431817716530844
2023-12-13,28.978209,-0.25568152134851374
2023-12-14,28.962484,-0.27151627104394294
2023-12-15,28.94888,-0.2852300207393732
2023-12-16,28.915146,-0.3190737704348052
2023-12-17,28.885338,-0.3489915201302338
2023-12-18,28.869051,-0.3653882698256652
2023-12-19,28.865103,-0.36944601952109224
2023-12-20,28.853193,-0.381465769216522
2023-12-21,28.83015,-0.4046185189119562
2023-12-22,28.801994,-0.4328842686073848
2023-12-23,28.778908,-0.45608001830281353
2023-12-24,28.7276,-0.5074977679982453
2023-12-25,28.683752,-0.5514555176936753
2023-12-26,28.670261,-0.5650562673891031
2023-12-27,28.665909,-0.5695180170845369
2023-12-28,28.669245,-0.5662917667799654
2023-12-29,28.638351,-0.5972955164753948
2023-12-30,28.616112,-0.6196442661708232
2023-12-31,28.574787,-0.6610790158662532
2024-01-01,28.534485,-0.7014907655616831
2024-01-02,28.472075,-0.7640105152571159
2024-01-03,28.432554,-0.803641264952546
2024-01-04,28.4088,-0.8275050146479757
2024-01-05,28.408325,-0.8280897643434031
2024-01-06,28.414127,-0.8223975140388333
2024-01-07,28.403605,-0.8330292637342644
2024-01-08,28.383371,-0.853373013429696
2024-01-09,28.33461,-0.9022437631251243
2024-01-10,28.26735,-0.9696135128205547
2024-01-11,28.223528,-1.0135452625159829
2024-01-12,28.18782,-1.0493630122114155
2024-01-13,28.117176,-1.1201167619068428
2024-01-14,28.071333,-1.1660695116022772
2024-01-15,28.074406,-1.1631062612977061
2024-01-16,28.076666,-1.1609560109931358
2024-01-17,28.11815,-1.1195817606885647
2024-01-18,28.134375,-1.1034665103839956
2024-01-19,28.146275,-1.0916762600794243
2024-01-20,28.104664,-1.133397009774857
2024-01-21,28.086649,-1.1515217594702847
2024-01-22,28.054169,-1.1841115091657137
2024-01-23,28.030495,-1.2078952588611465
2024-01-24,28.073936,-1.1645640085565745
2024-01-25,28.080772,-1.157837758252004
2024-01-26,28.065998,-1.1727215079474362
2024-01-27,28.04542,-1.193409257642866
2024-01-28,28.03584,-1.2030990073382952
2024-01-29,28.085758,-1.1532907570337265
2024-01-30,28.141685,-1.0974735067291554
2024-01-31,28.194384,-1.0448842564245844
2024-02-01,28.258635,-0.9807430061200151
2024-02-02,28.285524,-0.9539637558154475
2024-02-03,28.247673,-0.9919245055108767
2024-02-04,28.213697,-1.0260102552063053
2024-02-05,28.187445,-1.0523720049017342
2024-02-06,28.194305,-1.045621754597164
2024-02-07,28.194069,-1.045967504292598
2024-02-08,28.185577,-1.0545692539880278
2024-02-09,28.130266,-1.109990003683457
2024-02-10,28.086931,-1.1534347533788853
2024-02-11,28.092665,-1.1478105030743144
2024-02-12,28.0877,-1.1528852527697424
2024-02-13,28.093182,-1.1475130024651783
2024-02-14,28.095234,-1.145570752160605
2024-02-15,28.102673,-1.1382415018560366
2024-02-16,28.126015,-1.1150092515514665
2024-02-17,28.142065,-1.099069001246896
2024-02-18,28.132284,-1.1089597509423257
2024-02-19,28.105778,-1.1355755006377564
2024-02-20,28.158815,-1.082648250333186
2024-02-21,28.186016,-1.0555570000286174
2024-02-22,28.243427,-0.998255749724045
2024-02-23,28.258701,-0.9830914994194764
2024-02-24,28.146685,-1.0952172491149028
2024-02-25,28.147594,-1.0944179988103357
2024-02-26,28.167122,-1.0749997485057676
2024-02-27,28.236279,-1.0059524982011965
2024-02-28,28.270338,-0.9720032478966267
2024-02-29,28.321335,-0.9211159975920538
2024-03-01,28.293028,-0.9495327472874848
2024-03-02,28.313646,-0.9290244969829189
2024-03-03,28.26569,-0.9770902466783475
2024-03-04,28.32362,-0.919269996373778
2024-03-05,28.332993,-0.9100067460692074
2024-03-06,28.316118,-0.9269914957646357
2024-03-07,28.330235,-0.9129842454600663
2024-03-08,28.264706,-0.9786229951554972
2024-03-09,28.281004,-0.9624347448509276
2024-03-10,28.242186,-1.0013624945463562
2024-03-11,28.21543,-1.0282282442417845
2024-03-12,28.28226,-0.9615079939372144
2024-03-13,28.379313,-0.8645647436326449
2024-03-14,28.490921,-0.7530664933280775
2024-03-15,28.537115,-0.7069822430235071
2024-03-16,28.525606,-0.7186009927189367
2024-03-17,28.514784,-0.7295327424143672
2024-03-18,28.623508,-0.6209184921097943
2024-03-19,28.703142,-0.5413942418052251
2024-03-20,28.77862,-0.4660259915006577
2024-03-21,28.6656,-0.5791557411960859
2024-03-22,28.700947,-0.5439184908915173
2024-03-23,28.77713,-0.46784524058694643
2024-03-24,28.795008,-0.45007699028237624
2024-03-25,28.819874,-0.4253207399778063
2024-03-26,28.935518,-0.30978648967323963
2024-03-27,29.009413,-0.2360012393686688
2024-03-28,29.054628,-0.19089598906409577
2024-03-29,29.254398,0.008764261240472138
2024-03-30,29.357262,0.111518511545043
2024-03-31,29.55166,0.3058067618496132
2024-04-01,29.599415,0.3534520121541824
2024-04-02,29.716547,0.470474262458751
2024-04-03,29.78787,0.5416875127633247
2024-04-04,29.821142,0.5748497630678919
2024-04-05,29.888796,0.6423940133724635
2024-04-06,30.124966,0.8784542636770354
2024-04-07,30.206097,0.9594755139816016
2024-04-08,30.129042,0.8823107642861707
2024-04-09,30.165503,0.918662014590744
2024-04-10,30.235043,0.9880922648953145
2024-04-11,30.444107,1.197046515199883
2024-04-12,30.434309,1.1871387655044536
2024-04-13,30.559355,1.3120750158090217
2024-04-14,30.641918,1.3945282661135927
2024-04-15,30.788996,1.5414965164181638
2024-04-16,30.880127,1.632517766722735
2024-04-17,30.899328,1.6516090170273046
2024-04-18,30.848057,1.6002282673318753
2024-04-19,30.777529,1.5295905176364428
2024-04-20,30.807014,1.558965767941011
2024-04-21,30.857746,1.6095880182455815
2024-04-22,30.903437,1.6551692685501536
2024-04-23,31.001146,1.7527685188547224
2024-04-24,31.160532,1.9120447691592943
2024-04-25,31.275934,2.027337019463861
2024-04-26,31.376778,2.1280712697684336
2024-04-27,31.426527,2.1777105200730027
2024-04-28,31.552576,2.3036497703775716
2024-04-29,31.646473,2.397437020682144
2024-04-30,31.627075,2.3779292709867157
2024-05-01,31.572834,2.3235785212912816
2024-05-02,31.591536,2.3421707715958533
2024-05-03,31.675297,2.425822021900423
2024-05-04,31.726337,2.476752272204994
2024-05-05,31.729202,2.4795075225095644
2024-05-06,31.818007,2.5682027728141357
2024-05-07,31.882513,2.6325990231187006
2024-05-08,31.868124,2.6181002734232734
2024-05-09,31.817318,2.5671845237278426
2024-05-10,31.849749,2.599505774032412
2024-05-11,31.811977,2.5616240243369823
2024-05-12,31.83001,2.5795472746415555
2024-05-13,31.743893,2.493320524946121
2024-05-14,31.754313,2.5036307752506914
2024-05-15,31.8953,2.644508025555261
2024-05-16,31.934538,2.6836362758598327
2024-05-17,31.966953,2.7159415261644035
2024-05-18,31.91452,2.66339877646897
2024-05-19,31.786531,2.535300026773541
2024-05-20,31.763098,2.511757277078111
2024-05-21,31.558878,2.307427527382682
2024-05-22,31.367414,2.115853777687253
2024-05-23,31.16908,1.9174100279918243
2024-05-24,30.92493,1.6731502782963936
2024-05-25,30.687346,1.4354565286009624
2024-05-26,30.512968,1.2609687789055322
2024-05-27,30.41654,1.1644310292101032
2024-05-28,30.38012,1.1279012795146741
2024-05-29,30.405724,1.1533955298192424
2024-05-30,30.475235,1.2227967801238115
2024-05-31,30.52205,1.2695020304283808
2024-06-01,30.381649,1.1289912807329507
2024-06-02,30.312647,1.0598795310375202
2024-06-03,30.321806,1.0689287813420911
2024-06-04,30.31215,1.059163031646662
2024-06-05,30.229174,0.9760772819512304
2024-06-06,30.169468,0.916261532255799
2024-06-07,30.120642,0.8673257825603713
2024-06-08,30.071455,0.818029032864942
2024-06-09,29.990778,0.7372422831695111
2024-06-10,29.924398,0.6707525334740829
2024-06-11,29.872969,0.6192137837786511
2024-06-12,29.837013,0.5831480340832194
2024-06-13,29.81631,0.5623352843877925
2024-06-14,29.819672,0.5655875346923622
2024-06-15,29.80996,0.5557657849969324
2024-06-16,29.851578,0.5972740353015027
2024-06-17,29.838717,0.5843032856060688
2024-06-18,29.838179,0.5836555359106406
2024-06-19,29.805094,0.5504607862152113
2024-06-20,29.786366,0.5316230365197825
2024-06-21,29.750643,0.4957902868243522
2024-06-22,29.724106,0.46914353712892165
2024-06-23,29.704842,0.44976978743348894
2024-06-24,29.66544,0.41025803773806047
2024-06-25,29.618948,0.3636562880426304
2024-06-26,29.573252,0.31785053834720145
2024-06-27,29.55459,0.29907878865177295
2024-06-28,29.588018,0.3323970389563442
2024-06-29,29.599636,0.3439052892609098
2024-06-30,29.595337,0.33949653956548076
2024-07-01,29.61496,0.3590097898700506
2024-07-02,29.638512,0.38245204017461987
2024-07-03,29.626867,0.37069729047919253
2024-07-04,29.57501,0.3187305407837613
2024-07-05,29.541842,0.28545279108832844
2024-07-06,29.519493,0.2629940413929006
2024-07-07,29.519976,0.2633672916974703
2024-07-08,29.541424,0.28470554200204035
2024-07-09,29.575415,0.31858679230661124
2024-07-10,29.637808,0.38087004261118196
2024-07-11,29.592062,0.3350142929157478
2024-07-12,29.553232,0.2960745432203211
2024-07-13,29.511162,0.2538947935248892
2024-07-14,29.450747,0.19337004382946077
2024-07-15,29.41375,0.15626329413403184
2024-07-16,29.378017,0.12042054443860195
2024-07-17,29.315947,0.058240794743170454
2024-07-18,29.250954,-0.006861954952260163
2024-07-19,29.207228,-0.05069770464768908
2024-07-20,29.187138,-0.07089745434311823
2024-07-21,29.186752,-0.0713932040385501
2024-07-22,29.197557,-0.06069795373397824
2024-07-23,29.18794,-0.07042470342940987
2024-07-24,29.169416,-0.08905845312484217
2024-07-25,29.152771,-0.10581320282026851
2024-07-26,29.128405,-0.1302889525156985
2024-07-27,29.112232,-0.14657170221112992
2024-07-28,29.101475,-0.15743845190655748
2024-07-29,29.105127,-0.15389620160199158
2024-07-30,29.127773,-0.1313599512974193
2024-07-31,29.13972,-0.11952270099284945
2024-08-01,29.165104,-0.09424845068827992
2024-08-02,29.184511,-0.07495120038370828
2024-08-03,29.204573,-0.05499895007913835
2024-08-04,29.223995,-0.03568669977457262
2024-08-05,29.19786,-0.061931449470002065
2024-08-06,29.18973,-0.07017119916542924
2024-08-07,29.240763,-0.019247948860858344
2024-08-08,29.326145,0.06602430144371141
2024-08-09,29.499052,0.23882155174828057
2024-08-10,29.542278,0.28193780205284824
2024-08-11,29.697771,0.4373210523574187
2024-08-12,29.694986,0.4344263026619899
2024-08-13,29.621017,0.36034755296655874
2024-08-14,29.643925,0.38314580327113035
2024-08-15,29.667452,0.4065630535757023
2024-08-16,29.659452,0.3984533038802702
2024-08-17,29.62713,0.36602155418484017
2024-08-18,29.580418,0.3191998044894113
2024-08-19,29.59714,0.3358120547939798
2024-08-20,29.621183,0.3597453050985493
2024-08-21,29.630594,0.3690465554031199
2024-08-22,29.508253,0.24659580570768824
2024-08-23,29.552113,0.2903460560122575
2024-08-24,29.530155,0.26827830631683014
2024-08-25,29.532087,0.27010055662140076
2024-08-26,29.467276,0.20517980692596893
2024-08-27,29.40327,0.14106405723054039
2024-08-28,29.314337,0.05202130753510659
2024-08-29,29.219688,-0.042737442160319716
2024-08-30,29.129936,-0.13259919185574986
2024-08-31,29.103712,-0.15893294155117843
2024-09-01,29.093224,-0.16953069124661013
2024-09-02,29.089886,-0.17297844094203896
2024-09-03,29.04449,-0.21848419063747215
2024-09-04,28.988205,-0.2748789403329006
2024-09-05,28.980835,-0.2823586900283317
2024-09-06,28.947298,-0.31600543972376016
2024-09-07,28.904356,-0.3590571894191896
2024-09-08,28.887339,-0.3761839391146182
2024-09-09,28.884706,-0.37892668881005065
2024-09-10,28.888166,-0.37557643850548317
2024-09-11,28.913769,-0.35008318820091233
2024-09-12,28.960428,-0.30353393789634
2024-09-13,29.016092,-0.24797968759176925
2024-09-14,29.031574,-0.23260743728720001
2024-09-15,29.063396,-0.2008951869826312
2024-09-16,29.128506,-0.13589493667805996
2024-09-17,29.178284,-0.08622668637348951
2024-09-18,29.181341,-0.08327943606892063
2024-09-19,29.140015,-0.12471518576435159
2024-09-20,29.097593,-0.16724693545977942
2024-09-21,29.10075,-0.16419968515521077
2024-09-22,29.13163,-0.1334294348506404
2024-09-23,29.098295,-0.16687418454607084
2024-09-24,29.131752,-0.13352693424150175
2024-09-25,29.196804,-0.06858468393692974
2024-09-26,29.26967,0.004171566367642043
2024-09-27,29.471363,0.20575481667220785
2024-09-28,29.679785,0.4140670669767772
2024-09-29,29.872507,0.6066793172813476
2024-09-30,29.74863,0.48269256758591794
2024-10-01,29.6254,0.359352817890489
2024-10-02,29.51126,0.24510306819506056
2024-10-03,29.47796,0.21169331849962703
2024-10-04,29.49269,0.22631356880419773
2024-10-05,29.521008,0.25452181910876703
2024-10-06,29.729204,0.46260806941333854
2024-10-07,29.656862,0.3901563197179101
2024-10-08,29.684368,0.4175525700224796
2024-10-09,29.786255,0.519329820327048
2024-10-10,29.851473,0.5844380706316166
2024-10-11,29.918022,0.6508773209361891
2024-10-12,29.878826,0.6115715712407592
2024-10-13,29.801662,0.53429782154533
2024-10-14,29.76911,0.501636071849898
2024-10-15,29.75637,0.4887863221544677
2024-10-16,29.84848,0.5807865724590364
2024-10-17,29.827784,0.5599808227636096
2024-10-18,29.948692,0.6807790730681802
2024-10-19,29.903835,0.6358123233727504
2024-10-20,29.73792,0.46978757367731916
2024-10-21,29.675049,0.4068068239818885
2024-10-22,29.585495,0.3171430742864594
2024-10-23,29.523869,0.25540732459102955
2024-10-24,29.492004,0.2234325748956003
2024-10-25,29.49273,0.2240488252001711
2024-10-26,29.503622,0.23483107550473648
2024-10-27,29.518053,0.24915232580930535
2024-10-28,29.595268,0.3262575761138784
2024-10-29,29.736906,0.46778582641844935
2024-10-30,29.813354,0.5441240767230191
2024-10-31,29.855856,0.5865163270275886
2024-11-01,29.851929,0.5824795773321547
2024-11-02,29.778877,0.5093178276367283
2024-11-03,29.716236,0.446567077941296
2024-11-04,29.714808,0.4450293282458695
2024-11-05,29.645792,0.37590357855043877
2024-11-06,29.601404,0.3314058288550079
2024-11-07,29.608881,0.33877307915957644
2024-11-08,29.547306,0.27708832946414574
2024-11-09,29.539112,0.2687845797687167
2024-11-10,29.544245,0.273807830073288
2024-11-11,29.584002,0.3134550803778602
2024-11-12,29.60298,0.3323233306824278
2024-11-13,29.622608,0.3518415809869957
2024-11-14,29.640331,0.3694548312915664
2024-11-15,29.669733,0.39874708159613803
2024-11-16,29.656301,0.38520533190070694
2024-11-17,29.628826,0.3576205822052785
2024-11-18,29.582653,0.3113378325098495
2024-11-19,29.559038,0.287613082814417
2024-11-20,29.543987,0.27245233311898787
2024-11-21,29.551092,0.2794475834235577
2024-11-22,29.534811,0.26305683372812894
2024-11-23,29.521368,0.2495040840326972
2024-11-24,29.486881,0.21490733433726916
2024-11-25,29.45241,0.18032658464183626
2024-11-26,29.38751,0.11531683494640532
2024-11-27,29.315752,0.04344908525097679
2024-11-28,29.267937,-0.004475664444452576
2024-11-29,29.222038,-0.050484414139880585
2024-11-30,29.146996,-0.12563616383530984
2024-12-01,29.136604,-0.1361379135307459
2024-12-02,29.182596,-0.09025566322617351
2024-12-03,29.220213,-0.05274841292160204
2024-12-04,29.179081,-0.09399016261703252
2024-12-05,29.180428,-0.09275291231246285
2024-12-06,29.142845,-0.1304456620078902
2024-12-07,29.089657,-0.18374341170332542
2024-12-08,29.036415,-0.2370951613987522
2024-12-09,29.024876,-0.24874391109418426
2024-12-10,29.046263,-0.22746666078961297
2024-12-11,29.041834,-0.23200541048504064
2024-12-12,29.035294,-0.23865516018047117
2024-12-13,28.979397,-0.2946619098759058
2024-12-14,28.916605,-0.3575636595713334
2024-12-15,28.866451,-0.407827409266762
2024-12-16,28.82621,-0.44817815896219315
2024-12-17,28.81921,-0.4552879086576205
2024-12-18,28.809372,-0.4652356583530519
2024-12-19,28.795103,-0.47961440804848365
2024-12-20,28.770535,-0.5042921577439152
2024-12-21,28.738972,-0.5359649074393431
2024-12-22,28.75489,-0.5201566571347733
2024-12-23,28.723753,-0.5514034068302038
2024-12-24,28.699501,-0.5757651565256303
2024-12-25,28.70894,-0.5664359062210664
2024-12-26,28.664383,-0.6111026559164934
2024-12-27,28.651665,-0.6239304056119224
2024-12-28,28.654448,-0.6212571553073545
2024-12-29,28.65181,-0.6240049050027814
2024-12-30,28.637009,-0.6389156546982129
2024-12-31,28.611391,-0.6646434043936438
2025-01-01,28.56071,-0.7154341540890741
2025-01-02,28.517584,-0.7586699037845044
2025-01-03,28.46099,-0.8153736534799343
2025-01-04,28.439161,-0.837312403175364
2025-01-05,28.41921,-0.8573731528707924
2025-01-06,28.422052,-0.8546409025662243
2025-01-07,28.421192,-0.8556106522616531
2025-01-08,28.375452,-0.9014604019570847
2025-01-09,28.332258,-0.9447641516525138
2025-01-10,28.303305,-0.973826901347941
2025-01-11,28.296562,-0.9806796510433706
2025-01-12,28.285645,-0.9917064007388063
2025-01-13,28.2759,-1.0015611504342345
2025-01-14,28.241228,-1.0363429001296645
2025-01-15,28.190748,-1.0869326498250942
2025-01-16,28.159212,-1.1185783995205227
2025-01-17,28.140007,-1.1378931492159516
2025-01-18,28.149164,-1.1288458989113863
2025-01-19,28.111294,-1.1668256486068138
2025-01-20,28.092049,-1.1861803983022448
2025-01-21,28.05962,-1.2187191479976747
2025-01-22,28.021593,-1.2568558976931037
2025-01-23,27.987265,-1.2912936473885317
2025-01-24,27.997324,-1.2813443970839664
2025-01-25,27.9668,-1.3119781467793956
2025-01-26,27.957468,-1.3214198964748256
2025-01-27,27.94078,-1.3382176461702535
2025-01-28,27.943184,-1.3359233958656844
2025-01-29,27.990944,-1.2882731455611136
2025-01-30,28.068678,-1.210648895256547
2025-01-31,28.13447,-1.1449666449519746
2025-02-01,28.050196,-1.2293503946474047
2025-02-02,28.024605,-1.2550511443428327
2025-02-03,27.958118,-1.3216478940382643
2025-02-04,27.992737,-1.287138643733691
2025-02-05,28.051155,-1.2288303934291243
2025-02-06,28.019817,-1.2602781431245553
2025-02-07,27.97283,-1.3073748928199862
2025-02-08,27.961908,-1.3184066425154128
2025-02-09,27.94447,-1.3359543922108443
2025-02-10,27.984884,-1.2956501419062718
2025-02-11,28.025013,-1.2556308916017045
2025-02-12,28.004326,-1.2764276412971363
2025-02-13,28.028856,-1.2520073909925635
2025-02-14,28.109158,-1.1718151406879933
2025-02-15,28.064013,-1.2170698903834243
2025-02-16,28.061375,-1.2198176400788512
2025-02-17,28.041273,-1.2400293897742856
2025-02-18,28.148207,-1.133205139469716
2025-02-19,28.109413,-1.1721088891651448
2025-02-20,28.178404,-1.1032276388605737
2025-02-21,28.201757,-1.079984388556003
2025-02-22,28.294977,-0.9868741382514337
2025-02-23,28.35985,-0.9221108879468645
2025-02-24,28.329214,-0.9528566376422951
2025-02-25,28.341745,-0.9404353873377254
2025-02-26,28.35944,-0.922850137033155
2025-02-27,28.433365,-0.8490348867285853
2025-02-28,28.492893,-0.7896166364240145
2025-03-01,28.590853,-0.691766386119447
2025-03-02,28.703648,-0.5790811358148744
2025-03-03,28.777512,-0.5053268855103035
2025-03-04,28.798332,-0.48461663520573595
2025-03-05,28.800268,-0.48279038490116477
2025-03-06,28.878252,-0.4049161345965935
2025-03-07,28.864325,-0.4189528842920254
2025-03-08,28.753313,-0.5300746339874571
2025-03-09,28.78427,-0.4992273836828858
2025-03-10,28.92417,-0.3594371333783144
2025-03-11,29.136793,-0.14692388307374316
2025-03-12,29.177343,-0.10648363276917294
2025-03-13,29.171505,-0.1124313824646066
2025-03-14,29.253687,-0.030359132160036495
2025-03-15,29.239265,-0.044890881855465636
2025-03-16,29.351154,0.0668883684491064
2025-03-17,29.399204,0.11482861875367689
2025-03-18,29.417389,0.13290386905824647
2025-03-19,29.321264,0.03666911936281281
2025-03-20,29.34578,0.06107536966738536
2025-03-21,29.352768,0.0679536199719557
2025-03-22,29.364235,0.07931087027652595
2025-03-23,29.41952,0.13448612058109433
2025-03-24,29.450714,0.16557037088566418
2025-03-25,29.493576,0.20832262119023426
2025-03-26,29.507732,0.22236887149480467
2025-03-27,29.503166,0.21769312179937472
2025-03-28,29.534168,0.24858537210394616
2025-03-29,29.65622,0.3705276224085168
2025-03-30,29.646894,0.36109187271308585
2025-03-31,29.680267,0.39435512301765385
2025-04-01,29.730413,0.44439137332222245
2025-04-02,29.722136,0.4360046236267934
2025-04-03,29.670471,0.3842298739313641
2025-04-04,29.656513,0.37016212423593586
2025-04-05,29.74754,0.4610793745405033
2025-04-06,29.594337,0.30776662484507256
2025-04-07,29.556505,0.26982487514964504
2025-04-08,29.501186,0.21439612545421483
2025-04-09,29.52225,0.23535037575878448
2025-04-10,29.487911,0.20090162606335582
2025-04-11,29.419498,0.13237887636792323
2025-04-12,29.534803,0.24757412667249312
2025-04-13,29.769114,0.48177537697706185
2025-04-14,29.908169,0.620720627281635
2025-04-15,29.870972,0.583413877586203
2025-04-16,29.845884,0.5582161278907769
2025-04-17,29.935495,0.6477173781953418
2025-04-18,29.959297,0.6714096284999123
2025-04-19,30.126928,0.8389308788044829
2025-04-20,30.143106,0.8549991291090535
2025-04-21,30.30044,1.0122233794136228
2025-04-22,30.442442,1.154115629718195
2025-04-23,30.551968,1.2635318800227608
2025-04-24,30.518595,1.230049130327334
2025-04-25,30.61559,1.3269343806319043
2025-04-26,30.657734,1.3689686309364753
2025-04-27,30.629883,1.341007881241044
2025-04-28,30.625397,1.3364121315456146
2025-04-29,30.528324,1.2392293818501834
2025-04-30,30.384895,1.0956906321547528
2025-05-01,30.451326,1.1620118824593249
2025-05-02,30.540901,1.2514771327638954
2025-05-03,30.602026,1.312492383068463
2025-05-04,30.676477,1.3868336333730333
2025-05-05,30.730309,1.4405558836776002
2025-05-06,30.65842,1.368557133982172
2025-05-07,30.760471,1.470498384286742
2025-05-08,30.717192,1.4271096345913143
2025-05-09,30.879364,1.5891718848958831
2025-05-10,30.802498,1.5121961352004547
2025-05-11,30.812666,1.522254385505022
2025-05-12,30.793951,1.5034296358095922
2025-05-13,30.800737,1.5101058861141645
2025-05-14,30.88488,1.5941391364187325
2025-05-15,30.839815,1.5489643867233056
2025-05-16,30.666603,1.3756426370278731
2025-05-17,30.673004,1.3819338873324405
2025-05-18,30.657484,1.3663041376370124
2025-05-19,30.613445,1.3221553879415815
2025-05-20,30.62128,1.329880638246152
2025-05-21,30.594698,1.303188888550725
2025-05-22,30.61459,1.3229711388552943
2025-05-23,30.573677,1.2819483891598615
2025-05-24,30.457705,1.1658666394644328
2025-05-25,30.31621,1.0242618897690043
2025-05-26,30.223007,0.9309491400735723
2025-05-27,30.113571,0.8214033903781441
2025-05-28,30.03318,0.7409026406827159
2025-05-29,29.9786,0.6862128909872816
2025-05-30,29.935486,0.6429891412918529
2025-05-31,29.909674,0.6170673915964215
2025-06-01,29.896294,0.6035776419009942
2025-06-02,29.90456,0.6117338922055637
2025-06-03,29.946611,0.653675142510135
2025-06-04,30.016415,0.7233693928146998
2025-06-05,30.0861,0.7929446431192702
2025-06-06,30.059496,0.7662308934238418
2025-06-07,30.039827,0.746452143728412
2025-06-08,29.978329,0.6848443940329823
2025-06-09,29.930628,0.6370336443375528
2025-06-10,29.909346,0.6156418946421205
2025-06-11,29.896954,0.6031401449466927
2025-06-12,29.868134,0.5742103952512636
2025-06-13,29.806095,0.512061645555832
2025-06-14,29.74734,0.4531968958604047
2025-06-15,29.693325,0.39907214616497555
2025-06-16,29.652302,0.35793939646953987
2025-06-17,29.619179,0.32470664677411065
2025-06-18,29.611984,0.3174018970786818
2025-06-19,29.599752,0.3050601473832515
2025-06-20,29.600159,0.30535739768782477
2025-06-21,29.557413,0.2625016479923943
2025-06-22,29.498428,0.20340689829696146
2025-06-23,29.455534,0.1604031486015316
2025-06-24,29.41601,0.12076939890610205
2025-06-25,29.416775,0.12142464921067386
2025-06-26,29.420544,0.1250838995152428
2025-06-27,29.41746,0.12189014981981217
2025-06-28,29.38425,0.08857040012438233
2025-06-29,29.354553,0.0587636504289506
2025-06-30,29.34781,0.051910900733521004
2025-07-01,29.356321,0.06031215103809373
2025-07-02,29.371885,0.075766401342662
2025-07-03,29.38058,0.08435165164723202
2025-07-04,29.392754,0.09641590195180072
2025-07-05,29.384644,0.08819615225637278
2025-07-06,29.39892,0.1023624025609422
2025-07-07,29.412195,0.11552765286551292
2025-07-08,29.456598,0.15982090317008257
2025-07-09,29.449936,0.15304915347465453
2025-07-10,29.478336,0.1813394037792193
2025-07-11,29.50364,0.20653365408379187
2025-07-12,29.504795,0.20757890438836313
2025-07-13,29.503817,0.20649115469293378
2025-07-14,29.565866,0.2684304049975026
2025-07-15,29.539522,0.24197665530207502
2025-07-16,29.541544,0.24388890560663867
2025-07-17,29.519354,0.22158915591121087
2025-07-18,29.443958,0.1460834062157801
2025-07-19,29.413721,0.11573665652035103
2025-07-20,29.357412,0.05931790682492277
2025-07-21,29.313759,0.01555515712949429
2025-07-22,29.297668,-0.0006455925659381023
2025-07-23,29.262434,-0.03598934226137018
2025-07-24,29.207441,-0.09109209195679924
2025-07-25,29.184929,-0.11371384165222764
2025-07-26,29.184381,-0.11437159134765906
2025-07-27,29.177448,-0.12141434104308857
2025-07-28,29.179728,-0.11924409073851905
2025-07-29,29.220148,-0.07893384043395102
2025-07-30,29.266527,-0.03266459012937872
2025-07-31,29.332415,0.033113660175192905
2025-08-01,29.482714,0.18330291047976388
2025-08-02,29.623129,0.32360816078433174
2025-08-03,29.502094,0.20246341108889965
2025-08-04,29.568508,0.26876766139347197
2025-08-05,29.58457,0.28471991169804056
2025-08-06,29.645088,0.345128162002613
2025-08-07,29.62608,0.3260104123071841
2025-08-08,29.609142,0.3089626626117479
2025-08-09,29.56607,0.2657809129163198
2025-08-10,29.550247,0.24984816322088932
2025-08-11,29.49332,0.19281141352546172
2025-08-12,29.396025,0.09540666383003327
2025-08-13,29.35044,0.04971191413460119
2025-08-14,29.319159,0.018321164439171866
2025-08-15,29.26372,-0.03722758525626091
2025-08-16,29.19929,-0.10176733495168833
2025-08-17,29.13615,-0.1650170846471184
2025-08-18,29.085627,-0.2156498343425497
2025-08-19,29.066492,-0.2348945840379777
2025-08-20,29.119026,-0.18247033373340926
2025-08-21,29.162592,-0.13901408342884025
2025-08-22,29.107845,-0.19387083312426867
2025-08-23,29.062462,-0.23936358281969916
2025-08-24,29.06845,-0.23348533251513004
2025-08-25,29.063175,-0.23887008221055694
2025-08-26,29.035236,-0.2669188319059863
2025-08-27,29.044537,-0.2577275816014222
2025-08-28,29.089325,-0.2130493312968511
2025-08-29,29.113873,-0.18861108099227764
2025-08-30,29.11901,-0.18358383068770934
2025-08-31,29.061737,-0.24096658038313734
2025-09-01,28.99917,-0.3036433300785717
2025-09-02,28.938261,-0.3646620797739999
2025-09-03,28.956842,-0.34619082946942825
2025-09-04,28.97388,-0.32926257916485824
2025-09-05,29.017746,-0.2855063288602899
2025-09-06,29.069378,-0.2339840785557179
2025-09-07,29.156387,-0.14708482825115254
2025-09-08,29.195038,-0.10854357794658043
2025-09-09,29.196333,-0.10735832764201092
2025-09-10,29.142382,-0.1614190773374382
2025-09-11,29.047039,-0.2568718270328674
2025-09-12,29.134233,-0.16978757672830014
2025-09-13,29.227095,-0.0770353264237329
2025-09-14,29.364563,0.060322923880839596
2025-09-15,29.395235,0.09088517418540931
2025-09-16,29.300528,-0.003931575510019769
2025-09-17,29.263191,-0.04137832520545004
2025-09-18,29.222054,-0.08262507490087856
2025-09-19,29.105116,-0.19967282459631264
2025-09-20,29.043585,-0.26131357429174074
2025-09-21,29.036152,-0.2688563239871691
2025-09-22,29.04597,-0.2591480736825993
2025-09-23,29.026424,-0.27880382337803056
2025-09-24,28.988464,-0.3168735730734582
2025-09-25,28.935732,-0.3697153227688901
2025-09-26,28.889986,-0.4155710724643207
2025-09-27,28.86484,-0.44082682215974955
2025-09-28,28.84187,-0.4639065718551798
2025-09-29,28.776213,-0.5296733215506109
2025-09-30,28.679821,-0.6261750712460383
2025-10-01,28.668074,-0.638031820941471
2025-10-02,28.747587,-0.5586285706369019
2025-10-03,28.998556,-0.30776932033232995
2025-10-04,29.140823,-0.16561207002775902
2025-10-05,29.057337,-0.24920781972318906
2025-10-06,29.051239,-0.25541556941862
2025-10-07,29.098907,-0.20785731911405136
2025-10-08,29.093431,-0.21344306880948238
2025-10-09,29.11956,-0.18742381850491086
2025-10-10,29.184296,-0.12279756820034038
2025-10-11,29.298653,-0.00855031789576799
2025-10-12,29.557936,0.2506229324088025
2025-10-13,29.607225,0.29980218271336767
2025-10-14,29.444603,0.1370704330179393
2025-10-15,29.540812,0.2331696833225081
2025-10-16,29.547487,0.23973493362707998
2025-10-17,29.611704,0.30384218393164986
2025-10-18,29.566805,0.2588334342362195
2025-10-19,29.585293,0.27721168454078793
2025-10-20,29.510681,0.20248993484536015
2025-10-21,29.495726,0.18742518514993023
2025-10-22,29.47453,0.16611943545450103
2025-10-23,29.491383,0.18286268575906917
2025-10-24,29.378405,0.06977493606364149
2025-10-25,29.276747,-0.03199281363179196
2025-10-26,29.173399,-0.13545056332722183
2025-10-27,29.10432,-0.20463931302264982
2025-10-28,29.13423,-0.1748390627180818
2025-10-29,29.241901,-0.06727781241351138
2025-10-30,29.34799,0.03870143789105995
2025-10-31,29.281069,-0.028329311804373702
2025-11-01,29.1934,-0.11610806149980135
2025-11-02,29.137337,-0.17228081119523253
2025-11-03,29.113836,-0.1958915608906615
2025-11-04,29.134485,-0.17535231058608858
2025-11-05,29.259182,-0.05076506028152039
2025-11-06,29.235619,-0.0744378099769527
2025-11-07,29.165808,-0.14435855967238354
2025-11-08,29.244217,-0.06605930936781235
2025-11-09,29.34468,0.034293940936759526
2025-11-10,29.3325,0.02200419124132935
2025-11-11,29.344429,0.033823441545902
2025-11-12,29.250381,-0.06033430814953178
2025-11-13,29.205359,-0.10546605784496066
2025-11-14,29.20419,-0.10674480754039095
2025-11-15,29.18452,-0.1265245572358218
2025-11-16,29.148539,-0.1626153069312508
2025-11-17,29.130335,-0.18092905662668102
2025-11-18,29.12732,-0.18405380632211177
2025-11-19,29.135891,-0.1755925560175413
2025-11-20,29.079885,-0.23170830571297074
2025-11-21,29.06947,-0.242233055408402
2025-11-22,29.070564,-0.2412488051038295
2025-11-23,29.054863,-0.2570595547992589
2025-11-24,29.032394,-0.27963830449469285
2025-11-25,28.991728,-0.3204140541901239
2025-11-26,28.945803,-0.36644880388555023
2025-11-27,28.876852,-0.43550955358098165
2025-11-28,28.817091,-0.49538030327640925
2025-11-29,28.77743,-0.5351510529718411
2025-11-30,28.74054,-0.5721508026672737
2025-12-01,28.772621,-0.5401795523627015
2025-12-02,28.761127,-0.5517833020581335
2025-12-03,28.736113,-0.5769070517535617
2025-12-04,28.674088,-0.6390418014489896
2025-12-05,28.663866,-0.6493735511444214
2025-12-06,28.654272,-0.6590773008398543
2025-12-07,28.64382,-0.6696390505352809
2025-12-08,28.623892,-0.6896768002307105
2025-12-09,28.601915,-0.7117635499261397
2025-12-10,28.566648,-0.7471402996215701
2025-12-11,28.519865,-0.7940330493170009
2025-12-12,28.49414,-0.8198677990124317
2025-12-13,28.470335,-0.8437825487078641
2025-12-14,28.467957,-0.8462702984032937
2025-12-15,28.49769,-0.8166470480987229
2025-12-16,28.510561,-0.8038857977941518
2025-12-17,28.492365,-0.8221915474895809
2025-12-18,28.4492,-0.8654662971850122
2025-12-19,28.41771,-0.8970660468804432
2025-12-20,28.380722,-0.9341637965758736
2025-12-21,28.331827,-0.9831685462713011
2025-12-22,28.27833,-1.0367752959667307
2025-12-23,28.214691,-1.100524045662162
2025-12-24,28.164537,-1.1507877953575942
2025-12-25,28.117292,-1.1981425450530239
2025-12-26,28.086004,-1.2295402947484533
2025-12-27,28.078077,-1.2375770444438814
2025-12-28,28.075747,-1.2400167941393114
2025-12-29,28.089691,-1.2261825438347422
2025-12-30,28.088285,-1.2276982935301746
2025-12-31,28.082926,-1.2331670432256026
