Date,WindSpeed
2006-01-01 12:00:00,5.7996173
2006-01-02 12:00:00,5.171633
2006-01-03 12:00:00,5.37393
2006-01-04 12:00:00,5.784164
2006-01-05 12:00:00,5.269348
2006-01-06 12:00:00,5.1566744
2006-01-07 12:00:00,5.5837865
2006-01-08 12:00:00,5.629067
2006-01-09 12:00:00,5.8681793
2006-01-10 12:00:00,6.673619
2006-01-11 12:00:00,5.5304227
2006-01-12 12:00:00,5.0796866
2006-01-13 12:00:00,4.138717
2006-01-14 12:00:00,3.9785862
2006-01-15 12:00:00,4.9229507
2006-01-16 12:00:00,3.828656
2006-01-17 12:00:00,4.317884
2006-01-18 12:00:00,4.881844
2006-01-19 12:00:00,3.2871838
2006-01-20 12:00:00,3.5836203
2006-01-21 12:00:00,4.746314
2006-01-22 12:00:00,5.07061
2006-01-23 12:00:00,4.213609
2006-01-24 12:00:00,3.9330683
2006-01-25 12:00:00,5.8375225
2006-01-26 12:00:00,6.634893
2006-01-27 12:00:00,5.937582
2006-01-28 12:00:00,6.102261
2006-01-29 12:00:00,4.934125
2006-01-30 12:00:00,4.640704
2006-01-31 12:00:00,5.6455517
2006-02-01 12:00:00,5.2062163
2006-02-02 12:00:00,5.7758617
2006-02-03 12:00:00,5.8201566
2006-02-04 12:00:00,5.74173
2006-02-05 12:00:00,5.2707367
2006-02-06 12:00:00,5.6601033
2006-02-07 12:00:00,4.689168
2006-02-08 12:00:00,5.251143
2006-02-09 12:00:00,4.9435086
2006-02-10 12:00:00,5.2879395
2006-02-11 12:00:00,5.6250806
2006-02-12 12:00:00,5.660631
2006-02-13 12:00:00,5.5051312
2006-02-14 12:00:00,4.0226564
2006-02-15 12:00:00,3.90714
2006-02-16 12:00:00,2.815049
2006-02-17 12:00:00,3.15019
2006-02-18 12:00:00,3.7881873
2006-02-19 12:00:00,3.7297623
2006-02-20 12:00:00,4.2842503
2006-02-21 12:00:00,3.9138439
2006-02-22 12:00:00,4.3342004
2006-02-23 12:00:00,5.0877934
2006-02-24 12:00:00,4.024169
2006-02-25 12:00:00,3.8119202
2006-02-26 12:00:00,3.487858
2006-02-27 12:00:00,2.702987
2006-02-28 12:00:00,3.6687174
2006-03-01 12:00:00,3.7859287
2006-03-02 12:00:00,3.8779483
2006-03-03 12:00:00,3.8460934
2006-03-04 12:00:00,2.6095538
2006-03-05 12:00:00,3.4804933
2006-03-06 12:00:00,2.938409
2006-03-07 12:00:00,3.8972502
2006-03-08 12:00:00,3.912067
2006-03-09 12:00:00,3.5392413
2006-03-10 12:00:00,2.4922557
2006-03-11 12:00:00,3.116578
2006-03-12 12:00:00,2.9854627
2006-03-13 12:00:00,3.2414515
2006-03-14 12:00:00,3.2520773
2006-03-15 12:00:00,3.1685476
2006-03-16 12:00:00,4.169508
2006-03-17 12:00:00,3.5729542
2006-03-18 12:00:00,6.0234866
2006-03-19 12:00:00,5.2733035
2006-03-20 12:00:00,4.2971253
2006-03-21 12:00:00,3.7160485
2006-03-22 12:00:00,2.4399488
2006-03-23 12:00:00,2.0694857
2006-03-24 12:00:00,3.184933
2006-03-25 12:00:00,2.981243
2006-03-26 12:00:00,2.5077686
2006-03-27 12:00:00,2.3188593
2006-03-28 12:00:00,2.1818297
2006-03-29 12:00:00,2.4553921
2006-03-30 12:00:00,2.4237907
2006-03-31 12:00:00,2.1760724
2006-04-01 12:00:00,2.2533443
2006-04-02 12:00:00,2.6643732
2006-04-03 12:00:00,2.619106
2006-04-04 12:00:00,3.1586905
2006-04-05 12:00:00,3.2492135
2006-04-06 12:00:00,3.097389
2006-04-07 12:00:00,2.6582427
2006-04-08 12:00:00,2.477981
2006-04-09 12:00:00,3.1158514
2006-04-10 12:00:00,3.0708957
2006-04-11 12:00:00,2.8762276
2006-04-12 12:00:00,2.7093227
2006-04-13 12:00:00,2.6252718
2006-04-14 12:00:00,2.299583
2006-04-15 12:00:00,1.7909516
2006-04-16 12:00:00,3.1757705
2006-04-17 12:00:00,1.912087
2006-04-18 12:00:00,2.5344362
2006-04-19 12:00:00,2.067708
2006-04-20 12:00:00,3.0816834
2006-04-21 12:00:00,2.584242
2006-04-22 12:00:00,2.0896723
2006-04-23 12:00:00,2.8483717
2006-04-24 12:00:00,4.212354
2006-04-25 12:00:00,5.792224
2006-04-26 12:00:00,7.208345
2006-04-27 12:00:00,7.7198143
2006-04-28 12:00:00,7.6684213
2006-04-29 12:00:00,6.353198
2006-04-30 12:00:00,5.268506
2006-05-01 12:00:00,3.8978572
2006-05-02 12:00:00,3.3858912
2006-05-03 12:00:00,3.1419408
2006-05-04 12:00:00,3.2776866
2006-05-05 12:00:00,3.3507702
2006-05-06 12:00:00,3.669383
2006-05-07 12:00:00,3.9058342
2006-05-08 12:00:00,3.53982
2006-05-09 12:00:00,3.663133
2006-05-10 12:00:00,3.8831604
2006-05-11 12:00:00,3.860858
2006-05-12 12:00:00,3.8442621
2006-05-13 12:00:00,3.7731624
2006-05-14 12:00:00,4.340954
2006-05-15 12:00:00,5.0910735
2006-05-16 12:00:00,5.6583986
2006-05-17 12:00:00,6.2804384
2006-05-18 12:00:00,7.157063
2006-05-19 12:00:00,7.609227
2006-05-20 12:00:00,8.476174
2006-05-21 12:00:00,8.160403
2006-05-22 12:00:00,7.6013365
2006-05-23 12:00:00,8.19979
2006-05-24 12:00:00,7.2007995
2006-05-25 12:00:00,6.912727
2006-05-26 12:00:00,6.756528
2006-05-27 12:00:00,6.843818
2006-05-28 12:00:00,6.9652443
2006-05-29 12:00:00,7.596159
2006-05-30 12:00:00,7.740551
2006-05-31 12:00:00,7.04809
2006-06-01 12:00:00,5.4321513
2006-06-02 12:00:00,6.6590214
2006-06-03 12:00:00,6.296496
2006-06-04 12:00:00,7.048351
2006-06-05 12:00:00,7.661044
2006-06-06 12:00:00,6.0794697
2006-06-07 12:00:00,6.123619
2006-06-08 12:00:00,6.4079647
2006-06-09 12:00:00,7.3292766
2006-06-10 12:00:00,6.9992757
2006-06-11 12:00:00,6.707397
2006-06-12 12:00:00,6.113094
2006-06-13 12:00:00,5.9968023
2006-06-14 12:00:00,5.6364655
2006-06-15 12:00:00,5.487518
2006-06-16 12:00:00,5.5321007
2006-06-17 12:00:00,4.9461718
2006-06-18 12:00:00,5.364552
2006-06-19 12:00:00,5.2517567
2006-06-20 12:00:00,6.979663
2006-06-21 12:00:00,6.9097652
2006-06-22 12:00:00,5.6139746
2006-06-23 12:00:00,5.7498484
2006-06-24 12:00:00,5.0481424
2006-06-25 12:00:00,4.854432
2006-06-26 12:00:00,5.65731
2006-06-27 12:00:00,7.3024035
2006-06-28 12:00:00,8.432716
2006-06-29 12:00:00,8.553341
2006-06-30 12:00:00,8.656053
2006-07-01 12:00:00,9.541098
2006-07-02 12:00:00,9.788637
2006-07-03 12:00:00,8.982325
2006-07-04 12:00:00,8.682704
2006-07-05 12:00:00,7.266518
2006-07-06 12:00:00,6.750577
2006-07-07 12:00:00,7.066283
2006-07-08 12:00:00,6.5516286
2006-07-09 12:00:00,6.709665
2006-07-10 12:00:00,6.736289
2006-07-11 12:00:00,6.8585625
2006-07-12 12:00:00,7.434687
2006-07-13 12:00:00,8.223744
2006-07-14 12:00:00,8.710978
2006-07-15 12:00:00,8.788702
2006-07-16 12:00:00,9.069113
2006-07-17 12:00:00,8.316711
2006-07-18 12:00:00,7.567108
2006-07-19 12:00:00,6.382932
2006-07-20 12:00:00,6.262778
2006-07-21 12:00:00,5.8898835
2006-07-22 12:00:00,5.206706
2006-07-23 12:00:00,5.019698
2006-07-24 12:00:00,5.4661617
2006-07-25 12:00:00,7.195723
2006-07-26 12:00:00,7.8204446
2006-07-27 12:00:00,8.091786
2006-07-28 12:00:00,8.787341
2006-07-29 12:00:00,7.8247294
2006-07-30 12:00:00,7.414435
2006-07-31 12:00:00,7.088171
2006-08-01 12:00:00,7.8617506
2006-08-02 12:00:00,7.910845
2006-08-03 12:00:00,7.941935
2006-08-04 12:00:00,7.0616784
2006-08-05 12:00:00,6.1183767
2006-08-06 12:00:00,6.0331135
2006-08-07 12:00:00,7.5782948
2006-08-08 12:00:00,8.818548
2006-08-09 12:00:00,9.3862095
2006-08-10 12:00:00,9.889727
2006-08-11 12:00:00,9.454689
2006-08-12 12:00:00,9.178892
2006-08-13 12:00:00,9.200729
2006-08-14 12:00:00,9.12005
2006-08-15 12:00:00,9.215101
2006-08-16 12:00:00,8.879818
2006-08-17 12:00:00,7.0989785
2006-08-18 12:00:00,5.962198
2006-08-19 12:00:00,5.498495
2006-08-20 12:00:00,5.9881043
2006-08-21 12:00:00,6.596908
2006-08-22 12:00:00,6.319304
2006-08-23 12:00:00,5.8184676
2006-08-24 12:00:00,5.735311
2006-08-25 12:00:00,6.827383
2006-08-26 12:00:00,7.532851
2006-08-27 12:00:00,7.8376718
2006-08-28 12:00:00,7.517368
2006-08-29 12:00:00,6.9359155
2006-08-30 12:00:00,5.300116
2006-08-31 12:00:00,6.0609202
2006-09-01 12:00:00,5.768063
2006-09-02 12:00:00,5.671844
2006-09-03 12:00:00,4.9903493
2006-09-04 12:00:00,6.3772616
2006-09-05 12:00:00,4.679559
2006-09-06 12:00:00,4.484094
2006-09-07 12:00:00,3.9945872
2006-09-08 12:00:00,4.3530636
2006-09-09 12:00:00,4.690405
2006-09-10 12:00:00,5.285238
2006-09-11 12:00:00,5.6517773
2006-09-12 12:00:00,5.7785406
2006-09-13 12:00:00,5.95838
2006-09-14 12:00:00,6.9584317
2006-09-15 12:00:00,8.429544
2006-09-16 12:00:00,7.7156787
2006-09-17 12:00:00,7.153207
2006-09-18 12:00:00,7.1636186
2006-09-19 12:00:00,7.3451476
2006-09-20 12:00:00,6.3755913
2006-09-21 12:00:00,6.075308
2006-09-22 12:00:00,5.8340807
2006-09-23 12:00:00,5.5504255
2006-09-24 12:00:00,6.33815
2006-09-25 12:00:00,7.0717535
2006-09-26 12:00:00,6.995404
2006-09-27 12:00:00,6.483502
2006-09-28 12:00:00,6.762329
2006-09-29 12:00:00,6.907541
2006-09-30 12:00:00,6.012843
2006-10-01 12:00:00,5.9000955
2006-10-02 12:00:00,5.442552
2006-10-03 12:00:00,6.136211
2006-10-04 12:00:00,6.9498844
2006-10-05 12:00:00,7.2423573
2006-10-06 12:00:00,7.6962
2006-10-07 12:00:00,7.041883
2006-10-08 12:00:00,6.2897525
2006-10-09 12:00:00,5.1633167
2006-10-10 12:00:00,4.791399
2006-10-11 12:00:00,3.6362498
2006-10-12 12:00:00,1.7716414
2006-10-13 12:00:00,1.725775
2006-10-14 12:00:00,1.8883057
2006-10-15 12:00:00,2.8924582
2006-10-16 12:00:00,2.618685
2006-10-17 12:00:00,2.4481874
2006-10-18 12:00:00,2.859337
2006-10-19 12:00:00,2.8232982
2006-10-20 12:00:00,4.3364024
2006-10-21 12:00:00,3.6049573
2006-10-22 12:00:00,4.4804196
2006-10-23 12:00:00,4.468113
2006-10-24 12:00:00,4.119959
2006-10-25 12:00:00,4.9888973
2006-10-26 12:00:00,4.129934
2006-10-27 12:00:00,4.136579
2006-10-28 12:00:00,4.3763366
2006-10-29 12:00:00,3.908391
2006-10-30 12:00:00,3.8294857
2006-10-31 12:00:00,3.1513553
2006-11-01 12:00:00,3.1540577
2006-11-02 12:00:00,4.0870457
2006-11-03 12:00:00,4.2508717
2006-11-04 12:00:00,3.5160677
2006-11-05 12:00:00,3.1351833
2006-11-06 12:00:00,3.399986
2006-11-07 12:00:00,3.3657234
2006-11-08 12:00:00,4.429559
2006-11-09 12:00:00,3.4437387
2006-11-10 12:00:00,3.8213518
2006-11-11 12:00:00,3.5010297
2006-11-12 12:00:00,4.4031153
2006-11-13 12:00:00,4.423211
2006-11-14 12:00:00,4.7642922
2006-11-15 12:00:00,5.499433
2006-11-16 12:00:00,4.5787625
2006-11-17 12:00:00,4.9955797
2006-11-18 12:00:00,4.554553
2006-11-19 12:00:00,4.6621833
2006-11-20 12:00:00,4.0932474
2006-11-21 12:00:00,3.6870968
2006-11-22 12:00:00,3.3013685
2006-11-23 12:00:00,4.2322006
2006-11-24 12:00:00,4.262509
2006-11-25 12:00:00,4.09789
2006-11-26 12:00:00,5.308557
2006-11-27 12:00:00,4.923555
2006-11-28 12:00:00,5.8406343
2006-11-29 12:00:00,7.1103497
2006-11-30 12:00:00,5.7671423
2006-12-01 12:00:00,5.939351
2006-12-02 12:00:00,6.0601883
2006-12-03 12:00:00,5.652657
2006-12-04 12:00:00,6.5662932
2006-12-05 12:00:00,6.613329
2006-12-06 12:00:00,6.2385817
2006-12-07 12:00:00,6.039327
2006-12-08 12:00:00,5.3192368
2006-12-09 12:00:00,5.444994
2006-12-10 12:00:00,5.4114327
2006-12-11 12:00:00,5.4226646
2006-12-12 12:00:00,5.54862
2006-12-13 12:00:00,5.616642
2006-12-14 12:00:00,6.421382
2006-12-15 12:00:00,6.170024
2006-12-16 12:00:00,7.118103
2006-12-17 12:00:00,6.477915
2006-12-18 12:00:00,6.3920627
2006-12-19 12:00:00,7.047906
2006-12-20 12:00:00,7.3351316
2006-12-21 12:00:00,7.4744973
2006-12-22 12:00:00,7.169505
2006-12-23 12:00:00,7.1024365
2006-12-24 12:00:00,6.4009876
2006-12-25 12:00:00,5.7079906
2006-12-26 12:00:00,5.2958574
2006-12-27 12:00:00,5.4037266
2006-12-28 12:00:00,5.39925
2006-12-29 12:00:00,5.598934
2006-12-30 12:00:00,5.2000556
2006-12-31 12:00:00,5.2819524
2007-01-01 12:00:00,4.5525775
2007-01-02 12:00:00,4.9009776
2007-01-03 12:00:00,4.4785733
2007-01-04 12:00:00,4.88107
2007-01-05 12:00:00,5.766723
2007-01-06 12:00:00,5.789019
2007-01-07 12:00:00,6.4397426
2007-01-08 12:00:00,7.138079
2007-01-09 12:00:00,6.9178157
2007-01-10 12:00:00,6.0302796
2007-01-11 12:00:00,6.3577304
2007-01-12 12:00:00,6.0142207
2007-01-13 12:00:00,5.593472
2007-01-14 12:00:00,5.009363
2007-01-15 12:00:00,5.9758816
2007-01-16 12:00:00,5.608607
2007-01-17 12:00:00,5.0342226
2007-01-18 12:00:00,5.840805
2007-01-19 12:00:00,6.2293954
2007-01-20 12:00:00,6.2197104
2007-01-21 12:00:00,5.331559
2007-01-22 12:00:00,5.7004046
2007-01-23 12:00:00,6.013089
2007-01-24 12:00:00,5.9225435
2007-01-25 12:00:00,5.5825257
2007-01-26 12:00:00,5.2085156
2007-01-27 12:00:00,5.6219854
2007-01-28 12:00:00,6.563551
2007-01-29 12:00:00,6.111962
2007-01-30 12:00:00,6.044466
2007-01-31 12:00:00,5.762937
2007-02-01 12:00:00,5.552078
2007-02-02 12:00:00,5.917007
2007-02-03 12:00:00,5.6758685
2007-02-04 12:00:00,4.2348113
2007-02-05 12:00:00,4.469866
2007-02-06 12:00:00,3.965928
2007-02-07 12:00:00,4.951553
2007-02-08 12:00:00,4.5628376
2007-02-09 12:00:00,5.865951
2007-02-10 12:00:00,5.528997
2007-02-11 12:00:00,4.1229477
2007-02-12 12:00:00,3.7836072
2007-02-13 12:00:00,3.052536
2007-02-14 12:00:00,2.679054
2007-02-15 12:00:00,2.7239645
2007-02-16 12:00:00,4.2244453
2007-02-17 12:00:00,4.533049
2007-02-18 12:00:00,5.54719
2007-02-19 12:00:00,6.2355638
2007-02-20 12:00:00,7.4211917
2007-02-21 12:00:00,6.237809
2007-02-22 12:00:00,5.2619243
2007-02-23 12:00:00,4.1299653
2007-02-24 12:00:00,4.560151
2007-02-25 12:00:00,3.4575903
2007-02-26 12:00:00,4.1326795
2007-02-27 12:00:00,4.41626
2007-02-28 12:00:00,4.6250997
2007-03-01 12:00:00,3.6113322
2007-03-02 12:00:00,3.123579
2007-03-03 12:00:00,4.4343247
2007-03-04 12:00:00,4.446661
2007-03-05 12:00:00,4.4845314
2007-03-06 12:00:00,5.0050635
2007-03-07 12:00:00,3.6247256
2007-03-08 12:00:00,4.5382223
2007-03-09 12:00:00,4.9194684
2007-03-10 12:00:00,5.0143743
2007-03-11 12:00:00,4.0003295
2007-03-12 12:00:00,4.0383506
2007-03-13 12:00:00,4.3081365
2007-03-14 12:00:00,4.06283
2007-03-15 12:00:00,3.8309653
2007-03-16 12:00:00,4.1884246
2007-03-17 12:00:00,5.511457
2007-03-18 12:00:00,3.5060256
2007-03-19 12:00:00,3.2687817
2007-03-20 12:00:00,2.8284278
2007-03-21 12:00:00,2.4337804
2007-03-22 12:00:00,2.6782262
2007-03-23 12:00:00,2.7012763
2007-03-24 12:00:00,3.7599852
2007-03-25 12:00:00,2.8859463
2007-03-26 12:00:00,2.7767932
2007-03-27 12:00:00,2.9153936
2007-03-28 12:00:00,3.0221446
2007-03-29 12:00:00,2.9182386
2007-03-30 12:00:00,3.0486598
2007-03-31 12:00:00,3.318873
2007-04-01 12:00:00,2.8127553
2007-04-02 12:00:00,2.6678743
2007-04-03 12:00:00,2.9172416
2007-04-04 12:00:00,4.3179493
2007-04-05 12:00:00,4.3715835
2007-04-06 12:00:00,3.9001005
2007-04-07 12:00:00,3.8493903
2007-04-08 12:00:00,2.9000573
2007-04-09 12:00:00,3.1675978
2007-04-10 12:00:00,3.4678192
2007-04-11 12:00:00,2.7870927
2007-04-12 12:00:00,2.5440402
2007-04-13 12:00:00,3.1198022
2007-04-14 12:00:00,4.0073404
2007-04-15 12:00:00,4.023598
2007-04-16 12:00:00,2.820322
2007-04-17 12:00:00,2.4063041
2007-04-18 12:00:00,2.8265884
2007-04-19 12:00:00,2.6148462
2007-04-20 12:00:00,2.5520003
2007-04-21 12:00:00,2.7678196
2007-04-22 12:00:00,3.265136
2007-04-23 12:00:00,3.0454738
2007-04-24 12:00:00,3.1136558
2007-04-25 12:00:00,2.5204732
2007-04-26 12:00:00,2.8364432
2007-04-27 12:00:00,2.7494934
2007-04-28 12:00:00,2.0775187
2007-04-29 12:00:00,2.3089056
2007-04-30 12:00:00,2.7860126
2007-05-01 12:00:00,3.5064654
2007-05-02 12:00:00,3.9468083
2007-05-03 12:00:00,4.316508
2007-05-04 12:00:00,4.247877
2007-05-05 12:00:00,4.4732924
2007-05-06 12:00:00,5.578314
2007-05-07 12:00:00,6.041293
2007-05-08 12:00:00,6.1229258
2007-05-09 12:00:00,7.2470202
2007-05-10 12:00:00,7.143365
2007-05-11 12:00:00,7.216777
2007-05-12 12:00:00,8.071842
2007-05-13 12:00:00,8.618525
2007-05-14 12:00:00,8.439806
2007-05-15 12:00:00,6.448699
2007-05-16 12:00:00,6.0222516
2007-05-17 12:00:00,6.7630177
2007-05-18 12:00:00,6.5589557
2007-05-19 12:00:00,6.384838
2007-05-20 12:00:00,6.9977403
2007-05-21 12:00:00,7.195648
2007-05-22 12:00:00,5.900014
2007-05-23 12:00:00,5.16107
2007-05-24 12:00:00,4.633776
2007-05-25 12:00:00,5.2705207
2007-05-26 12:00:00,5.1165915
2007-05-27 12:00:00,5.1069174
2007-05-28 12:00:00,6.163649
2007-05-29 12:00:00,4.870447
2007-05-30 12:00:00,4.5254188
2007-05-31 12:00:00,3.7728267
2007-06-01 12:00:00,4.335921
2007-06-02 12:00:00,4.383596
2007-06-03 12:00:00,3.8623405
2007-06-04 12:00:00,4.1692915
2007-06-05 12:00:00,4.190854
2007-06-06 12:00:00,5.1348352
2007-06-07 12:00:00,4.495762
2007-06-08 12:00:00,5.756835
2007-06-09 12:00:00,5.7340074
2007-06-10 12:00:00,5.4366236
2007-06-11 12:00:00,5.0102286
2007-06-12 12:00:00,5.2545094
2007-06-13 12:00:00,4.2296624
2007-06-14 12:00:00,4.8560658
2007-06-15 12:00:00,5.142212
2007-06-16 12:00:00,5.758403
2007-06-17 12:00:00,6.119914
2007-06-18 12:00:00,6.6421022
2007-06-19 12:00:00,7.6875424
2007-06-20 12:00:00,9.265464
2007-06-21 12:00:00,8.82186
2007-06-22 12:00:00,7.3619676
2007-06-23 12:00:00,4.333866
2007-06-24 12:00:00,4.5670905
2007-06-25 12:00:00,6.668888
2007-06-26 12:00:00,8.759107
2007-06-27 12:00:00,10.51643
2007-06-28 12:00:00,10.204563
2007-06-29 12:00:00,8.547224
2007-06-30 12:00:00,8.002725
2007-07-01 12:00:00,8.034884
2007-07-02 12:00:00,8.0113945
2007-07-03 12:00:00,7.8950253
2007-07-04 12:00:00,8.33954
2007-07-05 12:00:00,7.898859
2007-07-06 12:00:00,8.217292
2007-07-07 12:00:00,7.295741
2007-07-08 12:00:00,7.4103374
2007-07-09 12:00:00,7.2224865
2007-07-10 12:00:00,7.964629
2007-07-11 12:00:00,8.670585
2007-07-12 12:00:00,9.161185
2007-07-13 12:00:00,9.196625
2007-07-14 12:00:00,8.622397
2007-07-15 12:00:00,8.28891
2007-07-16 12:00:00,6.888518
2007-07-17 12:00:00,4.9178333
2007-07-18 12:00:00,4.438915
2007-07-19 12:00:00,5.9234343
2007-07-20 12:00:00,4.80943
2007-07-21 12:00:00,5.1005974
2007-07-22 12:00:00,3.711549
2007-07-23 12:00:00,4.811537
2007-07-24 12:00:00,3.737991
2007-07-25 12:00:00,3.5940688
2007-07-26 12:00:00,3.9116695
2007-07-27 12:00:00,4.333368
2007-07-28 12:00:00,4.04278
2007-07-29 12:00:00,3.9767716
2007-07-30 12:00:00,5.1640487
2007-07-31 12:00:00,6.803748
2007-08-01 12:00:00,8.205499
2007-08-02 12:00:00,8.842133
2007-08-03 12:00:00,8.345998
2007-08-04 12:00:00,9.681833
2007-08-05 12:00:00,10.49823
2007-08-06 12:00:00,9.4183445
2007-08-07 12:00:00,7.622705
2007-08-08 12:00:00,8.325031
2007-08-09 12:00:00,9.458465
2007-08-10 12:00:00,8.943534
2007-08-11 12:00:00,7.9503236
2007-08-12 12:00:00,7.507428
2007-08-13 12:00:00,7.378996
2007-08-14 12:00:00,5.783136
2007-08-15 12:00:00,6.218425
2007-08-16 12:00:00,6.5060415
2007-08-17 12:00:00,6.9744186
2007-08-18 12:00:00,6.6919527
2007-08-19 12:00:00,6.7291937
2007-08-20 12:00:00,5.875694
2007-08-21 12:00:00,6.164029
2007-08-22 12:00:00,5.0818424
2007-08-23 12:00:00,4.6578927
2007-08-24 12:00:00,4.60636
2007-08-25 12:00:00,5.7514873
2007-08-26 12:00:00,5.350428
2007-08-27 12:00:00,5.5800123
2007-08-28 12:00:00,5.767481
2007-08-29 12:00:00,6.143784
2007-08-30 12:00:00,6.762243
2007-08-31 12:00:00,7.0757256
2007-09-01 12:00:00,6.884523
2007-09-02 12:00:00,7.1781816
2007-09-03 12:00:00,6.630184
2007-09-04 12:00:00,6.029294
2007-09-05 12:00:00,5.616394
2007-09-06 12:00:00,4.512565
2007-09-07 12:00:00,3.4123762
2007-09-08 12:00:00,4.043482
2007-09-09 12:00:00,4.310165
2007-09-10 12:00:00,4.035231
2007-09-11 12:00:00,4.9685245
2007-09-12 12:00:00,5.93822
2007-09-13 12:00:00,5.9545054
2007-09-14 12:00:00,6.8537045
2007-09-15 12:00:00,6.319734
2007-09-16 12:00:00,6.6402106
2007-09-17 12:00:00,7.8747807
2007-09-18 12:00:00,8.700395
2007-09-19 12:00:00,9.013737
2007-09-20 12:00:00,8.776806
2007-09-21 12:00:00,8.280952
2007-09-22 12:00:00,8.313092
2007-09-23 12:00:00,6.922699
2007-09-24 12:00:00,6.242688
2007-09-25 12:00:00,5.519954
2007-09-26 12:00:00,5.32824
2007-09-27 12:00:00,5.130782
2007-09-28 12:00:00,6.2829733
2007-09-29 12:00:00,6.487566
2007-09-30 12:00:00,6.477724
2007-10-01 12:00:00,7.959349
2007-10-02 12:00:00,7.94061
2007-10-03 12:00:00,7.18756
2007-10-04 12:00:00,7.5717044
2007-10-05 12:00:00,7.7644043
2007-10-06 12:00:00,7.748844
2007-10-07 12:00:00,7.4105453
2007-10-08 12:00:00,5.932976
2007-10-09 12:00:00,3.6330502
2007-10-10 12:00:00,3.463558
2007-10-11 12:00:00,3.3971388
2007-10-12 12:00:00,3.1462555
2007-10-13 12:00:00,3.3369415
2007-10-14 12:00:00,3.2802002
2007-10-15 12:00:00,2.354461
2007-10-16 12:00:00,2.673158
2007-10-17 12:00:00,2.9769237
2007-10-18 12:00:00,2.0436227
2007-10-19 12:00:00,3.5146687
2007-10-20 12:00:00,3.4728358
2007-10-21 12:00:00,4.1700683
2007-10-22 12:00:00,4.0666747
2007-10-23 12:00:00,4.5418324
2007-10-24 12:00:00,4.2158256
2007-10-25 12:00:00,4.92527
2007-10-26 12:00:00,4.818313
2007-10-27 12:00:00,5.906733
2007-10-28 12:00:00,5.731695
2007-10-29 12:00:00,4.445749
2007-10-30 12:00:00,3.5220656
2007-10-31 12:00:00,2.8345933
2007-11-01 12:00:00,3.668947
2007-11-02 12:00:00,3.4651566
2007-11-03 12:00:00,3.5809753
2007-11-04 12:00:00,2.4919116
2007-11-05 12:00:00,2.1200864
2007-11-06 12:00:00,2.88061
2007-11-07 12:00:00,3.461031
2007-11-08 12:00:00,4.1320167
2007-11-09 12:00:00,4.1041846
2007-11-10 12:00:00,4.8915644
2007-11-11 12:00:00,6.468059
2007-11-12 12:00:00,7.2011023
2007-11-13 12:00:00,7.889678
2007-11-14 12:00:00,7.0109105
2007-11-15 12:00:00,3.4362283
2007-11-16 12:00:00,3.1394286
2007-11-17 12:00:00,4.293228
2007-11-18 12:00:00,4.465718
2007-11-19 12:00:00,4.2795405
2007-11-20 12:00:00,4.236216
2007-11-21 12:00:00,3.9074233
2007-11-22 12:00:00,3.6213794
2007-11-23 12:00:00,4.137723
2007-11-24 12:00:00,4.7439528
2007-11-25 12:00:00,4.6024523
2007-11-26 12:00:00,4.231267
2007-11-27 12:00:00,4.170532
2007-11-28 12:00:00,4.439469
2007-11-29 12:00:00,5.2651153
2007-11-30 12:00:00,6.171436
2007-12-01 12:00:00,5.812085
2007-12-02 12:00:00,6.55776
2007-12-03 12:00:00,7.0195947
2007-12-04 12:00:00,7.473443
2007-12-05 12:00:00,7.8593884
2007-12-06 12:00:00,7.3790116
2007-12-07 12:00:00,5.970605
2007-12-08 12:00:00,6.2649293
2007-12-09 12:00:00,6.1185474
2007-12-10 12:00:00,5.787656
2007-12-11 12:00:00,6.224775
2007-12-12 12:00:00,6.315068
2007-12-13 12:00:00,6.005002
2007-12-14 12:00:00,5.520213
2007-12-15 12:00:00,6.3548474
2007-12-16 12:00:00,7.482755
2007-12-17 12:00:00,7.3650713
2007-12-18 12:00:00,6.820105
2007-12-19 12:00:00,5.794915
2007-12-20 12:00:00,5.435396
2007-12-21 12:00:00,5.3605623
2007-12-22 12:00:00,4.1699915
2007-12-23 12:00:00,3.6766207
2007-12-24 12:00:00,3.8661568
2007-12-25 12:00:00,2.4066105
2007-12-26 12:00:00,3.8934882
2007-12-27 12:00:00,4.0849466
2007-12-28 12:00:00,3.8917983
2007-12-29 12:00:00,4.4367175
2007-12-30 12:00:00,5.0611196
2007-12-31 12:00:00,5.4062023
2008-01-01 12:00:00,7.053393
2008-01-02 12:00:00,6.548119
2008-01-03 12:00:00,5.5337987
2008-01-04 12:00:00,5.7395573
2008-01-05 12:00:00,5.976351
2008-01-06 12:00:00,5.5996885
2008-01-07 12:00:00,5.6499114
2008-01-08 12:00:00,5.1228538
2008-01-09 12:00:00,4.382929
2008-01-10 12:00:00,4.0629144
2008-01-11 12:00:00,4.3000755
2008-01-12 12:00:00,4.872942
2008-01-13 12:00:00,5.3425345
2008-01-14 12:00:00,5.0131555
2008-01-15 12:00:00,4.7544675
2008-01-16 12:00:00,4.8339925
2008-01-17 12:00:00,4.7677045
2008-01-18 12:00:00,4.020211
2008-01-19 12:00:00,4.1662955
2008-01-20 12:00:00,4.8771005
2008-01-21 12:00:00,5.48036
2008-01-22 12:00:00,5.3511505
2008-01-23 12:00:00,4.513725
2008-01-24 12:00:00,4.34173
2008-01-25 12:00:00,3.526326
2008-01-26 12:00:00,3.4456725
2008-01-27 12:00:00,2.8480856
2008-01-28 12:00:00,4.028835
2008-01-29 12:00:00,4.179937
2008-01-30 12:00:00,3.3419557
2008-01-31 12:00:00,2.4192052
2008-02-01 12:00:00,3.189489
2008-02-02 12:00:00,4.227476
2008-02-03 12:00:00,5.762205
2008-02-04 12:00:00,5.291799
2008-02-05 12:00:00,5.3546696
2008-02-06 12:00:00,4.755097
2008-02-07 12:00:00,4.2365484
2008-02-08 12:00:00,3.7310266
2008-02-09 12:00:00,3.379415
2008-02-10 12:00:00,3.1693976
2008-02-11 12:00:00,5.2942452
2008-02-12 12:00:00,4.604685
2008-02-13 12:00:00,4.1839423
2008-02-14 12:00:00,5.1942606
2008-02-15 12:00:00,5.673054
2008-02-16 12:00:00,5.359527
2008-02-17 12:00:00,4.277024
2008-02-18 12:00:00,4.268985
2008-02-19 12:00:00,3.672026
2008-02-20 12:00:00,3.6596615
2008-02-21 12:00:00,5.111991
2008-02-22 12:00:00,5.469383
2008-02-23 12:00:00,4.674663
2008-02-24 12:00:00,4.3606415
2008-02-25 12:00:00,3.3861573
2008-02-26 12:00:00,4.879486
2008-02-27 12:00:00,5.4748936
2008-02-28 12:00:00,5.141629
2008-02-29 12:00:00,3.431429
2008-03-01 12:00:00,3.0979376
2008-03-02 12:00:00,3.6383874
2008-03-03 12:00:00,4.354192
2008-03-04 12:00:00,3.6770194
2008-03-05 12:00:00,4.430196
2008-03-06 12:00:00,5.138327
2008-03-07 12:00:00,4.95805
2008-03-08 12:00:00,5.0390844
2008-03-09 12:00:00,4.806358
2008-03-10 12:00:00,4.2572527
2008-03-11 12:00:00,3.926049
2008-03-12 12:00:00,3.9525905
2008-03-13 12:00:00,3.620647
2008-03-14 12:00:00,4.2248373
2008-03-15 12:00:00,4.118244
2008-03-16 12:00:00,3.446611
2008-03-17 12:00:00,3.74182
2008-03-18 12:00:00,3.174525
2008-03-19 12:00:00,3.5686164
2008-03-20 12:00:00,2.9445746
2008-03-21 12:00:00,3.0744374
2008-03-22 12:00:00,2.4543688
2008-03-23 12:00:00,2.7488961
2008-03-24 12:00:00,2.920999
2008-03-25 12:00:00,2.759765
2008-03-26 12:00:00,1.8840462
2008-03-27 12:00:00,2.1492198
2008-03-28 12:00:00,2.8885343
2008-03-29 12:00:00,3.189126
2008-03-30 12:00:00,4.2665005
2008-03-31 12:00:00,3.8271143
2008-04-01 12:00:00,2.7916703
2008-04-02 12:00:00,2.352446
2008-04-03 12:00:00,2.0384078
2008-04-04 12:00:00,2.4081302
2008-04-05 12:00:00,4.0522428
2008-04-06 12:00:00,4.2357287
2008-04-07 12:00:00,3.0432255
2008-04-08 12:00:00,3.0897896
2008-04-09 12:00:00,3.2663808
2008-04-10 12:00:00,3.015876
2008-04-11 12:00:00,2.709404
2008-04-12 12:00:00,1.7659087
2008-04-13 12:00:00,2.0790148
2008-04-14 12:00:00,2.980512
2008-04-15 12:00:00,2.7413464
2008-04-16 12:00:00,2.9414308
2008-04-17 12:00:00,2.8495042
2008-04-18 12:00:00,3.6214309
2008-04-19 12:00:00,3.0070632
2008-04-20 12:00:00,3.2187696
2008-04-21 12:00:00,2.407281
2008-04-22 12:00:00,2.159987
2008-04-23 12:00:00,2.896415
2008-04-24 12:00:00,3.5858514
2008-04-25 12:00:00,4.0330524
2008-04-26 12:00:00,4.244448
2008-04-27 12:00:00,5.914527
2008-04-28 12:00:00,6.9980903
2008-04-29 12:00:00,7.4486485
2008-04-30 12:00:00,7.551139
2008-05-01 12:00:00,8.808319
2008-05-02 12:00:00,9.268737
2008-05-03 12:00:00,8.5074215
2008-05-04 12:00:00,7.462276
2008-05-05 12:00:00,6.8465996
2008-05-06 12:00:00,6.1387515
2008-05-07 12:00:00,5.865008
2008-05-08 12:00:00,6.498567
2008-05-09 12:00:00,7.1090307
2008-05-10 12:00:00,6.7213373
2008-05-11 12:00:00,7.489815
2008-05-12 12:00:00,8.300002
2008-05-13 12:00:00,8.8544445
2008-05-14 12:00:00,8.620039
2008-05-15 12:00:00,8.424302
2008-05-16 12:00:00,8.169547
2008-05-17 12:00:00,7.656048
2008-05-18 12:00:00,6.957104
2008-05-19 12:00:00,6.9781723
2008-05-20 12:00:00,6.710638
2008-05-21 12:00:00,5.562233
2008-05-22 12:00:00,4.940475
2008-05-23 12:00:00,4.910735
2008-05-24 12:00:00,5.475275
2008-05-25 12:00:00,5.757284
2008-05-26 12:00:00,4.7900867
2008-05-27 12:00:00,5.882131
2008-05-28 12:00:00,6.4053984
2008-05-29 12:00:00,6.2149944
2008-05-30 12:00:00,5.202865
2008-05-31 12:00:00,4.8139796
2008-06-01 12:00:00,5.601218
2008-06-02 12:00:00,4.118661
2008-06-03 12:00:00,5.041
2008-06-04 12:00:00,3.16757
2008-06-05 12:00:00,4.8982363
2008-06-06 12:00:00,5.828268
2008-06-07 12:00:00,6.591081
2008-06-08 12:00:00,4.850476
2008-06-09 12:00:00,5.4050045
2008-06-10 12:00:00,5.6185637
2008-06-11 12:00:00,6.645117
2008-06-12 12:00:00,9.210051
2008-06-13 12:00:00,9.316697
2008-06-14 12:00:00,9.564962
2008-06-15 12:00:00,8.681909
2008-06-16 12:00:00,8.586459
2008-06-17 12:00:00,7.6533017
2008-06-18 12:00:00,7.1010046
2008-06-19 12:00:00,6.1949058
2008-06-20 12:00:00,6.1643267
2008-06-21 12:00:00,7.829612
2008-06-22 12:00:00,7.858893
2008-06-23 12:00:00,8.474078
2008-06-24 12:00:00,7.8454843
2008-06-25 12:00:00,8.141409
2008-06-26 12:00:00,7.7889047
2008-06-27 12:00:00,7.7941675
2008-06-28 12:00:00,7.311286
2008-06-29 12:00:00,6.7520685
2008-06-30 12:00:00,6.365528
2008-07-01 12:00:00,6.343163
2008-07-02 12:00:00,5.1986394
2008-07-03 12:00:00,6.61412
2008-07-04 12:00:00,6.7714586
2008-07-05 12:00:00,7.0111036
2008-07-06 12:00:00,7.538224
2008-07-07 12:00:00,8.06578
2008-07-08 12:00:00,7.9287686
2008-07-09 12:00:00,7.5484705
2008-07-10 12:00:00,6.4982224
2008-07-11 12:00:00,5.8854966
2008-07-12 12:00:00,5.42894
2008-07-13 12:00:00,4.8467746
2008-07-14 12:00:00,5.284397
2008-07-15 12:00:00,5.9454837
2008-07-16 12:00:00,5.713367
2008-07-17 12:00:00,5.757008
2008-07-18 12:00:00,5.1891007
2008-07-19 12:00:00,5.824163
2008-07-20 12:00:00,4.4628344
2008-07-21 12:00:00,4.909731
2008-07-22 12:00:00,5.638977
2008-07-23 12:00:00,6.839911
2008-07-24 12:00:00,8.136644
2008-07-25 12:00:00,9.027613
2008-07-26 12:00:00,9.307309
2008-07-27 12:00:00,10.183094
2008-07-28 12:00:00,9.716633
2008-07-29 12:00:00,8.44721
2008-07-30 12:00:00,7.4054203
2008-07-31 12:00:00,6.4575844
2008-08-01 12:00:00,6.219168
2008-08-02 12:00:00,6.001589
2008-08-03 12:00:00,7.5723977
2008-08-04 12:00:00,6.952576
2008-08-05 12:00:00,7.262311
2008-08-06 12:00:00,8.316297
2008-08-07 12:00:00,10.354526
2008-08-08 12:00:00,10.6093855
2008-08-09 12:00:00,10.046667
2008-08-10 12:00:00,8.679277
2008-08-11 12:00:00,7.81375
2008-08-12 12:00:00,7.12948
2008-08-13 12:00:00,6.0488696
2008-08-14 12:00:00,6.070534
2008-08-15 12:00:00,5.912373
2008-08-16 12:00:00,6.4342656
2008-08-17 12:00:00,5.616433
2008-08-18 12:00:00,5.444309
2008-08-19 12:00:00,5.4651146
2008-08-20 12:00:00,6.305483
2008-08-21 12:00:00,6.7921367
2008-08-22 12:00:00,6.0363064
2008-08-23 12:00:00,5.027044
2008-08-24 12:00:00,3.7389617
2008-08-25 12:00:00,3.9509666
2008-08-26 12:00:00,3.223606
2008-08-27 12:00:00,2.8037362
2008-08-28 12:00:00,3.4171903
2008-08-29 12:00:00,3.7018588
2008-08-30 12:00:00,3.788554
2008-08-31 12:00:00,3.154913
2008-09-01 12:00:00,2.435608
2008-09-02 12:00:00,2.2877953
2008-09-03 12:00:00,3.5637684
2008-09-04 12:00:00,4.218443
2008-09-05 12:00:00,4.174923
2008-09-06 12:00:00,4.980973
2008-09-07 12:00:00,6.655726
2008-09-08 12:00:00,6.9243317
2008-09-09 12:00:00,7.1497564
2008-09-10 12:00:00,6.7508025
2008-09-11 12:00:00,8.020138
2008-09-12 12:00:00,7.5552754
2008-09-13 12:00:00,7.632165
2008-09-14 12:00:00,6.907432
2008-09-15 12:00:00,8.142999
2008-09-16 12:00:00,7.3729753
2008-09-17 12:00:00,6.2106214
2008-09-18 12:00:00,5.425615
2008-09-19 12:00:00,6.2076874
2008-09-20 12:00:00,6.416131
2008-09-21 12:00:00,5.9331355
2008-09-22 12:00:00,6.0403876
2008-09-23 12:00:00,6.293191
2008-09-24 12:00:00,7.425748
2008-09-25 12:00:00,7.549589
2008-09-26 12:00:00,6.365059
2008-09-27 12:00:00,6.5494137
2008-09-28 12:00:00,5.576477
2008-09-29 12:00:00,4.878071
2008-09-30 12:00:00,4.327159
2008-10-01 12:00:00,3.3203206
2008-10-02 12:00:00,1.9064068
2008-10-03 12:00:00,2.1531913
2008-10-04 12:00:00,2.3650312
2008-10-05 12:00:00,3.0923176
2008-10-06 12:00:00,2.6782959
2008-10-07 12:00:00,3.3412251
2008-10-08 12:00:00,2.7607293
2008-10-09 12:00:00,2.6563914
2008-10-10 12:00:00,3.8087938
2008-10-11 12:00:00,3.582186
2008-10-12 12:00:00,3.265997
2008-10-13 12:00:00,2.8404555
2008-10-14 12:00:00,3.0267746
2008-10-15 12:00:00,3.5922127
2008-10-16 12:00:00,2.6472542
2008-10-17 12:00:00,3.3235502
2008-10-18 12:00:00,2.9306796
2008-10-19 12:00:00,2.404938
2008-10-20 12:00:00,3.0905144
2008-10-21 12:00:00,4.1432614
2008-10-22 12:00:00,4.6406603
2008-10-23 12:00:00,5.1464925
2008-10-24 12:00:00,5.9823546
2008-10-25 12:00:00,6.4404826
2008-10-26 12:00:00,5.9570785
2008-10-27 12:00:00,4.4713697
2008-10-28 12:00:00,4.3648825
2008-10-29 12:00:00,3.6331518
2008-10-30 12:00:00,3.873343
2008-10-31 12:00:00,3.8824708
2008-11-01 12:00:00,4.298381
2008-11-02 12:00:00,3.4983945
2008-11-03 12:00:00,3.0785816
2008-11-04 12:00:00,2.6087456
2008-11-05 12:00:00,2.5856397
2008-11-06 12:00:00,2.1372812
2008-11-07 12:00:00,3.2304924
2008-11-08 12:00:00,4.784757
2008-11-09 12:00:00,5.1497436
2008-11-10 12:00:00,6.408973
2008-11-11 12:00:00,6.6410766
2008-11-12 12:00:00,6.6758018
2008-11-13 12:00:00,7.2355323
2008-11-14 12:00:00,6.734627
2008-11-15 12:00:00,5.204408
2008-11-16 12:00:00,3.3876762
2008-11-17 12:00:00,4.667621
2008-11-18 12:00:00,5.644682
2008-11-19 12:00:00,5.8883686
2008-11-20 12:00:00,5.943271
2008-11-21 12:00:00,6.4210367
2008-11-22 12:00:00,5.825601
2008-11-23 12:00:00,6.004254
2008-11-24 12:00:00,5.9244585
2008-11-25 12:00:00,6.613382
2008-11-26 12:00:00,7.043321
2008-11-27 12:00:00,6.1084228
2008-11-28 12:00:00,5.6038938
2008-11-29 12:00:00,5.591194
2008-11-30 12:00:00,5.8580465
2008-12-01 12:00:00,5.4556518
2008-12-02 12:00:00,5.017647
2008-12-03 12:00:00,4.6354823
2008-12-04 12:00:00,5.4948683
2008-12-05 12:00:00,6.336309
2008-12-06 12:00:00,6.061733
2008-12-07 12:00:00,4.9922414
2008-12-08 12:00:00,5.509664
2008-12-09 12:00:00,4.841636
2008-12-10 12:00:00,3.738183
2008-12-11 12:00:00,5.4575543
2008-12-12 12:00:00,5.128609
2008-12-13 12:00:00,5.916911
2008-12-14 12:00:00,5.977467
2008-12-15 12:00:00,6.397118
2008-12-16 12:00:00,5.955774
2008-12-17 12:00:00,7.1945186
2008-12-18 12:00:00,6.3426905
2008-12-19 12:00:00,6.1700616
2008-12-20 12:00:00,5.832758
2008-12-21 12:00:00,4.834534
2008-12-22 12:00:00,5.629491
2008-12-23 12:00:00,5.559581
2008-12-24 12:00:00,4.9624443
2008-12-25 12:00:00,5.3833513
2008-12-26 12:00:00,4.692128
2008-12-27 12:00:00,5.304446
2008-12-28 12:00:00,5.382274
2008-12-29 12:00:00,5.809699
2008-12-30 12:00:00,5.658891
2008-12-31 12:00:00,5.2278004
2009-01-01 12:00:00,5.2985344
2009-01-02 12:00:00,5.700517
2009-01-03 12:00:00,5.9530864
2009-01-04 12:00:00,5.271782
2009-01-05 12:00:00,4.771661
2009-01-06 12:00:00,4.979855
2009-01-07 12:00:00,5.4085364
2009-01-08 12:00:00,5.819357
2009-01-09 12:00:00,6.7204237
2009-01-10 12:00:00,6.817804
2009-01-11 12:00:00,5.8819156
2009-01-12 12:00:00,7.147446
2009-01-13 12:00:00,7.6740136
2009-01-14 12:00:00,6.967842
2009-01-15 12:00:00,7.12124
2009-01-16 12:00:00,6.141966
2009-01-17 12:00:00,5.7959704
2009-01-18 12:00:00,5.3264084
2009-01-19 12:00:00,5.2268243
2009-01-20 12:00:00,4.9604163
2009-01-21 12:00:00,4.9884
2009-01-22 12:00:00,4.5947227
2009-01-23 12:00:00,4.3969636
2009-01-24 12:00:00,5.2324533
2009-01-25 12:00:00,4.634067
2009-01-26 12:00:00,3.9967024
2009-01-27 12:00:00,4.063539
2009-01-28 12:00:00,3.5578794
2009-01-29 12:00:00,4.0692954
2009-01-30 12:00:00,4.046733
2009-01-31 12:00:00,3.504322
2009-02-01 12:00:00,3.5020247
2009-02-02 12:00:00,3.9532797
2009-02-03 12:00:00,3.964877
2009-02-04 12:00:00,4.5014195
2009-02-05 12:00:00,4.7406178
2009-02-06 12:00:00,4.695931
2009-02-07 12:00:00,3.8579993
2009-02-08 12:00:00,4.569397
2009-02-09 12:00:00,5.197717
2009-02-10 12:00:00,4.0835013
2009-02-11 12:00:00,3.3837552
2009-02-12 12:00:00,3.9474428
2009-02-13 12:00:00,3.940973
2009-02-14 12:00:00,4.0732403
2009-02-15 12:00:00,3.8770537
2009-02-16 12:00:00,3.8836963
2009-02-17 12:00:00,4.4702873
2009-02-18 12:00:00,4.646487
2009-02-19 12:00:00,4.3557606
2009-02-20 12:00:00,4.236556
2009-02-21 12:00:00,4.0037923
2009-02-22 12:00:00,3.3874264
2009-02-23 12:00:00,3.151755
2009-02-24 12:00:00,3.1090813
2009-02-25 12:00:00,2.8531613
2009-02-26 12:00:00,2.759859
2009-02-27 12:00:00,2.795772
2009-02-28 12:00:00,2.8373098
2009-03-01 12:00:00,3.056701
2009-03-02 12:00:00,2.8271217
2009-03-03 12:00:00,2.2823412
2009-03-04 12:00:00,2.790279
2009-03-05 12:00:00,2.4782717
2009-03-06 12:00:00,2.5590844
2009-03-07 12:00:00,3.3590932
2009-03-08 12:00:00,2.979013
2009-03-09 12:00:00,3.6271951
2009-03-10 12:00:00,3.81628
2009-03-11 12:00:00,2.3625827
2009-03-12 12:00:00,2.2838109
2009-03-13 12:00:00,3.3199687
2009-03-14 12:00:00,3.5959458
2009-03-15 12:00:00,2.5746317
2009-03-16 12:00:00,2.8784173
2009-03-17 12:00:00,2.0264418
2009-03-18 12:00:00,2.424877
2009-03-19 12:00:00,2.4440932
2009-03-20 12:00:00,2.2174242
2009-03-21 12:00:00,2.41658
2009-03-22 12:00:00,2.5689738
2009-03-23 12:00:00,2.6805613
2009-03-24 12:00:00,2.7564616
2009-03-25 12:00:00,2.5590124
2009-03-26 12:00:00,1.8185589
2009-03-27 12:00:00,1.8075552
2009-03-28 12:00:00,2.8332286
2009-03-29 12:00:00,2.851246
2009-03-30 12:00:00,3.0721362
2009-03-31 12:00:00,2.8638353
2009-04-01 12:00:00,4.027326
2009-04-02 12:00:00,3.7940717
2009-04-03 12:00:00,3.8182726
2009-04-04 12:00:00,3.2541947
2009-04-05 12:00:00,2.5209725
2009-04-06 12:00:00,2.2611341
2009-04-07 12:00:00,2.9367886
2009-04-08 12:00:00,3.0137675
2009-04-09 12:00:00,4.3523784
2009-04-10 12:00:00,3.7238107
2009-04-11 12:00:00,4.0878916
2009-04-12 12:00:00,3.430337
2009-04-13 12:00:00,4.540375
2009-04-14 12:00:00,5.0850906
2009-04-15 12:00:00,5.367762
2009-04-16 12:00:00,5.812795
2009-04-17 12:00:00,6.2550983
2009-04-18 12:00:00,5.475351
2009-04-19 12:00:00,5.7011576
2009-04-20 12:00:00,6.474215
2009-04-21 12:00:00,6.1852202
2009-04-22 12:00:00,6.8203754
2009-04-23 12:00:00,5.635978
2009-04-24 12:00:00,4.433605
2009-04-25 12:00:00,3.5478196
2009-04-26 12:00:00,2.4037027
2009-04-27 12:00:00,2.7413352
2009-04-28 12:00:00,3.2567112
2009-04-29 12:00:00,4.009364
2009-04-30 12:00:00,4.8400025
2009-05-01 12:00:00,4.516215
2009-05-02 12:00:00,4.658393
2009-05-03 12:00:00,4.774672
2009-05-04 12:00:00,3.9574428
2009-05-05 12:00:00,4.3950624
2009-05-06 12:00:00,4.1813655
2009-05-07 12:00:00,4.277242
2009-05-08 12:00:00,5.0266542
2009-05-09 12:00:00,5.5533195
2009-05-10 12:00:00,4.6426396
2009-05-11 12:00:00,2.974881
2009-05-12 12:00:00,2.7102256
2009-05-13 12:00:00,3.9945688
2009-05-14 12:00:00,4.305647
2009-05-15 12:00:00,3.11796
2009-05-16 12:00:00,2.5389035
2009-05-17 12:00:00,4.0602775
2009-05-18 12:00:00,3.6876762
2009-05-19 12:00:00,5.320496
2009-05-20 12:00:00,5.5874166
2009-05-21 12:00:00,6.824571
2009-05-22 12:00:00,8.168887
2009-05-23 12:00:00,8.402869
2009-05-24 12:00:00,8.717111
2009-05-25 12:00:00,7.7312303
2009-05-26 12:00:00,6.5826464
2009-05-27 12:00:00,5.9201474
2009-05-28 12:00:00,5.1795893
2009-05-29 12:00:00,6.37717
2009-05-30 12:00:00,6.8152943
2009-05-31 12:00:00,7.321142
2009-06-01 12:00:00,7.2249546
2009-06-02 12:00:00,7.970684
2009-06-03 12:00:00,8.584475
2009-06-04 12:00:00,9.467639
2009-06-05 12:00:00,10.077461
2009-06-06 12:00:00,10.257978
2009-06-07 12:00:00,9.306848
2009-06-08 12:00:00,8.188708
2009-06-09 12:00:00,7.364549
2009-06-10 12:00:00,7.340667
2009-06-11 12:00:00,6.668192
2009-06-12 12:00:00,6.586748
2009-06-13 12:00:00,6.3821106
2009-06-14 12:00:00,6.734292
2009-06-15 12:00:00,7.5383706
2009-06-16 12:00:00,8.231884
2009-06-17 12:00:00,8.556053
2009-06-18 12:00:00,8.152328
2009-06-19 12:00:00,8.191063
2009-06-20 12:00:00,7.237054
2009-06-21 12:00:00,7.435305
2009-06-22 12:00:00,8.108093
2009-06-23 12:00:00,8.060415
2009-06-24 12:00:00,7.0253034
2009-06-25 12:00:00,6.6307845
2009-06-26 12:00:00,6.509898
2009-06-27 12:00:00,7.3300123
2009-06-28 12:00:00,6.189925
2009-06-29 12:00:00,5.695033
2009-06-30 12:00:00,5.8522587
2009-07-01 12:00:00,6.249906
2009-07-02 12:00:00,6.6637173
2009-07-03 12:00:00,6.3876553
2009-07-04 12:00:00,7.230906
2009-07-05 12:00:00,7.1449013
2009-07-06 12:00:00,6.614624
2009-07-07 12:00:00,5.8064184
2009-07-08 12:00:00,6.1727405
2009-07-09 12:00:00,5.9775276
2009-07-10 12:00:00,6.323995
2009-07-11 12:00:00,8.1383705
2009-07-12 12:00:00,8.654479
2009-07-13 12:00:00,9.01059
2009-07-14 12:00:00,8.665531
2009-07-15 12:00:00,8.42559
2009-07-16 12:00:00,8.320688
2009-07-17 12:00:00,9.650212
2009-07-18 12:00:00,7.9031053
2009-07-19 12:00:00,8.399077
2009-07-20 12:00:00,8.14841
2009-07-21 12:00:00,7.236411
2009-07-22 12:00:00,6.510109
2009-07-23 12:00:00,6.464523
2009-07-24 12:00:00,7.140826
2009-07-25 12:00:00,7.6924863
2009-07-26 12:00:00,7.8850923
2009-07-27 12:00:00,7.5094895
2009-07-28 12:00:00,7.4013824
2009-07-29 12:00:00,7.515484
2009-07-30 12:00:00,7.766814
2009-07-31 12:00:00,8.428909
2009-08-01 12:00:00,8.639319
2009-08-02 12:00:00,8.255808
2009-08-03 12:00:00,8.267147
2009-08-04 12:00:00,8.13457
2009-08-05 12:00:00,7.7119384
2009-08-06 12:00:00,7.8382754
2009-08-07 12:00:00,7.8972926
2009-08-08 12:00:00,7.9665933
2009-08-09 12:00:00,7.8344617
2009-08-10 12:00:00,6.9920397
2009-08-11 12:00:00,5.2201014
2009-08-12 12:00:00,3.6779897
2009-08-13 12:00:00,3.3675895
2009-08-14 12:00:00,4.2772565
2009-08-15 12:00:00,4.493961
2009-08-16 12:00:00,3.367079
2009-08-17 12:00:00,2.482841
2009-08-18 12:00:00,3.129258
2009-08-19 12:00:00,3.2177424
2009-08-20 12:00:00,3.9989457
2009-08-21 12:00:00,5.8824763
2009-08-22 12:00:00,7.130154
2009-08-23 12:00:00,8.082974
2009-08-24 12:00:00,7.7013226
2009-08-25 12:00:00,6.584575
2009-08-26 12:00:00,6.8772597
2009-08-27 12:00:00,6.5798454
2009-08-28 12:00:00,5.5644636
2009-08-29 12:00:00,4.8542747
2009-08-30 12:00:00,6.470987
2009-08-31 12:00:00,7.483407
2009-09-01 12:00:00,7.930321
2009-09-02 12:00:00,8.442125
2009-09-03 12:00:00,7.9196873
2009-09-04 12:00:00,9.155387
2009-09-05 12:00:00,10.139898
2009-09-06 12:00:00,9.903094
2009-09-07 12:00:00,8.381608
2009-09-08 12:00:00,7.269341
2009-09-09 12:00:00,6.364348
2009-09-10 12:00:00,5.0020223
2009-09-11 12:00:00,3.545484
2009-09-12 12:00:00,3.4670367
2009-09-13 12:00:00,3.7111266
2009-09-14 12:00:00,4.7244363
2009-09-15 12:00:00,5.1679053
2009-09-16 12:00:00,4.2968426
2009-09-17 12:00:00,4.785458
2009-09-18 12:00:00,4.7357917
2009-09-19 12:00:00,3.8948593
2009-09-20 12:00:00,3.8494182
2009-09-21 12:00:00,4.5085397
2009-09-22 12:00:00,5.455258
2009-09-23 12:00:00,5.7509813
2009-09-24 12:00:00,6.456836
2009-09-25 12:00:00,7.000702
2009-09-26 12:00:00,6.640786
2009-09-27 12:00:00,7.8722663
2009-09-28 12:00:00,7.791497
2009-09-29 12:00:00,8.706363
2009-09-30 12:00:00,8.505895
2009-10-01 12:00:00,8.547773
2009-10-02 12:00:00,8.797475
2009-10-03 12:00:00,8.756949
2009-10-04 12:00:00,7.0126805
2009-10-05 12:00:00,6.380802
2009-10-06 12:00:00,5.287791
2009-10-07 12:00:00,4.5745754
2009-10-08 12:00:00,4.4738946
2009-10-09 12:00:00,4.084351
2009-10-10 12:00:00,3.384623
2009-10-11 12:00:00,2.8334258
2009-10-12 12:00:00,2.9235425
2009-10-13 12:00:00,3.3603332
2009-10-14 12:00:00,2.8392923
2009-10-15 12:00:00,2.5130684
2009-10-16 12:00:00,2.1654363
2009-10-17 12:00:00,2.9470212
2009-10-18 12:00:00,2.6379352
2009-10-19 12:00:00,3.6408043
2009-10-20 12:00:00,3.8053892
2009-10-21 12:00:00,3.7120657
2009-10-22 12:00:00,3.835711
2009-10-23 12:00:00,3.189136
2009-10-24 12:00:00,3.0776129
2009-10-25 12:00:00,2.081449
2009-10-26 12:00:00,2.8753326
2009-10-27 12:00:00,2.6300035
2009-10-28 12:00:00,4.275291
2009-10-29 12:00:00,4.930732
2009-10-30 12:00:00,4.3289113
2009-10-31 12:00:00,4.891259
2009-11-01 12:00:00,5.1753445
2009-11-02 12:00:00,7.1158614
2009-11-03 12:00:00,7.4034195
2009-11-04 12:00:00,7.3748555
2009-11-05 12:00:00,6.428794
2009-11-06 12:00:00,5.373813
2009-11-07 12:00:00,5.562888
2009-11-08 12:00:00,5.13294
2009-11-09 12:00:00,4.105463
2009-11-10 12:00:00,2.4939485
2009-11-11 12:00:00,2.8768303
2009-11-12 12:00:00,3.8408806
2009-11-13 12:00:00,4.3699956
2009-11-14 12:00:00,3.4417841
2009-11-15 12:00:00,4.3595395
2009-11-16 12:00:00,3.1652887
2009-11-17 12:00:00,2.1922586
2009-11-18 12:00:00,3.303569
2009-11-19 12:00:00,4.4199677
2009-11-20 12:00:00,4.1111207
2009-11-21 12:00:00,3.8200798
2009-11-22 12:00:00,5.131535
2009-11-23 12:00:00,3.9723835
2009-11-24 12:00:00,4.038365
2009-11-25 12:00:00,4.437121
2009-11-26 12:00:00,4.0931773
2009-11-27 12:00:00,4.759366
2009-11-28 12:00:00,4.780875
2009-11-29 12:00:00,4.62029
2009-11-30 12:00:00,4.442524
2009-12-01 12:00:00,4.250478
2009-12-02 12:00:00,4.9619694
2009-12-03 12:00:00,5.423652
2009-12-04 12:00:00,5.4253254
2009-12-05 12:00:00,5.2170224
2009-12-06 12:00:00,4.824202
2009-12-07 12:00:00,5.5872474
2009-12-08 12:00:00,5.7159705
2009-12-09 12:00:00,6.1176286
2009-12-10 12:00:00,6.176502
2009-12-11 12:00:00,7.2649484
2009-12-12 12:00:00,5.9144015
2009-12-13 12:00:00,5.949156
2009-12-14 12:00:00,4.6813684
2009-12-15 12:00:00,5.3299947
2009-12-16 12:00:00,4.4824376
2009-12-17 12:00:00,4.64089
2009-12-18 12:00:00,4.2147903
2009-12-19 12:00:00,5.2386336
2009-12-20 12:00:00,6.290971
2009-12-21 12:00:00,7.017738
2009-12-22 12:00:00,6.6490846
2009-12-23 12:00:00,5.7583203
2009-12-24 12:00:00,6.155905
2009-12-25 12:00:00,5.3572774
2009-12-26 12:00:00,5.5154347
2009-12-27 12:00:00,5.2686343
2009-12-28 12:00:00,4.978099
2009-12-29 12:00:00,5.9042287
2009-12-30 12:00:00,4.101779
2009-12-31 12:00:00,4.87909
2010-01-01 12:00:00,6.6752415
2010-01-02 12:00:00,6.690589
2010-01-03 12:00:00,5.4789805
2010-01-04 12:00:00,4.6436324
2010-01-05 12:00:00,4.9518304
2010-01-06 12:00:00,5.683387
2010-01-07 12:00:00,5.265097
2010-01-08 12:00:00,3.685941
2010-01-09 12:00:00,3.1345105
2010-01-10 12:00:00,3.2623744
2010-01-11 12:00:00,3.82368
2010-01-12 12:00:00,4.3510876
2010-01-13 12:00:00,3.9834208
2010-01-14 12:00:00,4.835478
2010-01-15 12:00:00,5.928262
2010-01-16 12:00:00,6.602846
2010-01-17 12:00:00,6.0652413
2010-01-18 12:00:00,5.511494
2010-01-19 12:00:00,5.105598
2010-01-20 12:00:00,5.2767434
2010-01-21 12:00:00,5.047199
2010-01-22 12:00:00,4.6574154
2010-01-23 12:00:00,4.3694043
2010-01-24 12:00:00,4.2443304
2010-01-25 12:00:00,4.3755703
2010-01-26 12:00:00,5.1661677
2010-01-27 12:00:00,5.923907
2010-01-28 12:00:00,5.6955943
2010-01-29 12:00:00,5.6022983
2010-01-30 12:00:00,5.347457
2010-01-31 12:00:00,5.7487607
2010-02-01 12:00:00,5.6645374
2010-02-02 12:00:00,6.3784738
2010-02-03 12:00:00,5.5986266
2010-02-04 12:00:00,5.2769237
2010-02-05 12:00:00,6.138455
2010-02-06 12:00:00,6.39975
2010-02-07 12:00:00,5.53155
2010-02-08 12:00:00,4.4601283
2010-02-09 12:00:00,4.501088
2010-02-10 12:00:00,4.3250237
2010-02-11 12:00:00,5.2552557
2010-02-12 12:00:00,4.9248476
2010-02-13 12:00:00,4.788728
2010-02-14 12:00:00,3.7741933
2010-02-15 12:00:00,4.3903804
2010-02-16 12:00:00,4.889932
2010-02-17 12:00:00,4.0219903
2010-02-18 12:00:00,3.4225423
2010-02-19 12:00:00,3.5939205
2010-02-20 12:00:00,4.199651
2010-02-21 12:00:00,4.1012993
2010-02-22 12:00:00,4.945339
2010-02-23 12:00:00,2.9515238
2010-02-24 12:00:00,2.687175
2010-02-25 12:00:00,2.7618856
2010-02-26 12:00:00,3.6071608
2010-02-27 12:00:00,4.326914
2010-02-28 12:00:00,3.36244
2010-03-01 12:00:00,3.7558715
2010-03-02 12:00:00,3.7189803
2010-03-03 12:00:00,3.0108333
2010-03-04 12:00:00,2.6238625
2010-03-05 12:00:00,3.384475
2010-03-06 12:00:00,3.8618803
2010-03-07 12:00:00,3.505279
2010-03-08 12:00:00,2.5306342
2010-03-09 12:00:00,2.678511
2010-03-10 12:00:00,3.5113497
2010-03-11 12:00:00,4.6178246
2010-03-12 12:00:00,4.031611
2010-03-13 12:00:00,3.8764105
2010-03-14 12:00:00,3.1885924
2010-03-15 12:00:00,3.1420069
2010-03-16 12:00:00,3.4785054
2010-03-17 12:00:00,4.2088795
2010-03-18 12:00:00,4.6812887
2010-03-19 12:00:00,3.8487172
2010-03-20 12:00:00,2.8059082
2010-03-21 12:00:00,2.78129
2010-03-22 12:00:00,2.65291
2010-03-23 12:00:00,2.9943328
2010-03-24 12:00:00,3.3756275
2010-03-25 12:00:00,3.4927313
2010-03-26 12:00:00,3.1545238
2010-03-27 12:00:00,2.9574351
2010-03-28 12:00:00,2.8483562
2010-03-29 12:00:00,1.9667786
2010-03-30 12:00:00,3.1586335
2010-03-31 12:00:00,3.1386178
2010-04-01 12:00:00,3.207378
2010-04-02 12:00:00,3.1414733
2010-04-03 12:00:00,3.2381325
2010-04-04 12:00:00,2.8802364
2010-04-05 12:00:00,2.681976
2010-04-06 12:00:00,2.4615362
2010-04-07 12:00:00,3.7505097
2010-04-08 12:00:00,2.7632558
2010-04-09 12:00:00,3.1379333
2010-04-10 12:00:00,3.29952
2010-04-11 12:00:00,3.6932013
2010-04-12 12:00:00,3.2810795
2010-04-13 12:00:00,3.4004633
2010-04-14 12:00:00,4.0377903
2010-04-15 12:00:00,3.629112
2010-04-16 12:00:00,2.6517467
2010-04-17 12:00:00,2.7870047
2010-04-18 12:00:00,2.9277506
2010-04-19 12:00:00,3.0784974
2010-04-20 12:00:00,3.5127103
2010-04-21 12:00:00,3.4196026
2010-04-22 12:00:00,2.6690786
2010-04-23 12:00:00,3.0787988
2010-04-24 12:00:00,3.30172
2010-04-25 12:00:00,2.7056265
2010-04-26 12:00:00,2.4914904
2010-04-27 12:00:00,2.1771011
2010-04-28 12:00:00,2.301661
2010-04-29 12:00:00,3.0442066
2010-04-30 12:00:00,2.832041
2010-05-01 12:00:00,2.0276613
2010-05-02 12:00:00,2.3645668
2010-05-03 12:00:00,2.2015977
2010-05-04 12:00:00,2.093201
2010-05-05 12:00:00,3.5221741
2010-05-06 12:00:00,3.4308207
2010-05-07 12:00:00,2.2780027
2010-05-08 12:00:00,2.4422581
2010-05-09 12:00:00,3.839088
2010-05-10 12:00:00,3.5576468
2010-05-11 12:00:00,3.1538296
2010-05-12 12:00:00,3.0757325
2010-05-13 12:00:00,2.3701599
2010-05-14 12:00:00,3.009868
2010-05-15 12:00:00,2.1963725
2010-05-16 12:00:00,3.2431366
2010-05-17 12:00:00,6.752558
2010-05-18 12:00:00,8.324637
2010-05-19 12:00:00,7.0854917
2010-05-20 12:00:00,7.1100354
2010-05-21 12:00:00,6.280306
2010-05-22 12:00:00,6.688791
2010-05-23 12:00:00,6.6671257
2010-05-24 12:00:00,7.9663215
2010-05-25 12:00:00,9.273898
2010-05-26 12:00:00,8.30366
2010-05-27 12:00:00,7.428329
2010-05-28 12:00:00,7.1584816
2010-05-29 12:00:00,6.715968
2010-05-30 12:00:00,5.7995696
2010-05-31 12:00:00,5.4182467
2010-06-01 12:00:00,5.1114683
2010-06-02 12:00:00,5.035997
2010-06-03 12:00:00,5.0819097
2010-06-04 12:00:00,6.1253653
2010-06-05 12:00:00,5.9759183
2010-06-06 12:00:00,7.9200373
2010-06-07 12:00:00,6.2876444
2010-06-08 12:00:00,6.637556
2010-06-09 12:00:00,5.9855766
2010-06-10 12:00:00,7.2209277
2010-06-11 12:00:00,7.3408275
2010-06-12 12:00:00,7.5646486
2010-06-13 12:00:00,6.620361
2010-06-14 12:00:00,6.131504
2010-06-15 12:00:00,5.715913
2010-06-16 12:00:00,5.512921
2010-06-17 12:00:00,7.102126
2010-06-18 12:00:00,6.38658
2010-06-19 12:00:00,5.0300293
2010-06-20 12:00:00,5.6446466
2010-06-21 12:00:00,6.7640767
2010-06-22 12:00:00,8.055948
2010-06-23 12:00:00,9.005245
2010-06-24 12:00:00,7.375397
2010-06-25 12:00:00,6.57696
2010-06-26 12:00:00,6.2025557
2010-06-27 12:00:00,5.6310887
2010-06-28 12:00:00,6.3420587
2010-06-29 12:00:00,6.177112
2010-06-30 12:00:00,7.2516627
2010-07-01 12:00:00,7.9367566
2010-07-02 12:00:00,6.966672
2010-07-03 12:00:00,6.21839
2010-07-04 12:00:00,4.931406
2010-07-05 12:00:00,4.503723
2010-07-06 12:00:00,3.835915
2010-07-07 12:00:00,3.6583054
2010-07-08 12:00:00,4.1691837
2010-07-09 12:00:00,4.613353
2010-07-10 12:00:00,5.5362315
2010-07-11 12:00:00,5.5959177
2010-07-12 12:00:00,6.3494716
2010-07-13 12:00:00,6.2505627
2010-07-14 12:00:00,5.4082146
2010-07-15 12:00:00,4.8738465
2010-07-16 12:00:00,5.664113
2010-07-17 12:00:00,6.1224017
2010-07-18 12:00:00,6.0059786
2010-07-19 12:00:00,7.1854835
2010-07-20 12:00:00,6.662145
2010-07-21 12:00:00,6.43114
2010-07-22 12:00:00,6.0316434
2010-07-23 12:00:00,8.295124
2010-07-24 12:00:00,8.431201
2010-07-25 12:00:00,7.9568357
2010-07-26 12:00:00,6.5687003
2010-07-27 12:00:00,6.601528
2010-07-28 12:00:00,7.3989563
2010-07-29 12:00:00,6.9138803
2010-07-30 12:00:00,6.831595
2010-07-31 12:00:00,5.4097114
2010-08-01 12:00:00,5.42591
2010-08-02 12:00:00,6.705475
2010-08-03 12:00:00,7.8057284
2010-08-04 12:00:00,7.7686024
2010-08-05 12:00:00,6.4729915
2010-08-06 12:00:00,6.5657535
2010-08-07 12:00:00,6.682979
2010-08-08 12:00:00,6.862143
2010-08-09 12:00:00,6.5491295
2010-08-10 12:00:00,5.6966896
2010-08-11 12:00:00,5.6359687
2010-08-12 12:00:00,5.6073904
2010-08-13 12:00:00,4.452595
2010-08-14 12:00:00,4.529111
2010-08-15 12:00:00,5.1729016
2010-08-16 12:00:00,5.5307326
2010-08-17 12:00:00,4.098334
2010-08-18 12:00:00,3.9946806
2010-08-19 12:00:00,3.4477558
2010-08-20 12:00:00,3.9743266
2010-08-21 12:00:00,5.877756
2010-08-22 12:00:00,5.8121343
2010-08-23 12:00:00,6.4126816
2010-08-24 12:00:00,6.8213353
2010-08-25 12:00:00,7.3712335
2010-08-26 12:00:00,6.173395
2010-08-27 12:00:00,6.1441913
2010-08-28 12:00:00,6.734507
2010-08-29 12:00:00,7.5028934
2010-08-30 12:00:00,7.704717
2010-08-31 12:00:00,5.444944
2010-09-01 12:00:00,5.4165835
2010-09-02 12:00:00,5.4946995
2010-09-03 12:00:00,8.06982
2010-09-04 12:00:00,7.3897038
2010-09-05 12:00:00,7.1308584
2010-09-06 12:00:00,6.8259106
2010-09-07 12:00:00,5.794002
2010-09-08 12:00:00,4.975829
2010-09-09 12:00:00,4.7611856
2010-09-10 12:00:00,4.733818
2010-09-11 12:00:00,4.4545584
2010-09-12 12:00:00,4.6475086
2010-09-13 12:00:00,5.4552436
2010-09-14 12:00:00,6.7806587
2010-09-15 12:00:00,6.5490932
2010-09-16 12:00:00,5.5583916
2010-09-17 12:00:00,5.168784
2010-09-18 12:00:00,4.372936
2010-09-19 12:00:00,2.5778224
2010-09-20 12:00:00,2.5231586
2010-09-21 12:00:00,2.6438186
2010-09-22 12:00:00,2.4760358
2010-09-23 12:00:00,2.7797382
2010-09-24 12:00:00,3.1471858
2010-09-25 12:00:00,1.7971953
2010-09-26 12:00:00,2.1944482
2010-09-27 12:00:00,2.3558545
2010-09-28 12:00:00,2.0703166
2010-09-29 12:00:00,1.5129335
2010-09-30 12:00:00,2.0838249
2010-10-01 12:00:00,2.3988183
2010-10-02 12:00:00,2.6891954
2010-10-03 12:00:00,4.048979
2010-10-04 12:00:00,5.608152
2010-10-05 12:00:00,6.965179
2010-10-06 12:00:00,7.4292903
2010-10-07 12:00:00,7.4293575
2010-10-08 12:00:00,7.0919766
2010-10-09 12:00:00,7.206384
2010-10-10 12:00:00,6.8724294
2010-10-11 12:00:00,6.6724496
2010-10-12 12:00:00,7.544619
2010-10-13 12:00:00,7.7471313
2010-10-14 12:00:00,7.571247
2010-10-15 12:00:00,6.7207513
2010-10-16 12:00:00,5.3534374
2010-10-17 12:00:00,4.899348
2010-10-18 12:00:00,4.128869
2010-10-19 12:00:00,3.7746282
2010-10-20 12:00:00,4.3111305
2010-10-21 12:00:00,5.5913305
2010-10-22 12:00:00,5.6070695
2010-10-23 12:00:00,4.4904547
2010-10-24 12:00:00,3.4034617
2010-10-25 12:00:00,2.6113675
2010-10-26 12:00:00,1.7625095
2010-10-27 12:00:00,2.7173216
2010-10-28 12:00:00,3.6524677
2010-10-29 12:00:00,5.299811
2010-10-30 12:00:00,5.33818
2010-10-31 12:00:00,4.3595076
2010-11-01 12:00:00,3.9531624
2010-11-02 12:00:00,3.858758
2010-11-03 12:00:00,5.769306
2010-11-04 12:00:00,7.0339837
2010-11-05 12:00:00,8.426179
2010-11-06 12:00:00,8.741458
2010-11-07 12:00:00,5.6305237
2010-11-08 12:00:00,3.8881264
2010-11-09 12:00:00,4.4284563
2010-11-10 12:00:00,3.6677864
2010-11-11 12:00:00,3.0944598
2010-11-12 12:00:00,3.1268868
2010-11-13 12:00:00,3.6895783
2010-11-14 12:00:00,4.5099277
2010-11-15 12:00:00,4.5172644
2010-11-16 12:00:00,4.5542893
2010-11-17 12:00:00,4.4342136
2010-11-18 12:00:00,4.615916
2010-11-19 12:00:00,3.750669
2010-11-20 12:00:00,4.030317
2010-11-21 12:00:00,3.1113598
2010-11-22 12:00:00,4.6297927
2010-11-23 12:00:00,4.3817635
2010-11-24 12:00:00,5.1078334
2010-11-25 12:00:00,4.916186
2010-11-26 12:00:00,5.5618906
2010-11-27 12:00:00,4.5649652
2010-11-28 12:00:00,5.5307455
2010-11-29 12:00:00,5.7845616
2010-11-30 12:00:00,6.258167
2010-12-01 12:00:00,5.6654267
2010-12-02 12:00:00,7.228889
2010-12-03 12:00:00,7.197533
2010-12-04 12:00:00,7.34685
2010-12-05 12:00:00,7.351629
2010-12-06 12:00:00,6.4871345
2010-12-07 12:00:00,5.4292593
2010-12-08 12:00:00,4.3395276
2010-12-09 12:00:00,4.943269
2010-12-10 12:00:00,5.2908225
2010-12-11 12:00:00,4.692466
2010-12-12 12:00:00,3.486968
2010-12-13 12:00:00,3.8855605
2010-12-14 12:00:00,3.5142648
2010-12-15 12:00:00,4.537709
2010-12-16 12:00:00,4.076392
2010-12-17 12:00:00,4.6509943
2010-12-18 12:00:00,4.3893023
2010-12-19 12:00:00,5.480201
2010-12-20 12:00:00,4.5225263
2010-12-21 12:00:00,5.140285
2010-12-22 12:00:00,4.844149
2010-12-23 12:00:00,4.508202
2010-12-24 12:00:00,4.3729753
2010-12-25 12:00:00,5.6941805
2010-12-26 12:00:00,5.8235126
2010-12-27 12:00:00,5.8539195
2010-12-28 12:00:00,6.560064
2010-12-29 12:00:00,5.745927
2010-12-30 12:00:00,5.051504
2010-12-31 12:00:00,3.987359
2011-01-01 12:00:00,4.587282
2011-01-02 12:00:00,5.6050158
2011-01-03 12:00:00,6.748399
2011-01-04 12:00:00,6.648524
2011-01-05 12:00:00,5.853329
2011-01-06 12:00:00,6.6768656
2011-01-07 12:00:00,6.5317707
2011-01-08 12:00:00,6.2189355
2011-01-09 12:00:00,4.4869566
2011-01-10 12:00:00,3.578164
2011-01-11 12:00:00,4.7062964
2011-01-12 12:00:00,5.152379
2011-01-13 12:00:00,5.405152
2011-01-14 12:00:00,5.6129627
2011-01-15 12:00:00,5.908459
2011-01-16 12:00:00,3.679029
2011-01-17 12:00:00,2.8896134
2011-01-18 12:00:00,3.5212574
2011-01-19 12:00:00,2.932952
2011-01-20 12:00:00,4.78994
2011-01-21 12:00:00,5.901407
2011-01-22 12:00:00,5.879717
2011-01-23 12:00:00,6.2298603
2011-01-24 12:00:00,6.0326934
2011-01-25 12:00:00,6.410054
2011-01-26 12:00:00,6.3402424
2011-01-27 12:00:00,5.9219904
2011-01-28 12:00:00,5.933028
2011-01-29 12:00:00,6.0809493
2011-01-30 12:00:00,5.9578304
2011-01-31 12:00:00,5.922328
2011-02-01 12:00:00,6.3519535
2011-02-02 12:00:00,6.6020584
2011-02-03 12:00:00,5.8179097
2011-02-04 12:00:00,5.1845207
2011-02-05 12:00:00,5.4978724
2011-02-06 12:00:00,5.017083
2011-02-07 12:00:00,4.360408
2011-02-08 12:00:00,4.9503055
2011-02-09 12:00:00,4.9015827
2011-02-10 12:00:00,4.788995
2011-02-11 12:00:00,5.178184
2011-02-12 12:00:00,4.8659477
2011-02-13 12:00:00,4.208032
2011-02-14 12:00:00,3.885973
2011-02-15 12:00:00,3.861023
2011-02-16 12:00:00,3.006613
2011-02-17 12:00:00,2.4757485
2011-02-18 12:00:00,2.9588835
2011-02-19 12:00:00,3.6745627
2011-02-20 12:00:00,3.6747785
2011-02-21 12:00:00,3.306793
2011-02-22 12:00:00,4.6462655
2011-02-23 12:00:00,5.2456565
2011-02-24 12:00:00,4.539671
2011-02-25 12:00:00,4.1389313
2011-02-26 12:00:00,4.181021
2011-02-27 12:00:00,4.764112
2011-02-28 12:00:00,5.8208814
2011-03-01 12:00:00,4.9377284
2011-03-02 12:00:00,4.1714873
2011-03-03 12:00:00,3.179892
2011-03-04 12:00:00,3.197813
2011-03-05 12:00:00,3.0078406
2011-03-06 12:00:00,3.1686563
2011-03-07 12:00:00,3.11073
2011-03-08 12:00:00,3.3168893
2011-03-09 12:00:00,3.3052478
2011-03-10 12:00:00,3.8368597
2011-03-11 12:00:00,4.257362
2011-03-12 12:00:00,5.0245895
2011-03-13 12:00:00,4.8185062
2011-03-14 12:00:00,4.289021
2011-03-15 12:00:00,3.978913
2011-03-16 12:00:00,5.9967937
2011-03-17 12:00:00,5.423401
2011-03-18 12:00:00,4.131763
2011-03-19 12:00:00,2.3551047
2011-03-20 12:00:00,2.334537
2011-03-21 12:00:00,2.4558625
2011-03-22 12:00:00,2.513968
2011-03-23 12:00:00,3.5550196
2011-03-24 12:00:00,2.3066049
2011-03-25 12:00:00,3.0530496
2011-03-26 12:00:00,3.1546972
2011-03-27 12:00:00,4.245894
2011-03-28 12:00:00,4.4770765
2011-03-29 12:00:00,4.697579
2011-03-30 12:00:00,4.131603
2011-03-31 12:00:00,2.9034946
2011-04-01 12:00:00,2.9261475
2011-04-02 12:00:00,3.0385752
2011-04-03 12:00:00,3.0777235
2011-04-04 12:00:00,2.601581
2011-04-05 12:00:00,2.5593708
2011-04-06 12:00:00,2.440695
2011-04-07 12:00:00,2.4950953
2011-04-08 12:00:00,1.7721223
2011-04-09 12:00:00,2.77957
2011-04-10 12:00:00,3.0699904
2011-04-11 12:00:00,2.801776
2011-04-12 12:00:00,1.9400476
2011-04-13 12:00:00,2.2843573
2011-04-14 12:00:00,2.10434
2011-04-15 12:00:00,2.7631986
2011-04-16 12:00:00,2.7985253
2011-04-17 12:00:00,2.0626743
2011-04-18 12:00:00,2.473375
2011-04-19 12:00:00,2.4285975
2011-04-20 12:00:00,2.1838794
2011-04-21 12:00:00,2.5557618
2011-04-22 12:00:00,2.4146783
2011-04-23 12:00:00,2.379775
2011-04-24 12:00:00,2.2350652
2011-04-25 12:00:00,2.9684248
2011-04-26 12:00:00,2.0127645
2011-04-27 12:00:00,1.9249277
2011-04-28 12:00:00,3.8452678
2011-04-29 12:00:00,2.6525981
2011-04-30 12:00:00,3.8754053
2011-05-01 12:00:00,3.9105413
2011-05-02 12:00:00,4.5691285
2011-05-03 12:00:00,3.904918
2011-05-04 12:00:00,3.8430357
2011-05-05 12:00:00,3.9976535
2011-05-06 12:00:00,4.7193313
2011-05-07 12:00:00,6.054282
2011-05-08 12:00:00,7.5439267
2011-05-09 12:00:00,8.065469
2011-05-10 12:00:00,7.5298147
2011-05-11 12:00:00,6.4754934
2011-05-12 12:00:00,5.856412
2011-05-13 12:00:00,5.604217
2011-05-14 12:00:00,5.2037983
2011-05-15 12:00:00,4.0810695
2011-05-16 12:00:00,2.9038105
2011-05-17 12:00:00,2.7897787
2011-05-18 12:00:00,3.9744298
2011-05-19 12:00:00,5.328921
2011-05-20 12:00:00,5.7808084
2011-05-21 12:00:00,6.278354
2011-05-22 12:00:00,5.7443967
2011-05-23 12:00:00,5.396057
2011-05-24 12:00:00,5.449981
2011-05-25 12:00:00,5.1293693
2011-05-26 12:00:00,4.4437504
2011-05-27 12:00:00,5.1651506
2011-05-28 12:00:00,5.705168
2011-05-29 12:00:00,6.3330903
2011-05-30 12:00:00,6.498856
2011-05-31 12:00:00,6.2135606
2011-06-01 12:00:00,6.880326
2011-06-02 12:00:00,6.08438
2011-06-03 12:00:00,6.017502
2011-06-04 12:00:00,5.4817033
2011-06-05 12:00:00,6.4194317
2011-06-06 12:00:00,6.396784
2011-06-07 12:00:00,6.822115
2011-06-08 12:00:00,6.6869597
2011-06-09 12:00:00,7.6970263
2011-06-10 12:00:00,8.566272
2011-06-11 12:00:00,7.535155
2011-06-12 12:00:00,8.482355
2011-06-13 12:00:00,8.792985
2011-06-14 12:00:00,9.739627
2011-06-15 12:00:00,9.478595
2011-06-16 12:00:00,8.907569
2011-06-17 12:00:00,8.900717
2011-06-18 12:00:00,8.647724
2011-06-19 12:00:00,7.9508567
2011-06-20 12:00:00,7.6143074
2011-06-21 12:00:00,6.4510922
2011-06-22 12:00:00,7.1450086
2011-06-23 12:00:00,6.906628
2011-06-24 12:00:00,7.0712004
2011-06-25 12:00:00,7.042875
2011-06-26 12:00:00,7.0336165
2011-06-27 12:00:00,6.38915
2011-06-28 12:00:00,5.4534783
2011-06-29 12:00:00,5.4951544
2011-06-30 12:00:00,4.7807503
2011-07-01 12:00:00,5.590134
2011-07-02 12:00:00,5.3302045
2011-07-03 12:00:00,6.0792575
2011-07-04 12:00:00,4.8772273
2011-07-05 12:00:00,5.9406047
2011-07-06 12:00:00,6.1604834
2011-07-07 12:00:00,5.1632705
2011-07-08 12:00:00,4.694733
2011-07-09 12:00:00,5.398092
2011-07-10 12:00:00,5.8711004
2011-07-11 12:00:00,6.9764214
2011-07-12 12:00:00,7.7296658
2011-07-13 12:00:00,7.8847857
2011-07-14 12:00:00,7.617657
2011-07-15 12:00:00,7.7242894
2011-07-16 12:00:00,8.0368805
2011-07-17 12:00:00,7.261218
2011-07-18 12:00:00,6.8980217
2011-07-19 12:00:00,7.7597833
2011-07-20 12:00:00,9.000762
2011-07-21 12:00:00,8.506587
2011-07-22 12:00:00,7.004361
2011-07-23 12:00:00,6.504119
2011-07-24 12:00:00,5.9645286
2011-07-25 12:00:00,5.3104196
2011-07-26 12:00:00,5.3612084
2011-07-27 12:00:00,6.1088214
2011-07-28 12:00:00,6.37396
2011-07-29 12:00:00,8.347069
2011-07-30 12:00:00,8.842864
2011-07-31 12:00:00,9.028216
2011-08-01 12:00:00,8.170621
2011-08-02 12:00:00,8.775238
2011-08-03 12:00:00,7.7879934
2011-08-04 12:00:00,7.226358
2011-08-05 12:00:00,7.334017
2011-08-06 12:00:00,7.34969
2011-08-07 12:00:00,6.9015136
2011-08-08 12:00:00,6.782139
2011-08-09 12:00:00,6.1306357
2011-08-10 12:00:00,6.314962
2011-08-11 12:00:00,6.4047136
2011-08-12 12:00:00,6.0068545
2011-08-13 12:00:00,4.5182614
2011-08-14 12:00:00,3.7380471
2011-08-15 12:00:00,4.078863
2011-08-16 12:00:00,4.6113544
2011-08-17 12:00:00,5.505134
2011-08-18 12:00:00,5.910113
2011-08-19 12:00:00,5.556772
2011-08-20 12:00:00,5.5069175
2011-08-21 12:00:00,5.3646846
2011-08-22 12:00:00,5.751175
2011-08-23 12:00:00,6.5738993
2011-08-24 12:00:00,7.6229196
2011-08-25 12:00:00,6.8950424
2011-08-26 12:00:00,7.9716063
2011-08-27 12:00:00,8.546987
2011-08-28 12:00:00,8.793456
2011-08-29 12:00:00,8.486469
2011-08-30 12:00:00,7.1170177
2011-08-31 12:00:00,6.970408
2011-09-01 12:00:00,7.271206
2011-09-02 12:00:00,6.85837
2011-09-03 12:00:00,6.6250534
2011-09-04 12:00:00,6.4289308
2011-09-05 12:00:00,6.269444
2011-09-06 12:00:00,6.3459053
2011-09-07 12:00:00,6.607123
2011-09-08 12:00:00,6.7376585
2011-09-09 12:00:00,5.9927287
2011-09-10 12:00:00,6.926087
2011-09-11 12:00:00,7.09052
2011-09-12 12:00:00,7.8694673
2011-09-13 12:00:00,7.2492843
2011-09-14 12:00:00,6.8186965
2011-09-15 12:00:00,6.702918
2011-09-16 12:00:00,6.5667973
2011-09-17 12:00:00,7.192335
2011-09-18 12:00:00,7.294294
2011-09-19 12:00:00,7.650186
2011-09-20 12:00:00,8.065346
2011-09-21 12:00:00,7.7286577
2011-09-22 12:00:00,7.079036
2011-09-23 12:00:00,6.5920076
2011-09-24 12:00:00,5.7936163
2011-09-25 12:00:00,5.3759255
2011-09-26 12:00:00,5.5417867
2011-09-27 12:00:00,5.6774697
2011-09-28 12:00:00,5.7626348
2011-09-29 12:00:00,5.8661304
2011-09-30 12:00:00,5.793576
2011-10-01 12:00:00,5.79021
2011-10-02 12:00:00,5.6873055
2011-10-03 12:00:00,4.8955264
2011-10-04 12:00:00,4.151066
2011-10-05 12:00:00,3.1568851
2011-10-06 12:00:00,3.0354278
2011-10-07 12:00:00,3.113231
2011-10-08 12:00:00,3.522932
2011-10-09 12:00:00,2.6509514
2011-10-10 12:00:00,2.3668041
2011-10-11 12:00:00,3.0470235
2011-10-12 12:00:00,3.3829312
2011-10-13 12:00:00,3.4761336
2011-10-14 12:00:00,3.7766583
2011-10-15 12:00:00,3.3938317
2011-10-16 12:00:00,3.0548854
2011-10-17 12:00:00,3.2836244
2011-10-18 12:00:00,3.6166828
2011-10-19 12:00:00,2.511929
2011-10-20 12:00:00,2.5555964
2011-10-21 12:00:00,3.4891791
2011-10-22 12:00:00,2.7663314
2011-10-23 12:00:00,4.234991
2011-10-24 12:00:00,4.375116
2011-10-25 12:00:00,3.4660535
2011-10-26 12:00:00,4.275706
2011-10-27 12:00:00,4.697468
2011-10-28 12:00:00,5.74752
2011-10-29 12:00:00,4.8507957
2011-10-30 12:00:00,4.757555
2011-10-31 12:00:00,4.188656
2011-11-01 12:00:00,3.9028344
2011-11-02 12:00:00,2.969133
2011-11-03 12:00:00,2.8603978
2011-11-04 12:00:00,2.562383
2011-11-05 12:00:00,2.4250774
2011-11-06 12:00:00,3.3303044
2011-11-07 12:00:00,4.011114
2011-11-08 12:00:00,4.123126
2011-11-09 12:00:00,3.721299
2011-11-10 12:00:00,3.078377
2011-11-11 12:00:00,3.3740356
2011-11-12 12:00:00,3.30156
2011-11-13 12:00:00,3.8187916
2011-11-14 12:00:00,3.930477
2011-11-15 12:00:00,4.5602098
2011-11-16 12:00:00,2.8753147
2011-11-17 12:00:00,4.6550837
2011-11-18 12:00:00,5.234934
2011-11-19 12:00:00,5.937451
2011-11-20 12:00:00,5.965765
2011-11-21 12:00:00,6.9566555
2011-11-22 12:00:00,6.957748
2011-11-23 12:00:00,7.7176776
2011-11-24 12:00:00,7.898832
2011-11-25 12:00:00,7.5581446
2011-11-26 12:00:00,5.545179
2011-11-27 12:00:00,5.379135
2011-11-28 12:00:00,4.0921617
2011-11-29 12:00:00,5.2654285
2011-11-30 12:00:00,4.190787
2011-12-01 12:00:00,3.796667
2011-12-02 12:00:00,3.956608
2011-12-03 12:00:00,3.1953292
2011-12-04 12:00:00,3.0926013
2011-12-05 12:00:00,3.7330463
2011-12-06 12:00:00,4.782553
2011-12-07 12:00:00,5.1020565
2011-12-08 12:00:00,4.6784005
2011-12-09 12:00:00,5.3716283
2011-12-10 12:00:00,5.725054
2011-12-11 12:00:00,5.584252
2011-12-12 12:00:00,5.788
2011-12-13 12:00:00,5.7815685
2011-12-14 12:00:00,6.7176437
2011-12-15 12:00:00,6.9216447
2011-12-16 12:00:00,6.4546075
2011-12-17 12:00:00,7.2565637
2011-12-18 12:00:00,7.27493
2011-12-19 12:00:00,7.210417
2011-12-20 12:00:00,6.5341263
2011-12-21 12:00:00,7.238345
2011-12-22 12:00:00,7.077227
2011-12-23 12:00:00,7.190742
2011-12-24 12:00:00,8.6736555
2011-12-25 12:00:00,10.360895
2011-12-26 12:00:00,10.5865965
2011-12-27 12:00:00,9.793789
2011-12-28 12:00:00,7.982281
2011-12-29 12:00:00,6.7819967
2011-12-30 12:00:00,5.0637417
2011-12-31 12:00:00,4.911471
2012-01-01 12:00:00,4.0404396
2012-01-02 12:00:00,4.1519365
2012-01-03 12:00:00,4.258539
2012-01-04 12:00:00,4.8053727
2012-01-05 12:00:00,4.488613
2012-01-06 12:00:00,4.8252788
2012-01-07 12:00:00,4.282514
2012-01-08 12:00:00,5.723552
2012-01-09 12:00:00,5.451186
2012-01-10 12:00:00,4.403575
2012-01-11 12:00:00,5.118584
2012-01-12 12:00:00,5.328914
2012-01-13 12:00:00,7.218184
2012-01-14 12:00:00,7.4874706
2012-01-15 12:00:00,6.2854905
2012-01-16 12:00:00,4.8691683
2012-01-17 12:00:00,4.058758
2012-01-18 12:00:00,3.3233683
2012-01-19 12:00:00,2.8736339
2012-01-20 12:00:00,3.3527083
2012-01-21 12:00:00,4.4032927
2012-01-22 12:00:00,5.683527
2012-01-23 12:00:00,5.4440513
2012-01-24 12:00:00,5.346925
2012-01-25 12:00:00,5.317565
2012-01-26 12:00:00,5.642514
2012-01-27 12:00:00,4.856409
2012-01-28 12:00:00,5.158165
2012-01-29 12:00:00,5.266003
2012-01-30 12:00:00,5.859267
2012-01-31 12:00:00,6.3192773
2012-02-01 12:00:00,6.187999
2012-02-02 12:00:00,6.477758
2012-02-03 12:00:00,6.2438374
2012-02-04 12:00:00,4.718848
2012-02-05 12:00:00,4.537402
2012-02-06 12:00:00,4.9448533
2012-02-07 12:00:00,4.637911
2012-02-08 12:00:00,3.5047336
2012-02-09 12:00:00,3.426564
2012-02-10 12:00:00,4.0461273
2012-02-11 12:00:00,4.9613886
2012-02-12 12:00:00,4.65083
2012-02-13 12:00:00,5.029292
2012-02-14 12:00:00,4.2953973
2012-02-15 12:00:00,4.064116
2012-02-16 12:00:00,4.104741
2012-02-17 12:00:00,3.6495512
2012-02-18 12:00:00,4.060831
2012-02-19 12:00:00,3.9670405
2012-02-20 12:00:00,4.417893
2012-02-21 12:00:00,4.8263597
2012-02-22 12:00:00,4.144907
2012-02-23 12:00:00,4.842965
2012-02-24 12:00:00,4.6458273
2012-02-25 12:00:00,4.8853326
2012-02-26 12:00:00,3.8497233
2012-02-27 12:00:00,2.70656
2012-02-28 12:00:00,2.41289
2012-02-29 12:00:00,2.5432782
2012-03-01 12:00:00,3.3037322
2012-03-02 12:00:00,3.4639494
2012-03-03 12:00:00,3.494125
2012-03-04 12:00:00,3.2582905
2012-03-05 12:00:00,3.200121
2012-03-06 12:00:00,3.8832464
2012-03-07 12:00:00,2.584856
2012-03-08 12:00:00,2.6502311
2012-03-09 12:00:00,2.6673439
2012-03-10 12:00:00,3.2050707
2012-03-11 12:00:00,3.9024148
2012-03-12 12:00:00,3.543217
2012-03-13 12:00:00,3.4945788
2012-03-14 12:00:00,3.181648
2012-03-15 12:00:00,3.2049177
2012-03-16 12:00:00,3.9903607
2012-03-17 12:00:00,3.3049173
2012-03-18 12:00:00,2.3967602
2012-03-19 12:00:00,2.935491
2012-03-20 12:00:00,3.0514455
2012-03-21 12:00:00,2.9305289
2012-03-22 12:00:00,2.936398
2012-03-23 12:00:00,2.442627
2012-03-24 12:00:00,2.4255207
2012-03-25 12:00:00,2.3452234
2012-03-26 12:00:00,2.5785549
2012-03-27 12:00:00,2.4692247
2012-03-28 12:00:00,2.5479884
2012-03-29 12:00:00,2.5606608
2012-03-30 12:00:00,2.9385765
2012-03-31 12:00:00,3.1539266
2012-04-01 12:00:00,2.6658993
2012-04-02 12:00:00,1.717882
2012-04-03 12:00:00,2.1679127
2012-04-04 12:00:00,2.922979
2012-04-05 12:00:00,2.003568
2012-04-06 12:00:00,2.2193096
2012-04-07 12:00:00,2.153073
2012-04-08 12:00:00,2.7823675
2012-04-09 12:00:00,2.6151025
2012-04-10 12:00:00,2.6325667
2012-04-11 12:00:00,3.0403626
2012-04-12 12:00:00,2.6014044
2012-04-13 12:00:00,2.7826161
2012-04-14 12:00:00,3.0969222
2012-04-15 12:00:00,2.5599008
2012-04-16 12:00:00,2.1751351
2012-04-17 12:00:00,2.0975537
2012-04-18 12:00:00,2.1947122
2012-04-19 12:00:00,2.0014253
2012-04-20 12:00:00,2.8847136
2012-04-21 12:00:00,2.8059797
2012-04-22 12:00:00,3.9943027
2012-04-23 12:00:00,4.2387867
2012-04-24 12:00:00,3.8361037
2012-04-25 12:00:00,3.6836445
2012-04-26 12:00:00,3.9627376
2012-04-27 12:00:00,4.6744766
2012-04-28 12:00:00,4.6360354
2012-04-29 12:00:00,5.327984
2012-04-30 12:00:00,4.4895806
2012-05-01 12:00:00,5.4495554
2012-05-02 12:00:00,5.335949
2012-05-03 12:00:00,5.440834
2012-05-04 12:00:00,6.4352756
2012-05-05 12:00:00,5.948518
2012-05-06 12:00:00,4.8566008
2012-05-07 12:00:00,4.669562
2012-05-08 12:00:00,4.5787263
2012-05-09 12:00:00,4.5491652
2012-05-10 12:00:00,3.9957545
2012-05-11 12:00:00,4.6613693
2012-05-12 12:00:00,5.596791
2012-05-13 12:00:00,5.004908
2012-05-14 12:00:00,5.6798363
2012-05-15 12:00:00,6.1911526
2012-05-16 12:00:00,5.5541987
2012-05-17 12:00:00,5.58155
2012-05-18 12:00:00,5.3120766
2012-05-19 12:00:00,5.7711864
2012-05-20 12:00:00,5.1150107
2012-05-21 12:00:00,6.133372
2012-05-22 12:00:00,6.431476
2012-05-23 12:00:00,7.055479
2012-05-24 12:00:00,7.352874
2012-05-25 12:00:00,7.34746
2012-05-26 12:00:00,8.050587
2012-05-27 12:00:00,8.20914
2012-05-28 12:00:00,8.945107
2012-05-29 12:00:00,8.665326
2012-05-30 12:00:00,8.950947
2012-05-31 12:00:00,8.662787
2012-06-01 12:00:00,8.410745
2012-06-02 12:00:00,7.817038
2012-06-03 12:00:00,8.5687065
2012-06-04 12:00:00,8.547924
2012-06-05 12:00:00,8.197347
2012-06-06 12:00:00,8.098862
2012-06-07 12:00:00,7.8190203
2012-06-08 12:00:00,7.57065
2012-06-09 12:00:00,7.701041
2012-06-10 12:00:00,8.456059
2012-06-11 12:00:00,8.351462
2012-06-12 12:00:00,8.607045
2012-06-13 12:00:00,7.322886
2012-06-14 12:00:00,7.415497
2012-06-15 12:00:00,7.5663886
2012-06-16 12:00:00,8.872245
2012-06-17 12:00:00,10.045393
2012-06-18 12:00:00,9.685585
2012-06-19 12:00:00,10.034409
2012-06-20 12:00:00,9.822131
2012-06-21 12:00:00,8.813425
2012-06-22 12:00:00,6.968903
2012-06-23 12:00:00,7.152449
2012-06-24 12:00:00,7.505772
2012-06-25 12:00:00,7.228227
2012-06-26 12:00:00,7.5023375
2012-06-27 12:00:00,7.366045
2012-06-28 12:00:00,7.6403656
2012-06-29 12:00:00,8.034899
2012-06-30 12:00:00,7.9226217
2012-07-01 12:00:00,8.514303
2012-07-02 12:00:00,7.4516435
2012-07-03 12:00:00,7.9672227
2012-07-04 12:00:00,6.893703
2012-07-05 12:00:00,5.923295
2012-07-06 12:00:00,6.4801555
2012-07-07 12:00:00,5.844478
2012-07-08 12:00:00,6.3868976
2012-07-09 12:00:00,5.224123
2012-07-10 12:00:00,5.2827225
2012-07-11 12:00:00,3.5456123
2012-07-12 12:00:00,4.2565107
2012-07-13 12:00:00,4.9724374
2012-07-14 12:00:00,5.1019797
2012-07-15 12:00:00,5.634778
2012-07-16 12:00:00,5.3199983
2012-07-17 12:00:00,7.3168902
2012-07-18 12:00:00,8.372878
2012-07-19 12:00:00,7.735184
2012-07-20 12:00:00,7.2580695
2012-07-21 12:00:00,7.0660353
2012-07-22 12:00:00,6.907019
2012-07-23 12:00:00,7.0754576
2012-07-24 12:00:00,6.965107
2012-07-25 12:00:00,7.03793
2012-07-26 12:00:00,7.671667
2012-07-27 12:00:00,7.347362
2012-07-28 12:00:00,7.750266
2012-07-29 12:00:00,7.8839664
2012-07-30 12:00:00,8.29546
2012-07-31 12:00:00,8.378669
2012-08-01 12:00:00,8.290947
2012-08-02 12:00:00,9.127991
2012-08-03 12:00:00,9.272278
2012-08-04 12:00:00,8.283971
2012-08-05 12:00:00,7.8200417
2012-08-06 12:00:00,7.7654257
2012-08-07 12:00:00,7.6892395
2012-08-08 12:00:00,7.437946
2012-08-09 12:00:00,7.877945
2012-08-10 12:00:00,7.986714
2012-08-11 12:00:00,7.3403444
2012-08-12 12:00:00,6.640977
2012-08-13 12:00:00,6.349869
2012-08-14 12:00:00,6.860076
2012-08-15 12:00:00,6.708426
2012-08-16 12:00:00,6.930148
2012-08-17 12:00:00,7.128299
2012-08-18 12:00:00,7.068785
2012-08-19 12:00:00,5.6910853
2012-08-20 12:00:00,5.465517
2012-08-21 12:00:00,6.2531786
2012-08-22 12:00:00,5.022126
2012-08-23 12:00:00,5.8383045
2012-08-24 12:00:00,6.688825
2012-08-25 12:00:00,6.8819246
2012-08-26 12:00:00,7.2536883
2012-08-27 12:00:00,7.2767253
2012-08-28 12:00:00,7.628838
2012-08-29 12:00:00,7.989113
2012-08-30 12:00:00,7.2151413
2012-08-31 12:00:00,6.943675
2012-09-01 12:00:00,7.5569763
2012-09-02 12:00:00,7.345967
2012-09-03 12:00:00,7.1169314
2012-09-04 12:00:00,7.1806736
2012-09-05 12:00:00,5.6146317
2012-09-06 12:00:00,6.4162993
2012-09-07 12:00:00,7.5438395
2012-09-08 12:00:00,7.043218
2012-09-09 12:00:00,6.618216
2012-09-10 12:00:00,5.651768
2012-09-11 12:00:00,5.439803
2012-09-12 12:00:00,5.863974
2012-09-13 12:00:00,6.8746095
2012-09-14 12:00:00,7.4485636
2012-09-15 12:00:00,7.701749
2012-09-16 12:00:00,6.2334404
2012-09-17 12:00:00,5.1591806
2012-09-18 12:00:00,5.053789
2012-09-19 12:00:00,5.750327
2012-09-20 12:00:00,5.6500516
2012-09-21 12:00:00,5.4151697
2012-09-22 12:00:00,5.3324676
2012-09-23 12:00:00,5.8507886
2012-09-24 12:00:00,6.134855
2012-09-25 12:00:00,4.716197
2012-09-26 12:00:00,5.2457385
2012-09-27 12:00:00,5.3015714
2012-09-28 12:00:00,6.3627753
2012-09-29 12:00:00,6.250477
2012-09-30 12:00:00,6.58862
2012-10-01 12:00:00,5.403208
2012-10-02 12:00:00,4.9382706
2012-10-03 12:00:00,5.524625
2012-10-04 12:00:00,5.5472445
2012-10-05 12:00:00,5.285705
2012-10-06 12:00:00,4.7507253
2012-10-07 12:00:00,4.123085
2012-10-08 12:00:00,3.204967
2012-10-09 12:00:00,4.1144056
2012-10-10 12:00:00,3.3809583
2012-10-11 12:00:00,3.0440402
2012-10-12 12:00:00,3.1685255
2012-10-13 12:00:00,3.1726668
2012-10-14 12:00:00,3.1499743
2012-10-15 12:00:00,2.3433962
2012-10-16 12:00:00,2.6207433
2012-10-17 12:00:00,3.0710986
2012-10-18 12:00:00,4.2811456
2012-10-19 12:00:00,4.078827
2012-10-20 12:00:00,4.1270623
2012-10-21 12:00:00,4.819132
2012-10-22 12:00:00,3.907453
2012-10-23 12:00:00,4.5370493
2012-10-24 12:00:00,3.2337193
2012-10-25 12:00:00,4.053808
2012-10-26 12:00:00,4.504143
2012-10-27 12:00:00,5.4082932
2012-10-28 12:00:00,5.3942037
2012-10-29 12:00:00,5.4462166
2012-10-30 12:00:00,6.3418536
2012-10-31 12:00:00,5.758111
2012-11-01 12:00:00,3.7556515
2012-11-02 12:00:00,4.014213
2012-11-03 12:00:00,2.7110226
2012-11-04 12:00:00,2.1512904
2012-11-05 12:00:00,1.6026229
2012-11-06 12:00:00,2.6399949
2012-11-07 12:00:00,3.1423948
2012-11-08 12:00:00,2.0113308
2012-11-09 12:00:00,3.2063556
2012-11-10 12:00:00,3.5561464
2012-11-11 12:00:00,3.9831917
2012-11-12 12:00:00,4.779471
2012-11-13 12:00:00,5.0848055
2012-11-14 12:00:00,5.2184772
2012-11-15 12:00:00,5.7758865
2012-11-16 12:00:00,5.5447516
2012-11-17 12:00:00,4.8697596
2012-11-18 12:00:00,4.0164213
2012-11-19 12:00:00,3.6099145
2012-11-20 12:00:00,3.2102058
2012-11-21 12:00:00,3.0037115
2012-11-22 12:00:00,2.7225919
2012-11-23 12:00:00,3.604595
2012-11-24 12:00:00,3.242667
2012-11-25 12:00:00,3.6740322
2012-11-26 12:00:00,4.985302
2012-11-27 12:00:00,5.5683513
2012-11-28 12:00:00,6.4299803
2012-11-29 12:00:00,5.870999
2012-11-30 12:00:00,5.0360007
2012-12-01 12:00:00,4.6185727
2012-12-02 12:00:00,4.092404
2012-12-03 12:00:00,4.9224663
2012-12-04 12:00:00,4.6300178
2012-12-05 12:00:00,5.2762837
2012-12-06 12:00:00,5.0193925
2012-12-07 12:00:00,4.234127
2012-12-08 12:00:00,3.918609
2012-12-09 12:00:00,2.9639692
2012-12-10 12:00:00,3.4376726
2012-12-11 12:00:00,2.9314628
2012-12-12 12:00:00,4.0399923
2012-12-13 12:00:00,4.73211
2012-12-14 12:00:00,6.9866533
2012-12-15 12:00:00,6.4294257
2012-12-16 12:00:00,7.5044017
2012-12-17 12:00:00,6.972779
2012-12-18 12:00:00,5.8887324
2012-12-19 12:00:00,5.68353
2012-12-20 12:00:00,5.862669
2012-12-21 12:00:00,6.374944
2012-12-22 12:00:00,6.117849
2012-12-23 12:00:00,5.99477
2012-12-24 12:00:00,6.2565126
2012-12-25 12:00:00,5.749581
2012-12-26 12:00:00,5.5732327
2012-12-27 12:00:00,5.9012523
2012-12-28 12:00:00,5.1826825
2012-12-29 12:00:00,6.129154
2012-12-30 12:00:00,5.520166
2012-12-31 12:00:00,5.3953276
2013-01-01 12:00:00,6.443422
2013-01-02 12:00:00,5.4462304
2013-01-03 12:00:00,5.2998223
2013-01-04 12:00:00,5.7132707
2013-01-05 12:00:00,5.5421925
2013-01-06 12:00:00,5.301365
2013-01-07 12:00:00,4.283593
2013-01-08 12:00:00,4.29785
2013-01-09 12:00:00,5.7121086
2013-01-10 12:00:00,5.8635497
2013-01-11 12:00:00,5.399379
2013-01-12 12:00:00,5.43828
2013-01-13 12:00:00,4.8667088
2013-01-14 12:00:00,4.9528165
2013-01-15 12:00:00,5.049683
2013-01-16 12:00:00,5.866471
2013-01-17 12:00:00,4.964504
2013-01-18 12:00:00,5.73659
2013-01-19 12:00:00,5.6926675
2013-01-20 12:00:00,5.1152835
2013-01-21 12:00:00,5.906012
2013-01-22 12:00:00,6.2244177
2013-01-23 12:00:00,6.3481994
2013-01-24 12:00:00,5.4553394
2013-01-25 12:00:00,6.10097
2013-01-26 12:00:00,6.412275
2013-01-27 12:00:00,5.7452865
2013-01-28 12:00:00,4.92959
2013-01-29 12:00:00,4.5953884
2013-01-30 12:00:00,5.497155
2013-01-31 12:00:00,5.9861493
2013-02-01 12:00:00,5.7763634
2013-02-02 12:00:00,5.940709
2013-02-03 12:00:00,5.3143997
2013-02-04 12:00:00,5.5927954
2013-02-05 12:00:00,5.1929107
2013-02-06 12:00:00,4.0430493
2013-02-07 12:00:00,4.44449
2013-02-08 12:00:00,3.5353699
2013-02-09 12:00:00,5.230182
2013-02-10 12:00:00,5.505516
2013-02-11 12:00:00,4.9653497
2013-02-12 12:00:00,5.39232
2013-02-13 12:00:00,4.8955564
2013-02-14 12:00:00,3.7503364
2013-02-15 12:00:00,2.9399853
2013-02-16 12:00:00,2.6335611
2013-02-17 12:00:00,1.9091783
2013-02-18 12:00:00,3.3269303
2013-02-19 12:00:00,5.186395
2013-02-20 12:00:00,5.5996084
2013-02-21 12:00:00,5.6208553
2013-02-22 12:00:00,5.8068366
2013-02-23 12:00:00,4.565029
2013-02-24 12:00:00,4.4839916
2013-02-25 12:00:00,3.7590947
2013-02-26 12:00:00,5.0649986
2013-02-27 12:00:00,5.1304812
2013-02-28 12:00:00,4.5553102
2013-03-01 12:00:00,4.281539
2013-03-02 12:00:00,4.7071176
2013-03-03 12:00:00,4.8294277
2013-03-04 12:00:00,4.416766
2013-03-05 12:00:00,5.842879
2013-03-06 12:00:00,4.8828077
2013-03-07 12:00:00,4.5277963
2013-03-08 12:00:00,3.6459057
2013-03-09 12:00:00,2.7816167
2013-03-10 12:00:00,3.4272573
2013-03-11 12:00:00,3.5724103
2013-03-12 12:00:00,3.4641135
2013-03-13 12:00:00,3.2147346
2013-03-14 12:00:00,3.2443805
2013-03-15 12:00:00,3.3137646
2013-03-16 12:00:00,3.294934
2013-03-17 12:00:00,2.8817976
2013-03-18 12:00:00,3.5931675
2013-03-19 12:00:00,4.1055937
2013-03-20 12:00:00,4.099914
2013-03-21 12:00:00,3.1868277
2013-03-22 12:00:00,3.6519055
2013-03-23 12:00:00,2.9064991
2013-03-24 12:00:00,3.5909376
2013-03-25 12:00:00,2.9071405
2013-03-26 12:00:00,2.5915868
2013-03-27 12:00:00,2.6907022
2013-03-28 12:00:00,2.7703695
2013-03-29 12:00:00,3.2360113
2013-03-30 12:00:00,2.5469937
2013-03-31 12:00:00,2.4757955
2013-04-01 12:00:00,2.8596003
2013-04-02 12:00:00,3.166321
2013-04-03 12:00:00,3.6534395
2013-04-04 12:00:00,3.3162954
2013-04-05 12:00:00,4.398261
2013-04-06 12:00:00,3.7859025
2013-04-07 12:00:00,3.37532
2013-04-08 12:00:00,2.888457
2013-04-09 12:00:00,2.6832967
2013-04-10 12:00:00,2.722882
2013-04-11 12:00:00,2.9630828
2013-04-12 12:00:00,3.7356105
2013-04-13 12:00:00,2.8863382
2013-04-14 12:00:00,3.5672798
2013-04-15 12:00:00,3.3927307
2013-04-16 12:00:00,3.8645809
2013-04-17 12:00:00,3.9112654
2013-04-18 12:00:00,3.9926972
2013-04-19 12:00:00,3.3095858
2013-04-20 12:00:00,3.1180348
2013-04-21 12:00:00,3.2052503
2013-04-22 12:00:00,2.8515468
2013-04-23 12:00:00,2.739439
2013-04-24 12:00:00,2.3383148
2013-04-25 12:00:00,2.3284705
2013-04-26 12:00:00,2.2362704
2013-04-27 12:00:00,2.2730207
2013-04-28 12:00:00,2.1513352
2013-04-29 12:00:00,2.119477
2013-04-30 12:00:00,2.491184
2013-05-01 12:00:00,3.4064665
2013-05-02 12:00:00,3.9178739
2013-05-03 12:00:00,3.4509487
2013-05-04 12:00:00,3.3096538
2013-05-05 12:00:00,3.6502788
2013-05-06 12:00:00,3.8409355
2013-05-07 12:00:00,2.5518446
2013-05-08 12:00:00,3.3908563
2013-05-09 12:00:00,2.7160113
2013-05-10 12:00:00,3.0303636
2013-05-11 12:00:00,5.4292884
2013-05-12 12:00:00,6.9454207
2013-05-13 12:00:00,8.337907
2013-05-14 12:00:00,7.5306864
2013-05-15 12:00:00,6.1538463
2013-05-16 12:00:00,5.0143647
2013-05-17 12:00:00,4.0506067
2013-05-18 12:00:00,5.36807
2013-05-19 12:00:00,5.8355246
2013-05-20 12:00:00,6.893915
2013-05-21 12:00:00,6.93162
2013-05-22 12:00:00,7.19085
2013-05-23 12:00:00,7.32693
2013-05-24 12:00:00,7.758515
2013-05-25 12:00:00,8.145587
2013-05-26 12:00:00,8.370767
2013-05-27 12:00:00,7.168102
2013-05-28 12:00:00,7.38676
2013-05-29 12:00:00,7.1809216
2013-05-30 12:00:00,6.4484835
2013-05-31 12:00:00,7.1368775
2013-06-01 12:00:00,6.8782086
2013-06-02 12:00:00,6.0251393
2013-06-03 12:00:00,6.1131144
2013-06-04 12:00:00,6.0038033
2013-06-05 12:00:00,6.289333
2013-06-06 12:00:00,6.9045057
2013-06-07 12:00:00,6.9479847
2013-06-08 12:00:00,7.979564
2013-06-09 12:00:00,6.7789707
2013-06-10 12:00:00,7.4043665
2013-06-11 12:00:00,7.389175
2013-06-12 12:00:00,8.21482
2013-06-13 12:00:00,7.732585
2013-06-14 12:00:00,7.3344193
2013-06-15 12:00:00,6.713035
2013-06-16 12:00:00,7.179764
2013-06-17 12:00:00,7.7808876
2013-06-18 12:00:00,7.4758224
2013-06-19 12:00:00,8.219632
2013-06-20 12:00:00,8.29641
2013-06-21 12:00:00,8.34372
2013-06-22 12:00:00,8.755358
2013-06-23 12:00:00,9.177582
2013-06-24 12:00:00,8.735449
2013-06-25 12:00:00,7.68707
2013-06-26 12:00:00,6.7421227
2013-06-27 12:00:00,6.1259
2013-06-28 12:00:00,6.7918477
2013-06-29 12:00:00,6.5206537
2013-06-30 12:00:00,6.6168356
2013-07-01 12:00:00,7.198437
2013-07-02 12:00:00,7.538862
2013-07-03 12:00:00,7.207076
2013-07-04 12:00:00,6.6186767
2013-07-05 12:00:00,5.2538357
2013-07-06 12:00:00,5.4527583
2013-07-07 12:00:00,6.344158
2013-07-08 12:00:00,6.822702
2013-07-09 12:00:00,6.875347
2013-07-10 12:00:00,8.093108
2013-07-11 12:00:00,7.3145223
2013-07-12 12:00:00,6.16618
2013-07-13 12:00:00,6.4398713
2013-07-14 12:00:00,7.356713
2013-07-15 12:00:00,8.45647
2013-07-16 12:00:00,8.11962
2013-07-17 12:00:00,7.443241
2013-07-18 12:00:00,8.4151945
2013-07-19 12:00:00,8.691916
2013-07-20 12:00:00,8.175437
2013-07-21 12:00:00,8.243911
2013-07-22 12:00:00,9.178603
2013-07-23 12:00:00,9.363377
2013-07-24 12:00:00,8.717606
2013-07-25 12:00:00,8.39107
2013-07-26 12:00:00,7.8762836
2013-07-27 12:00:00,6.848697
2013-07-28 12:00:00,7.1635327
2013-07-29 12:00:00,7.6770973
2013-07-30 12:00:00,8.610082
2013-07-31 12:00:00,7.6779113
2013-08-01 12:00:00,7.2722836
2013-08-02 12:00:00,6.5761585
2013-08-03 12:00:00,6.2809796
2013-08-04 12:00:00,7.1555185
2013-08-05 12:00:00,6.3795104
2013-08-06 12:00:00,5.011711
2013-08-07 12:00:00,4.7602277
2013-08-08 12:00:00,5.128291
2013-08-09 12:00:00,5.4968653
2013-08-10 12:00:00,5.8101907
2013-08-11 12:00:00,5.9745674
2013-08-12 12:00:00,6.447218
2013-08-13 12:00:00,6.870885
2013-08-14 12:00:00,7.3499713
2013-08-15 12:00:00,8.246604
2013-08-16 12:00:00,7.8776374
2013-08-17 12:00:00,7.8819604
2013-08-18 12:00:00,7.8926373
2013-08-19 12:00:00,8.274242
2013-08-20 12:00:00,8.707292
2013-08-21 12:00:00,8.122297
2013-08-22 12:00:00,7.5816956
2013-08-23 12:00:00,7.5289984
2013-08-24 12:00:00,6.3172145
2013-08-25 12:00:00,5.94492
2013-08-26 12:00:00,5.4903364
2013-08-27 12:00:00,4.975085
2013-08-28 12:00:00,4.97571
2013-08-29 12:00:00,4.6131463
2013-08-30 12:00:00,4.6070695
2013-08-31 12:00:00,5.2417145
2013-09-01 12:00:00,4.5034847
2013-09-02 12:00:00,4.982098
2013-09-03 12:00:00,5.6662807
2013-09-04 12:00:00,6.52095
2013-09-05 12:00:00,6.2129993
2013-09-06 12:00:00,5.4754534
2013-09-07 12:00:00,5.6848235
2013-09-08 12:00:00,4.613763
2013-09-09 12:00:00,5.586789
2013-09-10 12:00:00,5.055135
2013-09-11 12:00:00,4.967386
2013-09-12 12:00:00,5.767176
2013-09-13 12:00:00,5.8749614
2013-09-14 12:00:00,6.915751
2013-09-15 12:00:00,7.9085813
2013-09-16 12:00:00,8.080237
2013-09-17 12:00:00,7.8610163
2013-09-18 12:00:00,7.619003
2013-09-19 12:00:00,7.4946256
2013-09-20 12:00:00,8.6215105
2013-09-21 12:00:00,7.649229
2013-09-22 12:00:00,7.482453
2013-09-23 12:00:00,6.2532253
2013-09-24 12:00:00,6.3411403
2013-09-25 12:00:00,5.8519115
2013-09-26 12:00:00,5.6506486
2013-09-27 12:00:00,6.016188
2013-09-28 12:00:00,6.543366
2013-09-29 12:00:00,7.224161
2013-09-30 12:00:00,6.243307
2013-10-01 12:00:00,4.9813533
2013-10-02 12:00:00,3.936277
2013-10-03 12:00:00,5.362991
2013-10-04 12:00:00,5.309679
2013-10-05 12:00:00,5.384927
2013-10-06 12:00:00,5.319315
2013-10-07 12:00:00,6.106789
2013-10-08 12:00:00,7.1032023
2013-10-09 12:00:00,7.232887
2013-10-10 12:00:00,6.9211283
2013-10-11 12:00:00,7.161207
2013-10-12 12:00:00,7.041218
2013-10-13 12:00:00,5.2123513
2013-10-14 12:00:00,3.9099305
2013-10-15 12:00:00,3.40786
2013-10-16 12:00:00,1.8787662
2013-10-17 12:00:00,2.1230087
2013-10-18 12:00:00,3.1122196
2013-10-19 12:00:00,4.094629
2013-10-20 12:00:00,4.7586446
2013-10-21 12:00:00,5.300018
2013-10-22 12:00:00,5.311778
2013-10-23 12:00:00,4.6641927
2013-10-24 12:00:00,4.0224566
2013-10-25 12:00:00,4.388616
2013-10-26 12:00:00,4.7364106
2013-10-27 12:00:00,4.532358
2013-10-28 12:00:00,4.23991
2013-10-29 12:00:00,2.8518202
2013-10-30 12:00:00,2.7093532
2013-10-31 12:00:00,3.6594312
2013-11-01 12:00:00,4.173606
2013-11-02 12:00:00,4.4894733
2013-11-03 12:00:00,4.9607267
2013-11-04 12:00:00,5.245005
2013-11-05 12:00:00,6.129175
2013-11-06 12:00:00,5.9961643
2013-11-07 12:00:00,5.2957582
2013-11-08 12:00:00,5.0401993
2013-11-09 12:00:00,4.9905
2013-11-10 12:00:00,5.099394
2013-11-11 12:00:00,4.90289
2013-11-12 12:00:00,4.5155735
2013-11-13 12:00:00,4.8733835
2013-11-14 12:00:00,4.7794347
2013-11-15 12:00:00,5.1060534
2013-11-16 12:00:00,4.6864905
2013-11-17 12:00:00,4.5901656
2013-11-18 12:00:00,4.1399684
2013-11-19 12:00:00,4.207946
2013-11-20 12:00:00,4.737394
2013-11-21 12:00:00,4.112557
2013-11-22 12:00:00,4.008273
2013-11-23 12:00:00,5.4106593
2013-11-24 12:00:00,5.625588
2013-11-25 12:00:00,7.0336013
2013-11-26 12:00:00,6.017803
2013-11-27 12:00:00,4.405422
2013-11-28 12:00:00,3.324161
2013-11-29 12:00:00,4.821872
2013-11-30 12:00:00,5.500539
2013-12-01 12:00:00,5.4318175
2013-12-02 12:00:00,6.204705
2013-12-03 12:00:00,6.465547
2013-12-04 12:00:00,6.0257106
2013-12-05 12:00:00,6.489155
2013-12-06 12:00:00,7.8307524
2013-12-07 12:00:00,8.222761
2013-12-08 12:00:00,7.7473874
2013-12-09 12:00:00,6.214589
2013-12-10 12:00:00,5.419651
2013-12-11 12:00:00,4.9505277
2013-12-12 12:00:00,4.303638
2013-12-13 12:00:00,4.484065
2013-12-14 12:00:00,3.6961834
2013-12-15 12:00:00,5.2846694
2013-12-16 12:00:00,6.753433
2013-12-17 12:00:00,5.6410556
2013-12-18 12:00:00,5.859894
2013-12-19 12:00:00,5.1375265
2013-12-20 12:00:00,4.7820573
2013-12-21 12:00:00,5.64305
2013-12-22 12:00:00,7.028694
2013-12-23 12:00:00,5.981058
2013-12-24 12:00:00,6.5913424
2013-12-25 12:00:00,6.5151734
2013-12-26 12:00:00,5.571854
2013-12-27 12:00:00,6.138208
2013-12-28 12:00:00,5.60984
2013-12-29 12:00:00,5.952883
2013-12-30 12:00:00,6.420608
2013-12-31 12:00:00,6.598245
2014-01-01 12:00:00,6.594942
2014-01-02 12:00:00,6.267718
2014-01-03 12:00:00,6.173967
2014-01-04 12:00:00,6.2323604
2014-01-05 12:00:00,4.207615
2014-01-06 12:00:00,4.538652
2014-01-07 12:00:00,5.064531
2014-01-08 12:00:00,7.031165
2014-01-09 12:00:00,5.806615
2014-01-10 12:00:00,5.068759
2014-01-11 12:00:00,4.960248
2014-01-12 12:00:00,5.766365
2014-01-13 12:00:00,5.8915873
2014-01-14 12:00:00,5.6157274
2014-01-15 12:00:00,4.7263203
2014-01-16 12:00:00,5.3172646
2014-01-17 12:00:00,5.9747133
2014-01-18 12:00:00,7.0741067
2014-01-19 12:00:00,6.7701917
2014-01-20 12:00:00,6.819036
2014-01-21 12:00:00,7.544241
2014-01-22 12:00:00,6.437589
2014-01-23 12:00:00,5.236295
2014-01-24 12:00:00,5.4752283
2014-01-25 12:00:00,5.703818
2014-01-26 12:00:00,5.827186
2014-01-27 12:00:00,6.2492347
2014-01-28 12:00:00,5.964097
2014-01-29 12:00:00,6.0506635
2014-01-30 12:00:00,6.078573
2014-01-31 12:00:00,5.722997
2014-02-01 12:00:00,5.658925
2014-02-02 12:00:00,5.549816
2014-02-03 12:00:00,4.5402784
2014-02-04 12:00:00,4.559061
2014-02-05 12:00:00,4.3096375
2014-02-06 12:00:00,4.6605244
2014-02-07 12:00:00,4.7045794
2014-02-08 12:00:00,3.9954515
2014-02-09 12:00:00,2.92357
2014-02-10 12:00:00,3.2747362
2014-02-11 12:00:00,2.9643602
2014-02-12 12:00:00,3.7085288
2014-02-13 12:00:00,4.329299
2014-02-14 12:00:00,3.6562948
2014-02-15 12:00:00,3.6419318
2014-02-16 12:00:00,3.2333257
2014-02-17 12:00:00,3.330242
2014-02-18 12:00:00,6.324493
2014-02-19 12:00:00,6.0546727
2014-02-20 12:00:00,3.7692025
2014-02-21 12:00:00,4.2911906
2014-02-22 12:00:00,4.8694434
2014-02-23 12:00:00,5.7652392
2014-02-24 12:00:00,5.873227
2014-02-25 12:00:00,5.4921317
2014-02-26 12:00:00,4.980788
2014-02-27 12:00:00,5.0952277
2014-02-28 12:00:00,4.9362116
2014-03-01 12:00:00,4.1150804
2014-03-02 12:00:00,3.8354452
2014-03-03 12:00:00,4.7180686
2014-03-04 12:00:00,4.4357457
2014-03-05 12:00:00,5.685273
2014-03-06 12:00:00,5.25365
2014-03-07 12:00:00,5.093655
2014-03-08 12:00:00,5.8385997
2014-03-09 12:00:00,5.628493
2014-03-10 12:00:00,5.1163173
2014-03-11 12:00:00,5.593232
2014-03-12 12:00:00,4.6436715
2014-03-13 12:00:00,4.961147
2014-03-14 12:00:00,4.5572114
2014-03-15 12:00:00,5.245346
2014-03-16 12:00:00,5.280059
2014-03-17 12:00:00,4.2136054
2014-03-18 12:00:00,4.090622
2014-03-19 12:00:00,2.7753806
2014-03-20 12:00:00,3.8139203
2014-03-21 12:00:00,3.057654
2014-03-22 12:00:00,2.9585326
2014-03-23 12:00:00,3.6181037
2014-03-24 12:00:00,4.0465026
2014-03-25 12:00:00,4.227476
2014-03-26 12:00:00,4.8934245
2014-03-27 12:00:00,3.2453296
2014-03-28 12:00:00,2.982059
2014-03-29 12:00:00,2.531696
2014-03-30 12:00:00,2.418734
2014-03-31 12:00:00,2.8058715
2014-04-01 12:00:00,2.029304
2014-04-02 12:00:00,2.6887398
2014-04-03 12:00:00,2.5136008
2014-04-04 12:00:00,2.9507287
2014-04-05 12:00:00,2.5149598
2014-04-06 12:00:00,2.7531455
2014-04-07 12:00:00,3.4277935
2014-04-08 12:00:00,3.5071702
2014-04-09 12:00:00,3.623238
2014-04-10 12:00:00,3.0790918
2014-04-11 12:00:00,2.4936922
2014-04-12 12:00:00,2.402649
2014-04-13 12:00:00,2.4933956
2014-04-14 12:00:00,2.080381
2014-04-15 12:00:00,2.3295722
2014-04-16 12:00:00,2.2743742
2014-04-17 12:00:00,2.3857348
2014-04-18 12:00:00,2.3633518
2014-04-19 12:00:00,2.5993178
2014-04-20 12:00:00,1.9238365
2014-04-21 12:00:00,1.6902931
2014-04-22 12:00:00,2.1468265
2014-04-23 12:00:00,2.0678747
2014-04-24 12:00:00,2.3584263
2014-04-25 12:00:00,2.1340132
2014-04-26 12:00:00,2.2268877
2014-04-27 12:00:00,2.2728763
2014-04-28 12:00:00,2.1132758
2014-04-29 12:00:00,2.8267903
2014-04-30 12:00:00,2.7680225
2014-05-01 12:00:00,2.570537
2014-05-02 12:00:00,3.3974128
2014-05-03 12:00:00,2.7802985
2014-05-04 12:00:00,3.662678
2014-05-05 12:00:00,3.5816135
2014-05-06 12:00:00,3.0480506
2014-05-07 12:00:00,2.988994
2014-05-08 12:00:00,2.9433174
2014-05-09 12:00:00,4.435986
2014-05-10 12:00:00,4.6638603
2014-05-11 12:00:00,5.220789
2014-05-12 12:00:00,5.4612994
2014-05-13 12:00:00,5.29067
2014-05-14 12:00:00,5.0026393
2014-05-15 12:00:00,4.540307
2014-05-16 12:00:00,3.8309371
2014-05-17 12:00:00,3.4032216
2014-05-18 12:00:00,3.0729392
2014-05-19 12:00:00,4.6866417
2014-05-20 12:00:00,6.541605
2014-05-21 12:00:00,7.3231335
2014-05-22 12:00:00,6.779532
2014-05-23 12:00:00,6.808816
2014-05-24 12:00:00,6.5868144
2014-05-25 12:00:00,5.152793
2014-05-26 12:00:00,4.413423
2014-05-27 12:00:00,4.418011
2014-05-28 12:00:00,4.863612
2014-05-29 12:00:00,4.5265727
2014-05-30 12:00:00,5.0128107
2014-05-31 12:00:00,3.698737
2014-06-01 12:00:00,4.4423738
2014-06-02 12:00:00,3.6063569
2014-06-03 12:00:00,4.61912
2014-06-04 12:00:00,4.9019775
2014-06-05 12:00:00,5.2265463
2014-06-06 12:00:00,6.2935996
2014-06-07 12:00:00,6.424196
2014-06-08 12:00:00,7.0922856
2014-06-09 12:00:00,7.426734
2014-06-10 12:00:00,7.176325
2014-06-11 12:00:00,7.9837413
2014-06-12 12:00:00,9.09581
2014-06-13 12:00:00,8.31007
2014-06-14 12:00:00,7.421081
2014-06-15 12:00:00,7.8786054
2014-06-16 12:00:00,7.5768147
2014-06-17 12:00:00,7.679533
2014-06-18 12:00:00,7.996202
2014-06-19 12:00:00,7.520623
2014-06-20 12:00:00,7.5061646
2014-06-21 12:00:00,7.046173
2014-06-22 12:00:00,7.6165304
2014-06-23 12:00:00,7.58056
2014-06-24 12:00:00,8.290843
2014-06-25 12:00:00,7.788009
2014-06-26 12:00:00,6.8241925
2014-06-27 12:00:00,6.1656256
2014-06-28 12:00:00,6.926112
2014-06-29 12:00:00,7.7869864
2014-06-30 12:00:00,8.058848
2014-07-01 12:00:00,7.2378807
2014-07-02 12:00:00,6.042176
2014-07-03 12:00:00,6.6671166
2014-07-04 12:00:00,5.589096
2014-07-05 12:00:00,5.2630725
2014-07-06 12:00:00,5.208299
2014-07-07 12:00:00,5.918919
2014-07-08 12:00:00,8.177511
2014-07-09 12:00:00,9.665527
2014-07-10 12:00:00,10.190196
2014-07-11 12:00:00,9.645652
2014-07-12 12:00:00,8.879305
2014-07-13 12:00:00,7.875125
2014-07-14 12:00:00,7.890033
2014-07-15 12:00:00,7.8344493
2014-07-16 12:00:00,6.143285
2014-07-17 12:00:00,6.605156
2014-07-18 12:00:00,7.395702
2014-07-19 12:00:00,7.7331038
2014-07-20 12:00:00,8.083045
2014-07-21 12:00:00,7.4262686
2014-07-22 12:00:00,7.4612784
2014-07-23 12:00:00,6.9833307
2014-07-24 12:00:00,7.24243
2014-07-25 12:00:00,7.00418
2014-07-26 12:00:00,7.031799
2014-07-27 12:00:00,7.7712708
2014-07-28 12:00:00,7.4173617
2014-07-29 12:00:00,7.494626
2014-07-30 12:00:00,7.3719487
2014-07-31 12:00:00,6.5641055
2014-08-01 12:00:00,7.107696
2014-08-02 12:00:00,7.4803805
2014-08-03 12:00:00,7.57168
2014-08-04 12:00:00,7.4261355
2014-08-05 12:00:00,7.3538823
2014-08-06 12:00:00,7.1255336
2014-08-07 12:00:00,7.137146
2014-08-08 12:00:00,7.2811055
2014-08-09 12:00:00,6.317832
2014-08-10 12:00:00,5.6727877
2014-08-11 12:00:00,6.508087
2014-08-12 12:00:00,6.388789
2014-08-13 12:00:00,6.4021583
2014-08-14 12:00:00,5.71721
2014-08-15 12:00:00,5.470068
2014-08-16 12:00:00,3.9010384
2014-08-17 12:00:00,3.910814
2014-08-18 12:00:00,3.7284167
2014-08-19 12:00:00,4.2343044
2014-08-20 12:00:00,3.9499621
2014-08-21 12:00:00,4.9943676
2014-08-22 12:00:00,4.4059167
2014-08-23 12:00:00,5.5727353
2014-08-24 12:00:00,5.393965
2014-08-25 12:00:00,5.830074
2014-08-26 12:00:00,7.006522
2014-08-27 12:00:00,8.177773
2014-08-28 12:00:00,8.171987
2014-08-29 12:00:00,7.983103
2014-08-30 12:00:00,6.9852266
2014-08-31 12:00:00,7.034956
2014-09-01 12:00:00,6.9582043
2014-09-02 12:00:00,6.355606
2014-09-03 12:00:00,6.2620487
2014-09-04 12:00:00,6.4036593
2014-09-05 12:00:00,7.2901134
2014-09-06 12:00:00,8.518652
2014-09-07 12:00:00,7.487701
2014-09-08 12:00:00,6.780092
2014-09-09 12:00:00,6.611675
2014-09-10 12:00:00,6.051091
2014-09-11 12:00:00,4.4452696
2014-09-12 12:00:00,5.153724
2014-09-13 12:00:00,5.6897855
2014-09-14 12:00:00,7.0875015
2014-09-15 12:00:00,8.281921
2014-09-16 12:00:00,9.109698
2014-09-17 12:00:00,8.810301
2014-09-18 12:00:00,7.8939285
2014-09-19 12:00:00,6.403501
2014-09-20 12:00:00,5.4686537
2014-09-21 12:00:00,4.933268
2014-09-22 12:00:00,4.115679
2014-09-23 12:00:00,3.9983354
2014-09-24 12:00:00,3.2902083
2014-09-25 12:00:00,3.801804
2014-09-26 12:00:00,2.7555277
2014-09-27 12:00:00,1.9445382
2014-09-28 12:00:00,2.5102804
2014-09-29 12:00:00,2.4313803
2014-09-30 12:00:00,1.9706208
2014-10-01 12:00:00,2.347625
2014-10-02 12:00:00,2.0257423
2014-10-03 12:00:00,3.4079914
2014-10-04 12:00:00,3.749025
2014-10-05 12:00:00,4.409286
2014-10-06 12:00:00,4.7526565
2014-10-07 12:00:00,6.1286874
2014-10-08 12:00:00,7.4416027
2014-10-09 12:00:00,7.3185782
2014-10-10 12:00:00,7.765096
2014-10-11 12:00:00,7.0993266
2014-10-12 12:00:00,5.938384
2014-10-13 12:00:00,4.128476
2014-10-14 12:00:00,3.6264634
2014-10-15 12:00:00,4.827189
2014-10-16 12:00:00,4.5380225
2014-10-17 12:00:00,3.8777714
2014-10-18 12:00:00,2.998421
2014-10-19 12:00:00,2.9996624
2014-10-20 12:00:00,2.8697798
2014-10-21 12:00:00,3.3434315
2014-10-22 12:00:00,3.440976
2014-10-23 12:00:00,2.308891
2014-10-24 12:00:00,2.8319907
2014-10-25 12:00:00,2.602117
2014-10-26 12:00:00,2.8195329
2014-10-27 12:00:00,2.4560058
2014-10-28 12:00:00,2.5903754
2014-10-29 12:00:00,3.4199545
2014-10-30 12:00:00,3.4282331
2014-10-31 12:00:00,4.2138
2014-11-01 12:00:00,3.6728437
2014-11-02 12:00:00,3.9455361
2014-11-03 12:00:00,6.114413
2014-11-04 12:00:00,7.6518164
2014-11-05 12:00:00,8.2639885
2014-11-06 12:00:00,6.8008966
2014-11-07 12:00:00,5.092136
2014-11-08 12:00:00,3.8729446
2014-11-09 12:00:00,3.2315838
2014-11-10 12:00:00,4.160606
2014-11-11 12:00:00,4.6745086
2014-11-12 12:00:00,4.6271477
2014-11-13 12:00:00,4.3040576
2014-11-14 12:00:00,4.8616476
2014-11-15 12:00:00,4.6174493
2014-11-16 12:00:00,5.116687
2014-11-17 12:00:00,6.0257297
2014-11-18 12:00:00,6.240372
2014-11-19 12:00:00,5.6505475
2014-11-20 12:00:00,5.992343
2014-11-21 12:00:00,4.582025
2014-11-22 12:00:00,4.153962
2014-11-23 12:00:00,5.1245847
2014-11-24 12:00:00,5.4721227
2014-11-25 12:00:00,4.81249
2014-11-26 12:00:00,4.930658
2014-11-27 12:00:00,4.384841
2014-11-28 12:00:00,3.6460545
2014-11-29 12:00:00,4.2858825
2014-11-30 12:00:00,5.047519
2014-12-01 12:00:00,5.089172
2014-12-02 12:00:00,4.426986
2014-12-03 12:00:00,4.4491796
2014-12-04 12:00:00,4.294404
2014-12-05 12:00:00,3.5950096
2014-12-06 12:00:00,3.852458
2014-12-07 12:00:00,3.0284963
2014-12-08 12:00:00,3.6340804
2014-12-09 12:00:00,4.5216136
2014-12-10 12:00:00,4.5155716
2014-12-11 12:00:00,5.2309766
2014-12-12 12:00:00,6.2966313
2014-12-13 12:00:00,6.7595725
2014-12-14 12:00:00,6.0649314
2014-12-15 12:00:00,5.431125
2014-12-16 12:00:00,6.1280913
2014-12-17 12:00:00,7.080424
2014-12-18 12:00:00,7.5665593
2014-12-19 12:00:00,7.341588
2014-12-20 12:00:00,5.582478
2014-12-21 12:00:00,6.7991843
2014-12-22 12:00:00,6.545708
2014-12-23 12:00:00,6.6708565
2014-12-24 12:00:00,7.1156993
2014-12-25 12:00:00,6.484259
2014-12-26 12:00:00,6.6404366
2014-12-27 12:00:00,6.732387
2014-12-28 12:00:00,6.344871
2014-12-29 12:00:00,7.1450286
2014-12-30 12:00:00,6.894174
2014-12-31 12:00:00,5.807811
2015-01-01 12:00:00,4.468969
2015-01-02 12:00:00,3.578384
2015-01-03 12:00:00,3.911125
2015-01-04 12:00:00,3.2960825
2015-01-05 12:00:00,4.513112
2015-01-06 12:00:00,4.711214
2015-01-07 12:00:00,4.741481
2015-01-08 12:00:00,3.8318005
2015-01-09 12:00:00,4.718465
2015-01-10 12:00:00,5.8824043
2015-01-11 12:00:00,5.6583924
2015-01-12 12:00:00,5.5203395
2015-01-13 12:00:00,5.8982506
2015-01-14 12:00:00,5.585446
2015-01-15 12:00:00,4.095373
2015-01-16 12:00:00,3.844547
2015-01-17 12:00:00,4.7163444
2015-01-18 12:00:00,4.9214067
2015-01-19 12:00:00,5.2328167
2015-01-20 12:00:00,4.8947363
2015-01-21 12:00:00,5.6413956
2015-01-22 12:00:00,5.469803
2015-01-23 12:00:00,5.0896683
2015-01-24 12:00:00,6.168003
2015-01-25 12:00:00,5.219644
2015-01-26 12:00:00,5.527199
2015-01-27 12:00:00,5.023559
2015-01-28 12:00:00,5.0054107
2015-01-29 12:00:00,4.536671
2015-01-30 12:00:00,4.533024
2015-01-31 12:00:00,5.7563715
2015-02-01 12:00:00,6.3203664
2015-02-02 12:00:00,6.5022144
2015-02-03 12:00:00,6.9123974
2015-02-04 12:00:00,6.2800627
2015-02-05 12:00:00,5.4524517
2015-02-06 12:00:00,5.3729796
2015-02-07 12:00:00,5.930406
2015-02-08 12:00:00,5.7618866
2015-02-09 12:00:00,5.724226
2015-02-10 12:00:00,5.789788
2015-02-11 12:00:00,5.1244664
2015-02-12 12:00:00,4.671224
2015-02-13 12:00:00,4.185968
2015-02-14 12:00:00,4.1980815
2015-02-15 12:00:00,4.2810535
2015-02-16 12:00:00,5.0249033
2015-02-17 12:00:00,3.9941926
2015-02-18 12:00:00,3.4474223
2015-02-19 12:00:00,4.2678294
2015-02-20 12:00:00,5.1287894
2015-02-21 12:00:00,4.746559
2015-02-22 12:00:00,4.106839
2015-02-23 12:00:00,4.1137404
2015-02-24 12:00:00,4.0788436
2015-02-25 12:00:00,3.4615724
2015-02-26 12:00:00,3.4923642
2015-02-27 12:00:00,3.973071
2015-02-28 12:00:00,4.500657
2015-03-01 12:00:00,3.6560555
2015-03-02 12:00:00,3.4027636
2015-03-03 12:00:00,3.0066893
2015-03-04 12:00:00,2.5502152
2015-03-05 12:00:00,4.628765
2015-03-06 12:00:00,5.323615
2015-03-07 12:00:00,4.951138
2015-03-08 12:00:00,3.8571308
2015-03-09 12:00:00,4.1833806
2015-03-10 12:00:00,3.480292
2015-03-11 12:00:00,4.3362594
2015-03-12 12:00:00,4.972315
2015-03-13 12:00:00,4.0170975
2015-03-14 12:00:00,3.3930445
2015-03-15 12:00:00,3.8617754
2015-03-16 12:00:00,3.5563521
2015-03-17 12:00:00,2.735478
2015-03-18 12:00:00,2.482031
2015-03-19 12:00:00,3.3252714
2015-03-20 12:00:00,3.2023625
2015-03-21 12:00:00,3.4754088
2015-03-22 12:00:00,2.8220165
2015-03-23 12:00:00,2.0479417
2015-03-24 12:00:00,3.1137402
2015-03-25 12:00:00,3.8497179
2015-03-26 12:00:00,4.8738546
2015-03-27 12:00:00,4.9656553
2015-03-28 12:00:00,4.190549
2015-03-29 12:00:00,4.404015
2015-03-30 12:00:00,3.3589072
2015-03-31 12:00:00,3.5158234
2015-04-01 12:00:00,3.3241172
2015-04-02 12:00:00,2.606616
2015-04-03 12:00:00,3.0749793
2015-04-04 12:00:00,2.9335759
2015-04-05 12:00:00,3.4545388
2015-04-06 12:00:00,2.9303992
2015-04-07 12:00:00,3.8519795
2015-04-08 12:00:00,3.103312
2015-04-09 12:00:00,3.6482112
2015-04-10 12:00:00,3.0704494
2015-04-11 12:00:00,2.4977102
2015-04-12 12:00:00,2.9037523
2015-04-13 12:00:00,3.8218436
2015-04-14 12:00:00,4.392934
2015-04-15 12:00:00,3.9077084
2015-04-16 12:00:00,2.7563238
2015-04-17 12:00:00,2.10862
2015-04-18 12:00:00,2.1593256
2015-04-19 12:00:00,2.8494015
2015-04-20 12:00:00,3.2494855
2015-04-21 12:00:00,3.8508625
2015-04-22 12:00:00,3.9848042
2015-04-23 12:00:00,2.9935536
2015-04-24 12:00:00,2.027131
2015-04-25 12:00:00,2.5866468
2015-04-26 12:00:00,2.2884421
2015-04-27 12:00:00,2.7790806
2015-04-28 12:00:00,2.327338
2015-04-29 12:00:00,2.937298
2015-04-30 12:00:00,2.8266065
2015-05-01 12:00:00,3.4252403
2015-05-02 12:00:00,3.2779908
2015-05-03 12:00:00,2.5428843
2015-05-04 12:00:00,2.3068655
2015-05-05 12:00:00,2.2404027
2015-05-06 12:00:00,2.2335634
2015-05-07 12:00:00,2.2229133
2015-05-08 12:00:00,2.7248058
2015-05-09 12:00:00,3.0578535
2015-05-10 12:00:00,2.7213354
2015-05-11 12:00:00,2.097727
2015-05-12 12:00:00,3.0509012
2015-05-13 12:00:00,3.0952196
2015-05-14 12:00:00,3.5312421
2015-05-15 12:00:00,3.427689
2015-05-16 12:00:00,5.346993
2015-05-17 12:00:00,6.2569504
2015-05-18 12:00:00,6.1949615
2015-05-19 12:00:00,8.000521
2015-05-20 12:00:00,8.624587
2015-05-21 12:00:00,8.749329
2015-05-22 12:00:00,8.850988
2015-05-23 12:00:00,8.175934
2015-05-24 12:00:00,6.93879
2015-05-25 12:00:00,7.1273713
2015-05-26 12:00:00,6.7567754
2015-05-27 12:00:00,6.38273
2015-05-28 12:00:00,5.360421
2015-05-29 12:00:00,5.6735377
2015-05-30 12:00:00,4.9053063
2015-05-31 12:00:00,5.862226
2015-06-01 12:00:00,5.206437
2015-06-02 12:00:00,4.0270724
2015-06-03 12:00:00,3.2984715
2015-06-04 12:00:00,3.4565198
2015-06-05 12:00:00,3.6073754
2015-06-06 12:00:00,3.587236
2015-06-07 12:00:00,4.662494
2015-06-08 12:00:00,5.3035975
2015-06-09 12:00:00,4.9140806
2015-06-10 12:00:00,4.918162
2015-06-11 12:00:00,5.017881
2015-06-12 12:00:00,5.3559966
2015-06-13 12:00:00,5.4831567
2015-06-14 12:00:00,5.2708225
2015-06-15 12:00:00,5.3429832
2015-06-16 12:00:00,6.7977023
2015-06-17 12:00:00,8.320366
2015-06-18 12:00:00,8.951347
2015-06-19 12:00:00,9.063639
2015-06-20 12:00:00,8.932311
2015-06-21 12:00:00,9.160863
2015-06-22 12:00:00,8.779693
2015-06-23 12:00:00,8.701043
2015-06-24 12:00:00,9.129375
2015-06-25 12:00:00,9.121774
2015-06-26 12:00:00,8.265918
2015-06-27 12:00:00,7.9676905
2015-06-28 12:00:00,6.417101
2015-06-29 12:00:00,6.684437
2015-06-30 12:00:00,5.8718967
2015-07-01 12:00:00,6.4436812
2015-07-02 12:00:00,7.018585
2015-07-03 12:00:00,7.8020067
2015-07-04 12:00:00,8.61507
2015-07-05 12:00:00,8.64059
2015-07-06 12:00:00,8.071743
2015-07-07 12:00:00,7.8549466
2015-07-08 12:00:00,7.761905
2015-07-09 12:00:00,7.943562
2015-07-10 12:00:00,7.4993663
2015-07-11 12:00:00,6.8497357
2015-07-12 12:00:00,5.606745
2015-07-13 12:00:00,6.0782056
2015-07-14 12:00:00,6.6915603
2015-07-15 12:00:00,8.494124
2015-07-16 12:00:00,8.046672
2015-07-17 12:00:00,7.475987
2015-07-18 12:00:00,7.860426
2015-07-19 12:00:00,6.3286996
2015-07-20 12:00:00,8.101164
2015-07-21 12:00:00,7.232302
2015-07-22 12:00:00,6.850695
2015-07-23 12:00:00,6.626686
2015-07-24 12:00:00,5.481726
2015-07-25 12:00:00,6.9619327
2015-07-26 12:00:00,7.647496
2015-07-27 12:00:00,6.9869084
2015-07-28 12:00:00,6.831228
2015-07-29 12:00:00,7.167711
2015-07-30 12:00:00,7.7419815
2015-07-31 12:00:00,6.284167
2015-08-01 12:00:00,6.1668315
2015-08-02 12:00:00,6.584672
2015-08-03 12:00:00,7.952358
2015-08-04 12:00:00,8.568882
2015-08-05 12:00:00,8.638845
2015-08-06 12:00:00,7.4564767
2015-08-07 12:00:00,7.3175397
2015-08-08 12:00:00,7.6804223
2015-08-09 12:00:00,7.6734014
2015-08-10 12:00:00,6.8670626
2015-08-11 12:00:00,6.492903
2015-08-12 12:00:00,6.290592
2015-08-13 12:00:00,4.9683523
2015-08-14 12:00:00,4.265208
2015-08-15 12:00:00,3.7547085
2015-08-16 12:00:00,3.9897242
2015-08-17 12:00:00,4.867914
2015-08-18 12:00:00,4.441024
2015-08-19 12:00:00,5.8427396
2015-08-20 12:00:00,6.737157
2015-08-21 12:00:00,7.9905353
2015-08-22 12:00:00,7.606041
2015-08-23 12:00:00,7.5787587
2015-08-24 12:00:00,7.816871
2015-08-25 12:00:00,8.105212
2015-08-26 12:00:00,7.630772
2015-08-27 12:00:00,6.4537916
2015-08-28 12:00:00,5.889925
2015-08-29 12:00:00,6.5164356
2015-08-30 12:00:00,6.212545
2015-08-31 12:00:00,6.65825
2015-09-01 12:00:00,6.1250873
2015-09-02 12:00:00,4.935426
2015-09-03 12:00:00,4.8471465
2015-09-04 12:00:00,4.8992696
2015-09-05 12:00:00,5.596331
2015-09-06 12:00:00,4.865937
2015-09-07 12:00:00,6.553174
2015-09-08 12:00:00,6.438823
2015-09-09 12:00:00,6.758042
2015-09-10 12:00:00,7.272864
2015-09-11 12:00:00,7.4090157
2015-09-12 12:00:00,6.7945733
2015-09-13 12:00:00,7.32924
2015-09-14 12:00:00,7.9774737
2015-09-15 12:00:00,8.221
2015-09-16 12:00:00,8.126871
2015-09-17 12:00:00,7.930611
2015-09-18 12:00:00,7.6750546
2015-09-19 12:00:00,6.482602
2015-09-20 12:00:00,4.9453425
2015-09-21 12:00:00,4.45432
2015-09-22 12:00:00,3.1761446
2015-09-23 12:00:00,3.955767
2015-09-24 12:00:00,5.9612317
2015-09-25 12:00:00,5.760992
2015-09-26 12:00:00,5.5708046
2015-09-27 12:00:00,4.324736
2015-09-28 12:00:00,4.093898
2015-09-29 12:00:00,4.28628
2015-09-30 12:00:00,5.0200095
2015-10-01 12:00:00,3.7017422
2015-10-02 12:00:00,4.5209618
2015-10-03 12:00:00,5.5634036
2015-10-04 12:00:00,5.727218
2015-10-05 12:00:00,6.0114756
2015-10-06 12:00:00,5.143534
2015-10-07 12:00:00,5.139722
2015-10-08 12:00:00,4.8719835
2015-10-09 12:00:00,5.4616475
2015-10-10 12:00:00,4.9001884
2015-10-11 12:00:00,3.6723993
2015-10-12 12:00:00,2.8999255
2015-10-13 12:00:00,2.0459275
2015-10-14 12:00:00,2.3513534
2015-10-15 12:00:00,1.8868967
2015-10-16 12:00:00,3.4821682
2015-10-17 12:00:00,2.7136157
2015-10-18 12:00:00,2.8814719
2015-10-19 12:00:00,2.8321471
2015-10-20 12:00:00,2.4618082
2015-10-21 12:00:00,2.5530257
2015-10-22 12:00:00,3.4327378
2015-10-23 12:00:00,3.1921575
2015-10-24 12:00:00,3.9968176
2015-10-25 12:00:00,4.171185
2015-10-26 12:00:00,4.229002
2015-10-27 12:00:00,4.372908
2015-10-28 12:00:00,4.3299203
2015-10-29 12:00:00,4.7753983
2015-10-30 12:00:00,4.013617
2015-10-31 12:00:00,4.0515547
2015-11-01 12:00:00,3.2339008
2015-11-02 12:00:00,3.565875
2015-11-03 12:00:00,3.3436766
2015-11-04 12:00:00,3.8472567
2015-11-05 12:00:00,3.4417377
2015-11-06 12:00:00,4.4547906
2015-11-07 12:00:00,4.924053
2015-11-08 12:00:00,5.5922365
2015-11-09 12:00:00,5.203344
2015-11-10 12:00:00,2.8461597
2015-11-11 12:00:00,2.4966445
2015-11-12 12:00:00,4.5905786
2015-11-13 12:00:00,5.180642
2015-11-14 12:00:00,4.4569097
2015-11-15 12:00:00,5.400532
2015-11-16 12:00:00,3.3472335
2015-11-17 12:00:00,3.760156
2015-11-18 12:00:00,3.367577
2015-11-19 12:00:00,4.223732
2015-11-20 12:00:00,5.049726
2015-11-21 12:00:00,4.8448243
2015-11-22 12:00:00,5.7397847
2015-11-23 12:00:00,5.500987
2015-11-24 12:00:00,4.9280443
2015-11-25 12:00:00,4.8843813
2015-11-26 12:00:00,4.9742274
2015-11-27 12:00:00,4.717168
2015-11-28 12:00:00,5.484577
2015-11-29 12:00:00,6.19541
2015-11-30 12:00:00,5.0695524
2015-12-01 12:00:00,5.215819
2015-12-02 12:00:00,4.294888
2015-12-03 12:00:00,5.0114965
2015-12-04 12:00:00,6.1528454
2015-12-05 12:00:00,6.116868
2015-12-06 12:00:00,4.9907084
2015-12-07 12:00:00,5.5382204
2015-12-08 12:00:00,5.017424
2015-12-09 12:00:00,5.252435
2015-12-10 12:00:00,4.9037333
2015-12-11 12:00:00,4.398437
2015-12-12 12:00:00,3.5198488
2015-12-13 12:00:00,3.0189264
2015-12-14 12:00:00,3.2094421
2015-12-15 12:00:00,3.5643084
2015-12-16 12:00:00,4.489126
2015-12-17 12:00:00,4.9085684
2015-12-18 12:00:00,4.0949664
2015-12-19 12:00:00,4.544212
2015-12-20 12:00:00,5.755076
2015-12-21 12:00:00,5.0301905
2015-12-22 12:00:00,5.666263
2015-12-23 12:00:00,5.0011263
2015-12-24 12:00:00,5.3141303
2015-12-25 12:00:00,6.270572
2015-12-26 12:00:00,6.8071
2015-12-27 12:00:00,6.5052037
2015-12-28 12:00:00,6.0908756
2015-12-29 12:00:00,5.561
2015-12-30 12:00:00,6.040118
2015-12-31 12:00:00,6.7063575
2016-01-01 12:00:00,6.6642323
2016-01-02 12:00:00,5.796593
2016-01-03 12:00:00,5.0035963
2016-01-04 12:00:00,6.0737247
2016-01-05 12:00:00,5.4921517
2016-01-06 12:00:00,5.931427
2016-01-07 12:00:00,5.458451
2016-01-08 12:00:00,6.0226936
2016-01-09 12:00:00,5.6545496
2016-01-10 12:00:00,5.8814516
2016-01-11 12:00:00,5.509734
2016-01-12 12:00:00,5.4569507
2016-01-13 12:00:00,4.3362994
2016-01-14 12:00:00,5.9389343
2016-01-15 12:00:00,5.2188206
2016-01-16 12:00:00,4.4637146
2016-01-17 12:00:00,4.728477
2016-01-18 12:00:00,5.198551
2016-01-19 12:00:00,4.862433
2016-01-20 12:00:00,3.7895813
2016-01-21 12:00:00,3.857275
2016-01-22 12:00:00,4.6631837
2016-01-23 12:00:00,6.0469646
2016-01-24 12:00:00,6.2214875
2016-01-25 12:00:00,6.354454
2016-01-26 12:00:00,5.7016196
2016-01-27 12:00:00,4.8082304
2016-01-28 12:00:00,4.1960135
2016-01-29 12:00:00,5.86923
2016-01-30 12:00:00,5.9590836
2016-01-31 12:00:00,5.290868
2016-02-01 12:00:00,6.055705
2016-02-02 12:00:00,5.1681333
2016-02-03 12:00:00,5.0762067
2016-02-04 12:00:00,6.0288754
2016-02-05 12:00:00,5.309847
2016-02-06 12:00:00,5.4894667
2016-02-07 12:00:00,6.7148776
2016-02-08 12:00:00,5.496645
2016-02-09 12:00:00,4.1254125
2016-02-10 12:00:00,4.365196
2016-02-11 12:00:00,4.3838077
2016-02-12 12:00:00,4.3293047
2016-02-13 12:00:00,4.612531
2016-02-14 12:00:00,4.8867826
2016-02-15 12:00:00,5.554918
2016-02-16 12:00:00,5.612065
2016-02-17 12:00:00,5.88368
2016-02-18 12:00:00,5.128382
2016-02-19 12:00:00,4.3400636
2016-02-20 12:00:00,3.582607
2016-02-21 12:00:00,3.07442
2016-02-22 12:00:00,3.6968431
2016-02-23 12:00:00,3.6623547
2016-02-24 12:00:00,3.8145
2016-02-25 12:00:00,5.6174235
2016-02-26 12:00:00,6.1694403
2016-02-27 12:00:00,5.6471996
2016-02-28 12:00:00,5.8074455
2016-02-29 12:00:00,5.4462776
2016-03-01 12:00:00,4.806122
2016-03-02 12:00:00,4.944417
2016-03-03 12:00:00,5.0603266
2016-03-04 12:00:00,4.827677
2016-03-05 12:00:00,3.9974632
2016-03-06 12:00:00,4.2839355
2016-03-07 12:00:00,4.005576
2016-03-08 12:00:00,3.802036
2016-03-09 12:00:00,2.7078445
2016-03-10 12:00:00,3.0118847
2016-03-11 12:00:00,3.2973368
2016-03-12 12:00:00,2.565176
2016-03-13 12:00:00,3.1104183
2016-03-14 12:00:00,3.1133494
2016-03-15 12:00:00,3.0078409
2016-03-16 12:00:00,3.1206882
2016-03-17 12:00:00,3.5962782
2016-03-18 12:00:00,3.1555943
2016-03-19 12:00:00,2.8811638
2016-03-20 12:00:00,3.0808008
2016-03-21 12:00:00,3.5270286
2016-03-22 12:00:00,3.4807014
2016-03-23 12:00:00,3.1905448
2016-03-24 12:00:00,4.3984838
2016-03-25 12:00:00,3.4103534
2016-03-26 12:00:00,3.7362745
2016-03-27 12:00:00,3.6114924
2016-03-28 12:00:00,3.5990505
2016-03-29 12:00:00,3.258977
2016-03-30 12:00:00,3.3850665
2016-03-31 12:00:00,3.3119853
2016-04-01 12:00:00,3.4621897
2016-04-02 12:00:00,3.600453
2016-04-03 12:00:00,3.128143
2016-04-04 12:00:00,2.9402692
2016-04-05 12:00:00,2.4225402
2016-04-06 12:00:00,2.7090683
2016-04-07 12:00:00,2.778717
2016-04-08 12:00:00,2.7864149
2016-04-09 12:00:00,2.7589061
2016-04-10 12:00:00,3.226089
2016-04-11 12:00:00,3.7398946
2016-04-12 12:00:00,4.793288
2016-04-13 12:00:00,3.8712733
2016-04-14 12:00:00,3.8009965
2016-04-15 12:00:00,3.6179862
2016-04-16 12:00:00,3.7650437
2016-04-17 12:00:00,3.2869353
2016-04-18 12:00:00,3.1457658
2016-04-19 12:00:00,3.0476513
2016-04-20 12:00:00,2.8699899
2016-04-21 12:00:00,3.5074532
2016-04-22 12:00:00,3.904417
2016-04-23 12:00:00,4.936227
2016-04-24 12:00:00,4.2917843
2016-04-25 12:00:00,3.678338
2016-04-26 12:00:00,3.5446093
2016-04-27 12:00:00,3.0336313
2016-04-28 12:00:00,3.0895767
2016-04-29 12:00:00,2.8504205
2016-04-30 12:00:00,3.0128837
2016-05-01 12:00:00,2.8352919
2016-05-02 12:00:00,2.8655462
2016-05-03 12:00:00,3.161068
2016-05-04 12:00:00,3.3135796
2016-05-05 12:00:00,3.1533022
2016-05-06 12:00:00,2.9443667
2016-05-07 12:00:00,2.5952857
2016-05-08 12:00:00,3.043229
2016-05-09 12:00:00,2.9712353
2016-05-10 12:00:00,2.9880683
2016-05-11 12:00:00,2.4172442
2016-05-12 12:00:00,2.9120038
2016-05-13 12:00:00,2.9150624
2016-05-14 12:00:00,4.320979
2016-05-15 12:00:00,5.2786365
2016-05-16 12:00:00,5.4295397
2016-05-17 12:00:00,6.685576
2016-05-18 12:00:00,8.219103
2016-05-19 12:00:00,8.469647
2016-05-20 12:00:00,8.366678
2016-05-21 12:00:00,8.862027
2016-05-22 12:00:00,9.090146
2016-05-23 12:00:00,8.757576
2016-05-24 12:00:00,8.942584
2016-05-25 12:00:00,8.529811
2016-05-26 12:00:00,6.5521197
2016-05-27 12:00:00,7.8559012
2016-05-28 12:00:00,7.165525
2016-05-29 12:00:00,6.086653
2016-05-30 12:00:00,6.752941
2016-05-31 12:00:00,5.327179
2016-06-01 12:00:00,5.606444
2016-06-02 12:00:00,5.92642
2016-06-03 12:00:00,6.316765
2016-06-04 12:00:00,5.687207
2016-06-05 12:00:00,6.2834725
2016-06-06 12:00:00,6.252838
2016-06-07 12:00:00,7.2466593
2016-06-08 12:00:00,8.31451
2016-06-09 12:00:00,7.7984457
2016-06-10 12:00:00,7.9678936
2016-06-11 12:00:00,7.9066906
2016-06-12 12:00:00,8.060079
2016-06-13 12:00:00,7.8055425
2016-06-14 12:00:00,7.9083147
2016-06-15 12:00:00,7.372306
2016-06-16 12:00:00,7.3022113
2016-06-17 12:00:00,6.906981
2016-06-18 12:00:00,5.9101562
2016-06-19 12:00:00,4.5948925
2016-06-20 12:00:00,4.738379
2016-06-21 12:00:00,4.444871
2016-06-22 12:00:00,4.7804933
2016-06-23 12:00:00,6.462464
2016-06-24 12:00:00,7.352778
2016-06-25 12:00:00,7.8409805
2016-06-26 12:00:00,7.7912054
2016-06-27 12:00:00,7.966894
2016-06-28 12:00:00,8.633976
2016-06-29 12:00:00,8.363009
2016-06-30 12:00:00,7.774048
2016-07-01 12:00:00,7.740177
2016-07-02 12:00:00,7.383726
2016-07-03 12:00:00,5.940806
2016-07-04 12:00:00,6.06336
2016-07-05 12:00:00,6.35351
2016-07-06 12:00:00,7.3138037
2016-07-07 12:00:00,8.223753
2016-07-08 12:00:00,8.887017
2016-07-09 12:00:00,8.488456
2016-07-10 12:00:00,7.777877
2016-07-11 12:00:00,7.172454
2016-07-12 12:00:00,6.262535
2016-07-13 12:00:00,5.6075535
2016-07-14 12:00:00,4.9894104
2016-07-15 12:00:00,5.505092
2016-07-16 12:00:00,4.220808
2016-07-17 12:00:00,5.253288
2016-07-18 12:00:00,5.2991333
2016-07-19 12:00:00,5.6555166
2016-07-20 12:00:00,5.4138246
2016-07-21 12:00:00,5.1571813
2016-07-22 12:00:00,4.823791
2016-07-23 12:00:00,5.2094865
2016-07-24 12:00:00,4.411978
2016-07-25 12:00:00,3.7925708
2016-07-26 12:00:00,4.614693
2016-07-27 12:00:00,4.813159
2016-07-28 12:00:00,6.9126472
2016-07-29 12:00:00,7.983264
2016-07-30 12:00:00,8.402297
2016-07-31 12:00:00,8.035994
2016-08-01 12:00:00,8.743514
2016-08-02 12:00:00,8.933092
2016-08-03 12:00:00,8.3674755
2016-08-04 12:00:00,7.89729
2016-08-05 12:00:00,6.583324
2016-08-06 12:00:00,6.286469
2016-08-07 12:00:00,6.7745876
2016-08-08 12:00:00,5.870187
2016-08-09 12:00:00,6.536499
2016-08-10 12:00:00,6.0113397
2016-08-11 12:00:00,6.275271
2016-08-12 12:00:00,6.606824
2016-08-13 12:00:00,7.8317943
2016-08-14 12:00:00,8.450176
2016-08-15 12:00:00,9.026868
2016-08-16 12:00:00,8.773833
2016-08-17 12:00:00,8.018444
2016-08-18 12:00:00,6.925404
2016-08-19 12:00:00,6.395048
2016-08-20 12:00:00,5.340912
2016-08-21 12:00:00,4.6144376
2016-08-22 12:00:00,4.377835
2016-08-23 12:00:00,4.2171717
2016-08-24 12:00:00,4.502078
2016-08-25 12:00:00,5.8634934
2016-08-26 12:00:00,6.3019466
2016-08-27 12:00:00,6.509093
2016-08-28 12:00:00,5.8415585
2016-08-29 12:00:00,5.8603244
2016-08-30 12:00:00,6.633371
2016-08-31 12:00:00,6.9024153
2016-09-01 12:00:00,6.2540593
2016-09-02 12:00:00,7.379352
2016-09-03 12:00:00,7.387395
2016-09-04 12:00:00,7.3510203
2016-09-05 12:00:00,7.246531
2016-09-06 12:00:00,7.7240524
2016-09-07 12:00:00,6.7910404
2016-09-08 12:00:00,6.674171
2016-09-09 12:00:00,5.844436
2016-09-10 12:00:00,6.184293
2016-09-11 12:00:00,5.947348
2016-09-12 12:00:00,5.7429733
2016-09-13 12:00:00,5.3018994
2016-09-14 12:00:00,5.7829585
2016-09-15 12:00:00,6.6605573
2016-09-16 12:00:00,5.8849387
2016-09-17 12:00:00,6.4925885
2016-09-18 12:00:00,5.5927362
2016-09-19 12:00:00,5.2773776
2016-09-20 12:00:00,6.2657595
2016-09-21 12:00:00,6.375105
2016-09-22 12:00:00,4.8665957
2016-09-23 12:00:00,5.479706
2016-09-24 12:00:00,5.302739
2016-09-25 12:00:00,5.4760237
2016-09-26 12:00:00,4.8393292
2016-09-27 12:00:00,5.432617
2016-09-28 12:00:00,5.97549
2016-09-29 12:00:00,6.772987
2016-09-30 12:00:00,6.1522236
2016-10-01 12:00:00,5.048159
2016-10-02 12:00:00,4.524964
2016-10-03 12:00:00,4.656325
2016-10-04 12:00:00,4.5071826
2016-10-05 12:00:00,4.859236
2016-10-06 12:00:00,5.0274544
2016-10-07 12:00:00,5.96122
2016-10-08 12:00:00,5.98705
2016-10-09 12:00:00,6.176315
2016-10-10 12:00:00,5.5935717
2016-10-11 12:00:00,5.500511
2016-10-12 12:00:00,3.9960983
2016-10-13 12:00:00,3.5260916
2016-10-14 12:00:00,3.6220434
2016-10-15 12:00:00,3.5361607
2016-10-16 12:00:00,3.6305664
2016-10-17 12:00:00,3.6824255
2016-10-18 12:00:00,4.2697277
2016-10-19 12:00:00,5.5029883
2016-10-20 12:00:00,5.796838
2016-10-21 12:00:00,7.1827354
2016-10-22 12:00:00,6.476728
2016-10-23 12:00:00,6.5085945
2016-10-24 12:00:00,6.6146116
2016-10-25 12:00:00,4.9119225
2016-10-26 12:00:00,3.8445818
2016-10-27 12:00:00,2.914104
2016-10-28 12:00:00,1.9960532
2016-10-29 12:00:00,1.9601384
2016-10-30 12:00:00,2.712141
2016-10-31 12:00:00,3.1240497
2016-11-01 12:00:00,4.3683867
2016-11-02 12:00:00,5.161607
2016-11-03 12:00:00,6.1754656
2016-11-04 12:00:00,6.187038
2016-11-05 12:00:00,5.766509
2016-11-06 12:00:00,4.2037635
2016-11-07 12:00:00,3.5380642
2016-11-08 12:00:00,3.0255213
2016-11-09 12:00:00,2.9188726
2016-11-10 12:00:00,2.594636
2016-11-11 12:00:00,2.8794763
2016-11-12 12:00:00,3.702276
2016-11-13 12:00:00,4.134403
2016-11-14 12:00:00,4.649738
2016-11-15 12:00:00,4.899072
2016-11-16 12:00:00,5.995883
2016-11-17 12:00:00,5.8705926
2016-11-18 12:00:00,6.169273
2016-11-19 12:00:00,4.7728977
2016-11-20 12:00:00,5.3193665
2016-11-21 12:00:00,4.541458
2016-11-22 12:00:00,4.923256
2016-11-23 12:00:00,4.897853
2016-11-24 12:00:00,5.0861635
2016-11-25 12:00:00,5.237806
2016-11-26 12:00:00,4.1550674
2016-11-27 12:00:00,4.2253866
2016-11-28 12:00:00,4.816517
2016-11-29 12:00:00,6.244288
2016-11-30 12:00:00,6.8371634
2016-12-01 12:00:00,4.719576
2016-12-02 12:00:00,4.5063
2016-12-03 12:00:00,5.353034
2016-12-04 12:00:00,6.6654315
2016-12-05 12:00:00,7.3028073
2016-12-06 12:00:00,8.3074665
2016-12-07 12:00:00,7.819195
2016-12-08 12:00:00,8.57089
2016-12-09 12:00:00,8.28032
2016-12-10 12:00:00,7.4945254
2016-12-11 12:00:00,6.384561
2016-12-12 12:00:00,4.2524867
2016-12-13 12:00:00,2.9224524
2016-12-14 12:00:00,3.505284
2016-12-15 12:00:00,5.5625234
2016-12-16 12:00:00,6.655898
2016-12-17 12:00:00,5.983882
2016-12-18 12:00:00,5.104188
2016-12-19 12:00:00,4.7683687
2016-12-20 12:00:00,4.6946034
2016-12-21 12:00:00,5.7090936
2016-12-22 12:00:00,5.1277547
2016-12-23 12:00:00,3.9833527
2016-12-24 12:00:00,3.9189465
2016-12-25 12:00:00,3.9154003
2016-12-26 12:00:00,4.548401
2016-12-27 12:00:00,6.3372445
2016-12-28 12:00:00,5.9986324
2016-12-29 12:00:00,6.673754
2016-12-30 12:00:00,6.523803
2016-12-31 12:00:00,6.531413
2017-01-01 12:00:00,6.537501
2017-01-02 12:00:00,6.246258
2017-01-03 12:00:00,6.275976
2017-01-04 12:00:00,6.0106874
2017-01-05 12:00:00,6.9202538
2017-01-06 12:00:00,6.624474
2017-01-07 12:00:00,5.4831634
2017-01-08 12:00:00,5.3192453
2017-01-09 12:00:00,5.471571
2017-01-10 12:00:00,4.751621
2017-01-11 12:00:00,4.5893297
2017-01-12 12:00:00,5.099405
2017-01-13 12:00:00,6.1450443
2017-01-14 12:00:00,5.9824343
2017-01-15 12:00:00,5.9363313
2017-01-16 12:00:00,5.4854574
2017-01-17 12:00:00,5.8768597
2017-01-18 12:00:00,6.5574737
2017-01-19 12:00:00,5.997431
2017-01-20 12:00:00,6.0955195
2017-01-21 12:00:00,6.3558984
2017-01-22 12:00:00,5.9407625
2017-01-23 12:00:00,6.1916256
2017-01-24 12:00:00,6.44524
2017-01-25 12:00:00,6.2560906
2017-01-26 12:00:00,5.9828215
2017-01-27 12:00:00,3.9989765
2017-01-28 12:00:00,4.6378818
2017-01-29 12:00:00,5.226081
2017-01-30 12:00:00,4.9139466
2017-01-31 12:00:00,4.8372173
2017-02-01 12:00:00,4.4006224
2017-02-02 12:00:00,5.102674
2017-02-03 12:00:00,6.300075
2017-02-04 12:00:00,5.1037927
2017-02-05 12:00:00,4.485628
2017-02-06 12:00:00,3.9907465
2017-02-07 12:00:00,3.8986354
2017-02-08 12:00:00,4.5316772
2017-02-09 12:00:00,3.9392195
2017-02-10 12:00:00,3.5548205
2017-02-11 12:00:00,4.61897
2017-02-12 12:00:00,5.799863
2017-02-13 12:00:00,6.4075713
2017-02-14 12:00:00,6.7321525
2017-02-15 12:00:00,6.534447
2017-02-16 12:00:00,6.3317876
2017-02-17 12:00:00,5.561123
2017-02-18 12:00:00,5.20303
2017-02-19 12:00:00,3.5400944
2017-02-20 12:00:00,2.4419696
2017-02-21 12:00:00,2.9408262
2017-02-22 12:00:00,3.438526
2017-02-23 12:00:00,3.2670186
2017-02-24 12:00:00,3.750966
2017-02-25 12:00:00,4.0341487
2017-02-26 12:00:00,4.103598
2017-02-27 12:00:00,5.507489
2017-02-28 12:00:00,5.902198
2017-03-01 12:00:00,5.143745
2017-03-02 12:00:00,4.452421
2017-03-03 12:00:00,3.9577055
2017-03-04 12:00:00,2.77691
2017-03-05 12:00:00,2.7527304
2017-03-06 12:00:00,3.1825888
2017-03-07 12:00:00,3.3298628
2017-03-08 12:00:00,3.2900805
2017-03-09 12:00:00,3.426469
2017-03-10 12:00:00,3.8088374
2017-03-11 12:00:00,3.3966458
2017-03-12 12:00:00,3.4286425
2017-03-13 12:00:00,4.0562997
2017-03-14 12:00:00,4.60274
2017-03-15 12:00:00,5.4971256
2017-03-16 12:00:00,4.0793543
2017-03-17 12:00:00,3.6975374
2017-03-18 12:00:00,2.6086512
2017-03-19 12:00:00,2.8219025
2017-03-20 12:00:00,2.9672246
2017-03-21 12:00:00,4.043905
2017-03-22 12:00:00,4.9502196
2017-03-23 12:00:00,3.0776463
2017-03-24 12:00:00,2.566865
2017-03-25 12:00:00,2.7393498
2017-03-26 12:00:00,3.4871795
2017-03-27 12:00:00,3.8345773
2017-03-28 12:00:00,2.7341833
2017-03-29 12:00:00,3.1756203
2017-03-30 12:00:00,2.7945557
2017-03-31 12:00:00,2.6283522
2017-04-01 12:00:00,2.5904968
2017-04-02 12:00:00,3.7908967
2017-04-03 12:00:00,2.6602528
2017-04-04 12:00:00,2.6719944
2017-04-05 12:00:00,2.8490925
2017-04-06 12:00:00,3.1400418
2017-04-07 12:00:00,3.1156168
2017-04-08 12:00:00,2.8570805
2017-04-09 12:00:00,2.926989
2017-04-10 12:00:00,2.3614058
2017-04-11 12:00:00,2.3081913
2017-04-12 12:00:00,2.5744016
2017-04-13 12:00:00,3.366457
2017-04-14 12:00:00,5.103493
2017-04-15 12:00:00,6.835451
2017-04-16 12:00:00,5.4459352
2017-04-17 12:00:00,3.2548957
2017-04-18 12:00:00,2.7770169
2017-04-19 12:00:00,3.4162176
2017-04-20 12:00:00,4.034437
2017-04-21 12:00:00,4.224852
2017-04-22 12:00:00,3.8352666
2017-04-23 12:00:00,4.109667
2017-04-24 12:00:00,4.412229
2017-04-25 12:00:00,4.4535236
2017-04-26 12:00:00,4.4702272
2017-04-27 12:00:00,3.9814918
2017-04-28 12:00:00,3.5449393
2017-04-29 12:00:00,2.132323
2017-04-30 12:00:00,2.0872567
2017-05-01 12:00:00,2.45091
2017-05-02 12:00:00,2.6373572
2017-05-03 12:00:00,2.7155218
2017-05-04 12:00:00,2.3555312
2017-05-05 12:00:00,2.5500467
2017-05-06 12:00:00,2.8765588
2017-05-07 12:00:00,2.371578
2017-05-08 12:00:00,2.43134
2017-05-09 12:00:00,2.4156172
2017-05-10 12:00:00,1.9019775
2017-05-11 12:00:00,1.9631282
2017-05-12 12:00:00,2.389766
2017-05-13 12:00:00,3.2558303
2017-05-14 12:00:00,4.941318
2017-05-15 12:00:00,5.383036
2017-05-16 12:00:00,5.978112
2017-05-17 12:00:00,5.7613206
2017-05-18 12:00:00,5.8407645
2017-05-19 12:00:00,4.331362
2017-05-20 12:00:00,4.7390122
2017-05-21 12:00:00,4.700076
2017-05-22 12:00:00,3.8237755
2017-05-23 12:00:00,3.9192896
2017-05-24 12:00:00,4.7199802
2017-05-25 12:00:00,5.617125
2017-05-26 12:00:00,6.5876393
2017-05-27 12:00:00,7.588327
2017-05-28 12:00:00,8.681644
2017-05-29 12:00:00,7.865857
2017-05-30 12:00:00,7.6882253
2017-05-31 12:00:00,5.4954295
2017-06-01 12:00:00,5.28997
2017-06-02 12:00:00,4.735966
2017-06-03 12:00:00,6.195716
2017-06-04 12:00:00,6.6977377
2017-06-05 12:00:00,7.7193437
2017-06-06 12:00:00,7.6189637
2017-06-07 12:00:00,7.8005195
2017-06-08 12:00:00,7.6007776
2017-06-09 12:00:00,8.484333
2017-06-10 12:00:00,9.340609
2017-06-11 12:00:00,7.9676723
2017-06-12 12:00:00,7.051103
2017-06-13 12:00:00,6.9415426
2017-06-14 12:00:00,6.7424474
2017-06-15 12:00:00,5.942858
2017-06-16 12:00:00,5.4628983
2017-06-17 12:00:00,5.7028093
2017-06-18 12:00:00,6.1600823
2017-06-19 12:00:00,7.020545
2017-06-20 12:00:00,6.858266
2017-06-21 12:00:00,7.639203
2017-06-22 12:00:00,7.9374466
2017-06-23 12:00:00,8.113045
2017-06-24 12:00:00,9.166733
2017-06-25 12:00:00,8.744224
2017-06-26 12:00:00,7.7634516
2017-06-27 12:00:00,7.6460752
2017-06-28 12:00:00,6.3322268
2017-06-29 12:00:00,5.536764
2017-06-30 12:00:00,6.2952976
2017-07-01 12:00:00,6.0733275
2017-07-02 12:00:00,6.141612
2017-07-03 12:00:00,5.6109405
2017-07-04 12:00:00,5.8929996
2017-07-05 12:00:00,6.340139
2017-07-06 12:00:00,6.566813
2017-07-07 12:00:00,6.28303
2017-07-08 12:00:00,6.5822225
2017-07-09 12:00:00,6.5017695
2017-07-10 12:00:00,5.6830826
2017-07-11 12:00:00,5.932269
2017-07-12 12:00:00,6.876288
2017-07-13 12:00:00,8.003007
2017-07-14 12:00:00,8.368151
2017-07-15 12:00:00,8.372518
2017-07-16 12:00:00,9.336527
2017-07-17 12:00:00,9.299889
2017-07-18 12:00:00,9.023701
2017-07-19 12:00:00,8.158648
2017-07-20 12:00:00,7.16524
2017-07-21 12:00:00,6.529813
2017-07-22 12:00:00,6.2889733
2017-07-23 12:00:00,6.162715
2017-07-24 12:00:00,6.544402
2017-07-25 12:00:00,5.8319674
2017-07-26 12:00:00,6.594046
2017-07-27 12:00:00,6.7071486
2017-07-28 12:00:00,4.982977
2017-07-29 12:00:00,5.510691
2017-07-30 12:00:00,5.7487044
2017-07-31 12:00:00,5.856029
2017-08-01 12:00:00,6.385278
2017-08-02 12:00:00,6.5771523
2017-08-03 12:00:00,6.891963
2017-08-04 12:00:00,6.754265
2017-08-05 12:00:00,6.8690577
2017-08-06 12:00:00,6.072058
2017-08-07 12:00:00,5.4710364
2017-08-08 12:00:00,5.6010365
2017-08-09 12:00:00,4.8702354
2017-08-10 12:00:00,5.2008214
2017-08-11 12:00:00,5.0746493
2017-08-12 12:00:00,4.778358
2017-08-13 12:00:00,5.001032
2017-08-14 12:00:00,4.5367785
2017-08-15 12:00:00,6.0316067
2017-08-16 12:00:00,7.606619
2017-08-17 12:00:00,8.329991
2017-08-18 12:00:00,7.7839723
2017-08-19 12:00:00,7.1372676
2017-08-20 12:00:00,6.6966624
2017-08-21 12:00:00,6.168238
2017-08-22 12:00:00,6.365868
2017-08-23 12:00:00,5.950797
2017-08-24 12:00:00,6.7125354
2017-08-25 12:00:00,7.387842
2017-08-26 12:00:00,6.7734933
2017-08-27 12:00:00,7.1449113
2017-08-28 12:00:00,6.831848
2017-08-29 12:00:00,5.3950133
2017-08-30 12:00:00,4.063836
2017-08-31 12:00:00,3.5793006
2017-09-01 12:00:00,5.2575397
2017-09-02 12:00:00,5.1101193
2017-09-03 12:00:00,4.642051
2017-09-04 12:00:00,3.2840002
2017-09-05 12:00:00,3.6678731
2017-09-06 12:00:00,2.6557715
2017-09-07 12:00:00,3.5945756
2017-09-08 12:00:00,3.5235677
2017-09-09 12:00:00,3.5487933
2017-09-10 12:00:00,2.596241
2017-09-11 12:00:00,3.6056466
2017-09-12 12:00:00,3.1494253
2017-09-13 12:00:00,4.7592425
2017-09-14 12:00:00,6.196436
2017-09-15 12:00:00,6.3670845
2017-09-16 12:00:00,8.666969
2017-09-17 12:00:00,9.871461
2017-09-18 12:00:00,7.351243
2017-09-19 12:00:00,6.473595
2017-09-20 12:00:00,6.1780214
2017-09-21 12:00:00,5.880542
2017-09-22 12:00:00,4.7244954
2017-09-23 12:00:00,4.6457543
2017-09-24 12:00:00,5.821855
2017-09-25 12:00:00,6.51989
2017-09-26 12:00:00,6.4753838
2017-09-27 12:00:00,6.167721
2017-09-28 12:00:00,6.6667757
2017-09-29 12:00:00,5.0256476
2017-09-30 12:00:00,4.5626616
2017-10-01 12:00:00,4.274092
2017-10-02 12:00:00,4.0948825
2017-10-03 12:00:00,3.9465265
2017-10-04 12:00:00,3.4038563
2017-10-05 12:00:00,4.099529
2017-10-06 12:00:00,3.26809
2017-10-07 12:00:00,3.5365012
2017-10-08 12:00:00,2.1259563
2017-10-09 12:00:00,2.230754
2017-10-10 12:00:00,2.2908154
2017-10-11 12:00:00,3.8195472
2017-10-12 12:00:00,3.7581975
2017-10-13 12:00:00,4.935575
2017-10-14 12:00:00,6.5202937
2017-10-15 12:00:00,7.2695627
2017-10-16 12:00:00,7.9212904
2017-10-17 12:00:00,7.845721
2017-10-18 12:00:00,6.8057194
2017-10-19 12:00:00,6.2746115
2017-10-20 12:00:00,5.7023444
2017-10-21 12:00:00,5.8676605
2017-10-22 12:00:00,4.7093387
2017-10-23 12:00:00,2.8922026
2017-10-24 12:00:00,2.0090673
2017-10-25 12:00:00,2.5249307
2017-10-26 12:00:00,2.2836754
2017-10-27 12:00:00,2.4546678
2017-10-28 12:00:00,3.3260758
2017-10-29 12:00:00,4.227627
2017-10-30 12:00:00,4.700319
2017-10-31 12:00:00,3.9664278
2017-11-01 12:00:00,4.274818
2017-11-02 12:00:00,4.5429406
2017-11-03 12:00:00,5.226571
2017-11-04 12:00:00,5.5313196
2017-11-05 12:00:00,6.551315
2017-11-06 12:00:00,6.1275744
2017-11-07 12:00:00,5.3798747
2017-11-08 12:00:00,5.1346474
2017-11-09 12:00:00,4.6352596
2017-11-10 12:00:00,5.125811
2017-11-11 12:00:00,4.2006717
2017-11-12 12:00:00,4.5267024
2017-11-13 12:00:00,4.9100866
2017-11-14 12:00:00,5.0301924
2017-11-15 12:00:00,4.1122828
2017-11-16 12:00:00,3.1321993
2017-11-17 12:00:00,1.6975689
2017-11-18 12:00:00,2.509372
2017-11-19 12:00:00,3.0658417
2017-11-20 12:00:00,4.5527816
2017-11-21 12:00:00,4.720058
2017-11-22 12:00:00,5.2122355
2017-11-23 12:00:00,4.820284
2017-11-24 12:00:00,4.807722
2017-11-25 12:00:00,5.826627
2017-11-26 12:00:00,5.6276298
2017-11-27 12:00:00,5.1702023
2017-11-28 12:00:00,5.6930785
2017-11-29 12:00:00,5.423135
2017-11-30 12:00:00,6.0253434
2017-12-01 12:00:00,5.304516
2017-12-02 12:00:00,5.2940655
2017-12-03 12:00:00,5.917305
2017-12-04 12:00:00,6.140606
2017-12-05 12:00:00,7.6756473
2017-12-06 12:00:00,7.8421535
2017-12-07 12:00:00,6.8087673
2017-12-08 12:00:00,4.611497
2017-12-09 12:00:00,3.010054
2017-12-10 12:00:00,2.2220047
2017-12-11 12:00:00,2.3260133
2017-12-12 12:00:00,2.568824
2017-12-13 12:00:00,3.845053
2017-12-14 12:00:00,4.321652
2017-12-15 12:00:00,6.044842
2017-12-16 12:00:00,6.4202027
2017-12-17 12:00:00,7.041314
2017-12-18 12:00:00,6.784788
2017-12-19 12:00:00,7.7110624
2017-12-20 12:00:00,7.883792
2017-12-21 12:00:00,6.8629622
2017-12-22 12:00:00,6.367072
2017-12-23 12:00:00,5.9021316
2017-12-24 12:00:00,5.94369
2017-12-25 12:00:00,5.20191
2017-12-26 12:00:00,6.609579
2017-12-27 12:00:00,6.7113466
2017-12-28 12:00:00,5.5850925
2017-12-29 12:00:00,5.515899
2017-12-30 12:00:00,5.1807942
2017-12-31 12:00:00,4.8569565
2018-01-01 12:00:00,4.2726707
2018-01-02 12:00:00,3.5037096
2018-01-03 12:00:00,4.9627895
2018-01-04 12:00:00,5.53978
2018-01-05 12:00:00,5.3659506
2018-01-06 12:00:00,5.087092
2018-01-07 12:00:00,5.1723905
2018-01-08 12:00:00,4.615129
2018-01-09 12:00:00,4.6095047
2018-01-10 12:00:00,4.6706123
2018-01-11 12:00:00,4.2846036
2018-01-12 12:00:00,4.1653204
2018-01-13 12:00:00,4.076336
2018-01-14 12:00:00,5.2023926
2018-01-15 12:00:00,4.5470285
2018-01-16 12:00:00,5.0554824
2018-01-17 12:00:00,5.339278
2018-01-18 12:00:00,5.858083
2018-01-19 12:00:00,5.7835507
2018-01-20 12:00:00,5.4191375
2018-01-21 12:00:00,5.4908423
2018-01-22 12:00:00,4.6449695
2018-01-23 12:00:00,4.0695434
2018-01-24 12:00:00,4.1865454
2018-01-25 12:00:00,4.7441044
2018-01-26 12:00:00,4.762941
2018-01-27 12:00:00,4.6625843
2018-01-28 12:00:00,5.3708043
2018-01-29 12:00:00,5.9897146
2018-01-30 12:00:00,5.994142
2018-01-31 12:00:00,4.8397098
2018-02-01 12:00:00,4.6768165
2018-02-02 12:00:00,4.4236436
2018-02-03 12:00:00,5.341
2018-02-04 12:00:00,4.9784875
2018-02-05 12:00:00,5.3037605
2018-02-06 12:00:00,4.675468
2018-02-07 12:00:00,3.4444764
2018-02-08 12:00:00,3.6937776
2018-02-09 12:00:00,3.9915087
2018-02-10 12:00:00,4.4673963
2018-02-11 12:00:00,5.0817623
2018-02-12 12:00:00,5.2582326
2018-02-13 12:00:00,4.5478196
2018-02-14 12:00:00,5.216688
2018-02-15 12:00:00,6.0461836
2018-02-16 12:00:00,5.489419
2018-02-17 12:00:00,4.12947
2018-02-18 12:00:00,4.388616
2018-02-19 12:00:00,4.813248
2018-02-20 12:00:00,5.044725
2018-02-21 12:00:00,4.496809
2018-02-22 12:00:00,4.407516
2018-02-23 12:00:00,4.6046724
2018-02-24 12:00:00,5.3402677
2018-02-25 12:00:00,5.41185
2018-02-26 12:00:00,4.4085875
2018-02-27 12:00:00,3.8910594
2018-02-28 12:00:00,3.9806967
2018-03-01 12:00:00,3.9029994
2018-03-02 12:00:00,3.7015676
2018-03-03 12:00:00,3.0401235
2018-03-04 12:00:00,3.4359572
2018-03-05 12:00:00,3.480595
2018-03-06 12:00:00,3.5630138
2018-03-07 12:00:00,3.9178898
2018-03-08 12:00:00,3.7991133
2018-03-09 12:00:00,4.5586095
2018-03-10 12:00:00,5.4651957
2018-03-11 12:00:00,4.359156
2018-03-12 12:00:00,3.3198795
2018-03-13 12:00:00,3.730974
2018-03-14 12:00:00,2.6426535
2018-03-15 12:00:00,3.2488363
2018-03-16 12:00:00,3.2815363
2018-03-17 12:00:00,3.2534394
2018-03-18 12:00:00,3.7611194
2018-03-19 12:00:00,3.383821
2018-03-20 12:00:00,2.6393583
2018-03-21 12:00:00,2.9620113
2018-03-22 12:00:00,2.7041023
2018-03-23 12:00:00,3.4770896
2018-03-24 12:00:00,3.293389
2018-03-25 12:00:00,3.642174
2018-03-26 12:00:00,2.3971941
2018-03-27 12:00:00,2.7862954
2018-03-28 12:00:00,2.946674
2018-03-29 12:00:00,3.0413258
2018-03-30 12:00:00,2.9663618
2018-03-31 12:00:00,2.748224
2018-04-01 12:00:00,2.82134
2018-04-02 12:00:00,2.853282
2018-04-03 12:00:00,2.3895226
2018-04-04 12:00:00,2.820896
2018-04-05 12:00:00,2.5744412
2018-04-06 12:00:00,2.7131338
2018-04-07 12:00:00,4.085787
2018-04-08 12:00:00,5.476519
2018-04-09 12:00:00,4.220151
2018-04-10 12:00:00,4.5138493
2018-04-11 12:00:00,4.0735145
2018-04-12 12:00:00,3.956882
2018-04-13 12:00:00,4.177153
2018-04-14 12:00:00,3.260642
2018-04-15 12:00:00,3.4370809
2018-04-16 12:00:00,2.7819493
2018-04-17 12:00:00,2.378634
2018-04-18 12:00:00,2.7920587
2018-04-19 12:00:00,3.2857168
2018-04-20 12:00:00,3.2303612
2018-04-21 12:00:00,3.7524195
2018-04-22 12:00:00,3.0028386
2018-04-23 12:00:00,3.5128262
2018-04-24 12:00:00,2.6589253
2018-04-25 12:00:00,2.723001
2018-04-26 12:00:00,3.5819082
2018-04-27 12:00:00,3.585994
2018-04-28 12:00:00,2.9373412
2018-04-29 12:00:00,3.2845592
2018-04-30 12:00:00,4.071597
2018-05-01 12:00:00,2.999422
2018-05-02 12:00:00,3.2362425
2018-05-03 12:00:00,3.4065006
2018-05-04 12:00:00,2.98233
2018-05-05 12:00:00,3.915426
2018-05-06 12:00:00,3.8462868
2018-05-07 12:00:00,3.4696512
2018-05-08 12:00:00,3.9739168
2018-05-09 12:00:00,3.8928888
2018-05-10 12:00:00,3.129697
2018-05-11 12:00:00,2.308487
2018-05-12 12:00:00,2.1316123
2018-05-13 12:00:00,2.3496506
2018-05-14 12:00:00,1.7452801
2018-05-15 12:00:00,1.8971331
2018-05-16 12:00:00,2.1829028
2018-05-17 12:00:00,2.9619067
2018-05-18 12:00:00,3.8476322
2018-05-19 12:00:00,3.3592303
2018-05-20 12:00:00,2.5626862
2018-05-21 12:00:00,3.61318
2018-05-22 12:00:00,2.29262
2018-05-23 12:00:00,3.525246
2018-05-24 12:00:00,4.0298867
2018-05-25 12:00:00,5.284937
2018-05-26 12:00:00,5.204431
2018-05-27 12:00:00,6.2864294
2018-05-28 12:00:00,8.362488
2018-05-29 12:00:00,7.8074703
2018-05-30 12:00:00,5.8647118
2018-05-31 12:00:00,5.656848
2018-06-01 12:00:00,5.5282927
2018-06-02 12:00:00,5.3348546
2018-06-03 12:00:00,5.9370346
2018-06-04 12:00:00,6.1477356
2018-06-05 12:00:00,6.475889
2018-06-06 12:00:00,7.9340396
2018-06-07 12:00:00,9.072218
2018-06-08 12:00:00,9.547942
2018-06-09 12:00:00,10.217456
2018-06-10 12:00:00,10.003157
2018-06-11 12:00:00,10.268444
2018-06-12 12:00:00,9.795457
2018-06-13 12:00:00,9.317031
2018-06-14 12:00:00,8.7908535
2018-06-15 12:00:00,8.505856
2018-06-16 12:00:00,8.73264
2018-06-17 12:00:00,8.541596
2018-06-18 12:00:00,9.194453
2018-06-19 12:00:00,8.872822
2018-06-20 12:00:00,8.351475
2018-06-21 12:00:00,7.2777877
2018-06-22 12:00:00,6.993082
2018-06-23 12:00:00,7.0635653
2018-06-24 12:00:00,7.3350244
2018-06-25 12:00:00,7.4317846
2018-06-26 12:00:00,6.707662
2018-06-27 12:00:00,6.3918147
2018-06-28 12:00:00,4.568583
2018-06-29 12:00:00,4.104993
2018-06-30 12:00:00,3.919058
2018-07-01 12:00:00,5.1661024
2018-07-02 12:00:00,6.2330256
2018-07-03 12:00:00,6.063726
2018-07-04 12:00:00,7.427617
2018-07-05 12:00:00,8.6180105
2018-07-06 12:00:00,8.368273
2018-07-07 12:00:00,7.8593884
2018-07-08 12:00:00,7.841741
2018-07-09 12:00:00,8.307485
2018-07-10 12:00:00,9.239974
2018-07-11 12:00:00,9.064572
2018-07-12 12:00:00,9.2502575
2018-07-13 12:00:00,8.745122
2018-07-14 12:00:00,9.247484
2018-07-15 12:00:00,8.907527
2018-07-16 12:00:00,8.242525
2018-07-17 12:00:00,7.9355726
2018-07-18 12:00:00,8.156033
2018-07-19 12:00:00,9.507954
2018-07-20 12:00:00,8.202557
2018-07-21 12:00:00,8.334062
2018-07-22 12:00:00,7.37192
2018-07-23 12:00:00,6.5652075
2018-07-24 12:00:00,6.153523
2018-07-25 12:00:00,6.1712813
2018-07-26 12:00:00,6.2764325
2018-07-27 12:00:00,6.333119
2018-07-28 12:00:00,6.4883413
2018-07-29 12:00:00,7.540634
2018-07-30 12:00:00,8.292459
2018-07-31 12:00:00,8.121476
2018-08-01 12:00:00,8.126286
2018-08-02 12:00:00,7.6753755
2018-08-03 12:00:00,7.893874
2018-08-04 12:00:00,7.6854806
2018-08-05 12:00:00,8.149298
2018-08-06 12:00:00,8.527671
2018-08-07 12:00:00,8.413073
2018-08-08 12:00:00,7.666221
2018-08-09 12:00:00,7.31828
2018-08-10 12:00:00,8.266114
2018-08-11 12:00:00,9.533016
2018-08-12 12:00:00,9.828259
2018-08-13 12:00:00,9.355878
2018-08-14 12:00:00,9.799191
2018-08-15 12:00:00,9.483644
2018-08-16 12:00:00,7.6355515
2018-08-17 12:00:00,8.018722
2018-08-18 12:00:00,7.961027
2018-08-19 12:00:00,8.620785
2018-08-20 12:00:00,6.592633
2018-08-21 12:00:00,5.760183
2018-08-22 12:00:00,5.7351937
2018-08-23 12:00:00,6.420712
2018-08-24 12:00:00,7.0560875
2018-08-25 12:00:00,7.0239773
2018-08-26 12:00:00,6.9884925
2018-08-27 12:00:00,6.853076
2018-08-28 12:00:00,6.4300385
2018-08-29 12:00:00,6.5410724
2018-08-30 12:00:00,6.8972893
2018-08-31 12:00:00,7.0707684
2018-09-01 12:00:00,6.33868
2018-09-02 12:00:00,6.1217656
2018-09-03 12:00:00,6.2745333
2018-09-04 12:00:00,6.860712
2018-09-05 12:00:00,6.695962
2018-09-06 12:00:00,6.362159
2018-09-07 12:00:00,6.1220493
2018-09-08 12:00:00,3.947256
2018-09-09 12:00:00,3.0326152
2018-09-10 12:00:00,3.8969483
2018-09-11 12:00:00,3.0554113
2018-09-12 12:00:00,4.72148
2018-09-13 12:00:00,5.1675773
2018-09-14 12:00:00,6.0752687
2018-09-15 12:00:00,6.2842526
2018-09-16 12:00:00,7.400402
2018-09-17 12:00:00,8.408115
2018-09-18 12:00:00,8.690493
2018-09-19 12:00:00,8.336794
2018-09-20 12:00:00,7.0381927
2018-09-21 12:00:00,5.351547
2018-09-22 12:00:00,3.2797172
2018-09-23 12:00:00,2.1869845
2018-09-24 12:00:00,1.8559778
2018-09-25 12:00:00,2.4109378
2018-09-26 12:00:00,2.2471166
2018-09-27 12:00:00,2.567665
2018-09-28 12:00:00,1.882827
2018-09-29 12:00:00,2.2380402
2018-09-30 12:00:00,2.2899442
2018-10-01 12:00:00,2.4482067
2018-10-02 12:00:00,2.1936333
2018-10-03 12:00:00,2.7132714
2018-10-04 12:00:00,2.976861
2018-10-05 12:00:00,2.8126907
2018-10-06 12:00:00,3.697234
2018-10-07 12:00:00,4.467055
2018-10-08 12:00:00,4.9801726
2018-10-09 12:00:00,6.6337814
2018-10-10 12:00:00,6.374653
2018-10-11 12:00:00,5.640305
2018-10-12 12:00:00,4.988762
2018-10-13 12:00:00,3.636797
2018-10-14 12:00:00,3.0009823
2018-10-15 12:00:00,2.8826125
2018-10-16 12:00:00,2.025161
2018-10-17 12:00:00,2.916231
2018-10-18 12:00:00,3.767416
2018-10-19 12:00:00,2.406216
2018-10-20 12:00:00,2.7660835
2018-10-21 12:00:00,2.890834
2018-10-22 12:00:00,3.1391165
2018-10-23 12:00:00,3.17652
2018-10-24 12:00:00,2.9268472
2018-10-25 12:00:00,3.3343365
2018-10-26 12:00:00,5.067319
2018-10-27 12:00:00,4.7840796
2018-10-28 12:00:00,4.84629
2018-10-29 12:00:00,4.4418826
2018-10-30 12:00:00,3.8790941
2018-10-31 12:00:00,5.3180366
2018-11-01 12:00:00,5.06577
2018-11-02 12:00:00,5.523996
2018-11-03 12:00:00,5.014923
2018-11-04 12:00:00,5.325548
2018-11-05 12:00:00,5.2498426
2018-11-06 12:00:00,4.7114325
2018-11-07 12:00:00,5.060551
2018-11-08 12:00:00,5.029723
2018-11-09 12:00:00,6.04214
2018-11-10 12:00:00,6.216046
2018-11-11 12:00:00,5.8009734
2018-11-12 12:00:00,5.397813
2018-11-13 12:00:00,4.8548746
2018-11-14 12:00:00,4.8185425
2018-11-15 12:00:00,4.6748304
2018-11-16 12:00:00,2.7248743
2018-11-17 12:00:00,3.1033087
2018-11-18 12:00:00,3.9841928
2018-11-19 12:00:00,4.3411427
2018-11-20 12:00:00,4.1020274
2018-11-21 12:00:00,4.559335
2018-11-22 12:00:00,4.476149
2018-11-23 12:00:00,4.702183
2018-11-24 12:00:00,4.500879
2018-11-25 12:00:00,4.864561
2018-11-26 12:00:00,4.843464
2018-11-27 12:00:00,5.138519
2018-11-28 12:00:00,6.1426115
2018-11-29 12:00:00,5.3193984
2018-11-30 12:00:00,4.94817
2018-12-01 12:00:00,3.6499517
2018-12-02 12:00:00,5.0230865
2018-12-03 12:00:00,5.3098917
2018-12-04 12:00:00,6.579921
2018-12-05 12:00:00,5.34109
2018-12-06 12:00:00,5.003882
2018-12-07 12:00:00,5.2760186
2018-12-08 12:00:00,6.0611615
2018-12-09 12:00:00,5.552218
2018-12-10 12:00:00,5.426528
2018-12-11 12:00:00,4.3294406
2018-12-12 12:00:00,6.0734587
2018-12-13 12:00:00,6.3684072
2018-12-14 12:00:00,8.442816
2018-12-15 12:00:00,9.06887
2018-12-16 12:00:00,7.4497757
2018-12-17 12:00:00,4.5237226
2018-12-18 12:00:00,4.0496707
2018-12-19 12:00:00,4.713496
2018-12-20 12:00:00,4.315702
2018-12-21 12:00:00,3.5083072
2018-12-22 12:00:00,4.6522727
2018-12-23 12:00:00,4.967561
2018-12-24 12:00:00,4.857362
2018-12-25 12:00:00,4.706046
2018-12-26 12:00:00,4.5270987
2018-12-27 12:00:00,5.0403814
2018-12-28 12:00:00,4.5446987
2018-12-29 12:00:00,5.9190655
2018-12-30 12:00:00,6.2252746
2018-12-31 12:00:00,5.4811325
2019-01-01 12:00:00,5.356828
2019-01-02 12:00:00,5.458657
2019-01-03 12:00:00,5.9279175
2019-01-04 12:00:00,7.1143823
2019-01-05 12:00:00,7.317463
2019-01-06 12:00:00,6.635882
2019-01-07 12:00:00,5.7306914
2019-01-08 12:00:00,4.695195
2019-01-09 12:00:00,4.770012
2019-01-10 12:00:00,5.518151
2019-01-11 12:00:00,5.566746
2019-01-12 12:00:00,5.8007298
2019-01-13 12:00:00,5.757137
2019-01-14 12:00:00,5.3808427
2019-01-15 12:00:00,5.84126
2019-01-16 12:00:00,6.4322352
2019-01-17 12:00:00,5.507123
2019-01-18 12:00:00,5.6021376
2019-01-19 12:00:00,6.5686817
2019-01-20 12:00:00,5.6347675
2019-01-21 12:00:00,5.778085
2019-01-22 12:00:00,4.6772995
2019-01-23 12:00:00,5.591397
2019-01-24 12:00:00,5.1953483
2019-01-25 12:00:00,5.1883845
2019-01-26 12:00:00,5.1998854
2019-01-27 12:00:00,4.9463363
2019-01-28 12:00:00,5.095286
2019-01-29 12:00:00,5.4568043
2019-01-30 12:00:00,7.3136616
2019-01-31 12:00:00,6.0855203
2019-02-01 12:00:00,4.876764
2019-02-02 12:00:00,4.8848057
2019-02-03 12:00:00,5.351821
2019-02-04 12:00:00,6.0893354
2019-02-05 12:00:00,5.9292727
2019-02-06 12:00:00,4.99892
2019-02-07 12:00:00,3.9371355
2019-02-08 12:00:00,3.3046105
2019-02-09 12:00:00,3.565917
2019-02-10 12:00:00,5.649958
2019-02-11 12:00:00,6.3626275
2019-02-12 12:00:00,6.9679933
2019-02-13 12:00:00,6.082974
2019-02-14 12:00:00,5.1179805
2019-02-15 12:00:00,3.8895524
2019-02-16 12:00:00,3.1947675
2019-02-17 12:00:00,2.2076213
2019-02-18 12:00:00,2.510115
2019-02-19 12:00:00,4.415905
2019-02-20 12:00:00,5.4952993
2019-02-21 12:00:00,5.826952
2019-02-22 12:00:00,4.8651705
2019-02-23 12:00:00,2.9220872
2019-02-24 12:00:00,3.3800433
2019-02-25 12:00:00,3.6414216
2019-02-26 12:00:00,4.372231
2019-02-27 12:00:00,3.7289422
2019-02-28 12:00:00,3.6444597
2019-03-01 12:00:00,5.5572677
2019-03-02 12:00:00,5.1985292
2019-03-03 12:00:00,4.7290535
2019-03-04 12:00:00,2.7989068
2019-03-05 12:00:00,3.541304
2019-03-06 12:00:00,3.690135
2019-03-07 12:00:00,3.0556574
2019-03-08 12:00:00,3.2339954
2019-03-09 12:00:00,4.1568236
2019-03-10 12:00:00,4.292091
2019-03-11 12:00:00,3.5460448
2019-03-12 12:00:00,3.272249
2019-03-13 12:00:00,3.811414
2019-03-14 12:00:00,3.5051177
2019-03-15 12:00:00,3.802744
2019-03-16 12:00:00,4.342998
2019-03-17 12:00:00,4.5372086
2019-03-18 12:00:00,4.411585
2019-03-19 12:00:00,3.472086
2019-03-20 12:00:00,3.1363919
2019-03-21 12:00:00,3.9769948
2019-03-22 12:00:00,3.9553845
2019-03-23 12:00:00,3.3750582
2019-03-24 12:00:00,3.13912
2019-03-25 12:00:00,3.8347223
2019-03-26 12:00:00,2.9975085
2019-03-27 12:00:00,3.244827
2019-03-28 12:00:00,3.17372
2019-03-29 12:00:00,2.4436994
2019-03-30 12:00:00,2.5629501
2019-03-31 12:00:00,2.7606711
2019-04-01 12:00:00,2.8712256
2019-04-02 12:00:00,2.4569786
2019-04-03 12:00:00,3.0020125
2019-04-04 12:00:00,2.5032873
2019-04-05 12:00:00,3.0131106
2019-04-06 12:00:00,3.3761287
2019-04-07 12:00:00,3.2616313
2019-04-08 12:00:00,2.4632406
2019-04-09 12:00:00,2.7333183
2019-04-10 12:00:00,3.4163902
2019-04-11 12:00:00,3.1508198
2019-04-12 12:00:00,2.9168713
2019-04-13 12:00:00,2.9039612
2019-04-14 12:00:00,2.7271628
2019-04-15 12:00:00,2.2675571
2019-04-16 12:00:00,2.6664724
2019-04-17 12:00:00,2.3364966
2019-04-18 12:00:00,2.8424141
2019-04-19 12:00:00,3.1710424
2019-04-20 12:00:00,3.2673218
2019-04-21 12:00:00,3.4151063
2019-04-22 12:00:00,3.6087294
2019-04-23 12:00:00,3.1867151
2019-04-24 12:00:00,3.381798
2019-04-25 12:00:00,2.4666314
2019-04-26 12:00:00,2.516284
2019-04-27 12:00:00,2.9842935
2019-04-28 12:00:00,3.989938
2019-04-29 12:00:00,5.366867
2019-04-30 12:00:00,7.365534
2019-05-01 12:00:00,7.1002436
2019-05-02 12:00:00,6.6252027
2019-05-03 12:00:00,6.7388053
2019-05-04 12:00:00,5.5960264
2019-05-05 12:00:00,5.783041
2019-05-06 12:00:00,5.7923603
2019-05-07 12:00:00,6.506013
2019-05-08 12:00:00,6.912653
2019-05-09 12:00:00,5.9278536
2019-05-10 12:00:00,5.5281825
2019-05-11 12:00:00,4.9330325
2019-05-12 12:00:00,5.1228766
2019-05-13 12:00:00,4.849916
2019-05-14 12:00:00,4.1226063
2019-05-15 12:00:00,4.2923894
2019-05-16 12:00:00,4.4790773
2019-05-17 12:00:00,5.0091376
2019-05-18 12:00:00,5.112937
2019-05-19 12:00:00,4.3708677
2019-05-20 12:00:00,3.9230406
2019-05-21 12:00:00,4.431373
2019-05-22 12:00:00,4.432392
2019-05-23 12:00:00,4.778348
2019-05-24 12:00:00,5.0452747
2019-05-25 12:00:00,5.888852
2019-05-26 12:00:00,5.292979
2019-05-27 12:00:00,5.009512
2019-05-28 12:00:00,5.0231457
2019-05-29 12:00:00,5.1669164
2019-05-30 12:00:00,4.4057784
2019-05-31 12:00:00,5.426912
2019-06-01 12:00:00,4.9683394
2019-06-02 12:00:00,4.8102922
2019-06-03 12:00:00,4.0509477
2019-06-04 12:00:00,3.9339504
2019-06-05 12:00:00,4.93716
2019-06-06 12:00:00,4.8414254
2019-06-07 12:00:00,6.382905
2019-06-08 12:00:00,7.014471
2019-06-09 12:00:00,8.625265
2019-06-10 12:00:00,8.692169
2019-06-11 12:00:00,8.673925
2019-06-12 12:00:00,8.223293
2019-06-13 12:00:00,7.640176
2019-06-14 12:00:00,7.282369
2019-06-15 12:00:00,7.434417
2019-06-16 12:00:00,8.079692
2019-06-17 12:00:00,8.097455
2019-06-18 12:00:00,8.007208
2019-06-19 12:00:00,7.0104365
2019-06-20 12:00:00,6.155178
2019-06-21 12:00:00,5.477666
2019-06-22 12:00:00,5.096492
2019-06-23 12:00:00,4.3457503
2019-06-24 12:00:00,4.2047973
2019-06-25 12:00:00,6.1535177
2019-06-26 12:00:00,7.11957
2019-06-27 12:00:00,7.509524
2019-06-28 12:00:00,8.341748
2019-06-29 12:00:00,8.436313
2019-06-30 12:00:00,8.263318
2019-07-01 12:00:00,8.509031
2019-07-02 12:00:00,8.8903055
2019-07-03 12:00:00,7.980083
2019-07-04 12:00:00,8.815307
2019-07-05 12:00:00,8.322224
2019-07-06 12:00:00,7.5468025
2019-07-07 12:00:00,6.750111
2019-07-08 12:00:00,6.5858507
2019-07-09 12:00:00,7.0365696
2019-07-10 12:00:00,6.035769
2019-07-11 12:00:00,4.9798317
2019-07-12 12:00:00,5.012565
2019-07-13 12:00:00,6.296604
2019-07-14 12:00:00,6.808538
2019-07-15 12:00:00,6.769453
2019-07-16 12:00:00,5.925561
2019-07-17 12:00:00,6.8495994
2019-07-18 12:00:00,5.266237
2019-07-19 12:00:00,5.089993
2019-07-20 12:00:00,4.270023
2019-07-21 12:00:00,6.015661
2019-07-22 12:00:00,6.0690403
2019-07-23 12:00:00,6.385757
2019-07-24 12:00:00,6.5790462
2019-07-25 12:00:00,6.95697
2019-07-26 12:00:00,7.480428
2019-07-27 12:00:00,6.29664
2019-07-28 12:00:00,7.4392843
2019-07-29 12:00:00,7.0818567
2019-07-30 12:00:00,6.6484094
2019-07-31 12:00:00,7.8893003
2019-08-01 12:00:00,9.112615
2019-08-02 12:00:00,9.11852
2019-08-03 12:00:00,8.5034
2019-08-04 12:00:00,9.770853
2019-08-05 12:00:00,10.805477
2019-08-06 12:00:00,10.587181
2019-08-07 12:00:00,9.69524
2019-08-08 12:00:00,9.466565
2019-08-09 12:00:00,8.224301
2019-08-10 12:00:00,8.731207
2019-08-11 12:00:00,7.3368287
2019-08-12 12:00:00,7.2203546
2019-08-13 12:00:00,7.1151595
2019-08-14 12:00:00,6.0672336
2019-08-15 12:00:00,5.3934517
2019-08-16 12:00:00,5.840637
2019-08-17 12:00:00,6.7456584
2019-08-18 12:00:00,5.6429095
2019-08-19 12:00:00,5.9346595
2019-08-20 12:00:00,7.5369425
2019-08-21 12:00:00,7.9093223
2019-08-22 12:00:00,8.840649
2019-08-23 12:00:00,8.410538
2019-08-24 12:00:00,8.410317
2019-08-25 12:00:00,8.78602
2019-08-26 12:00:00,8.791891
2019-08-27 12:00:00,8.168366
2019-08-28 12:00:00,6.9056296
2019-08-29 12:00:00,7.153552
2019-08-30 12:00:00,7.848471
2019-08-31 12:00:00,8.827557
2019-09-01 12:00:00,8.274714
2019-09-02 12:00:00,8.048785
2019-09-03 12:00:00,8.750248
2019-09-04 12:00:00,8.691679
2019-09-05 12:00:00,8.703792
2019-09-06 12:00:00,8.199487
2019-09-07 12:00:00,7.3090343
2019-09-08 12:00:00,6.3696213
2019-09-09 12:00:00,5.886985
2019-09-10 12:00:00,6.1508656
2019-09-11 12:00:00,5.5572214
2019-09-12 12:00:00,5.231222
2019-09-13 12:00:00,5.6652126
2019-09-14 12:00:00,6.6961265
2019-09-15 12:00:00,7.027375
2019-09-16 12:00:00,6.7835035
2019-09-17 12:00:00,5.9937277
2019-09-18 12:00:00,5.9277587
2019-09-19 12:00:00,5.219223
2019-09-20 12:00:00,4.5681977
2019-09-21 12:00:00,3.9722514
2019-09-22 12:00:00,3.9352796
2019-09-23 12:00:00,3.959516
2019-09-24 12:00:00,4.2265315
2019-09-25 12:00:00,4.3521266
2019-09-26 12:00:00,3.6734872
2019-09-27 12:00:00,4.123344
2019-09-28 12:00:00,3.185865
2019-09-29 12:00:00,3.2464676
2019-09-30 12:00:00,2.4101245
2019-10-01 12:00:00,2.4358795
2019-10-02 12:00:00,2.4474108
2019-10-03 12:00:00,2.4193423
2019-10-04 12:00:00,2.1757002
2019-10-05 12:00:00,1.9569849
2019-10-06 12:00:00,1.7872882
2019-10-07 12:00:00,1.5494536
2019-10-08 12:00:00,1.5326349
2019-10-09 12:00:00,2.891637
2019-10-10 12:00:00,1.8338776
2019-10-11 12:00:00,1.5753773
2019-10-12 12:00:00,2.2857115
2019-10-13 12:00:00,2.3095646
2019-10-14 12:00:00,3.2665014
2019-10-15 12:00:00,4.4143972
2019-10-16 12:00:00,2.9931965
2019-10-17 12:00:00,2.7100823
2019-10-18 12:00:00,4.86841
2019-10-19 12:00:00,4.7651787
2019-10-20 12:00:00,4.8304315
2019-10-21 12:00:00,3.506794
2019-10-22 12:00:00,3.455121
2019-10-23 12:00:00,3.0692604
2019-10-24 12:00:00,3.0896568
2019-10-25 12:00:00,2.762254
2019-10-26 12:00:00,2.7413983
2019-10-27 12:00:00,4.2217293
2019-10-28 12:00:00,4.3157716
2019-10-29 12:00:00,4.2852526
2019-10-30 12:00:00,1.8306527
2019-10-31 12:00:00,3.3224103
2019-11-01 12:00:00,3.2018933
2019-11-02 12:00:00,3.7307956
2019-11-03 12:00:00,4.1834564
2019-11-04 12:00:00,4.843644
2019-11-05 12:00:00,5.5169153
2019-11-06 12:00:00,6.818504
2019-11-07 12:00:00,6.7660074
2019-11-08 12:00:00,4.7155185
2019-11-09 12:00:00,3.6171048
2019-11-10 12:00:00,2.1475768
2019-11-11 12:00:00,2.1371708
2019-11-12 12:00:00,2.777896
2019-11-13 12:00:00,4.528605
2019-11-14 12:00:00,4.654859
2019-11-15 12:00:00,3.0766256
2019-11-16 12:00:00,2.877781
2019-11-17 12:00:00,2.9000826
2019-11-18 12:00:00,3.9233975
2019-11-19 12:00:00,3.8806705
2019-11-20 12:00:00,5.38977
2019-11-21 12:00:00,6.0334735
2019-11-22 12:00:00,4.701579
2019-11-23 12:00:00,5.3459806
2019-11-24 12:00:00,5.525044
2019-11-25 12:00:00,6.1103334
2019-11-26 12:00:00,6.584135
2019-11-27 12:00:00,7.150102
2019-11-28 12:00:00,6.9248633
2019-11-29 12:00:00,6.88622
2019-11-30 12:00:00,6.0397825
2019-12-01 12:00:00,5.3158374
2019-12-02 12:00:00,6.104352
2019-12-03 12:00:00,6.268393
2019-12-04 12:00:00,7.9100447
2019-12-05 12:00:00,7.770769
2019-12-06 12:00:00,7.59487
2019-12-07 12:00:00,7.2590065
2019-12-08 12:00:00,6.7153163
2019-12-09 12:00:00,5.962889
2019-12-10 12:00:00,5.002962
2019-12-11 12:00:00,5.1622825
2019-12-12 12:00:00,5.533578
2019-12-13 12:00:00,5.9462132
2019-12-14 12:00:00,6.219321
2019-12-15 12:00:00,6.0280194
2019-12-16 12:00:00,6.122533
2019-12-17 12:00:00,6.860218
2019-12-18 12:00:00,6.114066
2019-12-19 12:00:00,5.890094
2019-12-20 12:00:00,5.8921514
2019-12-21 12:00:00,5.553359
2019-12-22 12:00:00,5.407313
2019-12-23 12:00:00,5.636553
2019-12-24 12:00:00,5.338258
2019-12-25 12:00:00,5.3576603
2019-12-26 12:00:00,4.158091
2019-12-27 12:00:00,4.113337
2019-12-28 12:00:00,5.05343
2019-12-29 12:00:00,5.8119063
2019-12-30 12:00:00,5.5936413
2019-12-31 12:00:00,5.705969
2020-01-01 12:00:00,5.141744
2020-01-02 12:00:00,5.512224
2020-01-03 12:00:00,4.5563145
2020-01-04 12:00:00,3.737881
2020-01-05 12:00:00,4.680277
2020-01-06 12:00:00,7.056339
2020-01-07 12:00:00,6.648322
2020-01-08 12:00:00,5.5947633
2020-01-09 12:00:00,4.3438673
2020-01-10 12:00:00,5.1864333
2020-01-11 12:00:00,6.746445
2020-01-12 12:00:00,5.8301463
2020-01-13 12:00:00,4.850438
2020-01-14 12:00:00,4.441557
2020-01-15 12:00:00,5.3063407
2020-01-16 12:00:00,4.993188
2020-01-17 12:00:00,5.1329737
2020-01-18 12:00:00,5.354052
2020-01-19 12:00:00,4.7295732
2020-01-20 12:00:00,5.1547747
2020-01-21 12:00:00,6.043663
2020-01-22 12:00:00,6.7374763
2020-01-23 12:00:00,5.656876
2020-01-24 12:00:00,5.567851
2020-01-25 12:00:00,5.6160717
2020-01-26 12:00:00,5.266626
2020-01-27 12:00:00,4.5196633
2020-01-28 12:00:00,3.727798
2020-01-29 12:00:00,5.038709
2020-01-30 12:00:00,3.7094517
2020-01-31 12:00:00,4.5236077
2020-02-01 12:00:00,4.975578
2020-02-02 12:00:00,5.6277237
2020-02-03 12:00:00,6.15763
2020-02-04 12:00:00,6.305876
2020-02-05 12:00:00,4.562797
2020-02-06 12:00:00,4.7800684
2020-02-07 12:00:00,4.8495097
2020-02-08 12:00:00,4.4156833
2020-02-09 12:00:00,5.701915
2020-02-10 12:00:00,6.3936667
2020-02-11 12:00:00,7.004702
2020-02-12 12:00:00,6.66616
2020-02-13 12:00:00,6.193323
2020-02-14 12:00:00,3.507149
2020-02-15 12:00:00,4.060775
2020-02-16 12:00:00,4.4939995
2020-02-17 12:00:00,4.9626346
2020-02-18 12:00:00,4.16529
2020-02-19 12:00:00,5.213622
2020-02-20 12:00:00,6.069529
2020-02-21 12:00:00,7.0100126
2020-02-22 12:00:00,6.9673944
2020-02-23 12:00:00,5.9182854
2020-02-24 12:00:00,5.300448
2020-02-25 12:00:00,4.3886786
2020-02-26 12:00:00,4.372487
2020-02-27 12:00:00,5.517933
2020-02-28 12:00:00,5.4268713
2020-02-29 12:00:00,4.406393
2020-03-01 12:00:00,4.116914
2020-03-02 12:00:00,3.3187056
2020-03-03 12:00:00,2.816261
2020-03-04 12:00:00,3.1995518
2020-03-05 12:00:00,2.8752952
2020-03-06 12:00:00,3.1715434
2020-03-07 12:00:00,3.4240527
2020-03-08 12:00:00,4.6373334
2020-03-09 12:00:00,3.9991426
2020-03-10 12:00:00,4.17959
2020-03-11 12:00:00,2.9938903
2020-03-12 12:00:00,3.4030256
2020-03-13 12:00:00,4.31182
2020-03-14 12:00:00,3.9207582
2020-03-15 12:00:00,4.791265
2020-03-16 12:00:00,4.6011276
2020-03-17 12:00:00,3.0130398
2020-03-18 12:00:00,4.480161
2020-03-19 12:00:00,2.9129572
2020-03-20 12:00:00,3.1990817
2020-03-21 12:00:00,3.2869713
2020-03-22 12:00:00,3.484353
2020-03-23 12:00:00,3.6713781
2020-03-24 12:00:00,4.8607087
2020-03-25 12:00:00,3.131827
2020-03-26 12:00:00,4.141308
2020-03-27 12:00:00,3.8015857
2020-03-28 12:00:00,3.280867
2020-03-29 12:00:00,2.8334606
2020-03-30 12:00:00,3.06086
2020-03-31 12:00:00,2.9561036
2020-04-01 12:00:00,3.3316338
2020-04-02 12:00:00,2.6710029
2020-04-03 12:00:00,2.643429
2020-04-04 12:00:00,3.4366727
2020-04-05 12:00:00,3.3058624
2020-04-06 12:00:00,2.9476347
2020-04-07 12:00:00,2.4819221
2020-04-08 12:00:00,2.9966266
2020-04-09 12:00:00,2.7627647
2020-04-10 12:00:00,3.3870077
2020-04-11 12:00:00,3.643644
2020-04-12 12:00:00,3.3272038
2020-04-13 12:00:00,2.6318676
2020-04-14 12:00:00,3.1153154
2020-04-15 12:00:00,2.5791447
2020-04-16 12:00:00,2.6005232
2020-04-17 12:00:00,2.4530106
2020-04-18 12:00:00,2.7778435
2020-04-19 12:00:00,3.53122
2020-04-20 12:00:00,3.7968109
2020-04-21 12:00:00,3.4378364
2020-04-22 12:00:00,3.4508953
2020-04-23 12:00:00,3.0648692
2020-04-24 12:00:00,2.8215868
2020-04-25 12:00:00,3.61273
2020-04-26 12:00:00,3.7377906
2020-04-27 12:00:00,3.7433627
2020-04-28 12:00:00,3.4853036
2020-04-29 12:00:00,2.3926675
2020-04-30 12:00:00,2.323316
2020-05-01 12:00:00,2.2461445
2020-05-02 12:00:00,2.3890152
2020-05-03 12:00:00,2.539635
2020-05-04 12:00:00,2.6063488
2020-05-05 12:00:00,2.5142398
2020-05-06 12:00:00,3.1164591
2020-05-07 12:00:00,2.8288615
2020-05-08 12:00:00,2.442142
2020-05-09 12:00:00,2.462926
2020-05-10 12:00:00,2.1361446
2020-05-11 12:00:00,2.7962897
2020-05-12 12:00:00,3.836936
2020-05-13 12:00:00,3.71009
2020-05-14 12:00:00,4.609298
2020-05-15 12:00:00,4.870461
2020-05-16 12:00:00,7.2541766
2020-05-17 12:00:00,8.990419
2020-05-18 12:00:00,10.692392
2020-05-19 12:00:00,8.576635
2020-05-20 12:00:00,8.2341
2020-05-21 12:00:00,6.686659
2020-05-22 12:00:00,4.7741346
2020-05-23 12:00:00,3.501302
2020-05-24 12:00:00,3.0199728
2020-05-25 12:00:00,4.0270257
2020-05-26 12:00:00,3.7512422
2020-05-27 12:00:00,5.0538845
2020-05-28 12:00:00,5.65451
2020-05-29 12:00:00,5.4764524
2020-05-30 12:00:00,4.3314066
2020-05-31 12:00:00,4.1278577
2020-06-01 12:00:00,3.974899
2020-06-02 12:00:00,4.506176
2020-06-03 12:00:00,5.310158
2020-06-04 12:00:00,6.1172276
2020-06-05 12:00:00,5.862498
2020-06-06 12:00:00,7.184798
2020-06-07 12:00:00,6.958581
2020-06-08 12:00:00,6.4296384
2020-06-09 12:00:00,6.9180117
2020-06-10 12:00:00,7.4757285
2020-06-11 12:00:00,7.946057
2020-06-12 12:00:00,6.7816772
2020-06-13 12:00:00,6.097281
2020-06-14 12:00:00,5.739683
2020-06-15 12:00:00,6.299661
2020-06-16 12:00:00,7.630752
2020-06-17 12:00:00,6.680383
2020-06-18 12:00:00,5.8475275
2020-06-19 12:00:00,4.7524266
2020-06-20 12:00:00,4.961969
2020-06-21 12:00:00,5.5308914
2020-06-22 12:00:00,4.520454
2020-06-23 12:00:00,3.2389152
2020-06-24 12:00:00,2.987282
2020-06-25 12:00:00,5.124424
2020-06-26 12:00:00,5.05321
2020-06-27 12:00:00,4.482346
2020-06-28 12:00:00,4.8304334
2020-06-29 12:00:00,6.0794973
2020-06-30 12:00:00,6.0979633
2020-07-01 12:00:00,6.024817
2020-07-02 12:00:00,7.176176
2020-07-03 12:00:00,8.459935
2020-07-04 12:00:00,7.8752146
2020-07-05 12:00:00,6.6613693
2020-07-06 12:00:00,5.5019865
2020-07-07 12:00:00,4.0127153
2020-07-08 12:00:00,4.458259
2020-07-09 12:00:00,4.304786
2020-07-10 12:00:00,4.7574234
2020-07-11 12:00:00,6.0423827
2020-07-12 12:00:00,5.598516
2020-07-13 12:00:00,5.484659
2020-07-14 12:00:00,4.992294
2020-07-15 12:00:00,5.6107655
2020-07-16 12:00:00,5.4305034
2020-07-17 12:00:00,4.3151865
2020-07-18 12:00:00,2.7151647
2020-07-19 12:00:00,3.6323743
2020-07-20 12:00:00,4.1010413
2020-07-21 12:00:00,4.0673647
2020-07-22 12:00:00,4.381008
2020-07-23 12:00:00,4.6361732
2020-07-24 12:00:00,3.7049193
2020-07-25 12:00:00,2.7106988
2020-07-26 12:00:00,3.0033636
2020-07-27 12:00:00,3.675598
2020-07-28 12:00:00,5.5070524
2020-07-29 12:00:00,5.9151444
2020-07-30 12:00:00,6.210006
2020-07-31 12:00:00,6.620372
2020-08-01 12:00:00,8.2947235
2020-08-02 12:00:00,10.1104145
2020-08-03 12:00:00,11.414167
2020-08-04 12:00:00,10.718672
2020-08-05 12:00:00,8.843004
2020-08-06 12:00:00,6.8285456
2020-08-07 12:00:00,5.654269
2020-08-08 12:00:00,6.15442
2020-08-09 12:00:00,7.8188157
2020-08-10 12:00:00,6.5272374
2020-08-11 12:00:00,6.9076295
2020-08-12 12:00:00,7.176217
2020-08-13 12:00:00,8.042749
2020-08-14 12:00:00,6.7858005
2020-08-15 12:00:00,6.5475225
2020-08-16 12:00:00,5.998655
2020-08-17 12:00:00,5.836361
2020-08-18 12:00:00,6.248722
2020-08-19 12:00:00,6.010909
2020-08-20 12:00:00,5.577618
2020-08-21 12:00:00,4.869216
2020-08-22 12:00:00,5.351057
2020-08-23 12:00:00,5.105086
2020-08-24 12:00:00,4.2197046
2020-08-25 12:00:00,4.1701107
2020-08-26 12:00:00,5.250642
2020-08-27 12:00:00,4.665771
2020-08-28 12:00:00,4.9442916
2020-08-29 12:00:00,3.9669924
2020-08-30 12:00:00,3.1670878
2020-08-31 12:00:00,2.908235
2020-09-01 12:00:00,3.2650867
2020-09-02 12:00:00,3.3473
2020-09-03 12:00:00,2.916196
2020-09-04 12:00:00,2.299022
2020-09-05 12:00:00,2.559431
2020-09-06 12:00:00,4.312502
2020-09-07 12:00:00,4.215983
2020-09-08 12:00:00,3.2651036
2020-09-09 12:00:00,5.510821
2020-09-10 12:00:00,6.070642
2020-09-11 12:00:00,6.058884
2020-09-12 12:00:00,5.9288087
2020-09-13 12:00:00,6.181596
2020-09-14 12:00:00,5.481074
2020-09-15 12:00:00,5.88692
2020-09-16 12:00:00,6.019417
2020-09-17 12:00:00,7.5813646
2020-09-18 12:00:00,8.611644
2020-09-19 12:00:00,10.078364
2020-09-20 12:00:00,9.896009
2020-09-21 12:00:00,7.8553157
2020-09-22 12:00:00,5.476239
2020-09-23 12:00:00,4.4897647
2020-09-24 12:00:00,3.7582307
2020-09-25 12:00:00,6.4748073
2020-09-26 12:00:00,5.919138
2020-09-27 12:00:00,6.1130514
2020-09-28 12:00:00,6.533533
2020-09-29 12:00:00,7.5456204
2020-09-30 12:00:00,7.4936857
2020-10-01 12:00:00,6.468672
2020-10-02 12:00:00,6.6586156
2020-10-03 12:00:00,6.183573
2020-10-04 12:00:00,5.660409
2020-10-05 12:00:00,4.349615
2020-10-06 12:00:00,4.3373857
2020-10-07 12:00:00,3.1032484
2020-10-08 12:00:00,3.324321
2020-10-09 12:00:00,4.638119
2020-10-10 12:00:00,5.5261774
2020-10-11 12:00:00,6.76511
2020-10-12 12:00:00,7.390966
2020-10-13 12:00:00,6.7034087
2020-10-14 12:00:00,6.5541077
2020-10-15 12:00:00,5.856188
2020-10-16 12:00:00,4.3473244
2020-10-17 12:00:00,3.7658334
2020-10-18 12:00:00,4.987164
2020-10-19 12:00:00,5.2610817
2020-10-20 12:00:00,5.759093
2020-10-21 12:00:00,5.5800223
2020-10-22 12:00:00,5.398413
2020-10-23 12:00:00,4.45263
2020-10-24 12:00:00,3.55445
2020-10-25 12:00:00,2.4777832
2020-10-26 12:00:00,2.7562673
2020-10-27 12:00:00,2.9683592
2020-10-28 12:00:00,3.5452807
2020-10-29 12:00:00,4.3265686
2020-10-30 12:00:00,4.017748
2020-10-31 12:00:00,3.3946974
2020-11-01 12:00:00,2.6449165
2020-11-02 12:00:00,2.1107166
2020-11-03 12:00:00,2.6767058
2020-11-04 12:00:00,2.1292388
2020-11-05 12:00:00,3.9396307
2020-11-06 12:00:00,4.557542
2020-11-07 12:00:00,5.2952805
2020-11-08 12:00:00,4.8239346
2020-11-09 12:00:00,5.212086
2020-11-10 12:00:00,3.9497654
2020-11-11 12:00:00,5.1169763
2020-11-12 12:00:00,5.753482
2020-11-13 12:00:00,5.871067
2020-11-14 12:00:00,5.6978035
2020-11-15 12:00:00,4.9825597
2020-11-16 12:00:00,4.4859633
2020-11-17 12:00:00,5.0206175
2020-11-18 12:00:00,5.0506153
2020-11-19 12:00:00,4.838356
2020-11-20 12:00:00,4.867192
2020-11-21 12:00:00,4.5105805
2020-11-22 12:00:00,4.906423
2020-11-23 12:00:00,5.720442
2020-11-24 12:00:00,6.4866056
2020-11-25 12:00:00,6.5918775
2020-11-26 12:00:00,5.424332
2020-11-27 12:00:00,4.988154
2020-11-28 12:00:00,5.3115273
2020-11-29 12:00:00,6.4791455
2020-11-30 12:00:00,7.573586
2020-12-01 12:00:00,7.6191363
2020-12-02 12:00:00,7.322356
2020-12-03 12:00:00,5.7927194
2020-12-04 12:00:00,5.786526
2020-12-05 12:00:00,5.551262
2020-12-06 12:00:00,5.0014677
2020-12-07 12:00:00,5.0285892
2020-12-08 12:00:00,5.2699504
2020-12-09 12:00:00,5.206189
2020-12-10 12:00:00,4.256824
2020-12-11 12:00:00,5.1202574
2020-12-12 12:00:00,4.4228845
2020-12-13 12:00:00,4.145351
2020-12-14 12:00:00,4.782695
2020-12-15 12:00:00,4.943828
2020-12-16 12:00:00,4.8184266
2020-12-17 12:00:00,4.765322
2020-12-18 12:00:00,6.1137104
2020-12-19 12:00:00,6.573484
2020-12-20 12:00:00,7.368054
2020-12-21 12:00:00,6.2956443
2020-12-22 12:00:00,5.7904234
2020-12-23 12:00:00,5.282841
2020-12-24 12:00:00,6.0661
2020-12-25 12:00:00,6.0615854
2020-12-26 12:00:00,5.4146852
2020-12-27 12:00:00,5.056795
2020-12-28 12:00:00,4.2790866
2020-12-29 12:00:00,5.342594
2020-12-30 12:00:00,6.98263
2020-12-31 12:00:00,7.016834
2021-01-01 12:00:00,6.6275325
2021-01-02 12:00:00,6.340835
2021-01-03 12:00:00,6.2587976
2021-01-04 12:00:00,6.0195103
2021-01-05 12:00:00,4.773557
2021-01-06 12:00:00,4.3252826
2021-01-07 12:00:00,5.301603
2021-01-08 12:00:00,5.1713147
2021-01-09 12:00:00,5.9422936
2021-01-10 12:00:00,5.758165
2021-01-11 12:00:00,6.6131306
2021-01-12 12:00:00,6.7715673
2021-01-13 12:00:00,5.611244
2021-01-14 12:00:00,6.2977204
2021-01-15 12:00:00,4.2580795
2021-01-16 12:00:00,4.4535127
2021-01-17 12:00:00,6.5306044
2021-01-18 12:00:00,6.588369
2021-01-19 12:00:00,5.621481
2021-01-20 12:00:00,3.7078736
2021-01-21 12:00:00,3.4614055
2021-01-22 12:00:00,4.25658
2021-01-23 12:00:00,4.036725
2021-01-24 12:00:00,5.162721
2021-01-25 12:00:00,5.094005
2021-01-26 12:00:00,5.863549
2021-01-27 12:00:00,4.937973
2021-01-28 12:00:00,5.451808
2021-01-29 12:00:00,4.377844
2021-01-30 12:00:00,4.70814
2021-01-31 12:00:00,5.7090073
2021-02-01 12:00:00,7.0155635
2021-02-02 12:00:00,7.006861
2021-02-03 12:00:00,6.4522734
2021-02-04 12:00:00,5.4560876
2021-02-05 12:00:00,5.3853536
2021-02-06 12:00:00,5.159286
2021-02-07 12:00:00,5.7553163
2021-02-08 12:00:00,6.571145
2021-02-09 12:00:00,6.673551
2021-02-10 12:00:00,4.3588195
2021-02-11 12:00:00,4.1526513
2021-02-12 12:00:00,4.49565
2021-02-13 12:00:00,4.021629
2021-02-14 12:00:00,3.768003
2021-02-15 12:00:00,4.926266
2021-02-16 12:00:00,4.2972713
2021-02-17 12:00:00,4.9944997
2021-02-18 12:00:00,5.715926
2021-02-19 12:00:00,6.0973496
2021-02-20 12:00:00,6.4188256
2021-02-21 12:00:00,5.632548
2021-02-22 12:00:00,4.6594734
2021-02-23 12:00:00,4.520492
2021-02-24 12:00:00,2.9848576
2021-02-25 12:00:00,3.6544294
2021-02-26 12:00:00,3.0240648
2021-02-27 12:00:00,2.575032
2021-02-28 12:00:00,2.898857
2021-03-01 12:00:00,3.4841084
2021-03-02 12:00:00,3.3113334
2021-03-03 12:00:00,3.8306272
2021-03-04 12:00:00,4.0745306
2021-03-05 12:00:00,3.6488714
2021-03-06 12:00:00,3.1658862
2021-03-07 12:00:00,4.403955
2021-03-08 12:00:00,4.442439
2021-03-09 12:00:00,4.087632
2021-03-10 12:00:00,4.3220296
2021-03-11 12:00:00,4.0832586
2021-03-12 12:00:00,3.7863328
2021-03-13 12:00:00,3.795893
2021-03-14 12:00:00,3.340419
2021-03-15 12:00:00,3.4843068
2021-03-16 12:00:00,3.6652884
2021-03-17 12:00:00,3.7234864
2021-03-18 12:00:00,3.7104793
2021-03-19 12:00:00,3.0365
2021-03-20 12:00:00,2.6166441
2021-03-21 12:00:00,2.8890872
2021-03-22 12:00:00,3.1559973
2021-03-23 12:00:00,4.034316
2021-03-24 12:00:00,3.685734
2021-03-25 12:00:00,2.4294436
2021-03-26 12:00:00,3.2418556
2021-03-27 12:00:00,2.3466823
2021-03-28 12:00:00,2.4828932
2021-03-29 12:00:00,2.989192
2021-03-30 12:00:00,3.1279418
2021-03-31 12:00:00,4.307554
2021-04-01 12:00:00,5.4680524
2021-04-02 12:00:00,4.018285
2021-04-03 12:00:00,3.7771516
2021-04-04 12:00:00,2.2303607
2021-04-05 12:00:00,3.026546
2021-04-06 12:00:00,1.8869871
2021-04-07 12:00:00,1.9743589
2021-04-08 12:00:00,2.0281246
2021-04-09 12:00:00,2.2150753
2021-04-10 12:00:00,2.9400456
2021-04-11 12:00:00,2.2256966
2021-04-12 12:00:00,2.3938632
2021-04-13 12:00:00,2.0083292
2021-04-14 12:00:00,1.7952902
2021-04-15 12:00:00,2.5994813
2021-04-16 12:00:00,3.8883874
2021-04-17 12:00:00,2.8362968
2021-04-18 12:00:00,3.733914
2021-04-19 12:00:00,3.3149471
2021-04-20 12:00:00,2.3014698
2021-04-21 12:00:00,2.3013582
2021-04-22 12:00:00,3.0683858
2021-04-23 12:00:00,2.9550173
2021-04-24 12:00:00,2.6665635
2021-04-25 12:00:00,2.2971125
2021-04-26 12:00:00,2.930329
2021-04-27 12:00:00,2.2092564
2021-04-28 12:00:00,1.6983294
2021-04-29 12:00:00,1.7863498
2021-04-30 12:00:00,1.8987558
2021-05-01 12:00:00,2.4051561
2021-05-02 12:00:00,3.0670629
2021-05-03 12:00:00,3.08204
2021-05-04 12:00:00,2.3961434
2021-05-05 12:00:00,3.248843
2021-05-06 12:00:00,4.6488833
2021-05-07 12:00:00,3.4258032
2021-05-08 12:00:00,2.7980857
2021-05-09 12:00:00,2.009054
2021-05-10 12:00:00,2.0621674
2021-05-11 12:00:00,2.9969387
2021-05-12 12:00:00,2.88359
2021-05-13 12:00:00,3.6256008
2021-05-14 12:00:00,3.270248
2021-05-15 12:00:00,3.519586
2021-05-16 12:00:00,2.905719
2021-05-17 12:00:00,2.6978774
2021-05-18 12:00:00,4.1438484
2021-05-19 12:00:00,3.4305646
2021-05-20 12:00:00,5.4906087
2021-05-21 12:00:00,7.485362
2021-05-22 12:00:00,8.203808
2021-05-23 12:00:00,9.430436
2021-05-24 12:00:00,9.992332
2021-05-25 12:00:00,10.687759
2021-05-26 12:00:00,8.587855
2021-05-27 12:00:00,6.036879
2021-05-28 12:00:00,5.066109
2021-05-29 12:00:00,3.8961093
2021-05-30 12:00:00,3.4976778
2021-05-31 12:00:00,4.1241326
2021-06-01 12:00:00,3.6553762
2021-06-02 12:00:00,2.371711
2021-06-03 12:00:00,2.5834835
2021-06-04 12:00:00,3.3318183
2021-06-05 12:00:00,4.939432
2021-06-06 12:00:00,5.245997
2021-06-07 12:00:00,6.46123
2021-06-08 12:00:00,7.460289
2021-06-09 12:00:00,8.562249
2021-06-10 12:00:00,8.0827055
2021-06-11 12:00:00,8.4770975
2021-06-12 12:00:00,8.762367
2021-06-13 12:00:00,8.977239
2021-06-14 12:00:00,8.919371
2021-06-15 12:00:00,8.448225
2021-06-16 12:00:00,7.606882
2021-06-17 12:00:00,6.6562138
2021-06-18 12:00:00,6.126683
2021-06-19 12:00:00,5.1950383
2021-06-20 12:00:00,5.584826
2021-06-21 12:00:00,6.759381
2021-06-22 12:00:00,6.996353
2021-06-23 12:00:00,7.02833
2021-06-24 12:00:00,6.7104278
2021-06-25 12:00:00,6.3733425
2021-06-26 12:00:00,5.6213503
2021-06-27 12:00:00,4.8695655
2021-06-28 12:00:00,3.901767
2021-06-29 12:00:00,5.9764605
2021-06-30 12:00:00,5.266005
2021-07-01 12:00:00,6.6334105
2021-07-02 12:00:00,5.4208274
2021-07-03 12:00:00,4.5825725
2021-07-04 12:00:00,4.8169613
2021-07-05 12:00:00,3.0452135
2021-07-06 12:00:00,5.6965494
2021-07-07 12:00:00,5.4733963
2021-07-08 12:00:00,6.053787
2021-07-09 12:00:00,7.245535
2021-07-10 12:00:00,8.013199
2021-07-11 12:00:00,6.040705
2021-07-12 12:00:00,5.253974
2021-07-13 12:00:00,4.959541
2021-07-14 12:00:00,4.8066688
2021-07-15 12:00:00,4.5365725
2021-07-16 12:00:00,5.0321956
2021-07-17 12:00:00,4.8029923
2021-07-18 12:00:00,7.0098314
2021-07-19 12:00:00,8.032196
2021-07-20 12:00:00,8.519496
2021-07-21 12:00:00,9.780313
2021-07-22 12:00:00,10.153669
2021-07-23 12:00:00,9.850626
2021-07-24 12:00:00,8.753976
2021-07-25 12:00:00,8.044515
2021-07-26 12:00:00,8.823193
2021-07-27 12:00:00,8.473334
2021-07-28 12:00:00,8.346694
2021-07-29 12:00:00,7.5398264
2021-07-30 12:00:00,7.791852
2021-07-31 12:00:00,7.4993696
2021-08-01 12:00:00,7.9930263
2021-08-02 12:00:00,8.201901
2021-08-03 12:00:00,7.526199
2021-08-04 12:00:00,8.237044
2021-08-05 12:00:00,8.383564
2021-08-06 12:00:00,7.0590343
2021-08-07 12:00:00,6.2370987
2021-08-08 12:00:00,5.219188
2021-08-09 12:00:00,5.325204
2021-08-10 12:00:00,5.5119996
2021-08-11 12:00:00,5.737074
2021-08-12 12:00:00,5.7429132
2021-08-13 12:00:00,5.9904222
2021-08-14 12:00:00,6.8017325
2021-08-15 12:00:00,7.003237
2021-08-16 12:00:00,6.2327585
2021-08-17 12:00:00,5.6611066
2021-08-18 12:00:00,5.457833
2021-08-19 12:00:00,4.4624963
2021-08-20 12:00:00,2.888452
2021-08-21 12:00:00,3.3782337
2021-08-22 12:00:00,3.7941053
2021-08-23 12:00:00,4.632901
2021-08-24 12:00:00,6.7486467
2021-08-25 12:00:00,7.3497143
2021-08-26 12:00:00,6.1380754
2021-08-27 12:00:00,6.2301936
2021-08-28 12:00:00,6.3224835
2021-08-29 12:00:00,5.361904
2021-08-30 12:00:00,4.5894375
2021-08-31 12:00:00,3.9712353
2021-09-01 12:00:00,4.7190948
2021-09-02 12:00:00,6.0351872
2021-09-03 12:00:00,7.026434
2021-09-04 12:00:00,7.591702
2021-09-05 12:00:00,7.633594
2021-09-06 12:00:00,6.857259
2021-09-07 12:00:00,5.917239
2021-09-08 12:00:00,6.6353345
2021-09-09 12:00:00,7.3710403
2021-09-10 12:00:00,9.074029
2021-09-11 12:00:00,7.919374
2021-09-12 12:00:00,8.623905
2021-09-13 12:00:00,7.719044
2021-09-14 12:00:00,5.9377046
2021-09-15 12:00:00,5.6776853
2021-09-16 12:00:00,5.34179
2021-09-17 12:00:00,4.1723385
2021-09-18 12:00:00,3.7203398
2021-09-19 12:00:00,3.5495956
2021-09-20 12:00:00,4.5328064
2021-09-21 12:00:00,5.8382893
2021-09-22 12:00:00,6.187075
2021-09-23 12:00:00,5.2160096
2021-09-24 12:00:00,4.4147735
2021-09-25 12:00:00,5.039645
2021-09-26 12:00:00,5.6069746
2021-09-27 12:00:00,5.446919
2021-09-28 12:00:00,4.8808494
2021-09-29 12:00:00,2.5152934
2021-09-30 12:00:00,2.507982
2021-10-01 12:00:00,4.1784525
2021-10-02 12:00:00,3.6394837
2021-10-03 12:00:00,3.69472
2021-10-04 12:00:00,4.4395866
2021-10-05 12:00:00,4.9632554
2021-10-06 12:00:00,5.7605796
2021-10-07 12:00:00,5.9176135
2021-10-08 12:00:00,6.7502055
2021-10-09 12:00:00,6.9919257
2021-10-10 12:00:00,5.167477
2021-10-11 12:00:00,6.333372
2021-10-12 12:00:00,6.1729927
2021-10-13 12:00:00,4.8839917
2021-10-14 12:00:00,5.866341
2021-10-15 12:00:00,6.009513
2021-10-16 12:00:00,6.528847
2021-10-17 12:00:00,4.5777555
2021-10-18 12:00:00,4.0460486
2021-10-19 12:00:00,3.4133732
2021-10-20 12:00:00,2.4716141
2021-10-21 12:00:00,2.4406226
2021-10-22 12:00:00,1.70171
2021-10-23 12:00:00,2.0071037
2021-10-24 12:00:00,3.1912184
2021-10-25 12:00:00,3.7726433
2021-10-26 12:00:00,3.6553504
2021-10-27 12:00:00,3.9615777
2021-10-28 12:00:00,4.016733
2021-10-29 12:00:00,4.066689
2021-10-30 12:00:00,3.5307727
2021-10-31 12:00:00,3.7888312
2021-11-01 12:00:00,3.4716513
2021-11-02 12:00:00,3.1146786
2021-11-03 12:00:00,2.7509027
2021-11-04 12:00:00,2.698197
2021-11-05 12:00:00,2.51367
2021-11-06 12:00:00,3.5670722
2021-11-07 12:00:00,3.4265497
2021-11-08 12:00:00,4.875085
2021-11-09 12:00:00,6.499
2021-11-10 12:00:00,7.3385963
2021-11-11 12:00:00,5.3744183
2021-11-12 12:00:00,4.492902
2021-11-13 12:00:00,3.8658264
2021-11-14 12:00:00,3.6869605
2021-11-15 12:00:00,3.331037
2021-11-16 12:00:00,4.02535
2021-11-17 12:00:00,5.835391
2021-11-18 12:00:00,4.927331
2021-11-19 12:00:00,3.9446058
2021-11-20 12:00:00,3.1287384
2021-11-21 12:00:00,3.5341692
2021-11-22 12:00:00,4.8147173
2021-11-23 12:00:00,6.016799
2021-11-24 12:00:00,5.2056055
2021-11-25 12:00:00,4.8169317
2021-11-26 12:00:00,4.3078246
2021-11-27 12:00:00,4.7484207
2021-11-28 12:00:00,4.792099
2021-11-29 12:00:00,5.0702734
2021-11-30 12:00:00,6.1145635
2021-12-01 12:00:00,6.866014
2021-12-02 12:00:00,7.0810723
2021-12-03 12:00:00,5.790897
2021-12-04 12:00:00,4.1496396
2021-12-05 12:00:00,3.6898198
2021-12-06 12:00:00,3.0544195
2021-12-07 12:00:00,4.9760756
2021-12-08 12:00:00,5.551452
2021-12-09 12:00:00,5.8224816
2021-12-10 12:00:00,5.4543724
2021-12-11 12:00:00,6.4347925
2021-12-12 12:00:00,6.404015
2021-12-13 12:00:00,6.798704
2021-12-14 12:00:00,6.3271
2021-12-15 12:00:00,5.431097
2021-12-16 12:00:00,5.7488275
2021-12-17 12:00:00,5.255715
2021-12-18 12:00:00,5.887873
2021-12-19 12:00:00,5.289227
2021-12-20 12:00:00,5.4501467
2021-12-21 12:00:00,3.8430815
2021-12-22 12:00:00,3.3434002
2021-12-23 12:00:00,3.9959166
2021-12-24 12:00:00,4.1024804
2021-12-25 12:00:00,4.613994
2021-12-26 12:00:00,4.9599156
2021-12-27 12:00:00,4.96066
2021-12-28 12:00:00,6.360566
2021-12-29 12:00:00,6.4293838
2021-12-30 12:00:00,7.245101
2021-12-31 12:00:00,7.1933627
2022-01-01 12:00:00,6.7048883
2022-01-02 12:00:00,6.874587
2022-01-03 12:00:00,5.74729
2022-01-04 12:00:00,5.3958626
2022-01-05 12:00:00,4.495259
2022-01-06 12:00:00,5.581148
2022-01-07 12:00:00,5.4425664
2022-01-08 12:00:00,5.535597
2022-01-09 12:00:00,4.976684
2022-01-10 12:00:00,4.6326227
2022-01-11 12:00:00,4.8427944
2022-01-12 12:00:00,4.2961917
2022-01-13 12:00:00,4.1725483
2022-01-14 12:00:00,3.643852
2022-01-15 12:00:00,3.9171631
2022-01-16 12:00:00,6.008195
2022-01-17 12:00:00,6.4013276
2022-01-18 12:00:00,4.9824915
2022-01-19 12:00:00,4.382634
2022-01-20 12:00:00,2.9267452
2022-01-21 12:00:00,2.708943
2022-01-22 12:00:00,2.0670173
2022-01-23 12:00:00,2.2529323
2022-01-24 12:00:00,2.7617536
2022-01-25 12:00:00,3.3978813
2022-01-26 12:00:00,3.938578
2022-01-27 12:00:00,5.578603
2022-01-28 12:00:00,4.8708973
2022-01-29 12:00:00,5.456285
2022-01-30 12:00:00,5.3272953
2022-01-31 12:00:00,4.978767
2022-02-01 12:00:00,3.377827
2022-02-02 12:00:00,4.349367
2022-02-03 12:00:00,3.3619642
2022-02-04 12:00:00,2.9516068
2022-02-05 12:00:00,3.7671242
2022-02-06 12:00:00,5.3217793
2022-02-07 12:00:00,5.5600758
2022-02-08 12:00:00,5.4892693
2022-02-09 12:00:00,5.6467876
2022-02-10 12:00:00,5.1650343
2022-02-11 12:00:00,5.1918736
2022-02-12 12:00:00,7.061895
2022-02-13 12:00:00,6.1168847
2022-02-14 12:00:00,5.6523795
2022-02-15 12:00:00,5.2979507
2022-02-16 12:00:00,4.794664
2022-02-17 12:00:00,4.7871785
2022-02-18 12:00:00,5.0450473
2022-02-19 12:00:00,5.3096967
2022-02-20 12:00:00,3.2217567
2022-02-21 12:00:00,2.1837828
2022-02-22 12:00:00,4.734717
2022-02-23 12:00:00,5.477816
2022-02-24 12:00:00,5.5493746
2022-02-25 12:00:00,5.6373234
2022-02-26 12:00:00,6.788568
2022-02-27 12:00:00,5.9122515
2022-02-28 12:00:00,5.749073
2022-03-01 12:00:00,5.6874156
2022-03-02 12:00:00,6.05551
2022-03-03 12:00:00,6.1043625
2022-03-04 12:00:00,5.860953
2022-03-05 12:00:00,5.17878
2022-03-06 12:00:00,4.1667767
2022-03-07 12:00:00,4.265367
2022-03-08 12:00:00,4.2795973
2022-03-09 12:00:00,4.2825384
2022-03-10 12:00:00,3.7110481
2022-03-11 12:00:00,3.6537056
2022-03-12 12:00:00,4.3302884
2022-03-13 12:00:00,4.2778316
2022-03-14 12:00:00,4.0022793
2022-03-15 12:00:00,2.751917
2022-03-16 12:00:00,2.1732104
2022-03-17 12:00:00,2.5269895
2022-03-18 12:00:00,2.955782
2022-03-19 12:00:00,2.7827604
2022-03-20 12:00:00,4.1572495
2022-03-21 12:00:00,4.352117
2022-03-22 12:00:00,3.1665204
2022-03-23 12:00:00,3.2224197
2022-03-24 12:00:00,2.4852972
2022-03-25 12:00:00,2.5577846
2022-03-26 12:00:00,2.7930512
2022-03-27 12:00:00,3.011419
2022-03-28 12:00:00,3.0293086
2022-03-29 12:00:00,2.8859885
2022-03-30 12:00:00,3.1121168
2022-03-31 12:00:00,2.7201543
2022-04-01 12:00:00,3.105463
2022-04-02 12:00:00,2.6648242
2022-04-03 12:00:00,3.6683438
2022-04-04 12:00:00,3.9857407
2022-04-05 12:00:00,2.6302745
2022-04-06 12:00:00,2.4155715
2022-04-07 12:00:00,2.5806909
2022-04-08 12:00:00,3.227358
2022-04-09 12:00:00,2.7607415
2022-04-10 12:00:00,2.9432201
2022-04-11 12:00:00,2.920172
2022-04-12 12:00:00,3.4270444
2022-04-13 12:00:00,3.6900585
2022-04-14 12:00:00,4.1641135
2022-04-15 12:00:00,3.8919184
2022-04-16 12:00:00,3.19837
2022-04-17 12:00:00,3.1686206
2022-04-18 12:00:00,2.6550627
2022-04-19 12:00:00,2.3087971
2022-04-20 12:00:00,2.9171784
2022-04-21 12:00:00,2.8735213
2022-04-22 12:00:00,2.488184
2022-04-23 12:00:00,1.97105
2022-04-24 12:00:00,2.5400364
2022-04-25 12:00:00,2.311693
2022-04-26 12:00:00,2.41001
2022-04-27 12:00:00,2.9802868
2022-04-28 12:00:00,2.7068877
2022-04-29 12:00:00,2.6206229
2022-04-30 12:00:00,2.4816344
2022-05-01 12:00:00,3.4124246
2022-05-02 12:00:00,2.4876459
2022-05-03 12:00:00,3.5536656
2022-05-04 12:00:00,2.7615268
2022-05-05 12:00:00,2.7735114
2022-05-06 12:00:00,4.977675
2022-05-07 12:00:00,6.1258655
2022-05-08 12:00:00,8.132916
2022-05-09 12:00:00,8.519483
2022-05-10 12:00:00,6.4303856
2022-05-11 12:00:00,6.3221817
2022-05-12 12:00:00,6.318152
2022-05-13 12:00:00,6.1044407
2022-05-14 12:00:00,5.573299
2022-05-15 12:00:00,6.7647176
2022-05-16 12:00:00,5.88102
2022-05-17 12:00:00,6.3300757
2022-05-18 12:00:00,7.5819573
2022-05-19 12:00:00,7.9861255
2022-05-20 12:00:00,7.7807894
2022-05-21 12:00:00,8.68581
2022-05-22 12:00:00,8.634544
2022-05-23 12:00:00,7.4256306
2022-05-24 12:00:00,7.3829355
2022-05-25 12:00:00,6.410207
2022-05-26 12:00:00,7.360276
2022-05-27 12:00:00,7.3613405
2022-05-28 12:00:00,7.953087
2022-05-29 12:00:00,7.9412284
2022-05-30 12:00:00,7.4146028
2022-05-31 12:00:00,6.8835363
2022-06-01 12:00:00,5.700717
2022-06-02 12:00:00,6.020144
2022-06-03 12:00:00,6.6069546
2022-06-04 12:00:00,6.4143605
2022-06-05 12:00:00,6.9860096
2022-06-06 12:00:00,6.728264
2022-06-07 12:00:00,7.8208165
2022-06-08 12:00:00,6.9765835
2022-06-09 12:00:00,7.1094384
2022-06-10 12:00:00,7.335895
2022-06-11 12:00:00,6.0490603
2022-06-12 12:00:00,5.098497
2022-06-13 12:00:00,3.356392
2022-06-14 12:00:00,4.341834
2022-06-15 12:00:00,3.7395675
2022-06-16 12:00:00,4.3518567
2022-06-17 12:00:00,4.501442
2022-06-18 12:00:00,5.32215
2022-06-19 12:00:00,5.064147
2022-06-20 12:00:00,5.591792
2022-06-21 12:00:00,5.7008767
2022-06-22 12:00:00,5.2427535
2022-06-23 12:00:00,5.3413787
2022-06-24 12:00:00,5.7347465
2022-06-25 12:00:00,5.222263
2022-06-26 12:00:00,4.8858523
2022-06-27 12:00:00,4.4137607
2022-06-28 12:00:00,4.4243903
2022-06-29 12:00:00,5.1022673
2022-06-30 12:00:00,5.600903
2022-07-01 12:00:00,5.869172
2022-07-02 12:00:00,7.1191564
2022-07-03 12:00:00,7.0526505
2022-07-04 12:00:00,6.635993
2022-07-05 12:00:00,7.3219314
2022-07-06 12:00:00,6.384485
2022-07-07 12:00:00,6.195707
2022-07-08 12:00:00,6.8001957
2022-07-09 12:00:00,8.201331
2022-07-10 12:00:00,8.980329
2022-07-11 12:00:00,10.041971
2022-07-12 12:00:00,9.378406
2022-07-13 12:00:00,9.282565
2022-07-14 12:00:00,8.72146
2022-07-15 12:00:00,6.7567697
2022-07-16 12:00:00,6.5983315
2022-07-17 12:00:00,5.217384
2022-07-18 12:00:00,4.6543775
2022-07-19 12:00:00,4.6247907
2022-07-20 12:00:00,5.179029
2022-07-21 12:00:00,5.382108
2022-07-22 12:00:00,5.041455
2022-07-23 12:00:00,4.431664
2022-07-24 12:00:00,3.761024
2022-07-25 12:00:00,1.8889142
2022-07-26 12:00:00,2.151584
2022-07-27 12:00:00,2.4084556
2022-07-28 12:00:00,3.0239675
2022-07-29 12:00:00,2.5198708
2022-07-30 12:00:00,3.6557653
2022-07-31 12:00:00,4.511191
2022-08-01 12:00:00,5.1303415
2022-08-02 12:00:00,5.973596
2022-08-03 12:00:00,7.4179454
2022-08-04 12:00:00,8.016047
2022-08-05 12:00:00,8.890264
2022-08-06 12:00:00,9.371657
2022-08-07 12:00:00,9.661172
2022-08-08 12:00:00,9.3061695
2022-08-09 12:00:00,8.260753
2022-08-10 12:00:00,7.3860583
2022-08-11 12:00:00,6.92633
2022-08-12 12:00:00,6.3524246
2022-08-13 12:00:00,6.114334
2022-08-14 12:00:00,5.114718
2022-08-15 12:00:00,6.0109444
2022-08-16 12:00:00,5.37826
2022-08-17 12:00:00,6.8281946
2022-08-18 12:00:00,6.649387
2022-08-19 12:00:00,6.4408107
2022-08-20 12:00:00,6.753939
2022-08-21 12:00:00,7.085041
2022-08-22 12:00:00,6.341816
2022-08-23 12:00:00,4.6944156
2022-08-24 12:00:00,4.572717
2022-08-25 12:00:00,3.3334365
2022-08-26 12:00:00,4.8474703
2022-08-27 12:00:00,4.5918465
2022-08-28 12:00:00,2.5553303
2022-08-29 12:00:00,1.974044
2022-08-30 12:00:00,3.0743647
2022-08-31 12:00:00,2.4472103
2022-09-01 12:00:00,3.9253223
2022-09-02 12:00:00,3.4800496
2022-09-03 12:00:00,3.9348733
2022-09-04 12:00:00,4.739975
2022-09-05 12:00:00,5.5725236
2022-09-06 12:00:00,6.9194922
2022-09-07 12:00:00,7.235428
2022-09-08 12:00:00,7.1361976
2022-09-09 12:00:00,7.207377
2022-09-10 12:00:00,7.506085
2022-09-11 12:00:00,6.614692
2022-09-12 12:00:00,5.3834047
2022-09-13 12:00:00,5.3697944
2022-09-14 12:00:00,5.706867
2022-09-15 12:00:00,5.923495
2022-09-16 12:00:00,6.248056
2022-09-17 12:00:00,6.8043075
2022-09-18 12:00:00,7.3639107
2022-09-19 12:00:00,6.7862587
2022-09-20 12:00:00,5.7298236
2022-09-21 12:00:00,5.481859
2022-09-22 12:00:00,5.319983
2022-09-23 12:00:00,5.0338044
2022-09-24 12:00:00,4.080456
2022-09-25 12:00:00,2.9148066
2022-09-26 12:00:00,4.6454144
2022-09-27 12:00:00,4.0887938
2022-09-28 12:00:00,5.861234
2022-09-29 12:00:00,5.938457
2022-09-30 12:00:00,8.120273
2022-10-01 12:00:00,8.175432
2022-10-02 12:00:00,6.6065454
2022-10-03 12:00:00,5.4517317
2022-10-04 12:00:00,4.1000524
2022-10-05 12:00:00,4.561999
2022-10-06 12:00:00,2.7052934
2022-10-07 12:00:00,3.392811
2022-10-08 12:00:00,3.0536747
2022-10-09 12:00:00,3.7407525
2022-10-10 12:00:00,2.3111107
2022-10-11 12:00:00,3.1678197
2022-10-12 12:00:00,2.1050882
2022-10-13 12:00:00,2.6879616
2022-10-14 12:00:00,2.5819685
2022-10-15 12:00:00,3.1199718
2022-10-16 12:00:00,3.5292377
2022-10-17 12:00:00,4.3639655
2022-10-18 12:00:00,4.8132668
2022-10-19 12:00:00,4.789741
2022-10-20 12:00:00,5.3159366
2022-10-21 12:00:00,5.1880374
2022-10-22 12:00:00,6.597867
2022-10-23 12:00:00,7.5537214
2022-10-24 12:00:00,5.415804
2022-10-25 12:00:00,2.306532
2022-10-26 12:00:00,2.7954402
2022-10-27 12:00:00,3.1848145
2022-10-28 12:00:00,4.5435915
2022-10-29 12:00:00,4.2729783
2022-10-30 12:00:00,3.725207
2022-10-31 12:00:00,4.6775064
2022-11-01 12:00:00,2.7726023
2022-11-02 12:00:00,3.0489461
2022-11-03 12:00:00,2.9685204
2022-11-04 12:00:00,4.2669106
2022-11-05 12:00:00,4.6078744
2022-11-06 12:00:00,4.7036552
2022-11-07 12:00:00,4.5568132
2022-11-08 12:00:00,5.057019
2022-11-09 12:00:00,4.924692
2022-11-10 12:00:00,5.307817
2022-11-11 12:00:00,4.5384703
2022-11-12 12:00:00,4.2458963
2022-11-13 12:00:00,4.518383
2022-11-14 12:00:00,5.0918393
2022-11-15 12:00:00,4.121663
2022-11-16 12:00:00,4.622524
2022-11-17 12:00:00,5.5060234
2022-11-18 12:00:00,5.879968
2022-11-19 12:00:00,6.0758686
2022-11-20 12:00:00,5.672546
2022-11-21 12:00:00,4.8316956
2022-11-22 12:00:00,3.9362562
2022-11-23 12:00:00,3.3591676
2022-11-24 12:00:00,2.9697764
2022-11-25 12:00:00,3.5265539
2022-11-26 12:00:00,3.4513395
2022-11-27 12:00:00,3.337348
2022-11-28 12:00:00,2.4840255
2022-11-29 12:00:00,2.7232037
2022-11-30 12:00:00,3.505482
2022-12-01 12:00:00,3.4360533
2022-12-02 12:00:00,3.9755447
2022-12-03 12:00:00,4.9480166
2022-12-04 12:00:00,5.614521
2022-12-05 12:00:00,6.6864505
2022-12-06 12:00:00,7.804089
2022-12-07 12:00:00,8.475288
2022-12-08 12:00:00,8.268095
2022-12-09 12:00:00,6.2928076
2022-12-10 12:00:00,3.978026
2022-12-11 12:00:00,2.9312298
2022-12-12 12:00:00,3.363655
2022-12-13 12:00:00,4.2834687
2022-12-14 12:00:00,4.6425304
2022-12-15 12:00:00,5.226949
2022-12-16 12:00:00,5.769241
2022-12-17 12:00:00,6.261172
2022-12-18 12:00:00,7.582625
2022-12-19 12:00:00,7.179871
2022-12-20 12:00:00,6.9836516
2022-12-21 12:00:00,6.836009
2022-12-22 12:00:00,6.270412
2022-12-23 12:00:00,6.5969124
2022-12-24 12:00:00,6.3345723
2022-12-25 12:00:00,6.217955
2022-12-26 12:00:00,4.9829907
2022-12-27 12:00:00,4.247747
2022-12-28 12:00:00,3.6539943
2022-12-29 12:00:00,3.6688235
2022-12-30 12:00:00,4.493606
2022-12-31 12:00:00,3.9908597
2023-01-01 12:00:00,5.7616653
2023-01-02 12:00:00,5.89172
2023-01-03 12:00:00,5.5945435
2023-01-04 12:00:00,6.051675
2023-01-05 12:00:00,6.5453424
2023-01-06 12:00:00,6.4515443
2023-01-07 12:00:00,5.96734
2023-01-08 12:00:00,5.720658
2023-01-09 12:00:00,5.1740537
2023-01-10 12:00:00,5.079851
2023-01-11 12:00:00,4.8548675
2023-01-12 12:00:00,4.2883706
2023-01-13 12:00:00,4.05559
2023-01-14 12:00:00,4.498141
2023-01-15 12:00:00,4.194049
2023-01-16 12:00:00,5.1193914
2023-01-17 12:00:00,4.455238
2023-01-18 12:00:00,5.7602797
2023-01-19 12:00:00,6.261563
2023-01-20 12:00:00,6.4515877
2023-01-21 12:00:00,6.21099
2023-01-22 12:00:00,5.141678
2023-01-23 12:00:00,6.085368
2023-01-24 12:00:00,5.597843
2023-01-25 12:00:00,5.279269
2023-01-26 12:00:00,4.670811
2023-01-27 12:00:00,5.632595
2023-01-28 12:00:00,6.269971
2023-01-29 12:00:00,7.304912
2023-01-30 12:00:00,7.4515886
2023-01-31 12:00:00,5.7199454
2023-02-01 12:00:00,5.324432
2023-02-02 12:00:00,5.2461023
2023-02-03 12:00:00,4.998926
2023-02-04 12:00:00,5.0138655
2023-02-05 12:00:00,4.784854
2023-02-06 12:00:00,4.4013257
2023-02-07 12:00:00,3.8651204
2023-02-08 12:00:00,4.729713
2023-02-09 12:00:00,4.6392646
2023-02-10 12:00:00,4.881919
2023-02-11 12:00:00,4.4934173
2023-02-12 12:00:00,3.8967135
2023-02-13 12:00:00,4.4364476
2023-02-14 12:00:00,4.338622
2023-02-15 12:00:00,4.2266746
2023-02-16 12:00:00,4.7207675
2023-02-17 12:00:00,4.575438
2023-02-18 12:00:00,4.60913
2023-02-19 12:00:00,4.499581
2023-02-20 12:00:00,3.6239614
2023-02-21 12:00:00,4.0570407
2023-02-22 12:00:00,4.10493
2023-02-23 12:00:00,4.4244986
2023-02-24 12:00:00,4.7824326
2023-02-25 12:00:00,5.2226257
2023-02-26 12:00:00,6.070418
2023-02-27 12:00:00,5.6815567
2023-02-28 12:00:00,5.6014524
2023-03-01 12:00:00,5.857735
2023-03-02 12:00:00,4.736378
2023-03-03 12:00:00,3.8729222
2023-03-04 12:00:00,4.390692
2023-03-05 12:00:00,4.4171257
2023-03-06 12:00:00,4.4358377
2023-03-07 12:00:00,4.7426977
2023-03-08 12:00:00,5.0621457
2023-03-09 12:00:00,5.0984793
2023-03-10 12:00:00,3.8155885
2023-03-11 12:00:00,4.111401
2023-03-12 12:00:00,3.6597912
2023-03-13 12:00:00,3.6860707
2023-03-14 12:00:00,3.274969
2023-03-15 12:00:00,3.6683478
2023-03-16 12:00:00,4.466847
2023-03-17 12:00:00,4.2134585
2023-03-18 12:00:00,3.8330748
2023-03-19 12:00:00,2.2077496
2023-03-20 12:00:00,2.73694
2023-03-21 12:00:00,3.3812795
2023-03-22 12:00:00,3.1913958
2023-03-23 12:00:00,3.0034826
2023-03-24 12:00:00,3.1645188
2023-03-25 12:00:00,3.481551
2023-03-26 12:00:00,3.0398128
2023-03-27 12:00:00,3.1936333
2023-03-28 12:00:00,2.7888832
2023-03-29 12:00:00,2.712299
2023-03-30 12:00:00,2.8027337
2023-03-31 12:00:00,3.5781715
2023-04-01 12:00:00,3.3382483
2023-04-02 12:00:00,3.1692502
2023-04-03 12:00:00,3.187736
2023-04-04 12:00:00,3.4318032
2023-04-05 12:00:00,3.2836368
2023-04-06 12:00:00,2.8447053
2023-04-07 12:00:00,3.2834067
2023-04-08 12:00:00,3.0783312
2023-04-09 12:00:00,3.31575
2023-04-10 12:00:00,2.784681
2023-04-11 12:00:00,3.119417
2023-04-12 12:00:00,2.9872
2023-04-13 12:00:00,2.9183536
2023-04-14 12:00:00,3.0212893
2023-04-15 12:00:00,3.7561393
2023-04-16 12:00:00,3.117833
2023-04-17 12:00:00,2.2336135
2023-04-18 12:00:00,2.25465
2023-04-19 12:00:00,3.7472212
2023-04-20 12:00:00,4.4555306
2023-04-21 12:00:00,3.8780622
2023-04-22 12:00:00,2.4461198
2023-04-23 12:00:00,2.3375905
2023-04-24 12:00:00,3.7448292
2023-04-25 12:00:00,2.9645894
2023-04-26 12:00:00,3.7354655
2023-04-27 12:00:00,3.0927012
2023-04-28 12:00:00,2.6804507
2023-04-29 12:00:00,2.4555292
2023-04-30 12:00:00,2.2498894
2023-05-01 12:00:00,3.1772518
2023-05-02 12:00:00,2.3288276
2023-05-03 12:00:00,2.348748
2023-05-04 12:00:00,2.2993693
2023-05-05 12:00:00,3.035456
2023-05-06 12:00:00,2.998862
2023-05-07 12:00:00,2.723069
2023-05-08 12:00:00,2.5123403
2023-05-09 12:00:00,4.628784
2023-05-10 12:00:00,6.867255
2023-05-11 12:00:00,8.703123
2023-05-12 12:00:00,9.901022
2023-05-13 12:00:00,9.520625
2023-05-14 12:00:00,7.636647
2023-05-15 12:00:00,6.146065
2023-05-16 12:00:00,5.181868
2023-05-17 12:00:00,5.0452166
2023-05-18 12:00:00,4.5367246
2023-05-19 12:00:00,5.300299
2023-05-20 12:00:00,4.8408833
2023-05-21 12:00:00,4.8758116
2023-05-22 12:00:00,4.7121506
2023-05-23 12:00:00,4.607972
2023-05-24 12:00:00,5.82142
2023-05-25 12:00:00,5.7455974
2023-05-26 12:00:00,5.4071
2023-05-27 12:00:00,4.875863
2023-05-28 12:00:00,4.565894
2023-05-29 12:00:00,3.3901677
2023-05-30 12:00:00,4.2168775
2023-05-31 12:00:00,5.105692
2023-06-01 12:00:00,6.1639147
2023-06-02 12:00:00,6.6811557
2023-06-03 12:00:00,6.237528
2023-06-04 12:00:00,7.0195255
2023-06-05 12:00:00,7.2660193
2023-06-06 12:00:00,7.525207
2023-06-07 12:00:00,8.120568
2023-06-08 12:00:00,8.097541
2023-06-09 12:00:00,8.272394
2023-06-10 12:00:00,8.39936
2023-06-11 12:00:00,7.75103
2023-06-12 12:00:00,7.5258055
2023-06-13 12:00:00,7.6571655
2023-06-14 12:00:00,6.808604
2023-06-15 12:00:00,6.3485146
2023-06-16 12:00:00,6.279268
2023-06-17 12:00:00,7.2180414
2023-06-18 12:00:00,7.1460104
2023-06-19 12:00:00,6.2153935
2023-06-20 12:00:00,7.1261225
2023-06-21 12:00:00,6.76318
2023-06-22 12:00:00,6.4743366
2023-06-23 12:00:00,6.2296786
2023-06-24 12:00:00,5.812308
2023-06-25 12:00:00,6.5384316
2023-06-26 12:00:00,6.063626
2023-06-27 12:00:00,5.922334
2023-06-28 12:00:00,5.373994
2023-06-29 12:00:00,5.970825
2023-06-30 12:00:00,6.293405
2023-07-01 12:00:00,7.291976
2023-07-02 12:00:00,7.4973025
2023-07-03 12:00:00,8.134018
2023-07-04 12:00:00,8.124041
2023-07-05 12:00:00,7.6576037
2023-07-06 12:00:00,5.7920065
2023-07-07 12:00:00,5.375682
2023-07-08 12:00:00,4.6245337
2023-07-09 12:00:00,3.9202456
2023-07-10 12:00:00,5.2196155
2023-07-11 12:00:00,6.177767
2023-07-12 12:00:00,5.861727
2023-07-13 12:00:00,6.753759
2023-07-14 12:00:00,6.4361205
2023-07-15 12:00:00,7.119484
2023-07-16 12:00:00,8.513075
2023-07-17 12:00:00,8.568917
2023-07-18 12:00:00,9.16307
2023-07-19 12:00:00,8.908589
2023-07-20 12:00:00,8.090316
2023-07-21 12:00:00,7.485085
2023-07-22 12:00:00,7.017434
2023-07-23 12:00:00,6.5477934
2023-07-24 12:00:00,7.8243284
2023-07-25 12:00:00,7.9959965
2023-07-26 12:00:00,8.134381
2023-07-27 12:00:00,7.5359945
2023-07-28 12:00:00,7.6164308
2023-07-29 12:00:00,8.1528015
2023-07-30 12:00:00,9.079545
2023-07-31 12:00:00,8.2028265
2023-08-01 12:00:00,8.225696
2023-08-02 12:00:00,8.151158
2023-08-03 12:00:00,7.603707
2023-08-04 12:00:00,6.8696766
2023-08-05 12:00:00,6.229267
2023-08-06 12:00:00,6.5150843
2023-08-07 12:00:00,6.715322
2023-08-08 12:00:00,6.6329455
2023-08-09 12:00:00,5.7687283
2023-08-10 12:00:00,5.671108
2023-08-11 12:00:00,5.905755
2023-08-12 12:00:00,6.0889335
2023-08-13 12:00:00,6.2036653
2023-08-14 12:00:00,6.9394855
2023-08-15 12:00:00,7.3144855
2023-08-16 12:00:00,7.3592362
2023-08-17 12:00:00,7.511052
2023-08-18 12:00:00,7.286915
2023-08-19 12:00:00,6.29043
2023-08-20 12:00:00,4.9398503
2023-08-21 12:00:00,4.947568
2023-08-22 12:00:00,5.378939
2023-08-23 12:00:00,6.02965
2023-08-24 12:00:00,6.6105657
2023-08-25 12:00:00,6.08831
2023-08-26 12:00:00,6.2512164
2023-08-27 12:00:00,6.2769346
2023-08-28 12:00:00,7.080997
2023-08-29 12:00:00,6.875816
2023-08-30 12:00:00,6.0717196
2023-08-31 12:00:00,6.009136
2023-09-01 12:00:00,7.338629
2023-09-02 12:00:00,8.149129
2023-09-03 12:00:00,8.893028
2023-09-04 12:00:00,9.799353
2023-09-05 12:00:00,8.972384
2023-09-06 12:00:00,7.678965
2023-09-07 12:00:00,7.052913
2023-09-08 12:00:00,6.670292
2023-09-09 12:00:00,7.5414886
2023-09-10 12:00:00,7.546097
2023-09-11 12:00:00,8.171932
2023-09-12 12:00:00,7.702044
2023-09-13 12:00:00,7.661728
2023-09-14 12:00:00,7.7966204
2023-09-15 12:00:00,7.134827
2023-09-16 12:00:00,7.3928027
2023-09-17 12:00:00,7.0723295
2023-09-18 12:00:00,7.161341
2023-09-19 12:00:00,5.4935837
2023-09-20 12:00:00,4.6366286
2023-09-21 12:00:00,3.9230294
2023-09-22 12:00:00,4.787585
2023-09-23 12:00:00,4.870066
2023-09-24 12:00:00,5.240523
2023-09-25 12:00:00,5.118574
2023-09-26 12:00:00,6.0010986
2023-09-27 12:00:00,6.8858337
2023-09-28 12:00:00,7.383992
2023-09-29 12:00:00,7.9836597
2023-09-30 12:00:00,7.262081
2023-10-01 12:00:00,7.416873
2023-10-02 12:00:00,7.0351696
2023-10-03 12:00:00,6.9005675
2023-10-04 12:00:00,6.412569
2023-10-05 12:00:00,5.923979
2023-10-06 12:00:00,5.3179293
2023-10-07 12:00:00,4.722332
2023-10-08 12:00:00,3.9564533
2023-10-09 12:00:00,3.6920915
2023-10-10 12:00:00,3.6838474
2023-10-11 12:00:00,2.5932279
2023-10-12 12:00:00,2.503913
2023-10-13 12:00:00,2.2321358
2023-10-14 12:00:00,2.9924107
2023-10-15 12:00:00,3.041816
2023-10-16 12:00:00,2.524305
2023-10-17 12:00:00,3.565603
2023-10-18 12:00:00,3.4616327
2023-10-19 12:00:00,3.8289948
2023-10-20 12:00:00,4.025519
2023-10-21 12:00:00,4.398682
2023-10-22 12:00:00,4.320945
2023-10-23 12:00:00,4.007719
2023-10-24 12:00:00,2.5410383
2023-10-25 12:00:00,2.3547134
2023-10-26 12:00:00,2.392828
2023-10-27 12:00:00,2.5647736
2023-10-28 12:00:00,2.5149212
2023-10-29 12:00:00,2.6841717
2023-10-30 12:00:00,3.6193552
2023-10-31 12:00:00,4.3843584
2023-11-01 12:00:00,3.7466266
2023-11-02 12:00:00,3.3298578
2023-11-03 12:00:00,3.324204
2023-11-04 12:00:00,2.299398
2023-11-05 12:00:00,2.9424894
2023-11-06 12:00:00,2.8647404
2023-11-07 12:00:00,2.8162787
2023-11-08 12:00:00,2.6559856
2023-11-09 12:00:00,3.0365684
2023-11-10 12:00:00,3.8643801
2023-11-11 12:00:00,4.1547947
2023-11-12 12:00:00,4.7911634
2023-11-13 12:00:00,4.7674885
2023-11-14 12:00:00,4.4532905
2023-11-15 12:00:00,4.789712
2023-11-16 12:00:00,4.6527705
2023-11-17 12:00:00,4.3535695
2023-11-18 12:00:00,4.753374
2023-11-19 12:00:00,5.027685
2023-11-20 12:00:00,4.326138
2023-11-21 12:00:00,4.2517986
2023-11-22 12:00:00,3.7246766
2023-11-23 12:00:00,3.776415
2023-11-24 12:00:00,5.291701
2023-11-25 12:00:00,6.477579
2023-11-26 12:00:00,6.128341
2023-11-27 12:00:00,6.52854
2023-11-28 12:00:00,5.6671104
2023-11-29 12:00:00,6.4220467
2023-11-30 12:00:00,5.763922
2023-12-01 12:00:00,6.018539
2023-12-02 12:00:00,6.4251876
2023-12-03 12:00:00,7.0785084
2023-12-04 12:00:00,5.83311
2023-12-05 12:00:00,4.102734
2023-12-06 12:00:00,2.2540712
2023-12-07 12:00:00,1.6451528
2023-12-08 12:00:00,2.3828528
2023-12-09 12:00:00,4.2918153
2023-12-10 12:00:00,4.504806
2023-12-11 12:00:00,5.4702506
2023-12-12 12:00:00,4.219488
2023-12-13 12:00:00,5.43909
2023-12-14 12:00:00,5.539259
2023-12-15 12:00:00,5.760592
2023-12-16 12:00:00,6.0912824
2023-12-17 12:00:00,5.9301653
2023-12-18 12:00:00,5.527824
2023-12-19 12:00:00,6.4815063
2023-12-20 12:00:00,5.871293
2023-12-21 12:00:00,5.637271
2023-12-22 12:00:00,6.4984646
2023-12-23 12:00:00,6.0479727
2023-12-24 12:00:00,6.943545
2023-12-25 12:00:00,6.7619987
2023-12-26 12:00:00,6.774905
2023-12-27 12:00:00,7.183247
2023-12-28 12:00:00,6.6158586
2023-12-29 12:00:00,7.0062046
2023-12-30 12:00:00,6.2794495
2023-12-31 12:00:00,6.2106705
2024-01-01 12:00:00,5.3897214
2024-01-02 12:00:00,5.762953
2024-01-03 12:00:00,5.4408092
2024-01-04 12:00:00,5.233958
2024-01-05 12:00:00,4.924673
2024-01-06 12:00:00,4.976869
2024-01-07 12:00:00,5.949533
2024-01-08 12:00:00,6.109735
2024-01-09 12:00:00,6.611982
2024-01-10 12:00:00,5.541475
2024-01-11 12:00:00,6.33535
2024-01-12 12:00:00,6.027073
2024-01-13 12:00:00,5.7620597
2024-01-14 12:00:00,4.71383
2024-01-15 12:00:00,4.1658344
2024-01-16 12:00:00,4.5886316
2024-01-17 12:00:00,4.5889816
2024-01-18 12:00:00,5.0695634
2024-01-19 12:00:00,5.700218
2024-01-20 12:00:00,5.4468503
2024-01-21 12:00:00,5.1729455
2024-01-22 12:00:00,5.2654705
2024-01-23 12:00:00,5.02705
2024-01-24 12:00:00,4.0177126
2024-01-25 12:00:00,4.7854805
2024-01-26 12:00:00,5.5281186
2024-01-27 12:00:00,6.1348486
2024-01-28 12:00:00,5.6280417
2024-01-29 12:00:00,4.4063215
2024-01-30 12:00:00,4.178865
2024-01-31 12:00:00,3.5277736
2024-02-01 12:00:00,3.873663
2024-02-02 12:00:00,3.8558562
2024-02-03 12:00:00,4.9012237
2024-02-04 12:00:00,5.6832094
2024-02-05 12:00:00,5.1513653
2024-02-06 12:00:00,4.772473
2024-02-07 12:00:00,4.2572722
2024-02-08 12:00:00,5.2907653
2024-02-09 12:00:00,6.5880446
2024-02-10 12:00:00,5.4731283
2024-02-11 12:00:00,5.6244183
2024-02-12 12:00:00,6.500853
2024-02-13 12:00:00,6.49528
2024-02-14 12:00:00,6.1125736
2024-02-15 12:00:00,6.004982
2024-02-16 12:00:00,5.511581
2024-02-17 12:00:00,4.994163
2024-02-18 12:00:00,5.5366178
2024-02-19 12:00:00,5.3337407
2024-02-20 12:00:00,4.13937
2024-02-21 12:00:00,3.8458564
2024-02-22 12:00:00,3.0097077
2024-02-23 12:00:00,3.874292
2024-02-24 12:00:00,4.5039725
2024-02-25 12:00:00,5.9762397
2024-02-26 12:00:00,6.153605
2024-02-27 12:00:00,5.728258
2024-02-28 12:00:00,5.45936
2024-02-29 12:00:00,4.9894996
2024-03-01 12:00:00,5.207995
2024-03-02 12:00:00,4.139005
2024-03-03 12:00:00,4.291627
2024-03-04 12:00:00,4.052489
2024-03-05 12:00:00,4.207188
2024-03-06 12:00:00,4.610533
2024-03-07 12:00:00,3.8154762
2024-03-08 12:00:00,3.7978349
2024-03-09 12:00:00,4.592917
2024-03-10 12:00:00,4.8129897
2024-03-11 12:00:00,4.6508822
2024-03-12 12:00:00,3.7935612
2024-03-13 12:00:00,3.1616971
2024-03-14 12:00:00,3.2895372
2024-03-15 12:00:00,3.402176
2024-03-16 12:00:00,3.3955958
2024-03-17 12:00:00,3.769291
2024-03-18 12:00:00,3.2824128
2024-03-19 12:00:00,3.5935235
2024-03-20 12:00:00,4.448365
2024-03-21 12:00:00,5.7846956
2024-03-22 12:00:00,4.351746
2024-03-23 12:00:00,4.7075143
2024-03-24 12:00:00,4.461934
2024-03-25 12:00:00,4.5043983
2024-03-26 12:00:00,3.9358745
2024-03-27 12:00:00,3.5154495
2024-03-28 12:00:00,3.2096953
2024-03-29 12:00:00,2.8990989
2024-03-30 12:00:00,2.9624388
2024-03-31 12:00:00,2.655037
2024-04-01 12:00:00,2.9615707
2024-04-02 12:00:00,2.943973
2024-04-03 12:00:00,3.025499
2024-04-04 12:00:00,3.08257
2024-04-05 12:00:00,2.9888027
2024-04-06 12:00:00,2.6448846
2024-04-07 12:00:00,2.7595224
2024-04-08 12:00:00,4.096124
2024-04-09 12:00:00,3.873364
2024-04-10 12:00:00,3.3587306
2024-04-11 12:00:00,3.88469
2024-04-12 12:00:00,4.0048275
2024-04-13 12:00:00,3.451301
2024-04-14 12:00:00,3.5430346
2024-04-15 12:00:00,2.661388
2024-04-16 12:00:00,2.4434588
2024-04-17 12:00:00,2.5433774
2024-04-18 12:00:00,3.5134017
2024-04-19 12:00:00,3.6444368
2024-04-20 12:00:00,2.985823
2024-04-21 12:00:00,3.0754704
2024-04-22 12:00:00,3.0299196
2024-04-23 12:00:00,2.6881886
2024-04-24 12:00:00,2.3568652
2024-04-25 12:00:00,2.6765695
2024-04-26 12:00:00,2.9323828
2024-04-27 12:00:00,3.0726535
2024-04-28 12:00:00,3.048574
2024-04-29 12:00:00,2.6891701
2024-04-30 12:00:00,3.338649
2024-05-01 12:00:00,3.4627259
2024-05-02 12:00:00,4.2177067
2024-05-03 12:00:00,3.8805358
2024-05-04 12:00:00,3.3405476
2024-05-05 12:00:00,3.859223
2024-05-06 12:00:00,3.9641612
2024-05-07 12:00:00,3.1724436
2024-05-08 12:00:00,3.2417274
2024-05-09 12:00:00,3.0988839
2024-05-10 12:00:00,2.8325152
2024-05-11 12:00:00,2.7327075
2024-05-12 12:00:00,2.4951284
2024-05-13 12:00:00,2.446342
2024-05-14 12:00:00,2.468669
2024-05-15 12:00:00,3.1838593
2024-05-16 12:00:00,2.3891668
2024-05-17 12:00:00,2.392315
2024-05-18 12:00:00,3.2689295
2024-05-19 12:00:00,3.7988057
2024-05-20 12:00:00,4.0180984
2024-05-21 12:00:00,5.194212
2024-05-22 12:00:00,6.133653
2024-05-23 12:00:00,7.612045
2024-05-24 12:00:00,9.602844
2024-05-25 12:00:00,9.474957
2024-05-26 12:00:00,8.698749
2024-05-27 12:00:00,8.394543
2024-05-28 12:00:00,7.1053143
2024-05-29 12:00:00,6.3888264
2024-05-30 12:00:00,5.2611103
2024-05-31 12:00:00,5.662634
2024-06-01 12:00:00,6.4821095
2024-06-02 12:00:00,6.3135195
2024-06-03 12:00:00,5.188213
2024-06-04 12:00:00,6.5702877
2024-06-05 12:00:00,7.365649
2024-06-06 12:00:00,6.7894406
2024-06-07 12:00:00,7.1246276
2024-06-08 12:00:00,7.844756
2024-06-09 12:00:00,8.238876
2024-06-10 12:00:00,8.829107
2024-06-11 12:00:00,8.317811
2024-06-12 12:00:00,8.092299
2024-06-13 12:00:00,7.2970214
2024-06-14 12:00:00,6.456973
2024-06-15 12:00:00,6.620921
2024-06-16 12:00:00,5.566126
2024-06-17 12:00:00,6.2130475
2024-06-18 12:00:00,6.641587
2024-06-19 12:00:00,8.146982
2024-06-20 12:00:00,7.680212
2024-06-21 12:00:00,7.601915
2024-06-22 12:00:00,7.3974433
2024-06-23 12:00:00,7.471316
2024-06-24 12:00:00,7.894073
2024-06-25 12:00:00,8.529299
2024-06-26 12:00:00,7.607667
2024-06-27 12:00:00,7.0806737
2024-06-28 12:00:00,5.3817205
2024-06-29 12:00:00,6.1304903
2024-06-30 12:00:00,6.517091
2024-07-01 12:00:00,5.8182464
2024-07-02 12:00:00,5.539293
2024-07-03 12:00:00,5.8039947
2024-07-04 12:00:00,6.480691
2024-07-05 12:00:00,6.070671
2024-07-06 12:00:00,5.6343875
2024-07-07 12:00:00,6.0278463
2024-07-08 12:00:00,4.741327
2024-07-09 12:00:00,3.8304946
2024-07-10 12:00:00,5.92032
2024-07-11 12:00:00,5.383116
2024-07-12 12:00:00,8.277734
2024-07-13 12:00:00,8.391146
2024-07-14 12:00:00,8.187866
2024-07-15 12:00:00,7.9292026
2024-07-16 12:00:00,8.513908
2024-07-17 12:00:00,9.157978
2024-07-18 12:00:00,9.751053
2024-07-19 12:00:00,9.219759
2024-07-20 12:00:00,7.648699
2024-07-21 12:00:00,7.336562
2024-07-22 12:00:00,7.562104
2024-07-23 12:00:00,8.549459
2024-07-24 12:00:00,8.7963
2024-07-25 12:00:00,9.24238
2024-07-26 12:00:00,8.778507
2024-07-27 12:00:00,7.9261203
2024-07-28 12:00:00,7.6748085
2024-07-29 12:00:00,7.1956177
2024-07-30 12:00:00,5.880816
2024-07-31 12:00:00,6.486421
2024-08-01 12:00:00,6.1786265
2024-08-02 12:00:00,5.968799
2024-08-03 12:00:00,5.630678
2024-08-04 12:00:00,4.5499625
2024-08-05 12:00:00,5.647087
2024-08-06 12:00:00,5.449921
2024-08-07 12:00:00,4.49665
2024-08-08 12:00:00,4.312874
2024-08-09 12:00:00,3.1591387
2024-08-10 12:00:00,4.480068
2024-08-11 12:00:00,3.7908535
2024-08-12 12:00:00,4.173142
2024-08-13 12:00:00,5.526403
2024-08-14 12:00:00,4.884825
2024-08-15 12:00:00,5.3363657
2024-08-16 12:00:00,5.8366475
2024-08-17 12:00:00,5.1650906
2024-08-18 12:00:00,5.029575
2024-08-19 12:00:00,5.897625
2024-08-20 12:00:00,5.4112463
2024-08-21 12:00:00,5.4681125
2024-08-22 12:00:00,6.2735043
2024-08-23 12:00:00,5.538223
2024-08-24 12:00:00,5.729771
2024-08-25 12:00:00,5.9486256
2024-08-26 12:00:00,6.620308
2024-08-27 12:00:00,7.0774584
2024-08-28 12:00:00,7.42631
2024-08-29 12:00:00,8.220917
2024-08-30 12:00:00,8.6581955
2024-08-31 12:00:00,7.504854
2024-09-01 12:00:00,6.4691725
2024-09-02 12:00:00,6.1226234
2024-09-03 12:00:00,7.2977886
2024-09-04 12:00:00,7.591568
2024-09-05 12:00:00,7.774721
2024-09-06 12:00:00,8.503323
2024-09-07 12:00:00,8.922565
2024-09-08 12:00:00,8.423662
2024-09-09 12:00:00,8.2747345
2024-09-10 12:00:00,7.550401
2024-09-11 12:00:00,6.861418
2024-09-12 12:00:00,5.9809923
2024-09-13 12:00:00,6.719184
2024-09-14 12:00:00,6.998738
2024-09-15 12:00:00,6.9262586
2024-09-16 12:00:00,6.677697
2024-09-17 12:00:00,6.3951464
2024-09-18 12:00:00,6.773459
2024-09-19 12:00:00,6.637059
2024-09-20 12:00:00,6.6522074
2024-09-21 12:00:00,7.1729527
2024-09-22 12:00:00,7.1531653
2024-09-23 12:00:00,7.094575
2024-09-24 12:00:00,6.34223
2024-09-25 12:00:00,4.941343
2024-09-26 12:00:00,4.0272355
2024-09-27 12:00:00,2.8753467
2024-09-28 12:00:00,3.125592
2024-09-29 12:00:00,3.0051498
2024-09-30 12:00:00,4.2229958
2024-10-01 12:00:00,4.452708
2024-10-02 12:00:00,6.0258293
2024-10-03 12:00:00,5.8361735
2024-10-04 12:00:00,4.249236
2024-10-05 12:00:00,3.4164593
2024-10-06 12:00:00,1.7619088
2024-10-07 12:00:00,2.2117476
2024-10-08 12:00:00,2.3171544
2024-10-09 12:00:00,1.9326781
2024-10-10 12:00:00,2.5564203
2024-10-11 12:00:00,2.7668784
2024-10-12 12:00:00,3.2953262
2024-10-13 12:00:00,4.427548
2024-10-14 12:00:00,5.8016934
2024-10-15 12:00:00,5.425794
2024-10-16 12:00:00,3.7373197
2024-10-17 12:00:00,3.0258024
2024-10-18 12:00:00,3.3329623
2024-10-19 12:00:00,3.0918803
2024-10-20 12:00:00,4.0904307
2024-10-21 12:00:00,5.269481
2024-10-22 12:00:00,6.00654
2024-10-23 12:00:00,5.64367
2024-10-24 12:00:00,5.9261084
2024-10-25 12:00:00,4.997333
2024-10-26 12:00:00,4.943494
2024-10-27 12:00:00,4.704498
2024-10-28 12:00:00,3.9579492
2024-10-29 12:00:00,2.356775
2024-10-30 12:00:00,2.6158767
2024-10-31 12:00:00,2.654559
2024-11-01 12:00:00,3.2604997
2024-11-02 12:00:00,3.1127748
2024-11-03 12:00:00,3.7083151
2024-11-04 12:00:00,3.6153176
2024-11-05 12:00:00,4.4445934
2024-11-06 12:00:00,4.3495135
2024-11-07 12:00:00,4.1741905
2024-11-08 12:00:00,4.5694404
2024-11-09 12:00:00,4.4500775
2024-11-10 12:00:00,4.8198786
2024-11-11 12:00:00,4.1871448
2024-11-12 12:00:00,3.4293113
2024-11-13 12:00:00,3.359999
2024-11-14 12:00:00,3.8363633
2024-11-15 12:00:00,3.7916849
2024-11-16 12:00:00,3.8431506
2024-11-17 12:00:00,4.547234
2024-11-18 12:00:00,5.4975133
2024-11-19 12:00:00,5.85706
2024-11-20 12:00:00,4.6584377
2024-11-21 12:00:00,4.509233
2024-11-22 12:00:00,5.794669
2024-11-23 12:00:00,5.879595
2024-11-24 12:00:00,6.6049747
2024-11-25 12:00:00,7.1055202
2024-11-26 12:00:00,7.3332434
2024-11-27 12:00:00,8.315747
2024-11-28 12:00:00,8.428979
2024-11-29 12:00:00,8.976499
2024-11-30 12:00:00,6.230862
2024-12-01 12:00:00,4.871921
2024-12-02 12:00:00,3.408126
2024-12-03 12:00:00,3.653245
2024-12-04 12:00:00,4.0138974
2024-12-05 12:00:00,4.735804
2024-12-06 12:00:00,4.8914795
2024-12-07 12:00:00,5.082911
2024-12-08 12:00:00,5.137924
2024-12-09 12:00:00,4.8215723
2024-12-10 12:00:00,4.371376
2024-12-11 12:00:00,6.405039
2024-12-12 12:00:00,5.3132806
2024-12-13 12:00:00,5.3150926
2024-12-14 12:00:00,7.1712747
2024-12-15 12:00:00,7.089496
2024-12-16 12:00:00,6.796867
2024-12-17 12:00:00,5.6687613
2024-12-18 12:00:00,5.057798
2024-12-19 12:00:00,5.7779517
2024-12-20 12:00:00,4.9009037
2024-12-21 12:00:00,4.9092083
2024-12-22 12:00:00,5.693439
2024-12-23 12:00:00,5.2886086
2024-12-24 12:00:00,5.066638
2024-12-25 12:00:00,4.678536
2024-12-26 12:00:00,6.3469315
2024-12-27 12:00:00,6.3209014
2024-12-28 12:00:00,6.194327
2024-12-29 12:00:00,6.2448673
2024-12-30 12:00:00,6.2101045
2024-12-31 12:00:00,6.4815273
2025-01-01 12:00:00,5.805886
2025-01-02 12:00:00,5.123738
2025-01-03 12:00:00,5.970774
2025-01-04 12:00:00,4.6443424
2025-01-05 12:00:00,5.5473514
2025-01-06 12:00:00,4.2432666
2025-01-07 12:00:00,4.5009136
2025-01-08 12:00:00,4.9669633
2025-01-09 12:00:00,5.708814
2025-01-10 12:00:00,6.915126
2025-01-11 12:00:00,6.911392
2025-01-12 12:00:00,6.6249866
2025-01-13 12:00:00,5.738895
2025-01-14 12:00:00,6.691362
2025-01-15 12:00:00,6.887337
2025-01-16 12:00:00,6.7966366
2025-01-17 12:00:00,6.583109
2025-01-18 12:00:00,6.621265
2025-01-19 12:00:00,6.459549
2025-01-20 12:00:00,5.590578
2025-01-21 12:00:00,4.4791017
2025-01-22 12:00:00,4.2662754
2025-01-23 12:00:00,5.214876
2025-01-24 12:00:00,4.280009
2025-01-25 12:00:00,6.1769643
2025-01-26 12:00:00,5.1575575
2025-01-27 12:00:00,4.917315
2025-01-28 12:00:00,4.961778
2025-01-29 12:00:00,5.9942584
2025-01-30 12:00:00,4.1037245
2025-01-31 12:00:00,4.725444
2025-02-01 12:00:00,4.821509
2025-02-02 12:00:00,5.030239
2025-02-03 12:00:00,4.0628033
2025-02-04 12:00:00,4.628241
2025-02-05 12:00:00,3.323371
2025-02-06 12:00:00,4.237427
2025-02-07 12:00:00,4.9053917
2025-02-08 12:00:00,5.149446
2025-02-09 12:00:00,5.4314413
2025-02-10 12:00:00,5.1157928
2025-02-11 12:00:00,4.0942416
2025-02-12 12:00:00,4.187823
2025-02-13 12:00:00,2.9909892
2025-02-14 12:00:00,2.9497712
2025-02-15 12:00:00,3.7164905
2025-02-16 12:00:00,4.2707367
2025-02-17 12:00:00,4.4055805
2025-02-18 12:00:00,2.4728048
2025-02-19 12:00:00,3.4861245
2025-02-20 12:00:00,3.5859616
2025-02-21 12:00:00,4.2109065
2025-02-22 12:00:00,3.8166556
2025-02-23 12:00:00,4.357179
2025-02-24 12:00:00,6.8709645
2025-02-25 12:00:00,6.96401
2025-02-26 12:00:00,6.770808
2025-02-27 12:00:00,5.6305585
2025-02-28 12:00:00,5.6049294
2025-03-01 12:00:00,4.518451
2025-03-02 12:00:00,3.8621023
2025-03-03 12:00:00,3.6886163
2025-03-04 12:00:00,2.9051154
2025-03-05 12:00:00,2.8374949
2025-03-06 12:00:00,3.829556
2025-03-07 12:00:00,2.44694
2025-03-08 12:00:00,3.3547478
2025-03-09 12:00:00,5.5822506
2025-03-10 12:00:00,6.03595
2025-03-11 12:00:00,4.796828
2025-03-12 12:00:00,2.933642
2025-03-13 12:00:00,3.0835013
2025-03-14 12:00:00,2.9850636
2025-03-15 12:00:00,2.8696325
2025-03-16 12:00:00,3.254413
2025-03-17 12:00:00,3.0732563
2025-03-18 12:00:00,2.810973
2025-03-19 12:00:00,3.2651143
2025-03-20 12:00:00,4.07394
2025-03-21 12:00:00,4.696711
2025-03-22 12:00:00,4.5264096
2025-03-23 12:00:00,4.2683673
2025-03-24 12:00:00,4.376616
2025-03-25 12:00:00,3.6538854
2025-03-26 12:00:00,2.92287
2025-03-27 12:00:00,3.0848882
2025-03-28 12:00:00,2.6935396
2025-03-29 12:00:00,2.4574368
2025-03-30 12:00:00,2.9308996
2025-03-31 12:00:00,2.8977394
2025-04-01 12:00:00,2.8683596
2025-04-02 12:00:00,3.8636005
2025-04-03 12:00:00,3.4868937
2025-04-04 12:00:00,3.316479
2025-04-05 12:00:00,2.4302204
2025-04-06 12:00:00,3.2573292
2025-04-07 12:00:00,4.733431
2025-04-08 12:00:00,4.5543365
2025-04-09 12:00:00,3.9065585
2025-04-10 12:00:00,5.144948
2025-04-11 12:00:00,7.1687694
2025-04-12 12:00:00,3.1979058
2025-04-13 12:00:00,1.9874045
2025-04-14 12:00:00,2.0314777
2025-04-15 12:00:00,2.159878
2025-04-16 12:00:00,2.777663
2025-04-17 12:00:00,2.6127322
2025-04-18 12:00:00,3.620804
2025-04-19 12:00:00,2.3437746
2025-04-20 12:00:00,2.5685074
2025-04-21 12:00:00,2.135332
2025-04-22 12:00:00,1.9988068
2025-04-23 12:00:00,2.4029896
2025-04-24 12:00:00,2.6188526
2025-04-25 12:00:00,2.4832144
2025-04-26 12:00:00,2.4306893
2025-04-27 12:00:00,1.9327556
2025-04-28 12:00:00,2.566358
2025-04-29 12:00:00,2.581878
2025-04-30 12:00:00,3.584071
2025-05-01 12:00:00,2.874903
2025-05-02 12:00:00,3.0883782
2025-05-03 12:00:00,2.5991268
2025-05-04 12:00:00,2.7855146
2025-05-05 12:00:00,2.785852
2025-05-06 12:00:00,2.8978202
2025-05-07 12:00:00,2.8061726
2025-05-08 12:00:00,2.9486892
2025-05-09 12:00:00,2.3960369
2025-05-10 12:00:00,3.686925
2025-05-11 12:00:00,4.4670677
2025-05-12 12:00:00,3.5729191
2025-05-13 12:00:00,3.4086912
2025-05-14 12:00:00,3.0121934
2025-05-15 12:00:00,2.8661115
2025-05-16 12:00:00,3.8238878
2025-05-17 12:00:00,4.6034493
2025-05-18 12:00:00,4.697643
2025-05-19 12:00:00,4.5935936
2025-05-20 12:00:00,4.997244
2025-05-21 12:00:00,4.7446184
2025-05-22 12:00:00,4.988467
2025-05-23 12:00:00,6.3167033
2025-05-24 12:00:00,7.2758737
2025-05-25 12:00:00,7.6219335
2025-05-26 12:00:00,8.757083
2025-05-27 12:00:00,9.569032
2025-05-28 12:00:00,9.470097
2025-05-29 12:00:00,9.606842
2025-05-30 12:00:00,8.851644
2025-05-31 12:00:00,7.4997315
2025-06-01 12:00:00,6.623871
2025-06-02 12:00:00,7.0204415
2025-06-03 12:00:00,5.5934362
2025-06-04 12:00:00,5.2373624
2025-06-05 12:00:00,4.630581
2025-06-06 12:00:00,5.222779
2025-06-07 12:00:00,5.9827714
2025-06-08 12:00:00,6.4800158
2025-06-09 12:00:00,7.428726
2025-06-10 12:00:00,7.5024123
2025-06-11 12:00:00,7.2773156
2025-06-12 12:00:00,7.4090614
2025-06-13 12:00:00,7.9372697
2025-06-14 12:00:00,8.867028
2025-06-15 12:00:00,8.458338
2025-06-16 12:00:00,8.152755
2025-06-17 12:00:00,7.017519
2025-06-18 12:00:00,7.1689625
2025-06-19 12:00:00,6.524979
2025-06-20 12:00:00,7.2607093
2025-06-21 12:00:00,7.2439213
2025-06-22 12:00:00,7.7548733
2025-06-23 12:00:00,7.8781033
2025-06-24 12:00:00,7.436817
2025-06-25 12:00:00,7.4608483
2025-06-26 12:00:00,6.4270835
2025-06-27 12:00:00,6.275392
2025-06-28 12:00:00,7.5591135
2025-06-29 12:00:00,7.7875443
2025-06-30 12:00:00,6.970552
2025-07-01 12:00:00,7.438553
2025-07-02 12:00:00,6.4267616
2025-07-03 12:00:00,6.7674084
2025-07-04 12:00:00,6.6902657
2025-07-05 12:00:00,6.5923276
2025-07-06 12:00:00,7.082048
2025-07-07 12:00:00,6.6287575
2025-07-08 12:00:00,6.972256
2025-07-09 12:00:00,5.146242
2025-07-10 12:00:00,6.4383082
2025-07-11 12:00:00,6.1857843
2025-07-12 12:00:00,5.848089
2025-07-13 12:00:00,6.029309
2025-07-14 12:00:00,5.549203
2025-07-15 12:00:00,5.5366116
2025-07-16 12:00:00,5.52896
2025-07-17 12:00:00,5.6286416
2025-07-18 12:00:00,5.971636
2025-07-19 12:00:00,7.5320516
2025-07-20 12:00:00,8.2334
2025-07-21 12:00:00,9.080914
2025-07-22 12:00:00,10.107362
2025-07-23 12:00:00,10.73162
2025-07-24 12:00:00,9.786721
2025-07-25 12:00:00,9.259192
2025-07-26 12:00:00,8.255184
2025-07-27 12:00:00,7.2047844
2025-07-28 12:00:00,6.8103733
2025-07-29 12:00:00,6.3661866
2025-07-30 12:00:00,6.270289
2025-07-31 12:00:00,4.9003882
2025-08-01 12:00:00,4.218081
2025-08-02 12:00:00,3.7428968
2025-08-03 12:00:00,5.3384776
2025-08-04 12:00:00,4.2783937
2025-08-05 12:00:00,5.0772815
2025-08-06 12:00:00,4.0943165
2025-08-07 12:00:00,5.1271634
2025-08-08 12:00:00,4.231189
2025-08-09 12:00:00,5.840329
2025-08-10 12:00:00,5.7131634
2025-08-11 12:00:00,7.2067595
2025-08-12 12:00:00,8.3162365
2025-08-13 12:00:00,7.654542
2025-08-14 12:00:00,6.8497324
2025-08-15 12:00:00,7.80866
2025-08-16 12:00:00,8.1099205
2025-08-17 12:00:00,7.8996363
2025-08-18 12:00:00,7.125409
2025-08-19 12:00:00,5.408416
2025-08-20 12:00:00,4.907452
2025-08-21 12:00:00,4.7452307
2025-08-22 12:00:00,6.325052
2025-08-23 12:00:00,6.067056
2025-08-24 12:00:00,5.2397885
2025-08-25 12:00:00,5.511785
2025-08-26 12:00:00,7.1104975
2025-08-27 12:00:00,6.8984456
2025-08-28 12:00:00,6.23179
2025-08-29 12:00:00,6.682156
2025-08-30 12:00:00,5.701946
2025-08-31 12:00:00,7.0443106
2025-09-01 12:00:00,7.9066806
2025-09-02 12:00:00,7.298856
2025-09-03 12:00:00,6.685273
2025-09-04 12:00:00,4.8017006
2025-09-05 12:00:00,4.4260464
2025-09-06 12:00:00,4.160226
2025-09-07 12:00:00,4.063819
2025-09-08 12:00:00,3.8646374
2025-09-09 12:00:00,4.7003593
2025-09-10 12:00:00,5.2329025
2025-09-11 12:00:00,4.9327617
2025-09-12 12:00:00,3.8818545
2025-09-13 12:00:00,3.8580134
2025-09-14 12:00:00,3.8129241
2025-09-15 12:00:00,3.835649
2025-09-16 12:00:00,3.8900285
2025-09-17 12:00:00,4.9389267
2025-09-18 12:00:00,6.237632
2025-09-19 12:00:00,7.1523805
2025-09-20 12:00:00,6.9984293
2025-09-21 12:00:00,7.322021
2025-09-22 12:00:00,7.3081803
2025-09-23 12:00:00,8.425806
2025-09-24 12:00:00,8.965405
2025-09-25 12:00:00,8.742733
2025-09-26 12:00:00,8.334533
2025-09-27 12:00:00,6.4512515
2025-09-28 12:00:00,6.6820545
2025-09-29 12:00:00,7.7316093
2025-09-30 12:00:00,8.138776
2025-10-01 12:00:00,7.0719686
2025-10-02 12:00:00,4.559677
2025-10-03 12:00:00,3.072267
2025-10-04 12:00:00,2.6053066
2025-10-05 12:00:00,3.800519
2025-10-06 12:00:00,3.7959113
2025-10-07 12:00:00,3.6642861
2025-10-08 12:00:00,4.0029697
2025-10-09 12:00:00,3.2749038
2025-10-10 12:00:00,3.2250633
2025-10-11 12:00:00,2.6060503
2025-10-12 12:00:00,1.6962318
2025-10-13 12:00:00,2.1891246
2025-10-14 12:00:00,3.1275418
2025-10-15 12:00:00,2.9113564
2025-10-16 12:00:00,3.2505434
2025-10-17 12:00:00,2.9173443
2025-10-18 12:00:00,3.10449
2025-10-19 12:00:00,3.4709992
2025-10-20 12:00:00,4.2854133
2025-10-21 12:00:00,5.018631
2025-10-22 12:00:00,4.0103993
2025-10-23 12:00:00,5.080693
2025-10-24 12:00:00,5.7994494
2025-10-25 12:00:00,6.754607
2025-10-26 12:00:00,8.214179
2025-10-27 12:00:00,7.657292
2025-10-28 12:00:00,5.6030455
2025-10-29 12:00:00,3.8739016
2025-10-30 12:00:00,2.8623052
2025-10-31 12:00:00,2.9809008
2025-11-01 12:00:00,4.202775
2025-11-02 12:00:00,5.373457
2025-11-03 12:00:00,4.998134
2025-11-04 12:00:00,3.5118427
2025-11-05 12:00:00,2.6606226
2025-11-06 12:00:00,2.6060388
2025-11-07 12:00:00,3.269506
2025-11-08 12:00:00,2.9034135
2025-11-09 12:00:00,2.6388872
2025-11-10 12:00:00,2.968323
2025-11-11 12:00:00,3.0123687
2025-11-12 12:00:00,3.9012868
2025-11-13 12:00:00,4.3330283
2025-11-14 12:00:00,4.7814345
2025-11-15 12:00:00,4.756945
2025-11-16 12:00:00,6.3757653
2025-11-17 12:00:00,5.282076
2025-11-18 12:00:00,4.8729773
2025-11-19 12:00:00,5.254238
2025-11-20 12:00:00,5.919739
2025-11-21 12:00:00,6.998096
2025-11-22 12:00:00,5.9677234
2025-11-23 12:00:00,7.1297193
2025-11-24 12:00:00,6.3565507
2025-11-25 12:00:00,6.79678
2025-11-26 12:00:00,6.64128
2025-11-27 12:00:00,7.1651187
2025-11-28 12:00:00,5.951095
2025-11-29 12:00:00,5.4888406
2025-11-30 12:00:00,4.8734307
2025-12-01 12:00:00,3.3411305
2025-12-02 12:00:00,3.3959308
2025-12-03 12:00:00,3.330424
2025-12-04 12:00:00,5.0234146
2025-12-05 12:00:00,6.3010783
2025-12-06 12:00:00,5.8108497
2025-12-07 12:00:00,5.492043
2025-12-08 12:00:00,5.948883
2025-12-09 12:00:00,6.1825633
2025-12-10 12:00:00,6.075004
2025-12-11 12:00:00,5.679387
2025-12-12 12:00:00,5.5671215
2025-12-13 12:00:00,5.9517198
2025-12-14 12:00:00,6.2136035
2025-12-15 12:00:00,6.3780932
2025-12-16 12:00:00,5.8739896
2025-12-17 12:00:00,6.7573824
2025-12-18 12:00:00,6.2177114
2025-12-19 12:00:00,5.061005
2025-12-20 12:00:00,5.3496366
2025-12-21 12:00:00,5.960809
2025-12-22 12:00:00,4.92789
2025-12-23 12:00:00,5.446265
2025-12-24 12:00:00,5.094699
2025-12-25 12:00:00,5.5441346
2025-12-26 12:00:00,6.091189
2025-12-27 12:00:00,5.673128
2025-12-28 12:00:00,5.4122605
2025-12-29 12:00:00,5.5929704
2025-12-30 12:00:00,4.643333
2025-12-31 12:00:00,4.287898
