Date,SST
2006-01-01,26.314482
2006-01-02,26.27239
2006-01-03,26.221153
2006-01-04,26.180466
2006-01-05,26.173944
2006-01-06,26.178183
2006-01-07,26.18823
2006-01-08,26.181774
2006-01-09,26.17161
2006-01-10,26.142538
2006-01-11,26.110409
2006-01-12,26.06611
2006-01-13,26.034307
2006-01-14,26.03232
2006-01-15,26.008474
2006-01-16,25.998755
2006-01-17,26.021683
2006-01-18,26.025146
2006-01-19,26.092896
2006-01-20,26.102793
2006-01-21,26.061583
2006-01-22,26.04489
2006-01-23,26.021719
2006-01-24,25.993744
2006-01-25,25.947697
2006-01-26,25.920492
2006-01-27,25.847847
2006-01-28,25.794422
2006-01-29,25.782225
2006-01-30,25.768417
2006-01-31,25.767342
2006-02-01,25.810387
2006-02-02,25.875
2006-02-03,25.889368
2006-02-04,25.919827
2006-02-05,25.925161
2006-02-06,25.898098
2006-02-07,25.966867
2006-02-08,25.987743
2006-02-09,26.02116
2006-02-10,26.067816
2006-02-11,26.074856
2006-02-12,26.098925
2006-02-13,26.157042
2006-02-14,26.203354
2006-02-15,26.287464
2006-02-16,26.348701
2006-02-17,26.413668
2006-02-18,26.549196
2006-02-19,26.564543
2006-02-20,26.637138
2006-02-21,26.70476
2006-02-22,26.78563
2006-02-23,26.79118
2006-02-24,26.868404
2006-02-25,26.889433
2006-02-26,26.912846
2006-02-27,26.91447
2006-02-28,26.98125
2006-03-01,27.080585
2006-03-02,27.164965
2006-03-03,27.266285
2006-03-04,27.35923
2006-03-05,27.4868
2006-03-06,27.6539
2006-03-07,27.735619
2006-03-08,27.845285
2006-03-09,27.818556
2006-03-10,27.989595
2006-03-11,27.96951
2006-03-12,27.921295
2006-03-13,27.94027
2006-03-14,27.950237
2006-03-15,27.949516
2006-03-16,28.00099
2006-03-17,28.055893
2006-03-18,27.987444
2006-03-19,27.895407
2006-03-20,27.811378
2006-03-21,27.811115
2006-03-22,27.852161
2006-03-23,27.967884
2006-03-24,27.989342
2006-03-25,28.025372
2006-03-26,28.076363
2006-03-27,28.138786
2006-03-28,28.325886
2006-03-29,28.329906
2006-03-30,28.349464
2006-03-31,28.403418
2006-04-01,28.358541
2006-04-02,28.323084
2006-04-03,28.270601
2006-04-04,28.233189
2006-04-05,28.246767
2006-04-06,28.368538
2006-04-07,28.453505
2006-04-08,28.500433
2006-04-09,28.488342
2006-04-10,28.524244
2006-04-11,28.512928
2006-04-12,28.616392
2006-04-13,28.718061
2006-04-14,28.897081
2006-04-15,28.994776
2006-04-16,29.114557
2006-04-17,29.110275
2006-04-18,29.177149
2006-04-19,29.21785
2006-04-20,29.373583
2006-04-21,29.351736
2006-04-22,29.372599
2006-04-23,29.393707
2006-04-24,29.475512
2006-04-25,29.551474
2006-04-26,29.586811
2006-04-27,29.607618
2006-04-28,29.623419
2006-04-29,29.646246
2006-04-30,29.609257
2006-05-01,29.811483
2006-05-02,29.844122
2006-05-03,29.919842
2006-05-04,29.931564
2006-05-05,29.909557
2006-05-06,29.873741
2006-05-07,29.860147
2006-05-08,29.87894
2006-05-09,29.818308
2006-05-10,29.796537
2006-05-11,29.786
2006-05-12,29.790407
2006-05-13,29.822924
2006-05-14,29.76765
2006-05-15,29.74766
2006-05-16,29.789646
2006-05-17,29.886614
2006-05-18,29.947514
2006-05-19,30.011776
2006-05-20,29.954432
2006-05-21,30.072266
2006-05-22,30.166632
2006-05-23,30.212397
2006-05-24,30.18368
2006-05-25,30.090658
2006-05-26,29.97824
2006-05-27,29.891699
2006-05-28,29.807302
2006-05-29,29.72048
2006-05-30,29.655127
2006-05-31,29.625921
2006-06-01,29.577425
2006-06-02,29.551859
2006-06-03,29.494858
2006-06-04,29.446531
2006-06-05,29.369137
2006-06-06,29.281298
2006-06-07,29.250868
2006-06-08,29.268646
2006-06-09,29.287674
2006-06-10,29.290195
2006-06-11,29.324179
2006-06-12,29.330723
2006-06-13,29.382572
2006-06-14,29.41856
2006-06-15,29.448816
2006-06-16,29.474346
2006-06-17,29.546795
2006-06-18,29.689901
2006-06-19,29.749409
2006-06-20,29.755714
2006-06-21,29.595562
2006-06-22,29.528515
2006-06-23,29.505543
2006-06-24,29.548023
2006-06-25,29.5945
2006-06-26,29.519823
2006-06-27,29.5614
2006-06-28,29.596804
2006-06-29,29.563421
2006-06-30,29.476095
2006-07-01,29.403536
2006-07-02,29.31189
2006-07-03,29.218056
2006-07-04,29.185978
2006-07-05,29.247147
2006-07-06,29.249561
2006-07-07,29.338234
2006-07-08,29.36406
2006-07-09,29.318724
2006-07-10,29.281404
2006-07-11,29.264277
2006-07-12,29.286564
2006-07-13,29.210207
2006-07-14,29.12062
2006-07-15,29.001896
2006-07-16,28.978014
2006-07-17,28.966253
2006-07-18,28.96307
2006-07-19,28.868319
2006-07-20,28.769049
2006-07-21,28.666174
2006-07-22,28.632795
2006-07-23,28.665823
2006-07-24,28.71976
2006-07-25,28.793718
2006-07-26,28.712044
2006-07-27,28.659327
2006-07-28,28.594507
2006-07-29,28.562069
2006-07-30,28.524483
2006-07-31,28.487574
2006-08-01,28.440617
2006-08-02,28.363853
2006-08-03,28.271547
2006-08-04,28.203218
2006-08-05,28.238174
2006-08-06,28.247536
2006-08-07,28.242294
2006-08-08,28.241238
2006-08-09,28.277145
2006-08-10,28.253628
2006-08-11,28.20031
2006-08-12,28.137491
2006-08-13,28.099642
2006-08-14,28.038336
2006-08-15,28.008469
2006-08-16,27.951689
2006-08-17,27.97691
2006-08-18,28.044462
2006-08-19,28.088573
2006-08-20,28.079447
2006-08-21,28.03689
2006-08-22,27.999336
2006-08-23,27.988018
2006-08-24,28.045925
2006-08-25,28.109629
2006-08-26,28.139425
2006-08-27,28.165573
2006-08-28,28.112297
2006-08-29,28.027504
2006-08-30,28.052502
2006-08-31,28.154833
2006-09-01,28.192049
2006-09-02,28.228348
2006-09-03,28.20888
2006-09-04,28.207376
2006-09-05,28.421759
2006-09-06,28.734833
2006-09-07,28.857832
2006-09-08,28.98149
2006-09-09,29.152403
2006-09-10,29.244995
2006-09-11,29.206224
2006-09-12,29.16868
2006-09-13,29.210411
2006-09-14,29.14789
2006-09-15,29.015705
2006-09-16,28.927422
2006-09-17,28.850536
2006-09-18,28.773575
2006-09-19,28.666935
2006-09-20,28.54766
2006-09-21,28.47611
2006-09-22,28.40537
2006-09-23,28.396843
2006-09-24,28.435667
2006-09-25,28.49764
2006-09-26,28.667442
2006-09-27,28.889086
2006-09-28,28.831327
2006-09-29,28.659075
2006-09-30,28.653173
2006-10-01,28.74819
2006-10-02,28.903242
2006-10-03,28.922815
2006-10-04,28.883097
2006-10-05,28.889515
2006-10-06,29.00124
2006-10-07,29.16479
2006-10-08,29.220634
2006-10-09,29.232008
2006-10-10,29.240242
2006-10-11,29.316881
2006-10-12,29.422012
2006-10-13,29.491905
2006-10-14,29.61624
2006-10-15,29.63768
2006-10-16,29.67811
2006-10-17,29.721283
2006-10-18,29.706654
2006-10-19,29.777477
2006-10-20,29.676802
2006-10-21,29.637983
2006-10-22,29.575129
2006-10-23,29.524895
2006-10-24,29.474358
2006-10-25,29.466602
2006-10-26,29.436426
2006-10-27,29.388151
2006-10-28,29.34668
2006-10-29,29.36736
2006-10-30,29.353954
2006-10-31,29.422073
2006-11-01,29.405054
2006-11-02,29.368298
2006-11-03,29.381521
2006-11-04,29.394806
2006-11-05,29.396389
2006-11-06,29.313248
2006-11-07,29.283617
2006-11-08,29.13926
2006-11-09,28.983658
2006-11-10,28.871496
2006-11-11,28.823154
2006-11-12,28.76179
2006-11-13,28.68521
2006-11-14,28.620764
2006-11-15,28.570774
2006-11-16,28.558378
2006-11-17,28.54992
2006-11-18,28.501936
2006-11-19,28.442999
2006-11-20,28.337072
2006-11-21,28.242182
2006-11-22,28.164272
2006-11-23,28.092112
2006-11-24,28.068668
2006-11-25,28.078375
2006-11-26,28.065254
2006-11-27,28.05696
2006-11-28,27.985329
2006-11-29,27.916658
2006-11-30,27.801832
2006-12-01,27.665619
2006-12-02,27.54457
2006-12-03,27.398994
2006-12-04,27.250906
2006-12-05,27.13577
2006-12-06,27.04142
2006-12-07,26.953194
2006-12-08,26.894135
2006-12-09,26.851955
2006-12-10,26.813852
2006-12-11,26.77542
2006-12-12,26.702103
2006-12-13,26.632761
2006-12-14,26.576883
2006-12-15,26.473083
2006-12-16,26.409468
2006-12-17,26.39829
2006-12-18,26.371725
2006-12-19,26.318909
2006-12-20,26.312483
2006-12-21,26.295233
2006-12-22,26.243837
2006-12-23,26.166075
2006-12-24,26.1028
2006-12-25,26.042952
2006-12-26,25.965601
2006-12-27,25.891699
2006-12-28,25.850344
2006-12-29,25.838127
2006-12-30,25.81133
2006-12-31,25.750242
2007-01-01,25.701488
2007-01-02,25.653162
2007-01-03,25.627108
2007-01-04,25.571653
2007-01-05,25.52257
2007-01-06,25.500645
2007-01-07,25.469498
2007-01-08,25.418243
2007-01-09,25.363804
2007-01-10,25.308994
2007-01-11,25.245085
2007-01-12,25.196007
2007-01-13,25.157713
2007-01-14,25.140482
2007-01-15,25.124943
2007-01-16,25.137207
2007-01-17,25.120459
2007-01-18,25.100359
2007-01-19,25.063519
2007-01-20,25.029976
2007-01-21,24.998423
2007-01-22,25.001743
2007-01-23,24.993456
2007-01-24,24.998716
2007-01-25,25.0127
2007-01-26,25.045584
2007-01-27,25.102518
2007-01-28,25.16344
2007-01-29,25.289347
2007-01-30,25.410093
2007-01-31,25.482157
2007-02-01,25.546883
2007-02-02,25.600948
2007-02-03,25.633541
2007-02-04,25.635262
2007-02-05,25.650822
2007-02-06,25.707714
2007-02-07,25.720156
2007-02-08,25.776361
2007-02-09,25.764748
2007-02-10,25.764475
2007-02-11,25.87369
2007-02-12,25.939611
2007-02-13,25.995632
2007-02-14,25.955524
2007-02-15,25.950556
2007-02-16,25.898605
2007-02-17,25.884726
2007-02-18,25.823488
2007-02-19,25.759209
2007-02-20,25.684366
2007-02-21,25.625813
2007-02-22,25.590816
2007-02-23,25.601461
2007-02-24,25.643429
2007-02-25,25.730091
2007-02-26,25.802818
2007-02-27,25.842459
2007-02-28,25.872993
2007-03-01,25.941961
2007-03-02,26.020575
2007-03-03,26.09906
2007-03-04,26.041794
2007-03-05,26.023516
2007-03-06,26.023884
2007-03-07,26.048773
2007-03-08,26.053555
2007-03-09,26.089682
2007-03-10,26.156542
2007-03-11,26.226894
2007-03-12,26.378382
2007-03-13,26.385395
2007-03-14,26.471727
2007-03-15,26.516392
2007-03-16,26.486359
2007-03-17,26.478842
2007-03-18,26.524084
2007-03-19,26.6209
2007-03-20,26.818203
2007-03-21,26.885553
2007-03-22,26.914244
2007-03-23,27.055914
2007-03-24,27.108007
2007-03-25,27.35744
2007-03-26,27.493511
2007-03-27,27.597872
2007-03-28,27.660925
2007-03-29,27.74482
2007-03-30,27.885216
2007-03-31,27.932865
2007-04-01,27.942062
2007-04-02,27.991354
2007-04-03,28.042442
2007-04-04,28.076065
2007-04-05,28.160046
2007-04-06,28.207298
2007-04-07,28.188871
2007-04-08,28.207136
2007-04-09,28.294924
2007-04-10,28.342094
2007-04-11,28.376223
2007-04-12,28.469305
2007-04-13,28.625813
2007-04-14,28.664087
2007-04-15,28.758297
2007-04-16,28.714094
2007-04-17,28.845675
2007-04-18,28.947325
2007-04-19,29.053154
2007-04-20,29.110233
2007-04-21,29.146772
2007-04-22,29.156847
2007-04-23,29.251293
2007-04-24,29.35351
2007-04-25,29.504831
2007-04-26,29.600328
2007-04-27,29.6296
2007-04-28,29.642282
2007-04-29,29.651205
2007-04-30,29.731112
2007-05-01,29.855675
2007-05-02,29.983513
2007-05-03,29.97335
2007-05-04,29.962662
2007-05-05,29.997503
2007-05-06,30.099844
2007-05-07,30.09804
2007-05-08,30.025686
2007-05-09,30.076445
2007-05-10,30.132679
2007-05-11,30.328348
2007-05-12,30.197323
2007-05-13,30.08867
2007-05-14,29.92528
2007-05-15,29.916586
2007-05-16,29.979607
2007-05-17,29.995657
2007-05-18,29.859928
2007-05-19,29.748875
2007-05-20,29.67656
2007-05-21,29.632557
2007-05-22,29.59329
2007-05-23,29.571112
2007-05-24,29.517782
2007-05-25,29.53789
2007-05-26,29.522873
2007-05-27,29.545551
2007-05-28,29.586588
2007-05-29,29.649126
2007-05-30,29.79545
2007-05-31,29.837173
2007-06-01,29.845184
2007-06-02,29.827007
2007-06-03,29.85519
2007-06-04,29.91191
2007-06-05,29.84767
2007-06-06,29.816689
2007-06-07,29.771685
2007-06-08,29.757332
2007-06-09,29.73388
2007-06-10,29.720882
2007-06-11,29.701359
2007-06-12,29.690783
2007-06-13,29.69774
2007-06-14,29.691402
2007-06-15,29.69377
2007-06-16,29.751425
2007-06-17,29.893316
2007-06-18,30.041763
2007-06-19,30.169886
2007-06-20,30.110933
2007-06-21,29.999588
2007-06-22,29.866087
2007-06-23,29.806583
2007-06-24,29.822542
2007-06-25,29.787758
2007-06-26,29.770987
2007-06-27,29.64819
2007-06-28,29.434893
2007-06-29,29.228197
2007-06-30,29.118975
2007-07-01,29.05836
2007-07-02,29.031454
2007-07-03,28.98832
2007-07-04,28.933424
2007-07-05,28.87078
2007-07-06,28.846773
2007-07-07,28.825644
2007-07-08,28.83648
2007-07-09,28.861942
2007-07-10,28.903093
2007-07-11,28.940172
2007-07-12,28.9397
2007-07-13,28.953236
2007-07-14,28.924093
2007-07-15,28.90079
2007-07-16,28.901537
2007-07-17,28.906776
2007-07-18,28.939362
2007-07-19,28.949114
2007-07-20,28.883753
2007-07-21,28.8022
2007-07-22,28.736269
2007-07-23,28.703587
2007-07-24,28.705896
2007-07-25,28.717056
2007-07-26,28.799442
2007-07-27,28.830973
2007-07-28,28.874533
2007-07-29,28.962118
2007-07-30,29.1016
2007-07-31,29.153408
2007-08-01,29.09533
2007-08-02,29.03444
2007-08-03,28.980793
2007-08-04,28.914871
2007-08-05,28.857582
2007-08-06,28.794006
2007-08-07,28.722132
2007-08-08,28.699419
2007-08-09,28.754524
2007-08-10,28.76399
2007-08-11,28.706766
2007-08-12,28.650183
2007-08-13,28.618673
2007-08-14,28.624847
2007-08-15,28.688581
2007-08-16,28.749678
2007-08-17,28.69144
2007-08-18,28.59894
2007-08-19,28.593227
2007-08-20,28.629581
2007-08-21,28.660635
2007-08-22,28.66932
2007-08-23,28.72173
2007-08-24,28.759087
2007-08-25,28.713665
2007-08-26,28.629354
2007-08-27,28.60107
2007-08-28,28.66842
2007-08-29,28.747896
2007-08-30,28.839993
2007-08-31,28.820925
2007-09-01,28.862959
2007-09-02,28.843733
2007-09-03,28.803005
2007-09-04,28.761667
2007-09-05,28.73374
2007-09-06,28.717209
2007-09-07,28.7281
2007-09-08,28.795183
2007-09-09,28.865088
2007-09-10,28.878368
2007-09-11,28.915129
2007-09-12,28.925037
2007-09-13,28.876951
2007-09-14,28.881756
2007-09-15,28.958881
2007-09-16,29.01001
2007-09-17,29.076147
2007-09-18,29.02109
2007-09-19,28.961868
2007-09-20,28.910624
2007-09-21,28.870764
2007-09-22,28.796059
2007-09-23,28.69893
2007-09-24,28.680042
2007-09-25,28.734472
2007-09-26,28.843086
2007-09-27,28.821943
2007-09-28,28.75322
2007-09-29,28.734104
2007-09-30,28.764818
2007-10-01,28.804314
2007-10-02,28.975117
2007-10-03,28.996655
2007-10-04,29.012466
2007-10-05,29.097376
2007-10-06,29.010702
2007-10-07,28.957487
2007-10-08,28.915272
2007-10-09,28.968163
2007-10-10,29.045256
2007-10-11,29.142288
2007-10-12,29.123602
2007-10-13,29.102274
2007-10-14,28.986767
2007-10-15,28.895233
2007-10-16,28.871874
2007-10-17,28.809097
2007-10-18,28.885418
2007-10-19,29.039461
2007-10-20,29.090305
2007-10-21,29.049868
2007-10-22,29.02347
2007-10-23,29.008432
2007-10-24,29.018703
2007-10-25,28.983252
2007-10-26,28.954819
2007-10-27,28.913485
2007-10-28,28.932371
2007-10-29,28.886856
2007-10-30,28.882717
2007-10-31,28.982683
2007-11-01,28.996973
2007-11-02,28.985382
2007-11-03,28.963276
2007-11-04,29.002394
2007-11-05,28.973427
2007-11-06,28.93678
2007-11-07,28.891384
2007-11-08,28.84444
2007-11-09,28.89643
2007-11-10,28.846003
2007-11-11,28.784084
2007-11-12,28.729595
2007-11-13,28.583763
2007-11-14,28.464445
2007-11-15,28.444098
2007-11-16,28.460205
2007-11-17,28.376276
2007-11-18,28.293106
2007-11-19,28.238049
2007-11-20,28.127851
2007-11-21,28.029737
2007-11-22,27.930407
2007-11-23,27.870705
2007-11-24,27.838814
2007-11-25,27.84321
2007-11-26,27.809372
2007-11-27,27.741016
2007-11-28,27.659517
2007-11-29,27.548332
2007-11-30,27.482666
2007-12-01,27.416517
2007-12-02,27.328283
2007-12-03,27.25292
2007-12-04,27.1708
2007-12-05,27.121553
2007-12-06,27.060568
2007-12-07,27.001938
2007-12-08,26.906197
2007-12-09,26.82764
2007-12-10,26.744204
2007-12-11,26.651459
2007-12-12,26.578041
2007-12-13,26.529078
2007-12-14,26.507868
2007-12-15,26.495457
2007-12-16,26.493908
2007-12-17,26.437708
2007-12-18,26.339722
2007-12-19,26.286694
2007-12-20,26.229866
2007-12-21,26.160835
2007-12-22,26.063908
2007-12-23,25.961264
2007-12-24,25.870125
2007-12-25,25.80125
2007-12-26,25.77046
2007-12-27,25.73502
2007-12-28,25.70675
2007-12-29,25.675482
2007-12-30,25.663843
2007-12-31,25.650194
2008-01-01,25.63739
2008-01-02,25.627237
2008-01-03,25.582415
2008-01-04,25.559517
2008-01-05,25.555481
2008-01-06,25.535927
2008-01-07,25.502687
2008-01-08,25.48119
2008-01-09,25.452404
2008-01-10,25.445663
2008-01-11,25.461058
2008-01-12,25.493965
2008-01-13,25.519073
2008-01-14,25.495007
2008-01-15,25.445292
2008-01-16,25.40536
2008-01-17,25.385796
2008-01-18,25.41421
2008-01-19,25.480732
2008-01-20,25.546747
2008-01-21,25.5712
2008-01-22,25.57038
2008-01-23,25.610622
2008-01-24,25.749584
2008-01-25,25.746603
2008-01-26,25.762447
2008-01-27,25.771069
2008-01-28,25.630497
2008-01-29,25.518711
2008-01-30,25.462042
2008-01-31,25.535221
2008-02-01,25.428139
2008-02-02,25.370283
2008-02-03,25.289005
2008-02-04,25.222849
2008-02-05,25.20522
2008-02-06,25.246454
2008-02-07,25.342922
2008-02-08,25.471539
2008-02-09,25.630184
2008-02-10,25.671097
2008-02-11,25.660105
2008-02-12,25.608925
2008-02-13,25.57063
2008-02-14,25.529451
2008-02-15,25.470087
2008-02-16,25.455978
2008-02-17,25.481533
2008-02-18,25.549213
2008-02-19,25.59252
2008-02-20,25.72029
2008-02-21,25.664585
2008-02-22,25.640202
2008-02-23,25.676096
2008-02-24,25.727734
2008-02-25,25.77483
2008-02-26,25.923527
2008-02-27,25.863514
2008-02-28,25.89742
2008-02-29,25.962797
2008-03-01,26.028406
2008-03-02,26.145277
2008-03-03,26.203417
2008-03-04,26.26469
2008-03-05,26.289543
2008-03-06,26.377222
2008-03-07,26.49812
2008-03-08,26.54134
2008-03-09,26.687414
2008-03-10,26.742167
2008-03-11,26.828981
2008-03-12,26.87256
2008-03-13,27.01479
2008-03-14,27.109568
2008-03-15,27.19948
2008-03-16,27.358452
2008-03-17,27.48121
2008-03-18,27.570097
2008-03-19,27.590925
2008-03-20,27.70278
2008-03-21,27.736647
2008-03-22,27.837206
2008-03-23,27.9508
2008-03-24,28.005869
2008-03-25,28.1664
2008-03-26,28.273237
2008-03-27,28.222956
2008-03-28,28.389128
2008-03-29,28.411888
2008-03-30,28.396868
2008-03-31,28.462328
2008-04-01,28.575554
2008-04-02,28.66466
2008-04-03,28.678703
2008-04-04,28.79023
2008-04-05,28.785057
2008-04-06,28.727226
2008-04-07,28.749283
2008-04-08,28.761236
2008-04-09,28.768145
2008-04-10,28.746937
2008-04-11,28.816908
2008-04-12,28.952063
2008-04-13,28.990398
2008-04-14,29.084587
2008-04-15,29.023817
2008-04-16,29.021288
2008-04-17,29.086124
2008-04-18,29.128222
2008-04-19,29.255938
2008-04-20,29.46234
2008-04-21,29.571367
2008-04-22,29.675922
2008-04-23,29.753807
2008-04-24,29.81478
2008-04-25,29.861757
2008-04-26,29.86762
2008-04-27,29.843382
2008-04-28,29.810646
2008-04-29,29.830181
2008-04-30,29.864374
2008-05-01,29.802092
2008-05-02,29.77386
2008-05-03,29.78827
2008-05-04,29.765682
2008-05-05,29.767736
2008-05-06,29.760864
2008-05-07,29.752188
2008-05-08,29.721254
2008-05-09,29.763502
2008-05-10,29.792053
2008-05-11,29.840826
2008-05-12,29.898561
2008-05-13,29.878325
2008-05-14,29.945799
2008-05-15,29.942575
2008-05-16,29.892689
2008-05-17,29.887058
2008-05-18,29.87939
2008-05-19,29.900896
2008-05-20,29.940802
2008-05-21,29.933958
2008-05-22,30.004463
2008-05-23,30.037971
2008-05-24,30.042076
2008-05-25,30.015572
2008-05-26,29.908667
2008-05-27,29.85601
2008-05-28,29.828653
2008-05-29,29.83114
2008-05-30,29.866205
2008-05-31,29.890055
2008-06-01,29.915255
2008-06-02,29.927454
2008-06-03,29.906147
2008-06-04,29.841516
2008-06-05,29.779669
2008-06-06,29.73385
2008-06-07,29.708643
2008-06-08,29.662952
2008-06-09,29.598475
2008-06-10,29.52643
2008-06-11,29.493477
2008-06-12,29.470932
2008-06-13,29.440527
2008-06-14,29.36156
2008-06-15,29.24276
2008-06-16,29.139475
2008-06-17,29.037045
2008-06-18,28.994766
2008-06-19,28.97715
2008-06-20,29.001398
2008-06-21,28.996708
2008-06-22,28.97623
2008-06-23,28.951857
2008-06-24,28.939066
2008-06-25,28.908726
2008-06-26,28.86793
2008-06-27,28.83333
2008-06-28,28.794458
2008-06-29,28.736563
2008-06-30,28.687067
2008-07-01,28.68923
2008-07-02,28.693716
2008-07-03,28.713789
2008-07-04,28.707575
2008-07-05,28.706085
2008-07-06,28.677727
2008-07-07,28.6405
2008-07-08,28.64366
2008-07-09,28.64705
2008-07-10,28.624107
2008-07-11,28.607492
2008-07-12,28.638288
2008-07-13,28.684013
2008-07-14,28.743795
2008-07-15,28.794743
2008-07-16,28.811691
2008-07-17,28.84174
2008-07-18,28.88183
2008-07-19,28.938433
2008-07-20,28.939949
2008-07-21,28.938108
2008-07-22,28.916372
2008-07-23,28.86942
2008-07-24,28.84235
2008-07-25,28.837555
2008-07-26,28.823914
2008-07-27,28.807785
2008-07-28,28.72212
2008-07-29,28.665411
2008-07-30,28.61268
2008-07-31,28.61154
2008-08-01,28.651955
2008-08-02,28.65384
2008-08-03,28.663515
2008-08-04,28.668291
2008-08-05,28.657276
2008-08-06,28.62518
2008-08-07,28.596516
2008-08-08,28.569416
2008-08-09,28.461115
2008-08-10,28.38272
2008-08-11,28.344734
2008-08-12,28.313549
2008-08-13,28.272121
2008-08-14,28.241365
2008-08-15,28.2179
2008-08-16,28.204908
2008-08-17,28.17807
2008-08-18,28.1584
2008-08-19,28.117674
2008-08-20,28.103346
2008-08-21,28.121984
2008-08-22,28.165062
2008-08-23,28.226105
2008-08-24,28.264236
2008-08-25,28.348684
2008-08-26,28.52481
2008-08-27,28.591286
2008-08-28,28.687475
2008-08-29,28.767086
2008-08-30,28.843084
2008-08-31,29.070873
2008-09-01,29.224928
2008-09-02,29.306309
2008-09-03,29.259848
2008-09-04,29.25555
2008-09-05,29.180084
2008-09-06,29.132187
2008-09-07,29.137009
2008-09-08,29.119549
2008-09-09,29.08883
2008-09-10,29.091349
2008-09-11,29.057222
2008-09-12,29.04856
2008-09-13,29.013618
2008-09-14,28.998926
2008-09-15,28.925066
2008-09-16,28.90064
2008-09-17,28.860249
2008-09-18,28.846558
2008-09-19,28.869444
2008-09-20,28.801006
2008-09-21,28.745838
2008-09-22,28.683685
2008-09-23,28.64686
2008-09-24,28.61828
2008-09-25,28.613659
2008-09-26,28.673162
2008-09-27,28.764772
2008-09-28,28.862738
2008-09-29,28.93891
2008-09-30,29.059914
2008-10-01,29.128809
2008-10-02,29.179676
2008-10-03,29.316526
2008-10-04,29.404875
2008-10-05,29.35351
2008-10-06,29.343105
2008-10-07,29.314865
2008-10-08,29.254618
2008-10-09,29.445614
2008-10-10,29.726744
2008-10-11,29.729277
2008-10-12,29.797209
2008-10-13,29.937313
2008-10-14,29.940434
2008-10-15,29.927532
2008-10-16,29.936783
2008-10-17,29.952936
2008-10-18,29.921524
2008-10-19,29.851189
2008-10-20,29.784805
2008-10-21,29.749743
2008-10-22,29.70572
2008-10-23,29.593643
2008-10-24,29.483152
2008-10-25,29.354767
2008-10-26,29.2386
2008-10-27,29.12141
2008-10-28,28.998804
2008-10-29,28.899246
2008-10-30,28.828625
2008-10-31,28.74123
2008-11-01,28.692942
2008-11-02,28.675585
2008-11-03,28.687637
2008-11-04,28.676308
2008-11-05,28.696878
2008-11-06,28.755697
2008-11-07,28.794748
2008-11-08,28.746798
2008-11-09,28.732029
2008-11-10,28.706541
2008-11-11,28.644768
2008-11-12,28.565102
2008-11-13,28.486353
2008-11-14,28.42209
2008-11-15,28.377058
2008-11-16,28.398039
2008-11-17,28.389187
2008-11-18,28.354918
2008-11-19,28.351055
2008-11-20,28.309193
2008-11-21,28.32619
2008-11-22,28.289303
2008-11-23,28.242779
2008-11-24,28.118261
2008-11-25,27.993145
2008-11-26,27.90527
2008-11-27,27.86674
2008-11-28,27.839293
2008-11-29,27.783329
2008-11-30,27.727179
2008-12-01,27.670149
2008-12-02,27.651249
2008-12-03,27.62862
2008-12-04,27.576155
2008-12-05,27.574818
2008-12-06,27.57127
2008-12-07,27.543842
2008-12-08,27.531324
2008-12-09,27.552345
2008-12-10,27.55116
2008-12-11,27.524317
2008-12-12,27.555502
2008-12-13,27.534145
2008-12-14,27.52637
2008-12-15,27.487402
2008-12-16,27.431574
2008-12-17,27.364532
2008-12-18,27.28554
2008-12-19,27.198778
2008-12-20,27.121094
2008-12-21,27.0434
2008-12-22,26.96871
2008-12-23,26.909916
2008-12-24,26.85485
2008-12-25,26.7769
2008-12-26,26.693384
2008-12-27,26.616264
2008-12-28,26.553686
2008-12-29,26.470652
2008-12-30,26.409689
2008-12-31,26.346378
2009-01-01,26.281956
2009-01-02,26.239582
2009-01-03,26.18149
2009-01-04,26.107471
2009-01-05,26.035578
2009-01-06,25.985996
2009-01-07,25.962759
2009-01-08,25.980434
2009-01-09,26.022741
2009-01-10,26.063595
2009-01-11,26.068686
2009-01-12,26.08799
2009-01-13,26.114384
2009-01-14,26.09614
2009-01-15,26.047369
2009-01-16,26.016895
2009-01-17,25.986849
2009-01-18,25.982817
2009-01-19,25.954826
2009-01-20,25.947378
2009-01-21,25.953022
2009-01-22,25.939043
2009-01-23,25.921165
2009-01-24,25.99854
2009-01-25,26.018063
2009-01-26,26.040865
2009-01-27,26.11862
2009-01-28,26.173658
2009-01-29,26.160004
2009-01-30,26.133205
2009-01-31,26.124063
2009-02-01,26.135946
2009-02-02,26.165844
2009-02-03,26.15371
2009-02-04,26.164093
2009-02-05,26.147919
2009-02-06,26.125132
2009-02-07,26.13297
2009-02-08,26.123117
2009-02-09,26.120321
2009-02-10,26.142942
2009-02-11,26.203608
2009-02-12,26.207405
2009-02-13,26.359585
2009-02-14,26.363401
2009-02-15,26.382175
2009-02-16,26.352976
2009-02-17,26.35489
2009-02-18,26.37223
2009-02-19,26.394037
2009-02-20,26.41616
2009-02-21,26.453707
2009-02-22,26.531176
2009-02-23,26.586443
2009-02-24,26.658743
2009-02-25,26.752304
2009-02-26,26.923046
2009-02-27,26.928535
2009-02-28,26.90888
2009-03-01,27.018837
2009-03-02,27.137888
2009-03-03,27.109426
2009-03-04,27.05398
2009-03-05,27.128616
2009-03-06,27.235283
2009-03-07,27.343369
2009-03-08,27.31244
2009-03-09,27.358307
2009-03-10,27.387188
2009-03-11,27.451714
2009-03-12,27.50098
2009-03-13,27.459602
2009-03-14,27.427296
2009-03-15,27.545267
2009-03-16,27.612394
2009-03-17,27.597694
2009-03-18,27.612593
2009-03-19,27.6387
2009-03-20,27.705935
2009-03-21,27.719196
2009-03-22,27.812666
2009-03-23,27.90391
2009-03-24,27.905
2009-03-25,27.943272
2009-03-26,28.004469
2009-03-27,28.059448
2009-03-28,28.14815
2009-03-29,28.136908
2009-03-30,28.2047
2009-03-31,28.237417
2009-04-01,28.249437
2009-04-02,28.438913
2009-04-03,28.451181
2009-04-04,28.530035
2009-04-05,28.55719
2009-04-06,28.658098
2009-04-07,28.75338
2009-04-08,28.843283
2009-04-09,28.971537
2009-04-10,29.128544
2009-04-11,29.169807
2009-04-12,29.178902
2009-04-13,29.17436
2009-04-14,29.120361
2009-04-15,29.080984
2009-04-16,29.010263
2009-04-17,28.965996
2009-04-18,28.986404
2009-04-19,28.977125
2009-04-20,28.956093
2009-04-21,28.938374
2009-04-22,28.92717
2009-04-23,28.939373
2009-04-24,29.050568
2009-04-25,29.136875
2009-04-26,29.144333
2009-04-27,29.15538
2009-04-28,29.140207
2009-04-29,29.104073
2009-04-30,29.100191
2009-05-01,29.14784
2009-05-02,29.213379
2009-05-03,29.259596
2009-05-04,29.327087
2009-05-05,29.34037
2009-05-06,29.390951
2009-05-07,29.438576
2009-05-08,29.477978
2009-05-09,29.497192
2009-05-10,29.541603
2009-05-11,29.62884
2009-05-12,29.683899
2009-05-13,29.625341
2009-05-14,29.713898
2009-05-15,29.829657
2009-05-16,29.887129
2009-05-17,29.898146
2009-05-18,29.883194
2009-05-19,29.905283
2009-05-20,30.01711
2009-05-21,30.038534
2009-05-22,30.010723
2009-05-23,29.919083
2009-05-24,29.817442
2009-05-25,29.724028
2009-05-26,29.795527
2009-05-27,29.956064
2009-05-28,30.031122
2009-05-29,30.07425
2009-05-30,30.089655
2009-05-31,29.970095
2009-06-01,29.900736
2009-06-02,29.932903
2009-06-03,30.025621
2009-06-04,30.050074
2009-06-05,30.003912
2009-06-06,29.888676
2009-06-07,29.790524
2009-06-08,29.752365
2009-06-09,29.762589
2009-06-10,29.785269
2009-06-11,29.737709
2009-06-12,29.693857
2009-06-13,29.694984
2009-06-14,29.671326
2009-06-15,29.700626
2009-06-16,29.781221
2009-06-17,29.792677
2009-06-18,29.73617
2009-06-19,29.66384
2009-06-20,29.641329
2009-06-21,29.602509
2009-06-22,29.60412
2009-06-23,29.602325
2009-06-24,29.613081
2009-06-25,29.614279
2009-06-26,29.576115
2009-06-27,29.542694
2009-06-28,29.485117
2009-06-29,29.456356
2009-06-30,29.446241
2009-07-01,29.406713
2009-07-02,29.359571
2009-07-03,29.329233
2009-07-04,29.31754
2009-07-05,29.310432
2009-07-06,29.277464
2009-07-07,29.215513
2009-07-08,29.143717
2009-07-09,29.087276
2009-07-10,29.059393
2009-07-11,29.057585
2009-07-12,29.06586
2009-07-13,29.077404
2009-07-14,29.012882
2009-07-15,28.953176
2009-07-16,28.922289
2009-07-17,28.920902
2009-07-18,28.8882
2009-07-19,28.856321
2009-07-20,28.825396
2009-07-21,28.821934
2009-07-22,28.814234
2009-07-23,28.848724
2009-07-24,28.931274
2009-07-25,28.94874
2009-07-26,28.859903
2009-07-27,28.823204
2009-07-28,28.770218
2009-07-29,28.76984
2009-07-30,28.749964
2009-07-31,28.771822
2009-08-01,28.74249
2009-08-02,28.794607
2009-08-03,28.924507
2009-08-04,28.965405
2009-08-05,29.022322
2009-08-06,29.100094
2009-08-07,29.038185
2009-08-08,28.941229
2009-08-09,28.884485
2009-08-10,28.811247
2009-08-11,28.831919
2009-08-12,28.94136
2009-08-13,29.033348
2009-08-14,29.042084
2009-08-15,29.063272
2009-08-16,29.110016
2009-08-17,29.13729
2009-08-18,29.179277
2009-08-19,29.152397
2009-08-20,29.19087
2009-08-21,29.128983
2009-08-22,29.080112
2009-08-23,29.03271
2009-08-24,29.031246
2009-08-25,28.938929
2009-08-26,28.878038
2009-08-27,28.84458
2009-08-28,28.936314
2009-08-29,29.167545
2009-08-30,29.283688
2009-08-31,29.184795
2009-09-01,29.150347
2009-09-02,29.077768
2009-09-03,28.996511
2009-09-04,28.906187
2009-09-05,28.863329
2009-09-06,28.803547
2009-09-07,28.742033
2009-09-08,28.690449
2009-09-09,28.69736
2009-09-10,28.770744
2009-09-11,29.053846
2009-09-12,29.182764
2009-09-13,29.322271
2009-09-14,29.285372
2009-09-15,29.355347
2009-09-16,29.391457
2009-09-17,29.433521
2009-09-18,29.387787
2009-09-19,29.327969
2009-09-20,29.325256
2009-09-21,29.336943
2009-09-22,29.296991
2009-09-23,29.242975
2009-09-24,29.21706
2009-09-25,29.25536
2009-09-26,29.301842
2009-09-27,29.22664
2009-09-28,29.122747
2009-09-29,29.068571
2009-09-30,28.983744
2009-10-01,28.967651
2009-10-02,28.861935
2009-10-03,28.836327
2009-10-04,28.747149
2009-10-05,28.69449
2009-10-06,28.64669
2009-10-07,28.672062
2009-10-08,28.69464
2009-10-09,28.794123
2009-10-10,28.95645
2009-10-11,29.072205
2009-10-12,29.055567
2009-10-13,29.092106
2009-10-14,29.113482
2009-10-15,29.150099
2009-10-16,29.230469
2009-10-17,29.22284
2009-10-18,29.22234
2009-10-19,29.24013
2009-10-20,29.17713
2009-10-21,29.04881
2009-10-22,28.996408
2009-10-23,28.980417
2009-10-24,29.030266
2009-10-25,29.028048
2009-10-26,29.087349
2009-10-27,29.122772
2009-10-28,29.137358
2009-10-29,29.139359
2009-10-30,29.161324
2009-10-31,29.104355
2009-11-01,29.096317
2009-11-02,29.06258
2009-11-03,29.01464
2009-11-04,28.963945
2009-11-05,28.899605
2009-11-06,28.892754
2009-11-07,28.913092
2009-11-08,28.975767
2009-11-09,29.004656
2009-11-10,29.038908
2009-11-11,28.977333
2009-11-12,29.021639
2009-11-13,29.056995
2009-11-14,29.11846
2009-11-15,29.086313
2009-11-16,29.078999
2009-11-17,29.129696
2009-11-18,29.075829
2009-11-19,28.994926
2009-11-20,28.891962
2009-11-21,28.746166
2009-11-22,28.570084
2009-11-23,28.398764
2009-11-24,28.220541
2009-11-25,28.065645
2009-11-26,27.963312
2009-11-27,27.857943
2009-11-28,27.790804
2009-11-29,27.727457
2009-11-30,27.67723
2009-12-01,27.649828
2009-12-02,27.613544
2009-12-03,27.583117
2009-12-04,27.53316
2009-12-05,27.483044
2009-12-06,27.437948
2009-12-07,27.386711
2009-12-08,27.348244
2009-12-09,27.321321
2009-12-10,27.299532
2009-12-11,27.249931
2009-12-12,27.21723
2009-12-13,27.19676
2009-12-14,27.171856
2009-12-15,27.13467
2009-12-16,27.125008
2009-12-17,27.104319
2009-12-18,27.156324
2009-12-19,27.1897
2009-12-20,27.197662
2009-12-21,27.187317
2009-12-22,27.112528
2009-12-23,27.042797
2009-12-24,26.947483
2009-12-25,26.835234
2009-12-26,26.70208
2009-12-27,26.576279
2009-12-28,26.455652
2009-12-29,26.34147
2009-12-30,26.255632
2009-12-31,26.185535
2010-01-01,26.158796
2010-01-02,26.129347
2010-01-03,26.048716
2010-01-04,25.96009
2010-01-05,25.902456
2010-01-06,25.886171
2010-01-07,25.862198
2010-01-08,25.874407
2010-01-09,25.887732
2010-01-10,25.883963
2010-01-11,25.89006
2010-01-12,25.86416
2010-01-13,25.820538
2010-01-14,25.834019
2010-01-15,25.85786
2010-01-16,25.869827
2010-01-17,25.854147
2010-01-18,25.813316
2010-01-19,25.777239
2010-01-20,25.753235
2010-01-21,25.750246
2010-01-22,25.760366
2010-01-23,25.749075
2010-01-24,25.751787
2010-01-25,25.804104
2010-01-26,25.763424
2010-01-27,25.763838
2010-01-28,25.738953
2010-01-29,25.717386
2010-01-30,25.691689
2010-01-31,25.664907
2010-02-01,25.634922
2010-02-02,25.61838
2010-02-03,25.618242
2010-02-04,25.622053
2010-02-05,25.60024
2010-02-06,25.558466
2010-02-07,25.536913
2010-02-08,25.55907
2010-02-09,25.641632
2010-02-10,25.690111
2010-02-11,25.665443
2010-02-12,25.749928
2010-02-13,25.745867
2010-02-14,25.847795
2010-02-15,25.935955
2010-02-16,25.967686
2010-02-17,26.099863
2010-02-18,26.214386
2010-02-19,26.2556
2010-02-20,26.225737
2010-02-21,26.225021
2010-02-22,26.211945
2010-02-23,26.239481
2010-02-24,26.305643
2010-02-25,26.378374
2010-02-26,26.520552
2010-02-27,26.595623
2010-02-28,26.685225
2010-03-01,26.73001
2010-03-02,26.827984
2010-03-03,26.876804
2010-03-04,26.935974
2010-03-05,26.98708
2010-03-06,27.08463
2010-03-07,27.211687
2010-03-08,27.402569
2010-03-09,27.525742
2010-03-10,27.625536
2010-03-11,27.73635
2010-03-12,27.768648
2010-03-13,27.834476
2010-03-14,27.892305
2010-03-15,28.08149
2010-03-16,28.164766
2010-03-17,28.227684
2010-03-18,28.277456
2010-03-19,28.388569
2010-03-20,28.473757
2010-03-21,28.501049
2010-03-22,28.492739
2010-03-23,28.459663
2010-03-24,28.455984
2010-03-25,28.445482
2010-03-26,28.450098
2010-03-27,28.483511
2010-03-28,28.544336
2010-03-29,28.569756
2010-03-30,28.589516
2010-03-31,28.570461
2010-04-01,28.628155
2010-04-02,28.68046
2010-04-03,28.796993
2010-04-04,28.847569
2010-04-05,28.92984
2010-04-06,28.990164
2010-04-07,29.102648
2010-04-08,29.116055
2010-04-09,29.09887
2010-04-10,29.09097
2010-04-11,29.082335
2010-04-12,29.098104
2010-04-13,29.116016
2010-04-14,29.143286
2010-04-15,29.253082
2010-04-16,29.247866
2010-04-17,29.238543
2010-04-18,29.226667
2010-04-19,29.190376
2010-04-20,29.191574
2010-04-21,29.207209
2010-04-22,29.298248
2010-04-23,29.395788
2010-04-24,29.46834
2010-04-25,29.475819
2010-04-26,29.614029
2010-04-27,29.703382
2010-04-28,29.715235
2010-04-29,29.857477
2010-04-30,29.960806
2010-05-01,30.028149
2010-05-02,30.140158
2010-05-03,30.201202
2010-05-04,30.235704
2010-05-05,30.30771
2010-05-06,30.404081
2010-05-07,30.42959
2010-05-08,30.450014
2010-05-09,30.418371
2010-05-10,30.364592
2010-05-11,30.398445
2010-05-12,30.386614
2010-05-13,30.428415
2010-05-14,30.472055
2010-05-15,30.476871
2010-05-16,30.551727
2010-05-17,30.622396
2010-05-18,30.505707
2010-05-19,30.36458
2010-05-20,30.347
2010-05-21,30.292068
2010-05-22,30.254726
2010-05-23,30.235075
2010-05-24,30.232605
2010-05-25,30.276516
2010-05-26,30.343878
2010-05-27,30.3934
2010-05-28,30.447456
2010-05-29,30.507174
2010-05-30,30.469408
2010-05-31,30.42926
2010-06-01,30.425047
2010-06-02,30.442823
2010-06-03,30.443897
2010-06-04,30.426598
2010-06-05,30.411213
2010-06-06,30.4025
2010-06-07,30.39847
2010-06-08,30.424751
2010-06-09,30.401703
2010-06-10,30.3781
2010-06-11,30.309322
2010-06-12,30.212418
2010-06-13,30.123686
2010-06-14,30.0236
2010-06-15,29.918667
2010-06-16,29.84331
2010-06-17,29.780334
2010-06-18,29.700426
2010-06-19,29.637386
2010-06-20,29.635326
2010-06-21,29.65267
2010-06-22,29.659374
2010-06-23,29.715364
2010-06-24,29.654465
2010-06-25,29.657272
2010-06-26,29.631767
2010-06-27,29.652618
2010-06-28,29.652294
2010-06-29,29.690208
2010-06-30,29.675837
2010-07-01,29.671467
2010-07-02,29.63525
2010-07-03,29.584806
2010-07-04,29.555359
2010-07-05,29.512007
2010-07-06,29.47865
2010-07-07,29.47035
2010-07-08,29.508638
2010-07-09,29.50334
2010-07-10,29.52766
2010-07-11,29.477123
2010-07-12,29.434874
2010-07-13,29.42188
2010-07-14,29.518826
2010-07-15,29.540401
2010-07-16,29.592245
2010-07-17,29.629128
2010-07-18,29.62375
2010-07-19,29.631374
2010-07-20,29.593061
2010-07-21,29.609758
2010-07-22,29.605982
2010-07-23,29.565987
2010-07-24,29.492144
2010-07-25,29.378796
2010-07-26,29.297981
2010-07-27,29.28203
2010-07-28,29.340452
2010-07-29,29.325384
2010-07-30,29.246523
2010-07-31,29.200249
2010-08-01,29.150867
2010-08-02,29.150747
2010-08-03,29.156612
2010-08-04,29.067865
2010-08-05,29.00983
2010-08-06,28.986282
2010-08-07,29.039667
2010-08-08,29.130558
2010-08-09,29.247778
2010-08-10,29.430742
2010-08-11,29.475039
2010-08-12,29.406492
2010-08-13,29.328053
2010-08-14,29.288954
2010-08-15,29.246527
2010-08-16,29.24753
2010-08-17,29.285948
2010-08-18,29.268713
2010-08-19,29.279936
2010-08-20,29.34986
2010-08-21,29.479143
2010-08-22,29.509726
2010-08-23,29.612486
2010-08-24,29.610697
2010-08-25,29.540863
2010-08-26,29.510382
2010-08-27,29.476728
2010-08-28,29.430294
2010-08-29,29.393038
2010-08-30,29.351671
2010-08-31,29.321493
2010-09-01,29.369184
2010-09-02,29.450169
2010-09-03,29.398611
2010-09-04,29.357279
2010-09-05,29.299696
2010-09-06,29.264957
2010-09-07,29.22506
2010-09-08,29.202759
2010-09-09,29.192091
2010-09-10,29.18357
2010-09-11,29.177994
2010-09-12,29.15859
2010-09-13,29.144852
2010-09-14,29.1379
2010-09-15,29.12203
2010-09-16,29.068722
2010-09-17,29.018585
2010-09-18,28.980549
2010-09-19,28.979816
2010-09-20,29.092106
2010-09-21,29.296076
2010-09-22,29.304472
2010-09-23,29.25766
2010-09-24,29.298742
2010-09-25,29.311287
2010-09-26,29.485151
2010-09-27,29.649244
2010-09-28,29.77148
2010-09-29,29.779411
2010-09-30,29.846237
2010-10-01,29.854076
2010-10-02,30.02222
2010-10-03,30.059935
2010-10-04,29.935751
2010-10-05,29.784052
2010-10-06,29.652578
2010-10-07,29.540062
2010-10-08,29.468605
2010-10-09,29.43768
2010-10-10,29.421324
2010-10-11,29.43997
2010-10-12,29.369558
2010-10-13,29.284702
2010-10-14,29.208353
2010-10-15,29.15967
2010-10-16,29.221804
2010-10-17,29.276749
2010-10-18,29.269089
2010-10-19,29.228413
2010-10-20,29.221695
2010-10-21,29.220861
2010-10-22,29.167654
2010-10-23,29.083366
2010-10-24,29.096478
2010-10-25,29.246283
2010-10-26,29.359507
2010-10-27,29.325245
2010-10-28,29.21399
2010-10-29,29.134705
2010-10-30,29.091715
2010-10-31,29.03338
2010-11-01,29.003412
2010-11-02,28.977596
2010-11-03,28.979548
2010-11-04,28.946777
2010-11-05,28.89967
2010-11-06,28.87731
2010-11-07,28.87272
2010-11-08,28.90047
2010-11-09,28.881016
2010-11-10,28.87184
2010-11-11,28.867277
2010-11-12,28.854591
2010-11-13,28.797483
2010-11-14,28.784128
2010-11-15,28.826263
2010-11-16,28.804203
2010-11-17,28.797564
2010-11-18,28.789932
2010-11-19,28.827082
2010-11-20,28.832745
2010-11-21,28.821774
2010-11-22,28.716002
2010-11-23,28.576908
2010-11-24,28.461262
2010-11-25,28.39931
2010-11-26,28.354242
2010-11-27,28.370174
2010-11-28,28.353327
2010-11-29,28.35032
2010-11-30,28.348583
2010-12-01,28.254156
2010-12-02,28.124376
2010-12-03,28.051893
2010-12-04,27.995155
2010-12-05,27.947365
2010-12-06,27.956285
2010-12-07,28.003363
2010-12-08,27.975775
2010-12-09,27.878933
2010-12-10,27.800753
2010-12-11,27.761002
2010-12-12,27.696583
2010-12-13,27.556816
2010-12-14,27.46756
2010-12-15,27.367025
2010-12-16,27.245567
2010-12-17,27.119038
2010-12-18,27.027266
2010-12-19,26.973484
2010-12-20,26.908129
2010-12-21,26.793417
2010-12-22,26.648182
2010-12-23,26.544432
2010-12-24,26.46867
2010-12-25,26.420567
2010-12-26,26.388975
2010-12-27,26.334496
2010-12-28,26.28877
2010-12-29,26.246855
2010-12-30,26.228237
2010-12-31,26.239336
2011-01-01,26.277542
2011-01-02,26.281574
2011-01-03,26.346134
2011-01-04,26.330805
2011-01-05,26.298086
2011-01-06,26.262709
2011-01-07,26.240406
2011-01-08,26.238665
2011-01-09,26.258486
2011-01-10,26.215942
2011-01-11,26.147535
2011-01-12,26.02747
2011-01-13,25.92885
2011-01-14,25.867968
2011-01-15,25.836554
2011-01-16,25.86422
2011-01-17,25.854872
2011-01-18,25.79803
2011-01-19,25.79067
2011-01-20,25.807035
2011-01-21,25.794365
2011-01-22,25.774006
2011-01-23,25.760572
2011-01-24,25.772295
2011-01-25,25.790888
2011-01-26,25.823935
2011-01-27,25.87973
2011-01-28,25.879087
2011-01-29,25.86273
2011-01-30,25.865875
2011-01-31,25.916513
2011-02-01,25.87476
2011-02-02,25.84171
2011-02-03,25.796255
2011-02-04,25.792099
2011-02-05,25.819967
2011-02-06,25.824587
2011-02-07,25.827908
2011-02-08,25.863216
2011-02-09,25.923105
2011-02-10,25.967342
2011-02-11,25.942934
2011-02-12,25.997526
2011-02-13,26.056976
2011-02-14,26.140032
2011-02-15,26.218008
2011-02-16,26.304735
2011-02-17,26.270641
2011-02-18,26.440779
2011-02-19,26.45065
2011-02-20,26.45319
2011-02-21,26.513775
2011-02-22,26.409845
2011-02-23,26.344158
2011-02-24,26.307394
2011-02-25,26.34382
2011-02-26,26.348421
2011-02-27,26.338234
2011-02-28,26.315283
2011-03-01,26.28859
2011-03-02,26.306799
2011-03-03,26.383936
2011-03-04,26.510319
2011-03-05,26.651772
2011-03-06,26.75759
2011-03-07,26.830746
2011-03-08,26.86155
2011-03-09,26.999775
2011-03-10,27.091152
2011-03-11,27.164156
2011-03-12,27.194998
2011-03-13,27.258358
2011-03-14,27.2454
2011-03-15,27.301336
2011-03-16,27.284916
2011-03-17,27.13821
2011-03-18,27.093876
2011-03-19,27.116287
2011-03-20,27.123402
2011-03-21,27.16317
2011-03-22,27.25866
2011-03-23,27.295204
2011-03-24,27.372139
2011-03-25,27.406569
2011-03-26,27.5439
2011-03-27,27.679163
2011-03-28,27.767727
2011-03-29,27.663544
2011-03-30,27.673649
2011-03-31,27.694971
2011-04-01,27.810686
2011-04-02,27.868149
2011-04-03,27.863733
2011-04-04,27.95601
2011-04-05,28.088549
2011-04-06,28.15409
2011-04-07,28.208534
2011-04-08,28.26178
2011-04-09,28.353456
2011-04-10,28.492714
2011-04-11,28.50716
2011-04-12,28.690838
2011-04-13,28.772888
2011-04-14,28.91792
2011-04-15,29.013277
2011-04-16,29.069935
2011-04-17,29.089422
2011-04-18,29.133263
2011-04-19,29.214947
2011-04-20,29.336086
2011-04-21,29.43388
2011-04-22,29.501196
2011-04-23,29.567318
2011-04-24,29.569773
2011-04-25,29.416647
2011-04-26,29.470419
2011-04-27,29.552128
2011-04-28,29.523394
2011-04-29,29.495827
2011-04-30,29.514696
2011-05-01,29.476162
2011-05-02,29.516726
2011-05-03,29.547174
2011-05-04,29.568863
2011-05-05,29.7046
2011-05-06,29.703884
2011-05-07,29.79719
2011-05-08,29.925543
2011-05-09,29.973454
2011-05-10,29.927927
2011-05-11,29.92832
2011-05-12,29.930573
2011-05-13,29.93927
2011-05-14,29.921907
2011-05-15,29.92218
2011-05-16,29.947235
2011-05-17,29.958338
2011-05-18,29.828568
2011-05-19,29.715128
2011-05-20,29.583908
2011-05-21,29.498951
2011-05-22,29.478079
2011-05-23,29.509888
2011-05-24,29.56751
2011-05-25,29.624882
2011-05-26,29.634407
2011-05-27,29.623999
2011-05-28,29.642422
2011-05-29,29.632818
2011-05-30,29.659416
2011-05-31,29.622013
2011-06-01,29.67158
2011-06-02,29.764784
2011-06-03,29.817661
2011-06-04,29.856369
2011-06-05,29.925573
2011-06-06,29.921547
2011-06-07,29.866411
2011-06-08,29.7857
2011-06-09,29.715157
2011-06-10,29.66411
2011-06-11,29.635033
2011-06-12,29.626368
2011-06-13,29.61156
2011-06-14,29.594393
2011-06-15,29.515146
2011-06-16,29.399336
2011-06-17,29.256575
2011-06-18,29.167088
2011-06-19,29.163525
2011-06-20,29.148422
2011-06-21,29.121544
2011-06-22,29.111032
2011-06-23,29.116398
2011-06-24,29.107729
2011-06-25,29.083668
2011-06-26,29.035963
2011-06-27,28.993177
2011-06-28,28.968323
2011-06-29,28.969213
2011-06-30,28.990255
2011-07-01,29.020811
2011-07-02,28.990969
2011-07-03,28.945602
2011-07-04,28.88805
2011-07-05,28.824223
2011-07-06,28.777987
2011-07-07,28.781607
2011-07-08,28.82987
2011-07-09,28.90531
2011-07-10,28.984236
2011-07-11,29.082615
2011-07-12,29.090727
2011-07-13,29.077642
2011-07-14,29.065586
2011-07-15,29.015863
2011-07-16,28.981731
2011-07-17,28.934137
2011-07-18,28.896301
2011-07-19,28.869343
2011-07-20,28.821787
2011-07-21,28.767887
2011-07-22,28.711405
2011-07-23,28.703905
2011-07-24,28.705307
2011-07-25,28.75397
2011-07-26,28.8416
2011-07-27,28.8796
2011-07-28,28.938488
2011-07-29,28.958765
2011-07-30,28.996767
2011-07-31,29.03024
2011-08-01,29.02365
2011-08-02,28.964136
2011-08-03,28.890884
2011-08-04,28.832138
2011-08-05,28.782152
2011-08-06,28.742258
2011-08-07,28.684307
2011-08-08,28.624344
2011-08-09,28.577904
2011-08-10,28.545126
2011-08-11,28.510836
2011-08-12,28.464823
2011-08-13,28.474258
2011-08-14,28.52542
2011-08-15,28.70272
2011-08-16,28.713402
2011-08-17,28.734148
2011-08-18,28.660814
2011-08-19,28.654194
2011-08-20,28.715498
2011-08-21,28.691288
2011-08-22,28.693827
2011-08-23,28.69388
2011-08-24,28.698046
2011-08-25,28.657349
2011-08-26,28.643326
2011-08-27,28.600698
2011-08-28,28.604372
2011-08-29,28.623281
2011-08-30,28.619888
2011-08-31,28.591728
2011-09-01,28.518532
2011-09-02,28.477337
2011-09-03,28.463531
2011-09-04,28.46135
2011-09-05,28.456318
2011-09-06,28.480968
2011-09-07,28.504774
2011-09-08,28.485151
2011-09-09,28.485497
2011-09-10,28.542803
2011-09-11,28.722166
2011-09-12,28.91367
2011-09-13,28.832308
2011-09-14,28.652319
2011-09-15,28.649904
2011-09-16,28.664015
2011-09-17,28.692484
2011-09-18,28.723083
2011-09-19,28.749758
2011-09-20,28.732525
2011-09-21,28.677649
2011-09-22,28.674944
2011-09-23,28.696085
2011-09-24,28.731546
2011-09-25,28.778252
2011-09-26,28.89273
2011-09-27,29.069159
2011-09-28,29.238474
2011-09-29,29.256374
2011-09-30,29.288914
2011-10-01,29.215862
2011-10-02,29.201578
2011-10-03,29.315224
2011-10-04,29.38567
2011-10-05,29.400814
2011-10-06,29.471312
2011-10-07,29.553108
2011-10-08,29.581896
2011-10-09,29.576302
2011-10-10,29.640276
2011-10-11,29.742678
2011-10-12,29.795061
2011-10-13,29.888803
2011-10-14,29.971134
2011-10-15,29.987818
2011-10-16,29.935583
2011-10-17,29.692417
2011-10-18,29.532946
2011-10-19,29.422535
2011-10-20,29.376957
2011-10-21,29.344706
2011-10-22,29.374002
2011-10-23,29.379606
2011-10-24,29.31719
2011-10-25,29.317493
2011-10-26,29.361923
2011-10-27,29.335354
2011-10-28,29.25469
2011-10-29,29.199572
2011-10-30,29.101187
2011-10-31,28.991478
2011-11-01,28.890688
2011-11-02,28.761387
2011-11-03,28.639158
2011-11-04,28.54336
2011-11-05,28.466782
2011-11-06,28.37294
2011-11-07,28.284737
2011-11-08,28.207838
2011-11-09,28.144743
2011-11-10,28.09639
2011-11-11,28.0521
2011-11-12,28.069504
2011-11-13,28.036497
2011-11-14,28.028206
2011-11-15,28.052927
2011-11-16,28.06463
2011-11-17,28.013706
2011-11-18,27.937887
2011-11-19,27.8337
2011-11-20,27.749313
2011-11-21,27.693895
2011-11-22,27.658218
2011-11-23,27.678726
2011-11-24,27.753637
2011-11-25,27.81215
2011-11-26,27.808605
2011-11-27,27.73738
2011-11-28,27.636143
2011-11-29,27.510595
2011-11-30,27.410608
2011-12-01,27.326677
2011-12-02,27.3107
2011-12-03,27.278566
2011-12-04,27.211626
2011-12-05,27.176275
2011-12-06,27.165752
2011-12-07,27.209208
2011-12-08,27.246916
2011-12-09,27.23353
2011-12-10,27.181982
2011-12-11,27.123352
2011-12-12,27.086525
2011-12-13,27.033092
2011-12-14,26.939589
2011-12-15,26.802633
2011-12-16,26.649488
2011-12-17,26.513527
2011-12-18,26.3904
2011-12-19,26.26736
2011-12-20,26.151619
2011-12-21,26.056213
2011-12-22,25.975557
2011-12-23,25.89524
2011-12-24,25.818024
2011-12-25,25.791794
2011-12-26,25.792381
2011-12-27,25.840288
2011-12-28,25.898798
2011-12-29,25.996649
2011-12-30,26.070955
2011-12-31,26.119465
2012-01-01,26.194193
2012-01-02,26.282513
2012-01-03,26.333464
2012-01-04,26.371916
2012-01-05,26.34923
2012-01-06,26.334814
2012-01-07,26.297886
2012-01-08,26.287498
2012-01-09,26.318611
2012-01-10,26.232128
2012-01-11,26.184423
2012-01-12,26.15848
2012-01-13,26.037289
2012-01-14,25.88437
2012-01-15,25.723505
2012-01-16,25.590477
2012-01-17,25.523579
2012-01-18,25.48578
2012-01-19,25.460815
2012-01-20,25.465424
2012-01-21,25.447641
2012-01-22,25.43852
2012-01-23,25.380945
2012-01-24,25.337399
2012-01-25,25.318048
2012-01-26,25.317991
2012-01-27,25.300098
2012-01-28,25.291782
2012-01-29,25.29872
2012-01-30,25.285292
2012-01-31,25.288723
2012-02-01,25.268154
2012-02-02,25.237694
2012-02-03,25.169676
2012-02-04,25.124044
2012-02-05,25.112873
2012-02-06,25.120771
2012-02-07,25.153713
2012-02-08,25.198711
2012-02-09,25.265617
2012-02-10,25.249155
2012-02-11,25.251389
2012-02-12,25.218016
2012-02-13,25.204138
2012-02-14,25.253233
2012-02-15,25.326784
2012-02-16,25.39071
2012-02-17,25.423916
2012-02-18,25.459013
2012-02-19,25.574158
2012-02-20,25.634151
2012-02-21,25.627245
2012-02-22,25.708595
2012-02-23,25.800735
2012-02-24,25.903675
2012-02-25,25.965664
2012-02-26,26.061773
2012-02-27,26.216572
2012-02-28,26.287218
2012-02-29,26.34313
2012-03-01,26.51221
2012-03-02,26.47955
2012-03-03,26.490274
2012-03-04,26.73112
2012-03-05,26.746454
2012-03-06,26.69506
2012-03-07,26.73598
2012-03-08,26.84969
2012-03-09,26.93583
2012-03-10,27.079723
2012-03-11,27.14669
2012-03-12,27.171707
2012-03-13,27.393013
2012-03-14,27.461512
2012-03-15,27.502565
2012-03-16,27.449635
2012-03-17,27.47206
2012-03-18,27.489084
2012-03-19,27.517653
2012-03-20,27.610424
2012-03-21,27.686432
2012-03-22,27.75747
2012-03-23,27.890099
2012-03-24,28.002102
2012-03-25,28.00387
2012-03-26,28.028427
2012-03-27,28.068764
2012-03-28,28.071175
2012-03-29,28.108534
2012-03-30,28.096678
2012-03-31,28.19115
2012-04-01,28.388784
2012-04-02,28.526598
2012-04-03,28.531448
2012-04-04,28.553387
2012-04-05,28.650375
2012-04-06,28.701283
2012-04-07,28.753363
2012-04-08,28.782942
2012-04-09,28.803192
2012-04-10,28.825941
2012-04-11,28.841858
2012-04-12,28.889542
2012-04-13,28.920336
2012-04-14,29.072721
2012-04-15,29.052114
2012-04-16,29.055613
2012-04-17,29.14725
2012-04-18,29.149385
2012-04-19,29.1561
2012-04-20,29.19613
2012-04-21,29.240625
2012-04-22,29.27103
2012-04-23,29.332857
2012-04-24,29.390533
2012-04-25,29.463509
2012-04-26,29.530312
2012-04-27,29.543486
2012-04-28,29.530485
2012-04-29,29.52622
2012-04-30,29.539444
2012-05-01,29.580828
2012-05-02,29.594955
2012-05-03,29.674334
2012-05-04,29.811253
2012-05-05,29.907843
2012-05-06,29.890175
2012-05-07,30.000523
2012-05-08,30.047997
2012-05-09,30.108364
2012-05-10,30.144747
2012-05-11,30.093693
2012-05-12,30.042866
2012-05-13,30.028517
2012-05-14,30.065432
2012-05-15,30.105778
2012-05-16,30.14636
2012-05-17,30.222914
2012-05-18,30.360435
2012-05-19,30.357628
2012-05-20,30.32515
2012-05-21,30.246468
2012-05-22,30.223114
2012-05-23,30.222075
2012-05-24,30.271976
2012-05-25,30.30433
2012-05-26,30.34613
2012-05-27,30.337666
2012-05-28,30.335464
2012-05-29,30.289934
2012-05-30,30.200554
2012-05-31,30.144072
2012-06-01,30.103031
2012-06-02,30.10354
2012-06-03,30.120358
2012-06-04,30.125755
2012-06-05,30.13031
2012-06-06,30.141916
2012-06-07,30.215334
2012-06-08,30.377897
2012-06-09,30.366508
2012-06-10,30.359615
2012-06-11,30.336977
2012-06-12,30.26922
2012-06-13,30.107204
2012-06-14,29.986029
2012-06-15,29.890442
2012-06-16,29.841022
2012-06-17,29.755165
2012-06-18,29.653418
2012-06-19,29.522133
2012-06-20,29.4199
2012-06-21,29.332216
2012-06-22,29.255117
2012-06-23,29.216944
2012-06-24,29.187366
2012-06-25,29.138052
2012-06-26,29.093925
2012-06-27,29.075089
2012-06-28,29.0943
2012-06-29,29.10827
2012-06-30,29.083515
2012-07-01,29.018187
2012-07-02,28.951313
2012-07-03,28.920149
2012-07-04,28.932043
2012-07-05,28.960516
2012-07-06,28.955753
2012-07-07,28.930927
2012-07-08,28.893658
2012-07-09,28.8624
2012-07-10,28.875195
2012-07-11,28.931238
2012-07-12,28.997948
2012-07-13,29.085367
2012-07-14,29.0922
2012-07-15,29.032557
2012-07-16,29.013693
2012-07-17,28.991194
2012-07-18,28.954819
2012-07-19,28.921045
2012-07-20,28.873623
2012-07-21,28.814587
2012-07-22,28.80284
2012-07-23,28.797407
2012-07-24,28.784391
2012-07-25,28.739765
2012-07-26,28.708082
2012-07-27,28.679064
2012-07-28,28.639046
2012-07-29,28.592289
2012-07-30,28.514341
2012-07-31,28.419638
2012-08-01,28.370535
2012-08-02,28.364763
2012-08-03,28.352087
2012-08-04,28.274788
2012-08-05,28.23364
2012-08-06,28.216839
2012-08-07,28.217175
2012-08-08,28.213104
2012-08-09,28.188818
2012-08-10,28.170097
2012-08-11,28.1583
2012-08-12,28.139692
2012-08-13,28.114933
2012-08-14,28.119715
2012-08-15,28.164164
2012-08-16,28.159634
2012-08-17,28.167894
2012-08-18,28.185966
2012-08-19,28.250965
2012-08-20,28.299078
2012-08-21,28.363768
2012-08-22,28.418467
2012-08-23,28.442797
2012-08-24,28.506268
2012-08-25,28.572659
2012-08-26,28.55657
2012-08-27,28.571705
2012-08-28,28.64097
2012-08-29,28.687485
2012-08-30,28.642338
2012-08-31,28.608799
2012-09-01,28.614304
2012-09-02,28.601194
2012-09-03,28.563913
2012-09-04,28.511204
2012-09-05,28.491941
2012-09-06,28.511478
2012-09-07,28.622393
2012-09-08,28.692482
2012-09-09,28.608084
2012-09-10,28.550539
2012-09-11,28.518213
2012-09-12,28.52768
2012-09-13,28.519121
2012-09-14,28.500774
2012-09-15,28.54259
2012-09-16,28.529251
2012-09-17,28.531166
2012-09-18,28.562159
2012-09-19,28.581703
2012-09-20,28.637032
2012-09-21,28.67162
2012-09-22,28.70039
2012-09-23,28.726076
2012-09-24,28.792322
2012-09-25,28.991495
2012-09-26,29.124771
2012-09-27,29.155333
2012-09-28,29.13202
2012-09-29,29.073263
2012-09-30,29.05854
2012-10-01,29.022171
2012-10-02,28.999498
2012-10-03,28.969818
2012-10-04,28.95712
2012-10-05,28.931635
2012-10-06,29.01055
2012-10-07,29.042374
2012-10-08,29.092575
2012-10-09,29.178635
2012-10-10,29.086918
2012-10-11,29.028347
2012-10-12,29.061316
2012-10-13,29.136126
2012-10-14,29.144806
2012-10-15,29.216494
2012-10-16,29.19683
2012-10-17,29.200876
2012-10-18,29.301624
2012-10-19,29.361801
2012-10-20,29.401945
2012-10-21,29.378004
2012-10-22,29.36687
2012-10-23,29.35339
2012-10-24,29.33569
2012-10-25,29.224895
2012-10-26,29.128208
2012-10-27,29.047573
2012-10-28,29.021584
2012-10-29,29.040245
2012-10-30,29.068293
2012-10-31,29.104553
2012-11-01,29.192652
2012-11-02,29.185165
2012-11-03,29.267878
2012-11-04,29.249403
2012-11-05,29.262028
2012-11-06,29.29783
2012-11-07,29.295103
2012-11-08,29.221275
2012-11-09,29.05582
2012-11-10,28.903957
2012-11-11,28.69918
2012-11-12,28.526321
2012-11-13,28.389341
2012-11-14,28.252567
2012-11-15,28.145838
2012-11-16,28.107521
2012-11-17,28.108866
2012-11-18,28.115543
2012-11-19,28.124632
2012-11-20,28.148392
2012-11-21,28.144018
2012-11-22,28.116987
2012-11-23,28.065025
2012-11-24,27.956156
2012-11-25,27.818977
2012-11-26,27.668533
2012-11-27,27.510893
2012-11-28,27.36626
2012-11-29,27.234232
2012-11-30,27.105778
2012-12-01,27.051643
2012-12-02,27.006763
2012-12-03,26.969116
2012-12-04,26.923384
2012-12-05,26.868572
2012-12-06,26.797977
2012-12-07,26.750713
2012-12-08,26.693737
2012-12-09,26.663622
2012-12-10,26.647104
2012-12-11,26.660606
2012-12-12,26.70524
2012-12-13,26.718018
2012-12-14,26.752289
2012-12-15,26.789087
2012-12-16,26.76156
2012-12-17,26.712755
2012-12-18,26.63484
2012-12-19,26.541378
2012-12-20,26.447474
2012-12-21,26.372982
2012-12-22,26.290377
2012-12-23,26.209871
2012-12-24,26.156384
2012-12-25,26.089045
2012-12-26,26.029585
2012-12-27,25.968338
2012-12-28,25.884262
2012-12-29,25.809578
2012-12-30,25.72376
2012-12-31,25.631784
2013-01-01,25.565456
2013-01-02,25.5496
2013-01-03,25.557014
2013-01-04,25.58712
2013-01-05,25.578144
2013-01-06,25.553612
2013-01-07,25.545568
2013-01-08,25.529833
2013-01-09,25.493517
2013-01-10,25.42368
2013-01-11,25.356762
2013-01-12,25.286644
2013-01-13,25.220436
2013-01-14,25.191069
2013-01-15,25.197338
2013-01-16,25.200472
2013-01-17,25.23289
2013-01-18,25.280891
2013-01-19,25.330515
2013-01-20,25.349943
2013-01-21,25.337187
2013-01-22,25.355406
2013-01-23,25.339476
2013-01-24,25.292284
2013-01-25,25.240742
2013-01-26,25.202187
2013-01-27,25.135159
2013-01-28,25.064753
2013-01-29,25.018284
2013-01-30,24.962223
2013-01-31,24.93367
2013-02-01,24.942545
2013-02-02,24.984516
2013-02-03,25.041117
2013-02-04,25.075153
2013-02-05,25.158493
2013-02-06,25.249887
2013-02-07,25.281734
2013-02-08,25.367947
2013-02-09,25.420502
2013-02-10,25.46184
2013-02-11,25.45142
2013-02-12,25.46316
2013-02-13,25.522337
2013-02-14,25.587717
2013-02-15,25.635489
2013-02-16,25.711924
2013-02-17,25.903605
2013-02-18,25.819435
2013-02-19,25.72664
2013-02-20,25.688421
2013-02-21,25.655636
2013-02-22,25.627813
2013-02-23,25.638628
2013-02-24,25.686653
2013-02-25,25.674963
2013-02-26,25.678415
2013-02-27,25.708223
2013-02-28,25.74672
2013-03-01,25.777504
2013-03-02,25.776327
2013-03-03,25.83808
2013-03-04,25.951355
2013-03-05,26.08039
2013-03-06,26.199532
2013-03-07,26.306293
2013-03-08,26.38252
2013-03-09,26.458797
2013-03-10,26.590202
2013-03-11,26.651264
2013-03-12,26.727224
2013-03-13,26.826069
2013-03-14,26.939768
2013-03-15,27.10583
2013-03-16,27.290741
2013-03-17,27.298338
2013-03-18,27.258383
2013-03-19,27.271976
2013-03-20,27.320478
2013-03-21,27.407223
2013-03-22,27.490026
2013-03-23,27.626091
2013-03-24,27.650717
2013-03-25,27.673708
2013-03-26,27.804903
2013-03-27,27.945969
2013-03-28,28.02355
2013-03-29,28.148663
2013-03-30,28.151741
2013-03-31,28.244682
2013-04-01,28.291895
2013-04-02,28.358128
2013-04-03,28.395504
2013-04-04,28.382828
2013-04-05,28.442009
2013-04-06,28.530823
2013-04-07,28.645985
2013-04-08,28.668484
2013-04-09,28.706057
2013-04-10,28.722263
2013-04-11,28.722254
2013-04-12,28.85901
2013-04-13,28.905308
2013-04-14,28.979977
2013-04-15,29.067745
2013-04-16,29.10518
2013-04-17,29.117579
2013-04-18,29.12948
2013-04-19,29.201218
2013-04-20,29.315193
2013-04-21,29.32786
2013-04-22,29.304773
2013-04-23,29.34046
2013-04-24,29.390093
2013-04-25,29.408556
2013-04-26,29.427729
2013-04-27,29.39172
2013-04-28,29.377432
2013-04-29,29.397713
2013-04-30,29.443281
2013-05-01,29.394506
2013-05-02,29.382883
2013-05-03,29.413473
2013-05-04,29.485184
2013-05-05,29.551468
2013-05-06,29.572924
2013-05-07,29.560215
2013-05-08,29.582098
2013-05-09,29.664316
2013-05-10,29.761106
2013-05-11,29.89673
2013-05-12,29.946726
2013-05-13,29.921537
2013-05-14,29.841516
2013-05-15,29.788774
2013-05-16,29.806913
2013-05-17,29.880661
2013-05-18,29.907534
2013-05-19,29.88852
2013-05-20,29.876215
2013-05-21,29.864485
2013-05-22,29.87222
2013-05-23,29.877573
2013-05-24,29.894667
2013-05-25,29.886755
2013-05-26,29.901657
2013-05-27,29.920855
2013-05-28,29.879566
2013-05-29,29.765825
2013-05-30,29.678993
2013-05-31,29.620626
2013-06-01,29.647432
2013-06-02,29.756735
2013-06-03,29.796106
2013-06-04,29.72839
2013-06-05,29.685795
2013-06-06,29.61879
2013-06-07,29.577984
2013-06-08,29.533625
2013-06-09,29.504507
2013-06-10,29.523003
2013-06-11,29.52872
2013-06-12,29.419573
2013-06-13,29.36109
2013-06-14,29.315475
2013-06-15,29.319529
2013-06-16,29.432936
2013-06-17,29.598127
2013-06-18,29.643887
2013-06-19,29.638256
2013-06-20,29.638752
2013-06-21,29.584948
2013-06-22,29.573513
2013-06-23,29.555243
2013-06-24,29.495136
2013-06-25,29.43813
2013-06-26,29.410603
2013-06-27,29.371803
2013-06-28,29.338915
2013-06-29,29.265474
2013-06-30,29.21053
2013-07-01,29.192345
2013-07-02,29.207611
2013-07-03,29.19123
2013-07-04,29.17416
2013-07-05,29.180056
2013-07-06,29.180117
2013-07-07,29.215126
2013-07-08,29.248102
2013-07-09,29.224464
2013-07-10,29.20072
2013-07-11,29.141008
2013-07-12,29.06226
2013-07-13,29.009201
2013-07-14,28.99257
2013-07-15,28.955854
2013-07-16,28.934134
2013-07-17,28.904488
2013-07-18,28.862425
2013-07-19,28.825953
2013-07-20,28.800697
2013-07-21,28.77144
2013-07-22,28.747
2013-07-23,28.71977
2013-07-24,28.655857
2013-07-25,28.599854
2013-07-26,28.549452
2013-07-27,28.53069
2013-07-28,28.519642
2013-07-29,28.448072
2013-07-30,28.390976
2013-07-31,28.33695
2013-08-01,28.316322
2013-08-02,28.333284
2013-08-03,28.362467
2013-08-04,28.434242
2013-08-05,28.351696
2013-08-06,28.342226
2013-08-07,28.399231
2013-08-08,28.509516
2013-08-09,28.563448
2013-08-10,28.599749
2013-08-11,28.59038
2013-08-12,28.666481
2013-08-13,28.75363
2013-08-14,28.820675
2013-08-15,28.820807
2013-08-16,28.795776
2013-08-17,28.757317
2013-08-18,28.72742
2013-08-19,28.685808
2013-08-20,28.619068
2013-08-21,28.605291
2013-08-22,28.624868
2013-08-23,28.66234
2013-08-24,28.672985
2013-08-25,28.679615
2013-08-26,28.651836
2013-08-27,28.583092
2013-08-28,28.571854
2013-08-29,28.622688
2013-08-30,28.661716
2013-08-31,28.714676
2013-09-01,28.704777
2013-09-02,28.636831
2013-09-03,28.585688
2013-09-04,28.590672
2013-09-05,28.673903
2013-09-06,28.740625
2013-09-07,28.727314
2013-09-08,28.703999
2013-09-09,28.776867
2013-09-10,28.963398
2013-09-11,29.170433
2013-09-12,29.28852
2013-09-13,29.372612
2013-09-14,29.381866
2013-09-15,29.251217
2013-09-16,29.193964
2013-09-17,29.137669
2013-09-18,29.081228
2013-09-19,29.031553
2013-09-20,29.020628
2013-09-21,29.069931
2013-09-22,29.08064
2013-09-23,29.131294
2013-09-24,29.21004
2013-09-25,29.237316
2013-09-26,29.180143
2013-09-27,29.148891
2013-09-28,29.103287
2013-09-29,29.04045
2013-09-30,29.002914
2013-10-01,29.009497
2013-10-02,29.027975
2013-10-03,29.002016
2013-10-04,28.9471
2013-10-05,28.946651
2013-10-06,28.95885
2013-10-07,29.076683
2013-10-08,29.11469
2013-10-09,29.00178
2013-10-10,28.927256
2013-10-11,28.864676
2013-10-12,28.781418
2013-10-13,28.72351
2013-10-14,28.799294
2013-10-15,28.886429
2013-10-16,28.997234
2013-10-17,28.991936
2013-10-18,29.07705
2013-10-19,29.041035
2013-10-20,28.979774
2013-10-21,28.876
2013-10-22,28.805336
2013-10-23,28.755798
2013-10-24,28.742031
2013-10-25,28.709906
2013-10-26,28.57781
2013-10-27,28.493126
2013-10-28,28.41548
2013-10-29,28.40514
2013-10-30,28.47787
2013-10-31,28.492882
2013-11-01,28.467789
2013-11-02,28.418867
2013-11-03,28.38979
2013-11-04,28.39805
2013-11-05,28.374956
2013-11-06,28.322208
2013-11-07,28.266062
2013-11-08,28.216192
2013-11-09,28.17675
2013-11-10,28.154608
2013-11-11,28.14982
2013-11-12,28.118843
2013-11-13,28.07013
2013-11-14,28.038177
2013-11-15,28.071407
2013-11-16,28.10964
2013-11-17,28.11206
2013-11-18,28.10369
2013-11-19,28.074442
2013-11-20,27.994417
2013-11-21,27.946724
2013-11-22,27.937792
2013-11-23,27.933603
2013-11-24,27.898607
2013-11-25,27.80739
2013-11-26,27.719103
2013-11-27,27.736063
2013-11-28,27.88327
2013-11-29,27.932938
2013-11-30,27.92652
2013-12-01,27.834728
2013-12-02,27.739618
2013-12-03,27.64087
2013-12-04,27.576187
2013-12-05,27.535368
2013-12-06,27.485306
2013-12-07,27.413628
2013-12-08,27.359978
2013-12-09,27.308289
2013-12-10,27.272703
2013-12-11,27.261051
2013-12-12,27.223951
2013-12-13,27.094765
2013-12-14,26.956951
2013-12-15,26.8073
2013-12-16,26.714264
2013-12-17,26.575508
2013-12-18,26.440588
2013-12-19,26.356256
2013-12-20,26.2871
2013-12-21,26.23735
2013-12-22,26.216408
2013-12-23,26.180801
2013-12-24,26.13819
2013-12-25,26.110046
2013-12-26,26.048416
2013-12-27,25.975843
2013-12-28,25.906645
2013-12-29,25.835066
2013-12-30,25.81428
2013-12-31,25.7899
2014-01-01,25.743217
2014-01-02,25.737432
2014-01-03,25.745092
2014-01-04,25.703989
2014-01-05,25.643145
2014-01-06,25.614418
2014-01-07,25.618614
2014-01-08,25.61918
2014-01-09,25.550585
2014-01-10,25.512096
2014-01-11,25.560314
2014-01-12,25.496914
2014-01-13,25.456434
2014-01-14,25.437813
2014-01-15,25.425575
2014-01-16,25.358606
2014-01-17,25.352581
2014-01-18,25.396303
2014-01-19,25.397045
2014-01-20,25.363493
2014-01-21,25.367002
2014-01-22,25.3611
2014-01-23,25.356886
2014-01-24,25.33229
2014-01-25,25.311754
2014-01-26,25.344395
2014-01-27,25.33619
2014-01-28,25.292612
2014-01-29,25.260447
2014-01-30,25.26116
2014-01-31,25.284039
2014-02-01,25.246775
2014-02-02,25.222454
2014-02-03,25.194023
2014-02-04,25.194035
2014-02-05,25.230642
2014-02-06,25.22536
2014-02-07,25.289303
2014-02-08,25.329641
2014-02-09,25.441866
2014-02-10,25.504332
2014-02-11,25.585289
2014-02-12,25.611046
2014-02-13,25.641445
2014-02-14,25.677664
2014-02-15,25.816547
2014-02-16,25.784222
2014-02-17,25.818447
2014-02-18,25.686604
2014-02-19,25.586626
2014-02-20,25.591242
2014-02-21,25.622936
2014-02-22,25.629883
2014-02-23,25.611046
2014-02-24,25.642458
2014-02-25,25.681654
2014-02-26,25.74938
2014-02-27,25.811495
2014-02-28,25.86488
2014-03-01,25.984766
2014-03-02,26.027864
2014-03-03,25.994507
2014-03-04,25.989393
2014-03-05,25.964302
2014-03-06,26.037712
2014-03-07,26.033115
2014-03-08,26.031347
2014-03-09,26.063305
2014-03-10,26.118261
2014-03-11,26.182018
2014-03-12,26.268265
2014-03-13,26.300192
2014-03-14,26.484957
2014-03-15,26.591177
2014-03-16,26.68653
2014-03-17,26.786032
2014-03-18,26.881996
2014-03-19,26.988716
2014-03-20,27.132177
2014-03-21,27.246784
2014-03-22,27.33966
2014-03-23,27.412981
2014-03-24,27.53734
2014-03-25,27.564226
2014-03-26,27.57652
2014-03-27,27.677368
2014-03-28,27.792217
2014-03-29,28.03933
2014-03-30,28.14658
2014-03-31,28.21876
2014-04-01,28.310345
2014-04-02,28.35241
2014-04-03,28.435408
2014-04-04,28.424091
2014-04-05,28.421412
2014-04-06,28.406748
2014-04-07,28.351854
2014-04-08,28.363283
2014-04-09,28.413776
2014-04-10,28.678026
2014-04-11,28.857391
2014-04-12,28.808117
2014-04-13,28.885523
2014-04-14,28.958147
2014-04-15,28.919231
2014-04-16,28.957413
2014-04-17,28.996622
2014-04-18,29.06323
2014-04-19,29.197111
2014-04-20,29.346088
2014-04-21,29.560184
2014-04-22,29.629217
2014-04-23,29.584751
2014-04-24,29.628986
2014-04-25,29.690948
2014-04-26,29.74947
2014-04-27,29.856571
2014-04-28,29.835833
2014-04-29,29.853193
2014-04-30,29.845102
2014-05-01,29.826689
2014-05-02,29.885998
2014-05-03,29.945913
2014-05-04,29.998137
2014-05-05,30.04371
2014-05-06,30.114174
2014-05-07,30.11227
2014-05-08,30.028358
2014-05-09,29.942503
2014-05-10,29.910845
2014-05-11,29.853168
2014-05-12,29.918734
2014-05-13,30.013794
2014-05-14,30.121672
2014-05-15,30.21893
2014-05-16,30.354467
2014-05-17,30.501707
2014-05-18,30.513088
2014-05-19,30.57989
2014-05-20,30.557045
2014-05-21,30.538458
2014-05-22,30.53026
2014-05-23,30.586166
2014-05-24,30.491909
2014-05-25,30.299112
2014-05-26,30.213198
2014-05-27,30.128162
2014-05-28,30.100117
2014-05-29,30.064873
2014-05-30,30.101936
2014-05-31,30.185112
2014-06-01,30.211401
2014-06-02,30.305338
2014-06-03,30.229675
2014-06-04,30.264805
2014-06-05,30.299652
2014-06-06,30.326197
2014-06-07,30.346617
2014-06-08,30.368877
2014-06-09,30.358156
2014-06-10,30.392948
2014-06-11,30.499178
2014-06-12,30.571152
2014-06-13,30.640707
2014-06-14,30.6734
2014-06-15,30.743025
2014-06-16,30.73487
2014-06-17,30.560947
2014-06-18,30.413538
2014-06-19,30.257727
2014-06-20,30.109022
2014-06-21,30.010077
2014-06-22,29.979101
2014-06-23,29.98588
2014-06-24,30.033936
2014-06-25,30.094004
2014-06-26,30.09929
2014-06-27,30.022099
2014-06-28,29.929356
2014-06-29,29.849829
2014-06-30,29.788797
2014-07-01,29.716787
2014-07-02,29.667336
2014-07-03,29.635374
2014-07-04,29.63552
2014-07-05,29.678648
2014-07-06,29.67144
2014-07-07,29.646692
2014-07-08,29.618334
2014-07-09,29.60188
2014-07-10,29.564528
2014-07-11,29.510515
2014-07-12,29.455982
2014-07-13,29.421738
2014-07-14,29.384628
2014-07-15,29.295094
2014-07-16,29.220331
2014-07-17,29.182337
2014-07-18,29.13099
2014-07-19,29.05626
2014-07-20,28.970026
2014-07-21,28.870365
2014-07-22,28.782637
2014-07-23,28.751816
2014-07-24,28.76934
2014-07-25,28.806824
2014-07-26,28.811268
2014-07-27,28.820364
2014-07-28,28.8159
2014-07-29,28.843147
2014-07-30,28.841722
2014-07-31,28.804752
2014-08-01,28.807653
2014-08-02,28.78285
2014-08-03,28.745333
2014-08-04,28.659649
2014-08-05,28.648159
2014-08-06,28.639828
2014-08-07,28.63226
2014-08-08,28.607033
2014-08-09,28.590506
2014-08-10,28.582611
2014-08-11,28.590073
2014-08-12,28.639515
2014-08-13,28.697773
2014-08-14,28.749378
2014-08-15,28.730904
2014-08-16,28.731537
2014-08-17,28.786385
2014-08-18,28.89438
2014-08-19,29.043188
2014-08-20,29.07651
2014-08-21,29.027573
2014-08-22,29.006516
2014-08-23,28.975481
2014-08-24,29.008327
2014-08-25,28.996035
2014-08-26,29.035862
2014-08-27,29.04642
2014-08-28,29.011993
2014-08-29,28.957272
2014-08-30,28.892904
2014-08-31,28.835506
2014-09-01,28.77823
2014-09-02,28.73691
2014-09-03,28.689095
2014-09-04,28.640059
2014-09-05,28.593796
2014-09-06,28.547148
2014-09-07,28.528423
2014-09-08,28.555773
2014-09-09,28.623049
2014-09-10,28.682238
2014-09-11,28.753626
2014-09-12,28.805689
2014-09-13,28.852718
2014-09-14,28.968533
2014-09-15,29.058184
2014-09-16,29.06663
2014-09-17,29.162241
2014-09-18,29.146694
2014-09-19,29.048075
2014-09-20,28.965757
2014-09-21,28.968502
2014-09-22,28.997053
2014-09-23,28.991314
2014-09-24,29.03767
2014-09-25,29.113451
2014-09-26,29.11838
2014-09-27,29.30319
2014-09-28,29.443233
2014-09-29,29.500372
2014-09-30,29.616991
2014-10-01,29.67759
2014-10-02,29.81738
2014-10-03,29.726618
2014-10-04,29.728605
2014-10-05,29.852407
2014-10-06,29.85769
2014-10-07,29.814154
2014-10-08,29.703836
2014-10-09,29.57355
2014-10-10,29.434958
2014-10-11,29.277365
2014-10-12,29.128576
2014-10-13,29.083279
2014-10-14,29.097494
2014-10-15,29.229277
2014-10-16,29.33194
2014-10-17,29.393469
2014-10-18,29.364405
2014-10-19,29.32876
2014-10-20,29.26345
2014-10-21,29.213196
2014-10-22,29.184734
2014-10-23,29.225647
2014-10-24,29.198393
2014-10-25,29.24748
2014-10-26,29.246796
2014-10-27,29.249481
2014-10-28,29.23302
2014-10-29,29.194815
2014-10-30,29.128244
2014-10-31,29.093355
2014-11-01,29.097893
2014-11-02,29.051968
2014-11-03,28.993624
2014-11-04,28.915134
2014-11-05,28.82883
2014-11-06,28.780058
2014-11-07,28.800484
2014-11-08,28.857525
2014-11-09,28.973095
2014-11-10,28.973425
2014-11-11,28.936342
2014-11-12,28.872923
2014-11-13,28.82824
2014-11-14,28.738796
2014-11-15,28.648869
2014-11-16,28.503145
2014-11-17,28.397938
2014-11-18,28.319227
2014-11-19,28.25926
2014-11-20,28.171335
2014-11-21,28.083658
2014-11-22,27.984737
2014-11-23,27.90066
2014-11-24,27.834156
2014-11-25,27.769686
2014-11-26,27.670856
2014-11-27,27.576057
2014-11-28,27.503706
2014-11-29,27.460142
2014-11-30,27.418434
2014-12-01,27.358862
2014-12-02,27.285805
2014-12-03,27.185833
2014-12-04,27.113094
2014-12-05,27.091217
2014-12-06,27.099966
2014-12-07,27.112171
2014-12-08,27.116953
2014-12-09,27.09025
2014-12-10,27.062351
2014-12-11,27.041233
2014-12-12,27.042036
2014-12-13,27.045284
2014-12-14,27.068285
2014-12-15,27.065481
2014-12-16,27.069525
2014-12-17,27.075832
2014-12-18,26.997915
2014-12-19,26.908745
2014-12-20,26.838877
2014-12-21,26.744112
2014-12-22,26.702095
2014-12-23,26.6587
2014-12-24,26.601109
2014-12-25,26.537563
2014-12-26,26.461084
2014-12-27,26.406832
2014-12-28,26.38867
2014-12-29,26.367172
2014-12-30,26.321774
2014-12-31,26.350761
2015-01-01,26.399485
2015-01-02,26.483913
2015-01-03,26.618143
2015-01-04,26.602535
2015-01-05,26.508678
2015-01-06,26.416422
2015-01-07,26.295902
2015-01-08,26.197884
2015-01-09,26.084167
2015-01-10,26.017767
2015-01-11,25.958788
2015-01-12,25.934933
2015-01-13,25.906948
2015-01-14,25.917065
2015-01-15,25.905409
2015-01-16,25.916706
2015-01-17,25.921812
2015-01-18,25.87279
2015-01-19,25.768114
2015-01-20,25.691637
2015-01-21,25.661915
2015-01-22,25.649624
2015-01-23,25.599072
2015-01-24,25.564537
2015-01-25,25.58315
2015-01-26,25.57663
2015-01-27,25.560324
2015-01-28,25.55864
2015-01-29,25.598198
2015-01-30,25.600317
2015-01-31,25.582977
2015-02-01,25.544437
2015-02-02,25.506704
2015-02-03,25.500326
2015-02-04,25.484888
2015-02-05,25.504324
2015-02-06,25.539623
2015-02-07,25.529518
2015-02-08,25.512129
2015-02-09,25.538279
2015-02-10,25.571518
2015-02-11,25.573687
2015-02-12,25.592245
2015-02-13,25.599295
2015-02-14,25.669807
2015-02-15,25.779524
2015-02-16,25.722918
2015-02-17,25.748798
2015-02-18,25.79973
2015-02-19,25.846542
2015-02-20,25.857252
2015-02-21,25.893068
2015-02-22,25.949974
2015-02-23,26.03197
2015-02-24,26.044794
2015-02-25,26.093958
2015-02-26,26.15864
2015-02-27,26.21993
2015-02-28,26.281816
2015-03-01,26.403791
2015-03-02,26.51793
2015-03-03,26.626675
2015-03-04,26.661366
2015-03-05,26.709843
2015-03-06,26.657993
2015-03-07,26.585363
2015-03-08,26.55339
2015-03-09,26.57276
2015-03-10,26.624624
2015-03-11,26.693691
2015-03-12,26.70531
2015-03-13,26.807457
2015-03-14,26.869564
2015-03-15,26.981722
2015-03-16,27.09226
2015-03-17,27.14964
2015-03-18,27.317902
2015-03-19,27.379114
2015-03-20,27.330177
2015-03-21,27.391994
2015-03-22,27.450375
2015-03-23,27.596985
2015-03-24,27.707159
2015-03-25,27.735691
2015-03-26,27.782085
2015-03-27,27.973066
2015-03-28,28.120764
2015-03-29,28.217264
2015-03-30,28.321918
2015-03-31,28.366814
2015-04-01,28.365305
2015-04-02,28.305954
2015-04-03,28.31054
2015-04-04,28.38336
2015-04-05,28.47167
2015-04-06,28.520874
2015-04-07,28.59736
2015-04-08,28.651783
2015-04-09,28.740717
2015-04-10,28.760054
2015-04-11,28.844687
2015-04-12,28.94394
2015-04-13,29.106344
2015-04-14,29.215956
2015-04-15,29.24773
2015-04-16,29.14886
2015-04-17,29.25064
2015-04-18,29.228794
2015-04-19,29.287653
2015-04-20,29.299988
2015-04-21,29.243637
2015-04-22,29.22682
2015-04-23,29.323599
2015-04-24,29.304485
2015-04-25,29.349815
2015-04-26,29.44995
2015-04-27,29.473364
2015-04-28,29.48061
2015-04-29,29.37305
2015-04-30,29.359766
2015-05-01,29.413519
2015-05-02,29.42979
2015-05-03,29.51272
2015-05-04,29.660187
2015-05-05,29.598604
2015-05-06,29.64051
2015-05-07,29.677095
2015-05-08,29.728403
2015-05-09,29.762255
2015-05-10,29.83569
2015-05-11,29.943209
2015-05-12,29.999567
2015-05-13,30.033892
2015-05-14,30.220772
2015-05-15,30.29435
2015-05-16,30.394325
2015-05-17,30.212925
2015-05-18,30.114395
2015-05-19,30.11964
2015-05-20,30.131245
2015-05-21,30.162933
2015-05-22,30.14282
2015-05-23,30.084517
2015-05-24,30.078455
2015-05-25,30.056108
2015-05-26,30.077423
2015-05-27,30.060804
2015-05-28,30.062939
2015-05-29,30.087835
2015-05-30,30.10247
2015-05-31,30.044834
2015-06-01,30.031889
2015-06-02,30.039421
2015-06-03,30.080425
2015-06-04,30.103275
2015-06-05,30.071909
2015-06-06,30.035349
2015-06-07,29.992283
2015-06-08,29.956396
2015-06-09,29.967867
2015-06-10,29.99795
2015-06-11,30.007313
2015-06-12,29.943993
2015-06-13,29.867369
2015-06-14,29.803652
2015-06-15,29.741638
2015-06-16,29.678724
2015-06-17,29.63346
2015-06-18,29.615805
2015-06-19,29.591019
2015-06-20,29.511555
2015-06-21,29.375874
2015-06-22,29.271677
2015-06-23,29.20431
2015-06-24,29.140419
2015-06-25,29.047535
2015-06-26,28.962517
2015-06-27,28.928232
2015-06-28,28.915514
2015-06-29,28.913866
2015-06-30,28.905994
2015-07-01,28.906557
2015-07-02,28.941475
2015-07-03,28.971977
2015-07-04,28.999651
2015-07-05,29.14598
2015-07-06,29.172304
2015-07-07,29.16045
2015-07-08,29.147985
2015-07-09,29.13624
2015-07-10,29.172947
2015-07-11,29.260885
2015-07-12,29.384794
2015-07-13,29.514147
2015-07-14,29.604832
2015-07-15,29.577467
2015-07-16,29.525013
2015-07-17,29.475914
2015-07-18,29.447716
2015-07-19,29.394012
2015-07-20,29.378153
2015-07-21,29.354494
2015-07-22,29.297491
2015-07-23,29.245867
2015-07-24,29.184488
2015-07-25,29.111473
2015-07-26,29.037855
2015-07-27,28.998955
2015-07-28,28.931446
2015-07-29,28.856483
2015-07-30,28.794102
2015-07-31,28.768532
2015-08-01,28.755432
2015-08-02,28.736948
2015-08-03,28.758677
2015-08-04,28.771404
2015-08-05,28.775927
2015-08-06,28.790352
2015-08-07,28.884455
2015-08-08,28.937492
2015-08-09,29.036318
2015-08-10,29.107983
2015-08-11,29.09285
2015-08-12,29.061403
2015-08-13,29.05716
2015-08-14,29.076849
2015-08-15,29.067507
2015-08-16,29.043028
2015-08-17,29.030966
2015-08-18,29.03247
2015-08-19,29.07911
2015-08-20,29.08301
2015-08-21,29.082392
2015-08-22,29.069958
2015-08-23,29.05804
2015-08-24,29.057835
2015-08-25,29.08899
2015-08-26,29.096401
2015-08-27,29.050108
2015-08-28,29.027424
2015-08-29,29.030798
2015-08-30,29.036245
2015-08-31,29.031935
2015-09-01,29.014091
2015-09-02,29.003786
2015-09-03,29.0453
2015-09-04,29.00909
2015-09-05,28.947765
2015-09-06,28.930117
2015-09-07,28.921993
2015-09-08,28.962002
2015-09-09,29.054564
2015-09-10,29.200712
2015-09-11,29.169529
2015-09-12,29.17719
2015-09-13,29.10562
2015-09-14,29.076784
2015-09-15,29.059761
2015-09-16,29.09996
2015-09-17,29.361319
2015-09-18,29.332226
2015-09-19,29.141453
2015-09-20,29.091345
2015-09-21,29.101744
2015-09-22,29.161642
2015-09-23,29.229626
2015-09-24,29.229086
2015-09-25,29.249233
2015-09-26,29.365005
2015-09-27,29.588053
2015-09-28,29.694345
2015-09-29,29.718454
2015-09-30,29.671825
2015-10-01,29.780882
2015-10-02,29.843502
2015-10-03,29.920235
2015-10-04,29.9257
2015-10-05,29.902084
2015-10-06,29.881477
2015-10-07,29.734667
2015-10-08,29.606335
2015-10-09,29.498291
2015-10-10,29.449907
2015-10-11,29.524443
2015-10-12,29.558355
2015-10-13,29.587978
2015-10-14,29.562105
2015-10-15,29.579983
2015-10-16,29.607893
2015-10-17,29.625437
2015-10-18,29.657104
2015-10-19,29.669258
2015-10-20,29.67506
2015-10-21,29.658506
2015-10-22,29.624226
2015-10-23,29.6483
2015-10-24,29.58928
2015-10-25,29.515013
2015-10-26,29.450306
2015-10-27,29.395592
2015-10-28,29.387476
2015-10-29,29.368036
2015-10-30,29.187044
2015-10-31,29.053438
2015-11-01,28.944677
2015-11-02,28.874561
2015-11-03,28.853151
2015-11-04,28.889116
2015-11-05,28.8707
2015-11-06,28.843815
2015-11-07,28.84657
2015-11-08,28.837088
2015-11-09,28.767792
2015-11-10,28.678797
2015-11-11,28.54344
2015-11-12,28.497671
2015-11-13,28.483213
2015-11-14,28.463476
2015-11-15,28.438354
2015-11-16,28.4407
2015-11-17,28.344076
2015-11-18,28.314257
2015-11-19,28.310432
2015-11-20,28.304123
2015-11-21,28.309381
2015-11-22,28.291924
2015-11-23,28.251709
2015-11-24,28.163708
2015-11-25,28.056597
2015-11-26,27.998308
2015-11-27,27.984509
2015-11-28,27.96995
2015-11-29,28.024761
2015-11-30,28.080023
2015-12-01,28.08298
2015-12-02,28.047287
2015-12-03,27.972843
2015-12-04,27.968756
2015-12-05,27.932148
2015-12-06,27.87596
2015-12-07,27.79634
2015-12-08,27.721931
2015-12-09,27.615067
2015-12-10,27.517845
2015-12-11,27.43269
2015-12-12,27.390888
2015-12-13,27.404335
2015-12-14,27.400583
2015-12-15,27.391476
2015-12-16,27.380762
2015-12-17,27.35035
2015-12-18,27.297745
2015-12-19,27.277996
2015-12-20,27.207254
2015-12-21,27.10674
2015-12-22,27.042267
2015-12-23,27.015713
2015-12-24,26.995226
2015-12-25,26.95243
2015-12-26,26.893373
2015-12-27,26.771538
2015-12-28,26.653856
2015-12-29,26.573055
2015-12-30,26.513712
2015-12-31,26.464252
2016-01-01,26.448835
2016-01-02,26.432526
2016-01-03,26.400517
2016-01-04,26.34179
2016-01-05,26.302866
2016-01-06,26.244417
2016-01-07,26.230982
2016-01-08,26.22664
2016-01-09,26.22756
2016-01-10,26.237608
2016-01-11,26.181139
2016-01-12,26.109755
2016-01-13,26.055069
2016-01-14,26.001926
2016-01-15,25.988842
2016-01-16,25.965136
2016-01-17,25.962698
2016-01-18,25.958273
2016-01-19,25.940804
2016-01-20,26.024153
2016-01-21,25.989239
2016-01-22,25.987944
2016-01-23,25.937145
2016-01-24,25.849506
2016-01-25,25.757677
2016-01-26,25.676907
2016-01-27,25.657719
2016-01-28,25.672216
2016-01-29,25.709171
2016-01-30,25.693314
2016-01-31,25.739904
2016-02-01,25.8144
2016-02-02,25.85307
2016-02-03,25.94359
2016-02-04,25.928062
2016-02-05,25.93237
2016-02-06,25.896078
2016-02-07,25.937569
2016-02-08,26.021545
2016-02-09,26.100311
2016-02-10,26.192081
2016-02-11,26.202171
2016-02-12,26.289938
2016-02-13,26.392017
2016-02-14,26.443047
2016-02-15,26.509384
2016-02-16,26.591284
2016-02-17,26.64062
2016-02-18,26.80346
2016-02-19,26.9559
2016-02-20,27.058306
2016-02-21,27.167519
2016-02-22,27.25954
2016-02-23,27.391474
2016-02-24,27.381966
2016-02-25,27.39792
2016-02-26,27.39622
2016-02-27,27.4867
2016-02-28,27.492832
2016-02-29,27.47486
2016-03-01,27.532337
2016-03-02,27.557014
2016-03-03,27.522068
2016-03-04,27.539406
2016-03-05,27.614294
2016-03-06,27.704355
2016-03-07,27.784353
2016-03-08,27.812355
2016-03-09,27.881504
2016-03-10,27.924253
2016-03-11,28.040586
2016-03-12,28.114382
2016-03-13,28.22265
2016-03-14,28.296764
2016-03-15,28.349373
2016-03-16,28.327927
2016-03-17,28.437664
2016-03-18,28.54002
2016-03-19,28.592524
2016-03-20,28.578764
2016-03-21,28.69072
2016-03-22,28.741982
2016-03-23,28.80101
2016-03-24,28.950567
2016-03-25,28.939137
2016-03-26,28.988787
2016-03-27,28.841908
2016-03-28,28.810982
2016-03-29,28.751196
2016-03-30,28.840065
2016-03-31,28.84724
2016-04-01,28.867228
2016-04-02,28.922056
2016-04-03,28.97864
2016-04-04,28.961296
2016-04-05,28.997166
2016-04-06,29.02187
2016-04-07,29.122698
2016-04-08,29.23699
2016-04-09,29.290886
2016-04-10,29.330488
2016-04-11,29.38238
2016-04-12,29.396458
2016-04-13,29.39562
2016-04-14,29.44055
2016-04-15,29.458246
2016-04-16,29.440565
2016-04-17,29.420704
2016-04-18,29.424908
2016-04-19,29.441652
2016-04-20,29.398787
2016-04-21,29.347336
2016-04-22,29.328325
2016-04-23,29.347883
2016-04-24,29.369019
2016-04-25,29.429598
2016-04-26,29.53637
2016-04-27,29.568127
2016-04-28,29.650148
2016-04-29,29.771914
2016-04-30,29.84599
2016-05-01,29.867067
2016-05-02,29.86491
2016-05-03,29.896194
2016-05-04,29.938753
2016-05-05,30.052637
2016-05-06,30.126366
2016-05-07,30.218204
2016-05-08,30.326256
2016-05-09,30.4454
2016-05-10,30.52661
2016-05-11,30.58992
2016-05-12,30.569555
2016-05-13,30.51756
2016-05-14,30.625135
2016-05-15,30.66072
2016-05-16,30.668695
2016-05-17,30.621496
2016-05-18,30.485975
2016-05-19,30.341976
2016-05-20,30.189417
2016-05-21,30.082127
2016-05-22,30.065569
2016-05-23,30.110884
2016-05-24,30.250185
2016-05-25,30.247023
2016-05-26,30.344616
2016-05-27,30.346514
2016-05-28,30.385708
2016-05-29,30.373762
2016-05-30,30.375956
2016-05-31,30.340807
2016-06-01,30.297102
2016-06-02,30.319992
2016-06-03,30.333551
2016-06-04,30.280787
2016-06-05,30.263292
2016-06-06,30.207592
2016-06-07,30.139147
2016-06-08,30.0475
2016-06-09,29.941835
2016-06-10,29.896214
2016-06-11,29.898684
2016-06-12,29.920815
2016-06-13,29.877277
2016-06-14,29.841873
2016-06-15,29.873955
2016-06-16,29.88488
2016-06-17,29.856125
2016-06-18,29.766949
2016-06-19,29.71648
2016-06-20,29.73001
2016-06-21,29.765722
2016-06-22,29.866041
2016-06-23,29.908796
2016-06-24,29.929377
2016-06-25,29.921186
2016-06-26,29.841417
2016-06-27,29.817862
2016-06-28,29.818855
2016-06-29,29.815378
2016-06-30,29.783894
2016-07-01,29.744028
2016-07-02,29.673962
2016-07-03,29.61515
2016-07-04,29.56598
2016-07-05,29.518919
2016-07-06,29.489256
2016-07-07,29.492445
2016-07-08,29.42769
2016-07-09,29.348959
2016-07-10,29.283066
2016-07-11,29.273052
2016-07-12,29.289354
2016-07-13,29.3361
2016-07-14,29.38588
2016-07-15,29.377651
2016-07-16,29.325375
2016-07-17,29.313677
2016-07-18,29.353493
2016-07-19,29.347462
2016-07-20,29.380785
2016-07-21,29.320225
2016-07-22,29.307522
2016-07-23,29.2933
2016-07-24,29.284113
2016-07-25,29.242281
2016-07-26,29.237474
2016-07-27,29.423052
2016-07-28,29.400827
2016-07-29,29.349531
2016-07-30,29.324577
2016-07-31,29.262255
2016-08-01,29.19843
2016-08-02,29.147522
2016-08-03,29.127697
2016-08-04,29.078732
2016-08-05,29.042881
2016-08-06,28.999311
2016-08-07,28.979305
2016-08-08,28.947172
2016-08-09,28.895004
2016-08-10,28.86619
2016-08-11,28.913256
2016-08-12,28.95223
2016-08-13,29.006845
2016-08-14,29.021332
2016-08-15,29.050545
2016-08-16,29.012186
2016-08-17,28.953697
2016-08-18,28.97714
2016-08-19,29.126333
2016-08-20,29.253176
2016-08-21,29.153566
2016-08-22,29.173744
2016-08-23,29.28314
2016-08-24,29.355822
2016-08-25,29.551004
2016-08-26,29.607418
2016-08-27,29.666458
2016-08-28,29.632523
2016-08-29,29.71287
2016-08-30,29.66668
2016-08-31,29.55953
2016-09-01,29.49648
2016-09-02,29.458363
2016-09-03,29.402649
2016-09-04,29.352999
2016-09-05,29.302156
2016-09-06,29.293343
2016-09-07,29.341665
2016-09-08,29.339445
2016-09-09,29.383635
2016-09-10,29.381332
2016-09-11,29.372004
2016-09-12,29.348415
2016-09-13,29.339167
2016-09-14,29.385056
2016-09-15,29.416674
2016-09-16,29.38477
2016-09-17,29.387709
2016-09-18,29.482784
2016-09-19,29.557049
2016-09-20,29.58448
2016-09-21,29.495157
2016-09-22,29.452002
2016-09-23,29.387833
2016-09-24,29.395536
2016-09-25,29.414099
2016-09-26,29.438187
2016-09-27,29.411755
2016-09-28,29.38976
2016-09-29,29.425385
2016-09-30,29.386913
2016-10-01,29.399244
2016-10-02,29.520075
2016-10-03,29.61692
2016-10-04,29.568964
2016-10-05,29.580864
2016-10-06,29.581247
2016-10-07,29.51638
2016-10-08,29.487432
2016-10-09,29.459587
2016-10-10,29.384995
2016-10-11,29.335203
2016-10-12,29.383278
2016-10-13,29.432396
2016-10-14,29.454277
2016-10-15,29.528059
2016-10-16,29.496555
2016-10-17,29.524998
2016-10-18,29.52573
2016-10-19,29.527042
2016-10-20,29.525995
2016-10-21,29.476765
2016-10-22,29.38736
2016-10-23,29.295364
2016-10-24,29.186672
2016-10-25,29.116499
2016-10-26,29.111267
2016-10-27,29.174591
2016-10-28,29.223684
2016-10-29,29.197813
2016-10-30,29.186867
2016-10-31,29.162224
2016-11-01,29.128525
2016-11-02,29.11829
2016-11-03,28.995983
2016-11-04,28.939486
2016-11-05,28.907011
2016-11-06,28.879873
2016-11-07,28.784615
2016-11-08,28.667995
2016-11-09,28.536417
2016-11-10,28.446394
2016-11-11,28.40617
2016-11-12,28.41942
2016-11-13,28.438725
2016-11-14,28.424461
2016-11-15,28.411987
2016-11-16,28.372007
2016-11-17,28.314735
2016-11-18,28.215256
2016-11-19,28.124922
2016-11-20,28.045397
2016-11-21,27.959784
2016-11-22,27.869864
2016-11-23,27.790112
2016-11-24,27.709867
2016-11-25,27.640684
2016-11-26,27.586699
2016-11-27,27.550089
2016-11-28,27.508102
2016-11-29,27.49261
2016-11-30,27.489967
2016-12-01,27.559065
2016-12-02,27.61843
2016-12-03,27.639671
2016-12-04,27.64967
2016-12-05,27.649271
2016-12-06,27.628145
2016-12-07,27.612755
2016-12-08,27.5451
2016-12-09,27.478453
2016-12-10,27.447989
2016-12-11,27.462748
2016-12-12,27.476862
2016-12-13,27.418722
2016-12-14,27.300076
2016-12-15,27.208055
2016-12-16,27.112974
2016-12-17,27.013998
2016-12-18,26.95096
2016-12-19,26.907946
2016-12-20,26.83456
2016-12-21,26.754787
2016-12-22,26.70567
2016-12-23,26.677006
2016-12-24,26.679285
2016-12-25,26.694668
2016-12-26,26.724472
2016-12-27,26.768772
2016-12-28,26.838783
2016-12-29,26.810865
2016-12-30,26.771935
2016-12-31,26.733164
2017-01-01,26.718447
2017-01-02,26.713472
2017-01-03,26.672445
2017-01-04,26.655655
2017-01-05,26.615858
2017-01-06,26.556448
2017-01-07,26.49597
2017-01-08,26.411972
2017-01-09,26.357624
2017-01-10,26.322495
2017-01-11,26.264774
2017-01-12,26.23244
2017-01-13,26.172848
2017-01-14,26.111116
2017-01-15,26.028204
2017-01-16,25.963367
2017-01-17,25.922863
2017-01-18,25.911966
2017-01-19,25.940653
2017-01-20,25.95951
2017-01-21,25.984251
2017-01-22,26.000675
2017-01-23,26.007345
2017-01-24,26.009436
2017-01-25,26.049171
2017-01-26,26.094177
2017-01-27,26.150187
2017-01-28,26.150238
2017-01-29,26.088501
2017-01-30,26.041862
2017-01-31,26.031593
2017-02-01,26.002455
2017-02-02,25.959219
2017-02-03,25.949558
2017-02-04,25.936756
2017-02-05,25.955172
2017-02-06,25.943184
2017-02-07,25.948193
2017-02-08,25.93192
2017-02-09,25.935911
2017-02-10,25.956806
2017-02-11,25.985744
2017-02-12,26.041
2017-02-13,26.110804
2017-02-14,26.157352
2017-02-15,26.160597
2017-02-16,26.210323
2017-02-17,26.238333
2017-02-18,26.29405
2017-02-19,26.349592
2017-02-20,26.34414
2017-02-21,26.413076
2017-02-22,26.419067
2017-02-23,26.459455
2017-02-24,26.574387
2017-02-25,26.5442
2017-02-26,26.537813
2017-02-27,26.536104
2017-02-28,26.549397
2017-03-01,26.588688
2017-03-02,26.65496
2017-03-03,26.737247
2017-03-04,26.77983
2017-03-05,26.804035
2017-03-06,26.976799
2017-03-07,27.026724
2017-03-08,27.118683
2017-03-09,27.20365
2017-03-10,27.165125
2017-03-11,27.164375
2017-03-12,27.16209
2017-03-13,27.312897
2017-03-14,27.252565
2017-03-15,27.156816
2017-03-16,27.157028
2017-03-17,27.237312
2017-03-18,27.267345
2017-03-19,27.38917
2017-03-20,27.419521
2017-03-21,27.499102
2017-03-22,27.53551
2017-03-23,27.626663
2017-03-24,27.715855
2017-03-25,27.773087
2017-03-26,27.816256
2017-03-27,27.945187
2017-03-28,27.911219
2017-03-29,27.912617
2017-03-30,27.94432
2017-03-31,27.99744
2017-04-01,28.033422
2017-04-02,28.028378
2017-04-03,28.06192
2017-04-04,28.091564
2017-04-05,28.094023
2017-04-06,28.25018
2017-04-07,28.337658
2017-04-08,28.565279
2017-04-09,28.59861
2017-04-10,28.712
2017-04-11,28.821749
2017-04-12,28.924625
2017-04-13,29.000202
2017-04-14,28.921814
2017-04-15,28.811207
2017-04-16,28.762476
2017-04-17,28.820265
2017-04-18,28.90861
2017-04-19,28.858858
2017-04-20,28.826181
2017-04-21,28.818539
2017-04-22,28.843548
2017-04-23,28.866173
2017-04-24,28.872787
2017-04-25,28.900244
2017-04-26,28.984653
2017-04-27,29.110273
2017-04-28,29.11411
2017-04-29,29.258772
2017-04-30,29.300713
2017-05-01,29.324299
2017-05-02,29.3339
2017-05-03,29.339954
2017-05-04,29.403223
2017-05-05,29.409946
2017-05-06,29.463917
2017-05-07,29.521955
2017-05-08,29.608269
2017-05-09,29.678335
2017-05-10,29.788446
2017-05-11,29.861149
2017-05-12,30.030754
2017-05-13,30.070337
2017-05-14,30.105665
2017-05-15,30.135439
2017-05-16,30.22888
2017-05-17,30.281445
2017-05-18,30.438238
2017-05-19,30.540672
2017-05-20,30.561365
2017-05-21,30.568132
2017-05-22,30.597956
2017-05-23,30.69857
2017-05-24,30.725626
2017-05-25,30.78438
2017-05-26,30.812902
2017-05-27,30.747713
2017-05-28,30.594048
2017-05-29,30.47106
2017-05-30,30.443459
2017-05-31,30.4376
2017-06-01,30.416527
2017-06-02,30.394526
2017-06-03,30.334545
2017-06-04,30.342625
2017-06-05,30.374746
2017-06-06,30.509405
2017-06-07,30.446861
2017-06-08,30.464201
2017-06-09,30.458967
2017-06-10,30.317883
2017-06-11,30.120043
2017-06-12,29.962202
2017-06-13,29.874489
2017-06-14,29.778101
2017-06-15,29.670547
2017-06-16,29.57674
2017-06-17,29.53
2017-06-18,29.498789
2017-06-19,29.456104
2017-06-20,29.383032
2017-06-21,29.322073
2017-06-22,29.27421
2017-06-23,29.24321
2017-06-24,29.200771
2017-06-25,29.144667
2017-06-26,29.076977
2017-06-27,29.04004
2017-06-28,28.99537
2017-06-29,28.98158
2017-06-30,28.963736
2017-07-01,28.907381
2017-07-02,28.84436
2017-07-03,28.8483
2017-07-04,28.845026
2017-07-05,28.832403
2017-07-06,28.846691
2017-07-07,28.83553
2017-07-08,28.850363
2017-07-09,28.858612
2017-07-10,28.90355
2017-07-11,28.940723
2017-07-12,28.952148
2017-07-13,28.971642
2017-07-14,28.952362
2017-07-15,28.945673
2017-07-16,28.904305
2017-07-17,28.894081
2017-07-18,28.87755
2017-07-19,28.830093
2017-07-20,28.798172
2017-07-21,28.758091
2017-07-22,28.69286
2017-07-23,28.654757
2017-07-24,28.676777
2017-07-25,28.69553
2017-07-26,28.727322
2017-07-27,28.816807
2017-07-28,28.9564
2017-07-29,29.087187
2017-07-30,29.163551
2017-07-31,29.205332
2017-08-01,29.242968
2017-08-02,29.288927
2017-08-03,29.315678
2017-08-04,29.287205
2017-08-05,29.27465
2017-08-06,29.309437
2017-08-07,29.246092
2017-08-08,29.17735
2017-08-09,29.128902
2017-08-10,29.111902
2017-08-11,29.08188
2017-08-12,29.051868
2017-08-13,29.031803
2017-08-14,29.047771
2017-08-15,29.064466
2017-08-16,29.058817
2017-08-17,29.013275
2017-08-18,29.013897
2017-08-19,28.993462
2017-08-20,29.036097
2017-08-21,29.107363
2017-08-22,29.103735
2017-08-23,29.172922
2017-08-24,29.197973
2017-08-25,29.203884
2017-08-26,29.185122
2017-08-27,29.12232
2017-08-28,29.113747
2017-08-29,29.160069
2017-08-30,29.211325
2017-08-31,29.15601
2017-09-01,29.11617
2017-09-02,29.089914
2017-09-03,29.175573
2017-09-04,29.240028
2017-09-05,29.290987
2017-09-06,29.378302
2017-09-07,29.494062
2017-09-08,29.585253
2017-09-09,29.601538
2017-09-10,29.583569
2017-09-11,29.67095
2017-09-12,29.626038
2017-09-13,29.54474
2017-09-14,29.502098
2017-09-15,29.608809
2017-09-16,29.77545
2017-09-17,29.648972
2017-09-18,29.52484
2017-09-19,29.417881
2017-09-20,29.411606
2017-09-21,29.474422
2017-09-22,29.573175
2017-09-23,29.697632
2017-09-24,29.708523
2017-09-25,29.748503
2017-09-26,29.733866
2017-09-27,29.636858
2017-09-28,29.5728
2017-09-29,29.570139
2017-09-30,29.634062
2017-10-01,29.686386
2017-10-02,29.750858
2017-10-03,29.763908
2017-10-04,29.862268
2017-10-05,29.759367
2017-10-06,29.625456
2017-10-07,29.557646
2017-10-08,29.600866
2017-10-09,29.659525
2017-10-10,29.824492
2017-10-11,29.909946
2017-10-12,29.960285
2017-10-13,29.989534
2017-10-14,29.966589
2017-10-15,29.971193
2017-10-16,29.874653
2017-10-17,29.82087
2017-10-18,29.734274
2017-10-19,29.627731
2017-10-20,29.535238
2017-10-21,29.455479
2017-10-22,29.416584
2017-10-23,29.536081
2017-10-24,29.562206
2017-10-25,29.46974
2017-10-26,29.42083
2017-10-27,29.380415
2017-10-28,29.337341
2017-10-29,29.232275
2017-10-30,29.121971
2017-10-31,29.039572
2017-11-01,29.013231
2017-11-02,29.015953
2017-11-03,28.99917
2017-11-04,29.010603
2017-11-05,29.025032
2017-11-06,29.05012
2017-11-07,29.043318
2017-11-08,28.98408
2017-11-09,28.919683
2017-11-10,28.871748
2017-11-11,28.854061
2017-11-12,28.833466
2017-11-13,28.841738
2017-11-14,28.854067
2017-11-15,28.847406
2017-11-16,28.84011
2017-11-17,28.867777
2017-11-18,28.97322
2017-11-19,28.974506
2017-11-20,28.896662
2017-11-21,28.813162
2017-11-22,28.618721
2017-11-23,28.371159
2017-11-24,28.185198
2017-11-25,28.042658
2017-11-26,27.90751
2017-11-27,27.769915
2017-11-28,27.63355
2017-11-29,27.516283
2017-11-30,27.425303
2017-12-01,27.359436
2017-12-02,27.341187
2017-12-03,27.300737
2017-12-04,27.222471
2017-12-05,27.155348
2017-12-06,27.10365
2017-12-07,27.088543
2017-12-08,27.182886
2017-12-09,27.277563
2017-12-10,27.341307
2017-12-11,27.377165
2017-12-12,27.314117
2017-12-13,27.220348
2017-12-14,27.155176
2017-12-15,27.083015
2017-12-16,26.985735
2017-12-17,26.900244
2017-12-18,26.833883
2017-12-19,26.773642
2017-12-20,26.720974
2017-12-21,26.673918
2017-12-22,26.60776
2017-12-23,26.575014
2017-12-24,26.57048
2017-12-25,26.566433
2017-12-26,26.535185
2017-12-27,26.530817
2017-12-28,26.529995
2017-12-29,26.506233
2017-12-30,26.512299
2017-12-31,26.482882
2018-01-01,26.42882
2018-01-02,26.44734
2018-01-03,26.399609
2018-01-04,26.330126
2018-01-05,26.219824
2018-01-06,26.132875
2018-01-07,26.058016
2018-01-08,26.013733
2018-01-09,25.959423
2018-01-10,25.892233
2018-01-11,25.82489
2018-01-12,25.792324
2018-01-13,25.762571
2018-01-14,25.685844
2018-01-15,25.637129
2018-01-16,25.590202
2018-01-17,25.54572
2018-01-18,25.498062
2018-01-19,25.475887
2018-01-20,25.425636
2018-01-21,25.385155
2018-01-22,25.357805
2018-01-23,25.324848
2018-01-24,25.298384
2018-01-25,25.315622
2018-01-26,25.32488
2018-01-27,25.323233
2018-01-28,25.319426
2018-01-29,25.297045
2018-01-30,25.263035
2018-01-31,25.270359
2018-02-01,25.316645
2018-02-02,25.396221
2018-02-03,25.369524
2018-02-04,25.400436
2018-02-05,25.45607
2018-02-06,25.525066
2018-02-07,25.600739
2018-02-08,25.658134
2018-02-09,25.723778
2018-02-10,25.768663
2018-02-11,25.692656
2018-02-12,25.696772
2018-02-13,25.724386
2018-02-14,25.709864
2018-02-15,25.691093
2018-02-16,25.647661
2018-02-17,25.652878
2018-02-18,25.683722
2018-02-19,25.664017
2018-02-20,25.664343
2018-02-21,25.706226
2018-02-22,25.82041
2018-02-23,25.904629
2018-02-24,25.983763
2018-02-25,26.029924
2018-02-26,26.153784
2018-02-27,26.25737
2018-02-28,26.346487
2018-03-01,26.409893
2018-03-02,26.482365
2018-03-03,26.53022
2018-03-04,26.61416
2018-03-05,26.785604
2018-03-06,26.893942
2018-03-07,26.89477
2018-03-08,26.884047
2018-03-09,26.877037
2018-03-10,26.968105
2018-03-11,27.071234
2018-03-12,27.11227
2018-03-13,27.159292
2018-03-14,27.189081
2018-03-15,27.31817
2018-03-16,27.430847
2018-03-17,27.562984
2018-03-18,27.713411
2018-03-19,27.85708
2018-03-20,27.90696
2018-03-21,27.951313
2018-03-22,28.023378
2018-03-23,28.094059
2018-03-24,28.182487
2018-03-25,28.182558
2018-03-26,28.146837
2018-03-27,28.075083
2018-03-28,28.16188
2018-03-29,28.146946
2018-03-30,28.160625
2018-03-31,28.1576
2018-04-01,28.302238
2018-04-02,28.281553
2018-04-03,28.37484
2018-04-04,28.408533
2018-04-05,28.413269
2018-04-06,28.434492
2018-04-07,28.536068
2018-04-08,28.534306
2018-04-09,28.732353
2018-04-10,28.77414
2018-04-11,28.831068
2018-04-12,28.916777
2018-04-13,28.91803
2018-04-14,29.016346
2018-04-15,29.137608
2018-04-16,29.307705
2018-04-17,29.405582
2018-04-18,29.390686
2018-04-19,29.313423
2018-04-20,29.335876
2018-04-21,29.388012
2018-04-22,29.372847
2018-04-23,29.428797
2018-04-24,29.473295
2018-04-25,29.4564
2018-04-26,29.504251
2018-04-27,29.57
2018-04-28,29.58569
2018-04-29,29.508581
2018-04-30,29.473763
2018-05-01,29.49962
2018-05-02,29.49933
2018-05-03,29.556984
2018-05-04,29.537445
2018-05-05,29.56493
2018-05-06,29.536953
2018-05-07,29.572731
2018-05-08,29.610115
2018-05-09,29.703236
2018-05-10,29.845118
2018-05-11,29.910534
2018-05-12,29.963154
2018-05-13,29.968431
2018-05-14,29.982735
2018-05-15,29.971148
2018-05-16,30.01243
2018-05-17,29.965477
2018-05-18,29.9607
2018-05-19,29.956696
2018-05-20,30.00711
2018-05-21,30.066278
2018-05-22,30.082438
2018-05-23,30.10838
2018-05-24,30.096615
2018-05-25,30.128494
2018-05-26,30.216127
2018-05-27,30.30445
2018-05-28,30.351585
2018-05-29,30.30445
2018-05-30,30.295267
2018-05-31,30.346754
2018-06-01,30.415792
2018-06-02,30.456842
2018-06-03,30.43978
2018-06-04,30.447388
2018-06-05,30.506424
2018-06-06,30.547056
2018-06-07,30.465078
2018-06-08,30.411297
2018-06-09,30.286312
2018-06-10,30.173178
2018-06-11,30.063097
2018-06-12,29.930323
2018-06-13,29.815536
2018-06-14,29.774334
2018-06-15,29.805843
2018-06-16,29.84025
2018-06-17,29.887941
2018-06-18,29.93018
2018-06-19,29.9623
2018-06-20,29.921852
2018-06-21,29.836786
2018-06-22,29.733501
2018-06-23,29.649944
2018-06-24,29.565586
2018-06-25,29.481853
2018-06-26,29.353834
2018-06-27,29.273222
2018-06-28,29.228231
2018-06-29,29.206915
2018-06-30,29.160368
2018-07-01,29.126144
2018-07-02,29.12653
2018-07-03,29.098728
2018-07-04,29.083746
2018-07-05,29.09693
2018-07-06,29.091425
2018-07-07,29.059885
2018-07-08,29.04002
2018-07-09,29.020084
2018-07-10,28.984016
2018-07-11,28.95514
2018-07-12,28.933857
2018-07-13,28.943542
2018-07-14,28.926744
2018-07-15,28.864307
2018-07-16,28.797411
2018-07-17,28.80006
2018-07-18,28.854582
2018-07-19,28.907745
2018-07-20,28.829384
2018-07-21,28.763351
2018-07-22,28.723818
2018-07-23,28.779364
2018-07-24,28.84512
2018-07-25,28.878437
2018-07-26,28.84437
2018-07-27,28.841702
2018-07-28,28.813921
2018-07-29,28.807129
2018-07-30,28.782503
2018-07-31,28.740688
2018-08-01,28.717258
2018-08-02,28.682318
2018-08-03,28.687765
2018-08-04,28.792637
2018-08-05,28.79503
2018-08-06,28.696243
2018-08-07,28.634588
2018-08-08,28.655087
2018-08-09,28.744474
2018-08-10,28.821486
2018-08-11,28.867949
2018-08-12,28.932224
2018-08-13,28.979404
2018-08-14,28.947807
2018-08-15,28.83004
2018-08-16,28.784285
2018-08-17,28.79814
2018-08-18,28.838448
2018-08-19,28.861301
2018-08-20,28.800419
2018-08-21,28.798288
2018-08-22,28.850878
2018-08-23,28.90869
2018-08-24,28.900412
2018-08-25,28.848354
2018-08-26,28.775547
2018-08-27,28.714546
2018-08-28,28.675598
2018-08-29,28.668789
2018-08-30,28.672064
2018-08-31,28.664541
2018-09-01,28.646954
2018-09-02,28.639803
2018-09-03,28.689985
2018-09-04,28.64403
2018-09-05,28.515776
2018-09-06,28.41064
2018-09-07,28.402842
2018-09-08,28.536442
2018-09-09,28.659632
2018-09-10,28.645386
2018-09-11,28.694084
2018-09-12,28.711264
2018-09-13,28.815453
2018-09-14,28.897446
2018-09-15,29.065765
2018-09-16,29.319109
2018-09-17,29.436745
2018-09-18,29.499788
2018-09-19,29.254038
2018-09-20,29.076702
2018-09-21,28.934357
2018-09-22,29.095879
2018-09-23,29.276073
2018-09-24,29.386461
2018-09-25,29.449537
2018-09-26,29.55499
2018-09-27,29.625689
2018-09-28,29.733175
2018-09-29,29.90594
2018-09-30,30.034496
2018-10-01,30.10166
2018-10-02,30.107164
2018-10-03,30.17522
2018-10-04,30.261621
2018-10-05,30.352488
2018-10-06,30.309998
2018-10-07,30.16928
2018-10-08,29.910683
2018-10-09,29.695498
2018-10-10,29.504025
2018-10-11,29.333813
2018-10-12,29.221663
2018-10-13,29.172691
2018-10-14,29.195902
2018-10-15,29.288988
2018-10-16,29.272068
2018-10-17,29.161322
2018-10-18,29.116419
2018-10-19,29.11595
2018-10-20,29.095299
2018-10-21,29.05262
2018-10-22,29.040438
2018-10-23,29.052097
2018-10-24,29.017326
2018-10-25,28.961603
2018-10-26,28.897388
2018-10-27,28.86815
2018-10-28,28.826235
2018-10-29,28.805058
2018-10-30,28.759096
2018-10-31,28.74379
2018-11-01,28.77156
2018-11-02,28.81564
2018-11-03,28.850414
2018-11-04,28.85294
2018-11-05,28.836191
2018-11-06,28.80497
2018-11-07,28.780638
2018-11-08,28.686731
2018-11-09,28.580229
2018-11-10,28.452196
2018-11-11,28.340803
2018-11-12,28.29863
2018-11-13,28.233927
2018-11-14,28.200962
2018-11-15,28.19956
2018-11-16,28.269276
2018-11-17,28.336323
2018-11-18,28.299475
2018-11-19,28.247654
2018-11-20,28.213371
2018-11-21,28.140112
2018-11-22,28.0615
2018-11-23,27.951086
2018-11-24,27.830038
2018-11-25,27.725506
2018-11-26,27.646935
2018-11-27,27.589005
2018-11-28,27.564066
2018-11-29,27.529638
2018-11-30,27.452566
2018-12-01,27.379055
2018-12-02,27.323996
2018-12-03,27.289557
2018-12-04,27.269938
2018-12-05,27.208176
2018-12-06,27.132158
2018-12-07,27.065004
2018-12-08,26.999237
2018-12-09,26.913042
2018-12-10,26.82769
2018-12-11,26.765913
2018-12-12,26.746866
2018-12-13,26.774994
2018-12-14,26.78626
2018-12-15,26.792433
2018-12-16,26.860357
2018-12-17,26.97026
2018-12-18,27.026197
2018-12-19,26.977211
2018-12-20,26.900782
2018-12-21,26.795448
2018-12-22,26.715847
2018-12-23,26.634718
2018-12-24,26.541862
2018-12-25,26.44977
2018-12-26,26.357843
2018-12-27,26.286163
2018-12-28,26.238398
2018-12-29,26.17808
2018-12-30,26.118473
2018-12-31,26.078503
2019-01-01,26.032986
2019-01-02,26.017252
2019-01-03,26.010363
2019-01-04,26.001728
2019-01-05,26.019226
2019-01-06,26.051327
2019-01-07,26.021566
2019-01-08,26.004343
2019-01-09,26.03271
2019-01-10,25.980469
2019-01-11,25.939236
2019-01-12,25.878946
2019-01-13,25.845966
2019-01-14,25.819403
2019-01-15,25.791914
2019-01-16,25.757536
2019-01-17,25.741306
2019-01-18,25.734026
2019-01-19,25.747496
2019-01-20,25.764885
2019-01-21,25.77841
2019-01-22,25.817896
2019-01-23,25.864958
2019-01-24,25.881748
2019-01-25,25.866556
2019-01-26,25.902279
2019-01-27,25.930822
2019-01-28,25.93733
2019-01-29,25.921448
2019-01-30,25.858793
2019-01-31,25.809631
2019-02-01,25.831774
2019-02-02,25.830988
2019-02-03,25.805418
2019-02-04,25.804688
2019-02-05,25.791264
2019-02-06,25.796068
2019-02-07,25.78611
2019-02-08,25.839748
2019-02-09,25.8892
2019-02-10,25.761162
2019-02-11,25.712679
2019-02-12,25.647768
2019-02-13,25.62595
2019-02-14,25.67089
2019-02-15,25.751045
2019-02-16,25.715721
2019-02-17,25.825472
2019-02-18,25.972479
2019-02-19,26.104567
2019-02-20,26.110584
2019-02-21,26.150805
2019-02-22,26.265247
2019-02-23,26.491316
2019-02-24,26.711082
2019-02-25,26.773071
2019-02-26,26.817688
2019-02-27,26.924221
2019-02-28,26.948881
2019-03-01,26.81846
2019-03-02,26.618773
2019-03-03,26.529943
2019-03-04,26.587732
2019-03-05,26.509241
2019-03-06,26.613056
2019-03-07,26.677557
2019-03-08,26.815302
2019-03-09,26.943697
2019-03-10,26.90587
2019-03-11,26.94944
2019-03-12,27.039064
2019-03-13,27.159376
2019-03-14,27.338268
2019-03-15,27.501589
2019-03-16,27.539495
2019-03-17,27.634064
2019-03-18,27.487719
2019-03-19,27.631817
2019-03-20,27.756933
2019-03-21,27.735212
2019-03-22,27.752327
2019-03-23,27.913517
2019-03-24,28.015917
2019-03-25,28.06452
2019-03-26,28.173098
2019-03-27,28.21079
2019-03-28,28.199644
2019-03-29,28.220854
2019-03-30,28.198902
2019-03-31,28.224165
2019-04-01,28.317383
2019-04-02,28.385746
2019-04-03,28.47383
2019-04-04,28.471704
2019-04-05,28.4688
2019-04-06,28.629183
2019-04-07,28.629906
2019-04-08,28.664194
2019-04-09,28.689764
2019-04-10,28.749466
2019-04-11,28.79658
2019-04-12,28.848042
2019-04-13,28.992332
2019-04-14,29.089317
2019-04-15,29.103378
2019-04-16,29.191345
2019-04-17,29.315855
2019-04-18,29.50443
2019-04-19,29.498491
2019-04-20,29.558462
2019-04-21,29.652695
2019-04-22,29.789583
2019-04-23,30.00842
2019-04-24,30.087633
2019-04-25,30.07408
2019-04-26,29.963602
2019-04-27,29.980955
2019-04-28,29.987286
2019-04-29,29.998646
2019-04-30,29.902224
2019-05-01,29.775845
2019-05-02,29.695015
2019-05-03,29.527374
2019-05-04,29.503094
2019-05-05,29.607418
2019-05-06,29.640186
2019-05-07,29.632622
2019-05-08,29.657343
2019-05-09,29.726107
2019-05-10,29.797922
2019-05-11,29.872793
2019-05-12,29.955914
2019-05-13,29.9809
2019-05-14,30.066496
2019-05-15,30.060251
2019-05-16,30.068169
2019-05-17,30.03181
2019-05-18,30.065424
2019-05-19,30.131653
2019-05-20,30.229277
2019-05-21,30.215689
2019-05-22,30.167324
2019-05-23,30.145445
2019-05-24,30.08097
2019-05-25,30.034506
2019-05-26,30.063614
2019-05-27,30.126684
2019-05-28,30.215435
2019-05-29,30.218752
2019-05-30,30.227491
2019-05-31,30.2897
2019-06-01,30.32729
2019-06-02,30.328846
2019-06-03,30.384869
2019-06-04,30.382427
2019-06-05,30.316027
2019-06-06,30.207178
2019-06-07,30.135235
2019-06-08,30.116274
2019-06-09,30.128899
2019-06-10,30.100147
2019-06-11,30.08308
2019-06-12,30.124365
2019-06-13,30.099571
2019-06-14,30.057343
2019-06-15,29.995588
2019-06-16,29.923397
2019-06-17,29.892378
2019-06-18,29.844362
2019-06-19,29.785252
2019-06-20,29.710032
2019-06-21,29.748932
2019-06-22,29.851759
2019-06-23,30.011908
2019-06-24,30.19478
2019-06-25,30.169708
2019-06-26,30.148857
2019-06-27,30.12407
2019-06-28,30.127272
2019-06-29,30.028078
2019-06-30,29.91981
2019-07-01,29.808575
2019-07-02,29.733496
2019-07-03,29.631104
2019-07-04,29.552986
2019-07-05,29.427904
2019-07-06,29.29976
2019-07-07,29.238672
2019-07-08,29.219555
2019-07-09,29.192905
2019-07-10,29.171644
2019-07-11,29.169495
2019-07-12,29.195438
2019-07-13,29.17943
2019-07-14,29.175497
2019-07-15,29.233839
2019-07-16,29.335741
2019-07-17,29.417013
2019-07-18,29.459702
2019-07-19,29.517797
2019-07-20,29.668013
2019-07-21,29.798756
2019-07-22,29.714258
2019-07-23,29.645765
2019-07-24,29.541428
2019-07-25,29.42061
2019-07-26,29.286234
2019-07-27,29.220623
2019-07-28,29.155096
2019-07-29,29.133898
2019-07-30,29.122074
2019-07-31,29.112265
2019-08-01,29.056305
2019-08-02,28.98302
2019-08-03,28.939981
2019-08-04,28.899351
2019-08-05,28.862986
2019-08-06,28.780634
2019-08-07,28.696962
2019-08-08,28.671448
2019-08-09,28.79281
2019-08-10,28.944742
2019-08-11,28.938951
2019-08-12,28.803629
2019-08-13,28.782925
2019-08-14,28.897142
2019-08-15,29.063063
2019-08-16,29.22514
2019-08-17,29.216513
2019-08-18,29.173002
2019-08-19,29.2584
2019-08-20,29.322348
2019-08-21,29.322521
2019-08-22,29.294756
2019-08-23,29.226646
2019-08-24,29.20255
2019-08-25,29.066486
2019-08-26,28.987165
2019-08-27,28.951086
2019-08-28,28.91559
2019-08-29,29.053553
2019-08-30,29.228722
2019-08-31,29.24381
2019-09-01,29.055782
2019-09-02,28.988815
2019-09-03,28.918098
2019-09-04,28.86637
2019-09-05,28.790024
2019-09-06,28.713533
2019-09-07,28.647202
2019-09-08,28.628025
2019-09-09,28.628342
2019-09-10,28.572168
2019-09-11,28.474709
2019-09-12,28.420116
2019-09-13,28.478167
2019-09-14,28.668999
2019-09-15,28.846655
2019-09-16,29.109697
2019-09-17,29.114431
2019-09-18,29.121105
2019-09-19,29.35685
2019-09-20,29.529825
2019-09-21,29.602724
2019-09-22,29.456083
2019-09-23,29.364933
2019-09-24,29.199982
2019-09-25,29.20405
2019-09-26,29.321636
2019-09-27,29.27676
2019-09-28,29.378693
2019-09-29,29.476452
2019-09-30,29.51237
2019-10-01,29.444798
2019-10-02,29.475937
2019-10-03,29.529497
2019-10-04,29.530725
2019-10-05,29.633593
2019-10-06,29.632502
2019-10-07,29.623909
2019-10-08,29.597609
2019-10-09,29.57529
2019-10-10,29.587057
2019-10-11,29.666569
2019-10-12,29.796684
2019-10-13,29.833466
2019-10-14,29.845251
2019-10-15,29.785578
2019-10-16,29.849691
2019-10-17,29.939777
2019-10-18,30.028776
2019-10-19,30.148968
2019-10-20,30.277132
2019-10-21,30.386263
2019-10-22,30.462162
2019-10-23,30.430336
2019-10-24,30.298414
2019-10-25,30.171894
2019-10-26,30.124166
2019-10-27,30.067272
2019-10-28,29.926188
2019-10-29,29.85209
2019-10-30,29.756914
2019-10-31,29.652
2019-11-01,29.53465
2019-11-02,29.442669
2019-11-03,29.39192
2019-11-04,29.312256
2019-11-05,29.248945
2019-11-06,29.12743
2019-11-07,29.020824
2019-11-08,28.94014
2019-11-09,28.818909
2019-11-10,28.72555
2019-11-11,28.688717
2019-11-12,28.613913
2019-11-13,28.516602
2019-11-14,28.478775
2019-11-15,28.490637
2019-11-16,28.529573
2019-11-17,28.549398
2019-11-18,28.484272
2019-11-19,28.412806
2019-11-20,28.365744
2019-11-21,28.299349
2019-11-22,28.236069
2019-11-23,28.18244
2019-11-24,28.131245
2019-11-25,28.084259
2019-11-26,28.077654
2019-11-27,28.091145
2019-11-28,28.126062
2019-11-29,28.156254
2019-11-30,28.166002
2019-12-01,28.137323
2019-12-02,28.065832
2019-12-03,27.953678
2019-12-04,27.82101
2019-12-05,27.701427
2019-12-06,27.6185
2019-12-07,27.539087
2019-12-08,27.460917
2019-12-09,27.371765
2019-12-10,27.306055
2019-12-11,27.218824
2019-12-12,27.137943
2019-12-13,27.093918
2019-12-14,27.062847
2019-12-15,27.028261
2019-12-16,26.997581
2019-12-17,26.967329
2019-12-18,26.934347
2019-12-19,26.803955
2019-12-20,26.619207
2019-12-21,26.454777
2019-12-22,26.332815
2019-12-23,26.244473
2019-12-24,26.177269
2019-12-25,26.106169
2019-12-26,26.065104
2019-12-27,26.009438
2019-12-28,25.953753
2019-12-29,25.880964
2019-12-30,25.81161
2019-12-31,25.790375
2020-01-01,25.795696
2020-01-02,25.849396
2020-01-03,25.866186
2020-01-04,25.924675
2020-01-05,25.939575
2020-01-06,25.844255
2020-01-07,25.764814
2020-01-08,25.69896
2020-01-09,25.750164
2020-01-10,25.67612
2020-01-11,25.639715
2020-01-12,25.554193
2020-01-13,25.48007
2020-01-14,25.42962
2020-01-15,25.40003
2020-01-16,25.442507
2020-01-17,25.50414
2020-01-18,25.507284
2020-01-19,25.541853
2020-01-20,25.548956
2020-01-21,25.59059
2020-01-22,25.587337
2020-01-23,25.566217
2020-01-24,25.516886
2020-01-25,25.401506
2020-01-26,25.32371
2020-01-27,25.247246
2020-01-28,25.202501
2020-01-29,25.19215
2020-01-30,25.267532
2020-01-31,25.304611
2020-02-01,25.274567
2020-02-02,25.239498
2020-02-03,25.206543
2020-02-04,25.147526
2020-02-05,25.124777
2020-02-06,25.142174
2020-02-07,25.15103
2020-02-08,25.179132
2020-02-09,25.181875
2020-02-10,25.190125
2020-02-11,25.1701
2020-02-12,25.134224
2020-02-13,25.14072
2020-02-14,25.241495
2020-02-15,25.413769
2020-02-16,25.552402
2020-02-17,25.571081
2020-02-18,25.65775
2020-02-19,25.693066
2020-02-20,25.685406
2020-02-21,25.716251
2020-02-22,25.777689
2020-02-23,25.911335
2020-02-24,25.990261
2020-02-25,26.031488
2020-02-26,26.04816
2020-02-27,26.017828
2020-02-28,25.997297
2020-02-29,26.036472
2020-03-01,26.102238
2020-03-02,26.157028
2020-03-03,26.24897
2020-03-04,26.347578
2020-03-05,26.409
2020-03-06,26.452988
2020-03-07,26.538607
2020-03-08,26.607414
2020-03-09,26.683376
2020-03-10,26.74926
2020-03-11,26.806702
2020-03-12,26.915815
2020-03-13,27.0936
2020-03-14,27.226933
2020-03-15,27.203505
2020-03-16,27.349287
2020-03-17,27.483562
2020-03-18,27.527542
2020-03-19,27.612926
2020-03-20,27.635897
2020-03-21,27.71364
2020-03-22,27.682247
2020-03-23,27.752514
2020-03-24,27.726265
2020-03-25,27.82386
2020-03-26,27.97275
2020-03-27,28.003885
2020-03-28,28.197151
2020-03-29,28.392937
2020-03-30,28.543829
2020-03-31,28.673092
2020-04-01,28.69885
2020-04-02,28.83107
2020-04-03,28.925856
2020-04-04,28.94008
2020-04-05,28.960293
2020-04-06,29.047321
2020-04-07,29.118683
2020-04-08,29.094212
2020-04-09,29.20695
2020-04-10,29.276634
2020-04-11,29.35251
2020-04-12,29.324091
2020-04-13,29.377563
2020-04-14,29.488947
2020-04-15,29.491344
2020-04-16,29.544159
2020-04-17,29.496973
2020-04-18,29.544243
2020-04-19,29.619175
2020-04-20,29.705969
2020-04-21,29.801424
2020-04-22,29.852268
2020-04-23,29.898472
2020-04-24,29.901121
2020-04-25,29.94257
2020-04-26,30.058878
2020-04-27,30.063585
2020-04-28,30.0928
2020-04-29,30.139082
2020-04-30,30.186323
2020-05-01,30.280329
2020-05-02,30.270777
2020-05-03,30.24549
2020-05-04,30.374617
2020-05-05,30.418415
2020-05-06,30.445099
2020-05-07,30.495882
2020-05-08,30.516495
2020-05-09,30.63517
2020-05-10,30.6924
2020-05-11,30.841684
2020-05-12,30.952766
2020-05-13,31.045105
2020-05-14,31.013256
2020-05-15,31.065825
2020-05-16,31.119455
2020-05-17,31.027313
2020-05-18,30.764502
2020-05-19,30.378675
2020-05-20,29.962347
2020-05-21,29.937607
2020-05-22,30.020737
2020-05-23,30.129051
2020-05-24,30.100584
2020-05-25,30.080692
2020-05-26,30.07582
2020-05-27,30.053724
2020-05-28,30.089544
2020-05-29,30.129395
2020-05-30,30.183159
2020-05-31,30.252481
2020-06-01,30.359709
2020-06-02,30.314695
2020-06-03,30.330338
2020-06-04,30.37321
2020-06-05,30.450687
2020-06-06,30.415396
2020-06-07,30.342813
2020-06-08,30.358364
2020-06-09,30.406656
2020-06-10,30.320356
2020-06-11,30.256878
2020-06-12,30.184914
2020-06-13,30.134789
2020-06-14,30.091585
2020-06-15,30.032461
2020-06-16,29.93819
2020-06-17,29.866531
2020-06-18,29.802534
2020-06-19,29.7831
2020-06-20,29.734964
2020-06-21,29.7159
2020-06-22,29.77174
2020-06-23,29.93769
2020-06-24,30.133446
2020-06-25,30.17438
2020-06-26,30.105469
2020-06-27,30.056273
2020-06-28,30.034466
2020-06-29,30.048292
2020-06-30,30.123882
2020-07-01,30.101038
2020-07-02,30.124056
2020-07-03,30.112759
2020-07-04,29.99795
2020-07-05,29.886307
2020-07-06,29.827757
2020-07-07,29.832432
2020-07-08,29.845238
2020-07-09,29.888107
2020-07-10,29.903854
2020-07-11,29.916409
2020-07-12,29.940737
2020-07-13,29.849075
2020-07-14,29.74805
2020-07-15,29.743273
2020-07-16,29.747515
2020-07-17,29.757608
2020-07-18,29.77877
2020-07-19,29.781534
2020-07-20,29.772398
2020-07-21,29.720018
2020-07-22,29.618292
2020-07-23,29.567924
2020-07-24,29.656496
2020-07-25,29.909876
2020-07-26,30.001326
2020-07-27,30.158579
2020-07-28,30.196598
2020-07-29,30.148668
2020-07-30,30.149258
2020-07-31,30.140158
2020-08-01,30.189972
2020-08-02,30.157839
2020-08-03,30.077385
2020-08-04,29.910927
2020-08-05,29.811266
2020-08-06,29.743258
2020-08-07,29.665321
2020-08-08,29.635893
2020-08-09,29.685816
2020-08-10,29.698133
2020-08-11,29.693108
2020-08-12,29.705433
2020-08-13,29.675907
2020-08-14,29.588356
2020-08-15,29.490257
2020-08-16,29.423256
2020-08-17,29.376707
2020-08-18,29.309982
2020-08-19,29.201302
2020-08-20,29.140184
2020-08-21,29.1418
2020-08-22,29.144896
2020-08-23,29.044601
2020-08-24,28.98357
2020-08-25,28.968954
2020-08-26,28.981737
2020-08-27,29.061342
2020-08-28,29.182718
2020-08-29,29.342115
2020-08-30,29.500725
2020-08-31,29.632109
2020-09-01,29.647188
2020-09-02,29.555555
2020-09-03,29.82926
2020-09-04,30.106785
2020-09-05,30.32508
2020-09-06,30.312412
2020-09-07,30.315363
2020-09-08,30.34707
2020-09-09,30.179535
2020-09-10,30.089256
2020-09-11,30.159086
2020-09-12,30.212917
2020-09-13,30.185171
2020-09-14,30.128546
2020-09-15,30.118284
2020-09-16,30.087318
2020-09-17,30.155212
2020-09-18,30.331718
2020-09-19,30.341898
2020-09-20,30.062572
2020-09-21,29.979996
2020-09-22,29.867838
2020-09-23,29.808765
2020-09-24,29.790148
2020-09-25,29.708492
2020-09-26,29.648129
2020-09-27,29.668787
2020-09-28,29.804726
2020-09-29,29.653645
2020-09-30,29.574932
2020-10-01,29.57966
2020-10-02,29.587143
2020-10-03,29.574114
2020-10-04,29.508894
2020-10-05,29.527607
2020-10-06,29.581474
2020-10-07,29.663012
2020-10-08,29.873722
2020-10-09,29.777927
2020-10-10,29.727705
2020-10-11,29.71344
2020-10-12,29.685564
2020-10-13,29.635153
2020-10-14,29.590693
2020-10-15,29.678726
2020-10-16,29.81499
2020-10-17,29.709755
2020-10-18,29.605501
2020-10-19,29.545948
2020-10-20,29.459387
2020-10-21,29.348848
2020-10-22,29.276527
2020-10-23,29.24705
2020-10-24,29.35005
2020-10-25,29.415874
2020-10-26,29.44639
2020-10-27,29.467127
2020-10-28,29.38516
2020-10-29,29.330154
2020-10-30,29.26449
2020-10-31,29.205868
2020-11-01,29.211178
2020-11-02,29.301592
2020-11-03,29.390747
2020-11-04,29.429451
2020-11-05,29.381844
2020-11-06,29.227997
2020-11-07,29.071152
2020-11-08,28.966448
2020-11-09,28.890131
2020-11-10,28.857607
2020-11-11,28.847681
2020-11-12,28.876978
2020-11-13,28.910389
2020-11-14,28.92796
2020-11-15,28.951872
2020-11-16,28.973635
2020-11-17,28.986347
2020-11-18,28.94392
2020-11-19,28.859213
2020-11-20,28.772228
2020-11-21,28.69709
2020-11-22,28.599514
2020-11-23,28.466349
2020-11-24,28.347942
2020-11-25,28.287743
2020-11-26,28.278582
2020-11-27,28.285866
2020-11-28,28.282673
2020-11-29,28.244251
2020-11-30,28.206676
2020-12-01,28.19643
2020-12-02,28.172415
2020-12-03,28.115175
2020-12-04,28.058708
2020-12-05,27.988049
2020-12-06,27.92333
2020-12-07,27.855633
2020-12-08,27.76669
2020-12-09,27.675444
2020-12-10,27.57613
2020-12-11,27.492397
2020-12-12,27.425007
2020-12-13,27.37057
2020-12-14,27.364283
2020-12-15,27.407694
2020-12-16,27.42058
2020-12-17,27.39838
2020-12-18,27.354284
2020-12-19,27.243376
2020-12-20,27.106606
2020-12-21,26.977837
2020-12-22,26.859026
2020-12-23,26.753502
2020-12-24,26.673275
2020-12-25,26.629198
2020-12-26,26.625517
2020-12-27,26.590256
2020-12-28,26.533422
2020-12-29,26.476974
2020-12-30,26.437
2020-12-31,26.414938
2021-01-01,26.393324
2021-01-02,26.346935
2021-01-03,26.313845
2021-01-04,26.325794
2021-01-05,26.368067
2021-01-06,26.405592
2021-01-07,26.459942
2021-01-08,26.510115
2021-01-09,26.557205
2021-01-10,26.64324
2021-01-11,26.672552
2021-01-12,26.704817
2021-01-13,26.713173
2021-01-14,26.662432
2021-01-15,26.604904
2021-01-16,26.51687
2021-01-17,26.398647
2021-01-18,26.357834
2021-01-19,26.350674
2021-01-20,26.39994
2021-01-21,26.431847
2021-01-22,26.392117
2021-01-23,26.3507
2021-01-24,26.32967
2021-01-25,26.316334
2021-01-26,26.31536
2021-01-27,26.29677
2021-01-28,26.26001
2021-01-29,26.238737
2021-01-30,26.216825
2021-01-31,26.184595
2021-02-01,26.120161
2021-02-02,26.0468
2021-02-03,25.98406
2021-02-04,25.933254
2021-02-05,25.927593
2021-02-06,25.912739
2021-02-07,25.893154
2021-02-08,25.873007
2021-02-09,25.854288
2021-02-10,25.880785
2021-02-11,25.878475
2021-02-12,25.867857
2021-02-13,25.871778
2021-02-14,25.91177
2021-02-15,25.950819
2021-02-16,25.992905
2021-02-17,26.008923
2021-02-18,26.113632
2021-02-19,26.162909
2021-02-20,26.111723
2021-02-21,26.189894
2021-02-22,26.275988
2021-02-23,26.340008
2021-02-24,26.433277
2021-02-25,26.457912
2021-02-26,26.507719
2021-02-27,26.641966
2021-02-28,26.73266
2021-03-01,26.785318
2021-03-02,26.9028
2021-03-03,26.936539
2021-03-04,27.034344
2021-03-05,27.041706
2021-03-06,27.12495
2021-03-07,27.23431
2021-03-08,27.30151
2021-03-09,27.329796
2021-03-10,27.36953
2021-03-11,27.46196
2021-03-12,27.534992
2021-03-13,27.601433
2021-03-14,27.692299
2021-03-15,27.743002
2021-03-16,27.766388
2021-03-17,27.818316
2021-03-18,27.798826
2021-03-19,27.796177
2021-03-20,27.837114
2021-03-21,27.974752
2021-03-22,28.11214
2021-03-23,28.297104
2021-03-24,28.405365
2021-03-25,28.544367
2021-03-26,28.589548
2021-03-27,28.722754
2021-03-28,28.736294
2021-03-29,28.70535
2021-03-30,28.635752
2021-03-31,28.652325
2021-04-01,28.696962
2021-04-02,28.891682
2021-04-03,28.913929
2021-04-04,28.921
2021-04-05,28.828642
2021-04-06,28.861546
2021-04-07,28.861609
2021-04-08,28.898878
2021-04-09,28.995602
2021-04-10,29.067183
2021-04-11,29.231256
2021-04-12,29.40633
2021-04-13,29.51839
2021-04-14,29.59704
2021-04-15,29.597462
2021-04-16,29.427464
2021-04-17,29.591238
2021-04-18,29.66832
2021-04-19,29.624037
2021-04-20,29.652819
2021-04-21,29.709639
2021-04-22,29.67488
2021-04-23,29.717463
2021-04-24,29.762959
2021-04-25,29.825003
2021-04-26,29.816196
2021-04-27,29.810898
2021-04-28,29.949701
2021-04-29,30.028578
2021-04-30,30.14697
2021-05-01,30.210794
2021-05-02,30.309835
2021-05-03,30.354237
2021-05-04,30.383923
2021-05-05,30.471516
2021-05-06,30.56255
2021-05-07,30.590435
2021-05-08,30.74908
2021-05-09,30.807592
2021-05-10,30.899683
2021-05-11,30.87729
2021-05-12,30.796947
2021-05-13,30.86997
2021-05-14,30.84794
2021-05-15,31.014463
2021-05-16,31.15913
2021-05-17,31.215616
2021-05-18,31.164026
2021-05-19,31.19464
2021-05-20,31.1634
2021-05-21,31.199808
2021-05-22,31.247915
2021-05-23,31.047548
2021-05-24,30.670565
2021-05-25,30.0947
2021-05-26,29.795834
2021-05-27,29.843065
2021-05-28,30.009089
2021-05-29,30.198227
2021-05-30,30.171621
2021-05-31,30.14543
2021-06-01,30.225817
2021-06-02,30.386961
2021-06-03,30.449135
2021-06-04,30.48111
2021-06-05,30.48045
2021-06-06,30.463223
2021-06-07,30.411026
2021-06-08,30.347076
2021-06-09,30.202236
2021-06-10,30.06985
2021-06-11,29.991089
2021-06-12,29.905497
2021-06-13,29.836237
2021-06-14,29.786228
2021-06-15,29.698524
2021-06-16,29.619379
2021-06-17,29.517115
2021-06-18,29.435024
2021-06-19,29.39701
2021-06-20,29.415901
2021-06-21,29.46521
2021-06-22,29.424002
2021-06-23,29.424883
2021-06-24,29.393559
2021-06-25,29.426004
2021-06-26,29.483942
2021-06-27,29.520004
2021-06-28,29.560104
2021-06-29,29.535961
2021-06-30,29.508293
2021-07-01,29.480433
2021-07-02,29.450129
2021-07-03,29.435852
2021-07-04,29.485533
2021-07-05,29.621353
2021-07-06,29.650969
2021-07-07,29.566717
2021-07-08,29.525517
2021-07-09,29.557539
2021-07-10,29.57584
2021-07-11,29.599148
2021-07-12,29.589705
2021-07-13,29.544964
2021-07-14,29.648876
2021-07-15,29.811789
2021-07-16,29.798275
2021-07-17,29.790874
2021-07-18,29.790998
2021-07-19,29.765352
2021-07-20,29.75854
2021-07-21,29.725677
2021-07-22,29.624992
2021-07-23,29.55794
2021-07-24,29.554548
2021-07-25,29.551693
2021-07-26,29.474829
2021-07-27,29.39433
2021-07-28,29.349266
2021-07-29,29.28563
2021-07-30,29.255907
2021-07-31,29.267265
2021-08-01,29.24139
2021-08-02,29.215397
2021-08-03,29.174057
2021-08-04,29.155853
2021-08-05,29.143202
2021-08-06,29.111044
2021-08-07,29.156488
2021-08-08,29.277447
2021-08-09,29.40285
2021-08-10,29.473799
2021-08-11,29.565855
2021-08-12,29.588703
2021-08-13,29.659168
2021-08-14,29.74783
2021-08-15,29.748978
2021-08-16,29.616032
2021-08-17,29.518835
2021-08-18,29.452421
2021-08-19,29.404533
2021-08-20,29.444294
2021-08-21,29.543428
2021-08-22,29.62584
2021-08-23,29.584196
2021-08-24,29.655706
2021-08-25,29.675674
2021-08-26,29.62209
2021-08-27,29.581997
2021-08-28,29.591312
2021-08-29,29.582031
2021-08-30,29.55976
2021-08-31,29.647898
2021-09-01,29.841257
2021-09-02,29.89877
2021-09-03,29.844393
2021-09-04,29.822956
2021-09-05,29.694996
2021-09-06,29.61072
2021-09-07,29.563084
2021-09-08,29.552788
2021-09-09,29.559166
2021-09-10,29.52528
2021-09-11,29.453405
2021-09-12,29.371702
2021-09-13,29.283272
2021-09-14,29.215324
2021-09-15,29.247438
2021-09-16,29.278835
2021-09-17,29.229664
2021-09-18,29.253498
2021-09-19,29.299858
2021-09-20,29.336065
2021-09-21,29.346811
2021-09-22,29.335068
2021-09-23,29.38098
2021-09-24,29.34492
2021-09-25,29.251163
2021-09-26,29.294104
2021-09-27,29.240744
2021-09-28,29.176691
2021-09-29,29.284544
2021-09-30,29.492104
2021-10-01,29.642506
2021-10-02,29.738405
2021-10-03,29.715508
2021-10-04,29.780619
2021-10-05,29.87698
2021-10-06,29.934483
2021-10-07,29.9812
2021-10-08,29.97596
2021-10-09,30.104498
2021-10-10,30.224041
2021-10-11,30.248253
2021-10-12,30.129078
2021-10-13,29.916712
2021-10-14,29.906075
2021-10-15,29.944258
2021-10-16,29.826836
2021-10-17,29.658888
2021-10-18,29.582146
2021-10-19,29.533758
2021-10-20,29.592646
2021-10-21,29.60778
2021-10-22,29.584465
2021-10-23,29.584303
2021-10-24,29.49541
2021-10-25,29.431263
2021-10-26,29.378702
2021-10-27,29.409678
2021-10-28,29.42902
2021-10-29,29.473955
2021-10-30,29.509068
2021-10-31,29.547935
2021-11-01,29.534805
2021-11-02,29.472286
2021-11-03,29.388638
2021-11-04,29.24598
2021-11-05,29.164625
2021-11-06,29.033506
2021-11-07,28.938604
2021-11-08,28.879211
2021-11-09,28.872797
2021-11-10,28.881222
2021-11-11,28.910097
2021-11-12,28.945265
2021-11-13,29.002804
2021-11-14,29.023363
2021-11-15,29.034246
2021-11-16,28.98939
2021-11-17,28.968218
2021-11-18,28.94554
2021-11-19,28.91526
2021-11-20,28.918676
2021-11-21,28.889523
2021-11-22,28.857464
2021-11-23,28.81606
2021-11-24,28.77887
2021-11-25,28.733547
2021-11-26,28.691029
2021-11-27,28.630383
2021-11-28,28.549187
2021-11-29,28.448812
2021-11-30,28.366293
2021-12-01,28.299923
2021-12-02,28.2772
2021-12-03,28.284018
2021-12-04,28.285915
2021-12-05,28.317589
2021-12-06,28.309002
2021-12-07,28.266565
2021-12-08,28.223553
2021-12-09,28.199154
2021-12-10,28.14702
2021-12-11,28.101513
2021-12-12,28.053793
2021-12-13,27.943583
2021-12-14,27.811274
2021-12-15,27.69276
2021-12-16,27.568443
2021-12-17,27.442554
2021-12-18,27.329477
2021-12-19,27.243265
2021-12-20,27.117695
2021-12-21,26.96082
2021-12-22,26.79506
2021-12-23,26.674816
2021-12-24,26.595802
2021-12-25,26.572065
2021-12-26,26.5836
2021-12-27,26.624332
2021-12-28,26.648417
2021-12-29,26.673143
2021-12-30,26.698929
2021-12-31,26.739355
2022-01-01,26.723152
2022-01-02,26.658686
2022-01-03,26.602142
2022-01-04,26.559904
2022-01-05,26.545397
2022-01-06,26.477005
2022-01-07,26.439085
2022-01-08,26.431618
2022-01-09,26.39431
2022-01-10,26.355673
2022-01-11,26.298904
2022-01-12,26.297722
2022-01-13,26.273369
2022-01-14,26.305115
2022-01-15,26.313519
2022-01-16,26.254473
2022-01-17,26.205643
2022-01-18,26.116558
2022-01-19,26.007109
2022-01-20,25.982887
2022-01-21,25.982586
2022-01-22,26.004126
2022-01-23,26.064362
2022-01-24,26.096869
2022-01-25,26.171587
2022-01-26,26.210415
2022-01-27,26.17809
2022-01-28,26.151276
2022-01-29,26.059984
2022-01-30,25.94617
2022-01-31,25.888514
2022-02-01,25.871742
2022-02-02,25.887028
2022-02-03,25.872265
2022-02-04,25.884907
2022-02-05,25.941868
2022-02-06,25.862331
2022-02-07,25.836184
2022-02-08,25.79527
2022-02-09,25.766047
2022-02-10,25.790333
2022-02-11,25.744556
2022-02-12,25.728167
2022-02-13,25.682198
2022-02-14,25.635641
2022-02-15,25.590899
2022-02-16,25.579111
2022-02-17,25.581085
2022-02-18,25.607544
2022-02-19,25.633656
2022-02-20,25.704712
2022-02-21,25.771517
2022-02-22,25.953007
2022-02-23,25.939129
2022-02-24,25.950396
2022-02-25,26.023918
2022-02-26,26.086676
2022-02-27,26.135885
2022-02-28,26.2278
2022-03-01,26.261131
2022-03-02,26.305506
2022-03-03,26.371456
2022-03-04,26.403723
2022-03-05,26.40663
2022-03-06,26.495684
2022-03-07,26.585426
2022-03-08,26.745209
2022-03-09,26.858644
2022-03-10,26.951506
2022-03-11,26.983656
2022-03-12,27.060469
2022-03-13,27.18288
2022-03-14,27.306532
2022-03-15,27.461681
2022-03-16,27.622822
2022-03-17,27.709229
2022-03-18,27.807076
2022-03-19,27.922163
2022-03-20,27.958576
2022-03-21,28.075003
2022-03-22,28.045004
2022-03-23,28.111786
2022-03-24,28.174461
2022-03-25,28.256424
2022-03-26,28.360384
2022-03-27,28.464413
2022-03-28,28.57401
2022-03-29,28.613007
2022-03-30,28.730253
2022-03-31,28.769873
2022-04-01,28.869438
2022-04-02,28.877121
2022-04-03,28.884436
2022-04-04,28.854448
2022-04-05,29.021893
2022-04-06,29.145695
2022-04-07,29.218346
2022-04-08,29.245737
2022-04-09,29.291311
2022-04-10,29.268286
2022-04-11,29.25525
2022-04-12,29.264154
2022-04-13,29.239996
2022-04-14,29.206135
2022-04-15,29.249489
2022-04-16,29.359795
2022-04-17,29.510565
2022-04-18,29.642563
2022-04-19,29.792997
2022-04-20,29.793507
2022-04-21,29.818325
2022-04-22,29.860794
2022-04-23,29.879894
2022-04-24,29.907846
2022-04-25,30.019268
2022-04-26,30.021284
2022-04-27,30.057669
2022-04-28,30.077032
2022-04-29,30.157454
2022-04-30,30.158617
2022-05-01,30.24045
2022-05-02,30.338276
2022-05-03,30.313486
2022-05-04,30.400482
2022-05-05,30.607275
2022-05-06,30.72126
2022-05-07,30.70685
2022-05-08,30.461561
2022-05-09,30.223679
2022-05-10,30.11181
2022-05-11,30.127697
2022-05-12,30.257498
2022-05-13,30.268698
2022-05-14,30.277493
2022-05-15,30.32343
2022-05-16,30.402735
2022-05-17,30.381369
2022-05-18,30.418486
2022-05-19,30.338688
2022-05-20,30.245728
2022-05-21,30.204823
2022-05-22,30.248005
2022-05-23,30.24838
2022-05-24,30.283398
2022-05-25,30.216148
2022-05-26,30.151428
2022-05-27,30.137974
2022-05-28,30.156693
2022-05-29,30.160204
2022-05-30,30.137169
2022-05-31,30.073692
2022-06-01,30.02687
2022-06-02,30.05105
2022-06-03,30.059458
2022-06-04,30.045101
2022-06-05,30.066881
2022-06-06,30.096418
2022-06-07,30.05014
2022-06-08,30.002428
2022-06-09,29.98866
2022-06-10,29.955471
2022-06-11,29.956484
2022-06-12,30.004713
2022-06-13,30.08889
2022-06-14,30.162136
2022-06-15,30.172163
2022-06-16,30.147152
2022-06-17,30.150967
2022-06-18,30.136631
2022-06-19,30.095755
2022-06-20,30.04964
2022-06-21,29.95961
2022-06-22,29.902983
2022-06-23,29.857145
2022-06-24,29.815897
2022-06-25,29.809963
2022-06-26,29.899158
2022-06-27,29.93931
2022-06-28,29.945879
2022-06-29,29.98871
2022-06-30,30.00574
2022-07-01,29.95278
2022-07-02,29.869293
2022-07-03,29.865135
2022-07-04,29.826408
2022-07-05,29.813065
2022-07-06,29.808208
2022-07-07,29.797855
2022-07-08,29.766382
2022-07-09,29.72161
2022-07-10,29.669521
2022-07-11,29.626368
2022-07-12,29.57178
2022-07-13,29.49155
2022-07-14,29.408165
2022-07-15,29.357386
2022-07-16,29.303972
2022-07-17,29.291908
2022-07-18,29.324543
2022-07-19,29.365269
2022-07-20,29.402817
2022-07-21,29.391642
2022-07-22,29.328573
2022-07-23,29.264175
2022-07-24,29.333118
2022-07-25,29.400948
2022-07-26,29.648954
2022-07-27,29.908741
2022-07-28,30.085144
2022-07-29,30.211096
2022-07-30,30.28302
2022-07-31,30.33995
2022-08-01,30.446688
2022-08-02,30.478453
2022-08-03,30.189957
2022-08-04,30.120573
2022-08-05,30.018335
2022-08-06,29.887484
2022-08-07,29.806427
2022-08-08,29.673925
2022-08-09,29.526375
2022-08-10,29.390171
2022-08-11,29.314833
2022-08-12,29.22032
2022-08-13,29.166025
2022-08-14,29.142523
2022-08-15,29.254364
2022-08-16,29.378223
2022-08-17,29.325289
2022-08-18,29.243126
2022-08-19,29.14557
2022-08-20,29.177233
2022-08-21,29.224077
2022-08-22,29.183088
2022-08-23,29.07496
2022-08-24,29.180058
2022-08-25,29.572645
2022-08-26,29.528637
2022-08-27,29.471094
2022-08-28,29.551306
2022-08-29,29.82444
2022-08-30,30.007673
2022-08-31,30.110321
2022-09-01,30.208158
2022-09-02,30.260353
2022-09-03,30.335163
2022-09-04,30.34136
2022-09-05,30.339663
2022-09-06,30.381596
2022-09-07,30.276178
2022-09-08,30.196142
2022-09-09,30.087406
2022-09-10,29.89775
2022-09-11,29.754726
2022-09-12,29.622032
2022-09-13,29.532969
2022-09-14,29.481226
2022-09-15,29.433914
2022-09-16,29.416857
2022-09-17,29.512154
2022-09-18,29.443035
2022-09-19,29.421648
2022-09-20,29.413517
2022-09-21,29.48576
2022-09-22,29.543636
2022-09-23,29.649378
2022-09-24,29.709812
2022-09-25,29.706656
2022-09-26,29.653395
2022-09-27,29.718933
2022-09-28,29.790447
2022-09-29,29.84292
2022-09-30,29.803978
2022-10-01,29.749266
2022-10-02,29.73764
2022-10-03,29.69791
2022-10-04,29.704489
2022-10-05,29.674616
2022-10-06,29.655941
2022-10-07,29.660471
2022-10-08,29.632952
2022-10-09,29.665833
2022-10-10,29.759754
2022-10-11,29.722939
2022-10-12,29.719574
2022-10-13,29.702726
2022-10-14,29.80812
2022-10-15,29.851917
2022-10-16,29.78173
2022-10-17,29.71432
2022-10-18,29.712112
2022-10-19,29.731388
2022-10-20,29.709883
2022-10-21,29.679377
2022-10-22,29.603613
2022-10-23,29.453217
2022-10-24,29.354832
2022-10-25,29.417948
2022-10-26,29.392658
2022-10-27,29.28258
2022-10-28,29.208948
2022-10-29,29.149017
2022-10-30,29.15553
2022-10-31,29.162653
2022-11-01,29.255129
2022-11-02,29.297031
2022-11-03,29.24975
2022-11-04,29.17043
2022-11-05,29.114475
2022-11-06,29.076824
2022-11-07,29.044374
2022-11-08,28.995016
2022-11-09,28.941822
2022-11-10,28.888102
2022-11-11,28.867521
2022-11-12,28.831846
2022-11-13,28.774956
2022-11-14,28.7028
2022-11-15,28.62541
2022-11-16,28.563305
2022-11-17,28.534243
2022-11-18,28.490355
2022-11-19,28.425476
2022-11-20,28.464348
2022-11-21,28.512451
2022-11-22,28.477043
2022-11-23,28.40403
2022-11-24,28.297132
2022-11-25,28.184973
2022-11-26,28.080837
2022-11-27,28.022663
2022-11-28,28.029678
2022-11-29,28.134802
2022-11-30,28.21316
2022-12-01,28.229364
2022-12-02,28.198887
2022-12-03,28.165705
2022-12-04,28.119205
2022-12-05,28.079752
2022-12-06,28.033388
2022-12-07,27.96321
2022-12-08,27.905252
2022-12-09,27.88652
2022-12-10,27.889292
2022-12-11,27.852428
2022-12-12,27.77048
2022-12-13,27.674435
2022-12-14,27.620493
2022-12-15,27.53334
2022-12-16,27.42618
2022-12-17,27.342411
2022-12-18,27.288172
2022-12-19,27.244736
2022-12-20,27.18455
2022-12-21,27.107325
2022-12-22,27.039213
2022-12-23,26.985758
2022-12-24,26.943369
2022-12-25,26.901888
2022-12-26,26.953178
2022-12-27,27.003727
2022-12-28,27.001684
2022-12-29,26.962969
2022-12-30,26.877853
2022-12-31,26.819204
2023-01-01,26.769173
2023-01-02,26.739695
2023-01-03,26.679668
2023-01-04,26.607414
2023-01-05,26.555933
2023-01-06,26.494843
2023-01-07,26.38507
2023-01-08,26.275618
2023-01-09,26.227716
2023-01-10,26.193602
2023-01-11,26.135803
2023-01-12,26.115444
2023-01-13,26.085648
2023-01-14,26.086596
2023-01-15,26.103706
2023-01-16,26.111794
2023-01-17,26.101103
2023-01-18,26.078278
2023-01-19,26.06566
2023-01-20,26.05787
2023-01-21,26.03508
2023-01-22,26.031576
2023-01-23,26.040194
2023-01-24,26.063522
2023-01-25,26.07879
2023-01-26,26.117193
2023-01-27,26.111042
2023-01-28,26.159334
2023-01-29,26.193222
2023-01-30,26.182276
2023-01-31,26.206095
2023-02-01,26.181038
2023-02-02,26.162767
2023-02-03,26.127626
2023-02-04,26.078054
2023-02-05,26.046768
2023-02-06,26.055656
2023-02-07,26.095665
2023-02-08,26.096336
2023-02-09,26.155413
2023-02-10,26.17335
2023-02-11,26.209866
2023-02-12,26.245071
2023-02-13,26.215633
2023-02-14,26.188286
2023-02-15,26.215086
2023-02-16,26.201962
2023-02-17,26.24791
2023-02-18,26.350603
2023-02-19,26.419653
2023-02-20,26.505194
2023-02-21,26.61144
2023-02-22,26.650902
2023-02-23,26.671825
2023-02-24,26.764963
2023-02-25,26.802547
2023-02-26,26.912222
2023-02-27,26.998102
2023-02-28,27.01883
2023-03-01,26.989622
2023-03-02,27.006756
2023-03-03,27.090378
2023-03-04,27.10993
2023-03-05,27.255339
2023-03-06,27.343536
2023-03-07,27.402874
2023-03-08,27.366835
2023-03-09,27.390135
2023-03-10,27.47198
2023-03-11,27.462341
2023-03-12,27.556683
2023-03-13,27.719343
2023-03-14,27.935343
2023-03-15,28.072851
2023-03-16,28.130877
2023-03-17,28.13457
2023-03-18,28.211708
2023-03-19,27.974623
2023-03-20,27.87228
2023-03-21,28.043089
2023-03-22,27.999662
2023-03-23,28.085161
2023-03-24,28.254936
2023-03-25,28.298805
2023-03-26,28.353859
2023-03-27,28.406996
2023-03-28,28.574587
2023-03-29,28.582787
2023-03-30,28.611778
2023-03-31,28.609585
2023-04-01,28.616686
2023-04-02,28.577879
2023-04-03,28.692919
2023-04-04,28.791084
2023-04-05,28.847658
2023-04-06,29.07031
2023-04-07,29.114876
2023-04-08,29.18447
2023-04-09,29.221317
2023-04-10,29.364838
2023-04-11,29.522554
2023-04-12,29.65845
2023-04-13,29.72961
2023-04-14,29.801767
2023-04-15,29.876041
2023-04-16,30.03005
2023-04-17,30.13314
2023-04-18,30.239985
2023-04-19,30.191648
2023-04-20,30.127464
2023-04-21,30.133024
2023-04-22,30.234737
2023-04-23,30.384254
2023-04-24,30.462162
2023-04-25,30.432144
2023-04-26,30.44799
2023-04-27,30.50981
2023-04-28,30.579575
2023-04-29,30.630896
2023-04-30,30.743088
2023-05-01,30.705023
2023-05-02,30.704151
2023-05-03,30.759754
2023-05-04,30.714685
2023-05-05,30.745926
2023-05-06,30.854536
2023-05-07,30.877987
2023-05-08,31.025805
2023-05-09,31.194817
2023-05-10,31.124866
2023-05-11,31.021547
2023-05-12,30.71597
2023-05-13,30.366817
2023-05-14,30.087626
2023-05-15,30.171612
2023-05-16,30.220852
2023-05-17,30.29218
2023-05-18,30.316275
2023-05-19,30.329311
2023-05-20,30.400415
2023-05-21,30.444315
2023-05-22,30.440527
2023-05-23,30.432375
2023-05-24,30.402245
2023-05-25,30.411285
2023-05-26,30.478651
2023-05-27,30.634033
2023-05-28,30.839804
2023-05-29,30.939308
2023-05-30,30.814348
2023-05-31,30.80886
2023-06-01,30.795116
2023-06-02,30.828587
2023-06-03,30.937176
2023-06-04,30.923853
2023-06-05,30.898153
2023-06-06,30.783533
2023-06-07,30.682951
2023-06-08,30.591263
2023-06-09,30.495262
2023-06-10,30.460182
2023-06-11,30.478659
2023-06-12,30.51071
2023-06-13,30.481682
2023-06-14,30.43116
2023-06-15,30.450872
2023-06-16,30.530876
2023-06-17,30.51374
2023-06-18,30.496304
2023-06-19,30.415928
2023-06-20,30.296787
2023-06-21,30.192461
2023-06-22,30.105103
2023-06-23,30.021357
2023-06-24,29.942421
2023-06-25,29.8674
2023-06-26,29.780607
2023-06-27,29.770401
2023-06-28,29.868515
2023-06-29,29.956879
2023-06-30,30.082832
2023-07-01,30.162485
2023-07-02,30.25304
2023-07-03,30.219265
2023-07-04,30.179905
2023-07-05,30.008656
2023-07-06,29.8853
2023-07-07,29.811216
2023-07-08,29.79783
2023-07-09,29.958227
2023-07-10,29.892397
2023-07-11,29.849802
2023-07-12,29.826263
2023-07-13,29.79078
2023-07-14,29.713717
2023-07-15,29.647371
2023-07-16,29.606583
2023-07-17,29.586899
2023-07-18,29.558691
2023-07-19,29.526716
2023-07-20,29.474148
2023-07-21,29.43551
2023-07-22,29.41023
2023-07-23,29.440496
2023-07-24,29.440916
2023-07-25,29.394058
2023-07-26,29.371252
2023-07-27,29.369549
2023-07-28,29.383121
2023-07-29,29.393919
2023-07-30,29.382248
2023-07-31,29.276913
2023-08-01,29.189753
2023-08-02,29.13611
2023-08-03,29.155499
2023-08-04,29.172258
2023-08-05,29.22489
2023-08-06,29.223198
2023-08-07,29.174452
2023-08-08,29.114025
2023-08-09,29.160318
2023-08-10,29.26254
2023-08-11,29.334848
2023-08-12,29.349379
2023-08-13,29.358479
2023-08-14,29.429914
2023-08-15,29.449392
2023-08-16,29.413671
2023-08-17,29.287376
2023-08-18,29.196686
2023-08-19,29.239172
2023-08-20,29.396606
2023-08-21,29.446737
2023-08-22,29.380198
2023-08-23,29.295076
2023-08-24,29.217878
2023-08-25,29.162308
2023-08-26,29.144888
2023-08-27,29.175215
2023-08-28,29.330034
2023-08-29,29.547722
2023-08-30,29.634977
2023-08-31,29.747454
2023-09-01,29.720333
2023-09-02,29.718227
2023-09-03,29.656326
2023-09-04,29.549099
2023-09-05,29.484474
2023-09-06,29.452478
2023-09-07,29.35397
2023-09-08,29.344849
2023-09-09,29.458706
2023-09-10,29.447252
2023-09-11,29.420403
2023-09-12,29.33298
2023-09-13,29.25041
2023-09-14,29.230879
2023-09-15,29.248959
2023-09-16,29.303188
2023-09-17,29.423391
2023-09-18,29.305298
2023-09-19,29.234589
2023-09-20,29.223164
2023-09-21,29.26596
2023-09-22,29.379917
2023-09-23,29.513517
2023-09-24,29.583437
2023-09-25,29.809263
2023-09-26,30.01168
2023-09-27,30.10178
2023-09-28,30.035688
2023-09-29,29.80455
2023-09-30,29.664923
2023-10-01,29.56037
2023-10-02,29.455675
2023-10-03,29.43542
2023-10-04,29.444498
2023-10-05,29.558325
2023-10-06,29.66965
2023-10-07,29.752094
2023-10-08,29.735144
2023-10-09,29.831638
2023-10-10,29.973232
2023-10-11,30.044432
2023-10-12,30.08118
2023-10-13,30.185078
2023-10-14,30.207266
2023-10-15,30.13915
2023-10-16,30.118887
2023-10-17,30.093319
2023-10-18,30.135406
2023-10-19,30.076435
2023-10-20,30.002556
2023-10-21,29.911915
2023-10-22,29.723112
2023-10-23,29.575737
2023-10-24,29.549322
2023-10-25,29.647947
2023-10-26,29.663675
2023-10-27,29.592316
2023-10-28,29.574986
2023-10-29,29.494211
2023-10-30,29.44284
2023-10-31,29.407887
2023-11-01,29.450037
2023-11-02,29.531923
2023-11-03,29.57786
2023-11-04,29.630615
2023-11-05,29.57279
2023-11-06,29.5662
2023-11-07,29.51191
2023-11-08,29.415
2023-11-09,29.297104
2023-11-10,29.194828
2023-11-11,29.138973
2023-11-12,29.104065
2023-11-13,29.07932
2023-11-14,29.05995
2023-11-15,28.983189
2023-11-16,28.93036
2023-11-17,28.951607
2023-11-18,28.90359
2023-11-19,28.87047
2023-11-20,28.851433
2023-11-21,28.793049
2023-11-22,28.76124
2023-11-23,28.685867
2023-11-24,28.595743
2023-11-25,28.521307
2023-11-26,28.466448
2023-11-27,28.4357
2023-11-28,28.41698
2023-11-29,28.355242
2023-11-30,28.34073
2023-12-01,28.317749
2023-12-02,28.291605
2023-12-03,28.278439
2023-12-04,28.27652
2023-12-05,28.262295
2023-12-06,28.240395
2023-12-07,28.224047
2023-12-08,28.18528
2023-12-09,28.051321
2023-12-10,27.878925
2023-12-11,27.66356
2023-12-12,27.482395
2023-12-13,27.339323
2023-12-14,27.247248
2023-12-15,27.145416
2023-12-16,27.01509
2023-12-17,26.894016
2023-12-18,26.802034
2023-12-19,26.728191
2023-12-20,26.657124
2023-12-21,26.57488
2023-12-22,26.527721
2023-12-23,26.514841
2023-12-24,26.535563
2023-12-25,26.542898
2023-12-26,26.542078
2023-12-27,26.540482
2023-12-28,26.550146
2023-12-29,26.519993
2023-12-30,26.489098
2023-12-31,26.447567
2024-01-01,26.413452
2024-01-02,26.34089
2024-01-03,26.304771
2024-01-04,26.276457
2024-01-05,26.263208
2024-01-06,26.294157
2024-01-07,26.289627
2024-01-08,26.29196
2024-01-09,26.2565
2024-01-10,26.196829
2024-01-11,26.171047
2024-01-12,26.093418
2024-01-13,25.976519
2024-01-14,25.902826
2024-01-15,25.859642
2024-01-16,25.80353
2024-01-17,25.788784
2024-01-18,25.786419
2024-01-19,25.802134
2024-01-20,25.7845
2024-01-21,25.804924
2024-01-22,25.75776
2024-01-23,25.729128
2024-01-24,25.709846
2024-01-25,25.732777
2024-01-26,25.716827
2024-01-27,25.654081
2024-01-28,25.6079
2024-01-29,25.605856
2024-01-30,25.601572
2024-01-31,25.65872
2024-02-01,25.692131
2024-02-02,25.752506
2024-02-03,25.783533
2024-02-04,25.80855
2024-02-05,25.81392
2024-02-06,25.882534
2024-02-07,25.975283
2024-02-08,25.914795
2024-02-09,25.804916
2024-02-10,25.720175
2024-02-11,25.720705
2024-02-12,25.739397
2024-02-13,25.782969
2024-02-14,25.835888
2024-02-15,25.9154
2024-02-16,25.905134
2024-02-17,25.994696
2024-02-18,26.042736
2024-02-19,26.084522
2024-02-20,26.129253
2024-02-21,26.237663
2024-02-22,26.35644
2024-02-23,26.467457
2024-02-24,26.50592
2024-02-25,26.50142
2024-02-26,26.4276
2024-02-27,26.46264
2024-02-28,26.560684
2024-02-29,26.650343
2024-03-01,26.664244
2024-03-02,26.701233
2024-03-03,26.772598
2024-03-04,26.89091
2024-03-05,26.985289
2024-03-06,27.008593
2024-03-07,27.011162
2024-03-08,26.978237
2024-03-09,26.9487
2024-03-10,26.926409
2024-03-11,26.946722
2024-03-12,27.000776
2024-03-13,27.20821
2024-03-14,27.310833
2024-03-15,27.512188
2024-03-16,27.613134
2024-03-17,27.673714
2024-03-18,27.820168
2024-03-19,27.877842
2024-03-20,27.864956
2024-03-21,27.606913
2024-03-22,27.725616
2024-03-23,27.784391
2024-03-24,27.871355
2024-03-25,27.944582
2024-03-26,28.029598
2024-03-27,28.11818
2024-03-28,28.175484
2024-03-29,28.2311
2024-03-30,28.35629
2024-03-31,28.430344
2024-04-01,28.498384
2024-04-02,28.605833
2024-04-03,28.73824
2024-04-04,28.823544
2024-04-05,28.953407
2024-04-06,29.211906
2024-04-07,29.354782
2024-04-08,29.397411
2024-04-09,29.417122
2024-04-10,29.577707
2024-04-11,29.71557
2024-04-12,29.780033
2024-04-13,29.898832
2024-04-14,29.984068
2024-04-15,30.088533
2024-04-16,30.14595
2024-04-17,30.160664
2024-04-18,30.198408
2024-04-19,30.159021
2024-04-20,30.09032
2024-04-21,30.083767
2024-04-22,30.151138
2024-04-23,30.36667
2024-04-24,30.396936
2024-04-25,30.539104
2024-04-26,30.559519
2024-04-27,30.656832
2024-04-28,30.68225
2024-04-29,30.712313
2024-04-30,30.692856
2024-05-01,30.702393
2024-05-02,30.668045
2024-05-03,30.7331
2024-05-04,30.722082
2024-05-05,30.676258
2024-05-06,30.702524
2024-05-07,30.800611
2024-05-08,30.816633
2024-05-09,30.920078
2024-05-10,30.946146
2024-05-11,31.026436
2024-05-12,31.084154
2024-05-13,31.166986
2024-05-14,31.194593
2024-05-15,31.286232
2024-05-16,31.366539
2024-05-17,31.406672
2024-05-18,31.455301
2024-05-19,31.462397
2024-05-20,31.53842
2024-05-21,31.682846
2024-05-22,31.52905
2024-05-23,31.41213
2024-05-24,31.224983
2024-05-25,30.988369
2024-05-26,30.686428
2024-05-27,30.532198
2024-05-28,30.53022
2024-05-29,30.602594
2024-05-30,30.743359
2024-05-31,30.909578
2024-06-01,30.833216
2024-06-02,30.671719
2024-06-03,30.582325
2024-06-04,30.567266
2024-06-05,30.58451
2024-06-06,30.504332
2024-06-07,30.405602
2024-06-08,30.33819
2024-06-09,30.296135
2024-06-10,30.268501
2024-06-11,30.144846
2024-06-12,30.047174
2024-06-13,29.995306
2024-06-14,29.977955
2024-06-15,29.9952
2024-06-16,30.043907
2024-06-17,30.030024
2024-06-18,29.986168
2024-06-19,29.935411
2024-06-20,29.894413
2024-06-21,29.895584
2024-06-22,29.912514
2024-06-23,29.924917
2024-06-24,29.946083
2024-06-25,30.05794
2024-06-26,30.078403
2024-06-27,30.002365
2024-06-28,29.939297
2024-06-29,29.8741
2024-06-30,29.809343
2024-07-01,29.713903
2024-07-02,29.623549
2024-07-03,29.556383
2024-07-04,29.535364
2024-07-05,29.531618
2024-07-06,29.525581
2024-07-07,29.596825
2024-07-08,29.647425
2024-07-09,29.645905
2024-07-10,29.674313
2024-07-11,29.623085
2024-07-12,29.579853
2024-07-13,29.53603
2024-07-14,29.590887
2024-07-15,29.55326
2024-07-16,29.562243
2024-07-17,29.603445
2024-07-18,29.536423
2024-07-19,29.480368
2024-07-20,29.40859
2024-07-21,29.342463
2024-07-22,29.282059
2024-07-23,29.224924
2024-07-24,29.170141
2024-07-25,29.07776
2024-07-26,29.017618
2024-07-27,28.983118
2024-07-28,29.007214
2024-07-29,28.997852
2024-07-30,29.000263
2024-07-31,28.990194
2024-08-01,28.961138
2024-08-02,28.969095
2024-08-03,29.00446
2024-08-04,29.032282
2024-08-05,28.983843
2024-08-06,28.959524
2024-08-07,28.931564
2024-08-08,28.953217
2024-08-09,29.094555
2024-08-10,29.211742
2024-08-11,29.39451
2024-08-12,29.518345
2024-08-13,29.468784
2024-08-14,29.361479
2024-08-15,29.314829
2024-08-16,29.28986
2024-08-17,29.27437
2024-08-18,29.270119
2024-08-19,29.282553
2024-08-20,29.30502
2024-08-21,29.27535
2024-08-22,29.20066
2024-08-23,29.09583
2024-08-24,28.999857
2024-08-25,28.960308
2024-08-26,28.927824
2024-08-27,28.97167
2024-08-28,29.118273
2024-08-29,29.126476
2024-08-30,29.122936
2024-08-31,29.126842
2024-09-01,29.188421
2024-09-02,29.258352
2024-09-03,29.375109
2024-09-04,29.437077
2024-09-05,29.424913
2024-09-06,29.42346
2024-09-07,29.392502
2024-09-08,29.370201
2024-09-09,29.362535
2024-09-10,29.372353
2024-09-11,29.369257
2024-09-12,29.34008
2024-09-13,29.334354
2024-09-14,29.262735
2024-09-15,29.247025
2024-09-16,29.321068
2024-09-17,29.52176
2024-09-18,29.693027
2024-09-19,29.749636
2024-09-20,30.025333
2024-09-21,30.011948
2024-09-22,29.993076
2024-09-23,29.910149
2024-09-24,29.75052
2024-09-25,29.607805
2024-09-26,29.578537
2024-09-27,29.648983
2024-09-28,29.845276
2024-09-29,29.905958
2024-09-30,29.920343
2024-10-01,29.892756
2024-10-02,29.680096
2024-10-03,29.623947
2024-10-04,29.693039
2024-10-05,29.758308
2024-10-06,29.893723
2024-10-07,29.955776
2024-10-08,30.081495
2024-10-09,30.15862
2024-10-10,30.224483
2024-10-11,30.310814
2024-10-12,30.322346
2024-10-13,30.320436
2024-10-14,30.369663
2024-10-15,30.409922
2024-10-16,30.414856
2024-10-17,30.4229
2024-10-18,30.469082
2024-10-19,30.444265
2024-10-20,30.284216
2024-10-21,30.084923
2024-10-22,29.906748
2024-10-23,29.745998
2024-10-24,29.594368
2024-10-25,29.488459
2024-10-26,29.497107
2024-10-27,29.498615
2024-10-28,29.537003
2024-10-29,29.58296
2024-10-30,29.654808
2024-10-31,29.620855
2024-11-01,29.591997
2024-11-02,29.59158
2024-11-03,29.530294
2024-11-04,29.539738
2024-11-05,29.520298
2024-11-06,29.438873
2024-11-07,29.3721
2024-11-08,29.297737
2024-11-09,29.239853
2024-11-10,29.212627
2024-11-11,29.268797
2024-11-12,29.26608
2024-11-13,29.281483
2024-11-14,29.26021
2024-11-15,29.184797
2024-11-16,29.067137
2024-11-17,28.93781
2024-11-18,28.810455
2024-11-19,28.745209
2024-11-20,28.697462
2024-11-21,28.679083
2024-11-22,28.65531
2024-11-23,28.629543
2024-11-24,28.591814
2024-11-25,28.5293
2024-11-26,28.448902
2024-11-27,28.408667
2024-11-28,28.396164
2024-11-29,28.40868
2024-11-30,28.437004
2024-12-01,28.433065
2024-12-02,28.421772
2024-12-03,28.417105
2024-12-04,28.401468
2024-12-05,28.338127
2024-12-06,28.233995
2024-12-07,28.091465
2024-12-08,27.998251
2024-12-09,27.973076
2024-12-10,27.978949
2024-12-11,27.940811
2024-12-12,27.804478
2024-12-13,27.663023
2024-12-14,27.568981
2024-12-15,27.499765
2024-12-16,27.461473
2024-12-17,27.461052
2024-12-18,27.462084
2024-12-19,27.461866
2024-12-20,27.450434
2024-12-21,27.380972
2024-12-22,27.375654
2024-12-23,27.36665
2024-12-24,27.331745
2024-12-25,27.273113
2024-12-26,27.246326
2024-12-27,27.220491
2024-12-28,27.176155
2024-12-29,27.144382
2024-12-30,27.10507
2024-12-31,27.059021
2025-01-01,26.95975
2025-01-02,26.855442
2025-01-03,26.770815
2025-01-04,26.706656
2025-01-05,26.667677
2025-01-06,26.68825
2025-01-07,26.65906
2025-01-08,26.596012
2025-01-09,26.575127
2025-01-10,26.53836
2025-01-11,26.50713
2025-01-12,26.504644
2025-01-13,26.487507
2025-01-14,26.427273
2025-01-15,26.42297
2025-01-16,26.407164
2025-01-17,26.390131
2025-01-18,26.373816
2025-01-19,26.345232
2025-01-20,26.30934
2025-01-21,26.284195
2025-01-22,26.29568
2025-01-23,26.312864
2025-01-24,26.355812
2025-01-25,26.379772
2025-01-26,26.370981
2025-01-27,26.32646
2025-01-28,26.325706
2025-01-29,26.307755
2025-01-30,26.401012
2025-01-31,26.440191
2025-02-01,26.502277
2025-02-02,26.55934
2025-02-03,26.628523
2025-02-04,26.658613
2025-02-05,26.700096
2025-02-06,26.795197
2025-02-07,26.759684
2025-02-08,26.688795
2025-02-09,26.638464
2025-02-10,26.655714
2025-02-11,26.702179
2025-02-12,26.79561
2025-02-13,26.883516
2025-02-14,26.9712
2025-02-15,26.994377
2025-02-16,26.998238
2025-02-17,26.988329
2025-02-18,27.079056
2025-02-19,27.138304
2025-02-20,27.181122
2025-02-21,27.272257
2025-02-22,27.341301
2025-02-23,27.392645
2025-02-24,27.364744
2025-02-25,27.440664
2025-02-26,27.443441
2025-02-27,27.436764
2025-02-28,27.489182
2025-03-01,27.579031
2025-03-02,27.647438
2025-03-03,27.752058
2025-03-04,27.845474
2025-03-05,27.9403
2025-03-06,27.915836
2025-03-07,27.8899
2025-03-08,27.802324
2025-03-09,27.815825
2025-03-10,27.909252
2025-03-11,27.98786
2025-03-12,27.984077
2025-03-13,28.09219
2025-03-14,28.159197
2025-03-15,28.19543
2025-03-16,28.225924
2025-03-17,28.30532
2025-03-18,28.367403
2025-03-19,28.44109
2025-03-20,28.505014
2025-03-21,28.516182
2025-03-22,28.503479
2025-03-23,28.521828
2025-03-24,28.529263
2025-03-25,28.574862
2025-03-26,28.613737
2025-03-27,28.618454
2025-03-28,28.719595
2025-03-29,28.920286
2025-03-30,29.048433
2025-03-31,29.016836
2025-04-01,29.02393
2025-04-02,29.07647
2025-04-03,29.20386
2025-04-04,29.253948
2025-04-05,29.326801
2025-04-06,29.349447
2025-04-07,29.263252
2025-04-08,29.06831
2025-04-09,29.010643
2025-04-10,28.956837
2025-04-11,29.037292
2025-04-12,29.247425
2025-04-13,29.373638
2025-04-14,29.507954
2025-04-15,29.550777
2025-04-16,29.595776
2025-04-17,29.576138
2025-04-18,29.519835
2025-04-19,29.57575
2025-04-20,29.6343
2025-04-21,29.76759
2025-04-22,29.779837
2025-04-23,29.765257
2025-04-24,29.747337
2025-04-25,29.820856
2025-04-26,29.845102
2025-04-27,29.980257
2025-04-28,30.016287
2025-04-29,29.946306
2025-04-30,30.025105
2025-05-01,30.103693
2025-05-02,30.238947
2025-05-03,30.224478
2025-05-04,30.239529
2025-05-05,30.36932
2025-05-06,30.3809
2025-05-07,30.484545
2025-05-08,30.526127
2025-05-09,30.657423
2025-05-10,30.660898
2025-05-11,30.743713
2025-05-12,30.927752
2025-05-13,30.954454
2025-05-14,30.999195
2025-05-15,31.01349
2025-05-16,30.937893
2025-05-17,30.866827
2025-05-18,30.800648
2025-05-19,30.782318
2025-05-20,30.774784
2025-05-21,30.767242
2025-05-22,30.700043
2025-05-23,30.698471
2025-05-24,30.68834
2025-05-25,30.628408
2025-05-26,30.592098
2025-05-27,30.471249
2025-05-28,30.327013
2025-05-29,30.191416
2025-05-30,30.104357
2025-05-31,30.083794
2025-06-01,30.058126
2025-06-02,30.09727
2025-06-03,30.198786
2025-06-04,30.22677
2025-06-05,30.306896
2025-06-06,30.353746
2025-06-07,30.421219
2025-06-08,30.554443
2025-06-09,30.504642
2025-06-10,30.398035
2025-06-11,30.340635
2025-06-12,30.326523
2025-06-13,30.30725
2025-06-14,30.208
2025-06-15,30.094942
2025-06-16,30.004074
2025-06-17,29.898788
2025-06-18,29.849707
2025-06-19,29.815723
2025-06-20,29.780445
2025-06-21,29.772976
2025-06-22,29.71913
2025-06-23,29.687174
2025-06-24,29.631365
2025-06-25,29.568766
2025-06-26,29.536745
2025-06-27,29.478338
2025-06-28,29.406765
2025-06-29,29.324184
2025-06-30,29.27417
2025-07-01,29.249907
2025-07-02,29.214733
2025-07-03,29.173405
2025-07-04,29.115847
2025-07-05,29.071383
2025-07-06,29.026545
2025-07-07,28.996208
2025-07-08,29.030596
2025-07-09,29.045074
2025-07-10,29.127317
2025-07-11,29.177687
2025-07-12,29.210033
2025-07-13,29.139757
2025-07-14,29.168451
2025-07-15,29.329502
2025-07-16,29.477032
2025-07-17,29.640676
2025-07-18,29.72121
2025-07-19,29.82347
2025-07-20,29.952467
2025-07-21,29.978523
2025-07-22,29.950853
2025-07-23,29.90617
2025-07-24,29.73118
2025-07-25,29.555275
2025-07-26,29.482403
2025-07-27,29.467686
2025-07-28,29.48917
2025-07-29,29.464779
2025-07-30,29.46078
2025-07-31,29.438562
2025-08-01,29.556282
2025-08-02,29.63701
2025-08-03,29.73015
2025-08-04,29.943241
2025-08-05,30.059275
2025-08-06,30.033813
2025-08-07,29.886507
2025-08-08,29.817154
2025-08-09,29.836535
2025-08-10,29.901445
2025-08-11,30.0112
2025-08-12,30.101234
2025-08-13,30.002666
2025-08-14,29.884014
2025-08-15,29.81005
2025-08-16,29.799898
2025-08-17,29.679237
2025-08-18,29.566652
2025-08-19,29.491402
2025-08-20,29.4221
2025-08-21,29.33569
2025-08-22,29.235382
2025-08-23,29.153845
2025-08-24,29.10347
2025-08-25,29.05986
2025-08-26,29.046764
2025-08-27,29.080536
2025-08-28,29.129972
2025-08-29,29.086206
2025-08-30,29.058592
2025-08-31,29.20845
2025-09-01,29.210966
2025-09-02,29.108932
2025-09-03,29.063576
2025-09-04,29.06043
2025-09-05,29.191795
2025-09-06,29.456997
2025-09-07,29.6024
2025-09-08,29.68658
2025-09-09,29.713516
2025-09-10,29.685091
2025-09-11,29.646881
2025-09-12,29.623545
2025-09-13,29.655077
2025-09-14,29.709265
2025-09-15,29.669003
2025-09-16,29.736242
2025-09-17,29.851068
2025-09-18,29.95232
2025-09-19,29.969654
2025-09-20,29.96628
2025-09-21,29.888552
2025-09-22,29.76148
2025-09-23,29.674269
2025-09-24,29.65517
2025-09-25,29.623259
2025-09-26,29.51026
2025-09-27,29.529642
2025-09-28,29.525318
2025-09-29,29.720722
2025-09-30,29.699923
2025-10-01,29.57819
2025-10-02,29.539028
2025-10-03,29.59126
2025-10-04,29.607044
2025-10-05,29.560846
2025-10-06,29.53107
2025-10-07,29.480999
2025-10-08,29.421103
2025-10-09,29.422377
2025-10-10,29.473194
2025-10-11,29.56924
2025-10-12,29.774118
2025-10-13,29.788193
2025-10-14,29.745918
2025-10-15,29.737698
2025-10-16,29.767776
2025-10-17,29.817892
2025-10-18,29.878424
2025-10-19,29.911688
2025-10-20,29.924107
2025-10-21,29.960567
2025-10-22,29.988306
2025-10-23,30.010363
2025-10-24,29.992199
2025-10-25,29.953674
2025-10-26,29.92463
2025-10-27,29.881746
2025-10-28,29.833223
2025-10-29,29.822403
2025-10-30,29.927849
2025-10-31,29.852234
2025-11-01,29.746027
2025-11-02,29.655403
2025-11-03,29.547049
2025-11-04,29.411303
2025-11-05,29.278526
2025-11-06,29.212706
2025-11-07,29.131363
2025-11-08,29.149038
2025-11-09,29.096336
2025-11-10,28.970068
2025-11-11,28.843653
2025-11-12,28.69238
2025-11-13,28.584967
2025-11-14,28.515553
2025-11-15,28.475372
2025-11-16,28.432981
2025-11-17,28.400198
2025-11-18,28.382444
2025-11-19,28.40006
2025-11-20,28.433834
2025-11-21,28.430676
2025-11-22,28.372482
2025-11-23,28.272367
2025-11-24,28.182692
2025-11-25,28.082867
2025-11-26,27.979431
2025-11-27,27.877386
2025-11-28,27.784365
2025-11-29,27.680616
2025-11-30,27.572742
2025-12-01,27.485239
2025-12-02,27.40591
2025-12-03,27.365896
2025-12-04,27.336193
2025-12-05,27.301481
2025-12-06,27.248207
2025-12-07,27.176582
2025-12-08,27.091509
2025-12-09,27.007013
2025-12-10,26.947378
2025-12-11,26.882229
2025-12-12,26.799292
2025-12-13,26.748829
2025-12-14,26.737381
2025-12-15,26.746748
2025-12-16,26.715929
2025-12-17,26.640907
2025-12-18,26.582535
2025-12-19,26.556362
2025-12-20,26.479574
2025-12-21,26.434275
2025-12-22,26.403742
2025-12-23,26.351912
2025-12-24,26.304989
2025-12-25,26.277853
2025-12-26,26.220375
2025-12-27,26.154165
2025-12-28,26.110693
2025-12-29,26.079786
2025-12-30,26.048346
2025-12-31,26.005661
