Date,SST
2006-01-01,28.361158
2006-01-02,28.365025
2006-01-03,28.379196
2006-01-04,28.356718
2006-01-05,28.355057
2006-01-06,28.35415
2006-01-07,28.362158
2006-01-08,28.35876
2006-01-09,28.325512
2006-01-10,28.305159
2006-01-11,28.29367
2006-01-12,28.300444
2006-01-13,28.32705
2006-01-14,28.345617
2006-01-15,28.33525
2006-01-16,28.298086
2006-01-17,28.258146
2006-01-18,28.250753
2006-01-19,28.234299
2006-01-20,28.198
2006-01-21,28.146725
2006-01-22,28.117561
2006-01-23,28.063946
2006-01-24,28.049622
2006-01-25,28.01532
2006-01-26,28.01928
2006-01-27,28.026917
2006-01-28,28.052046
2006-01-29,28.087755
2006-01-30,28.111351
2006-01-31,28.123478
2006-02-01,28.18154
2006-02-02,28.24541
2006-02-03,28.264359
2006-02-04,28.3044
2006-02-05,28.308033
2006-02-06,28.349405
2006-02-07,28.387836
2006-02-08,28.413406
2006-02-09,28.43353
2006-02-10,28.44845
2006-02-11,28.460405
2006-02-12,28.485748
2006-02-13,28.479769
2006-02-14,28.584187
2006-02-15,28.588366
2006-02-16,28.660229
2006-02-17,28.672363
2006-02-18,28.64627
2006-02-19,28.64226
2006-02-20,28.664904
2006-02-21,28.652729
2006-02-22,28.627117
2006-02-23,28.615551
2006-02-24,28.594442
2006-02-25,28.566189
2006-02-26,28.600239
2006-02-27,28.5891
2006-02-28,28.613932
2006-03-01,28.637144
2006-03-02,28.72512
2006-03-03,28.804579
2006-03-04,28.934267
2006-03-05,28.929104
2006-03-06,28.99727
2006-03-07,29.006079
2006-03-08,29.070965
2006-03-09,29.083729
2006-03-10,29.141136
2006-03-11,29.179283
2006-03-12,29.191156
2006-03-13,29.260002
2006-03-14,29.209211
2006-03-15,29.186102
2006-03-16,29.207685
2006-03-17,29.19866
2006-03-18,29.099182
2006-03-19,29.08275
2006-03-20,29.099123
2006-03-21,29.054804
2006-03-22,29.063227
2006-03-23,28.990946
2006-03-24,29.045345
2006-03-25,29.159637
2006-03-26,29.059717
2006-03-27,29.112362
2006-03-28,29.39574
2006-03-29,29.448164
2006-03-30,29.47487
2006-03-31,29.37621
2006-04-01,29.517502
2006-04-02,29.5444
2006-04-03,29.593128
2006-04-04,29.594357
2006-04-05,29.700794
2006-04-06,29.65697
2006-04-07,29.742493
2006-04-08,29.811182
2006-04-09,29.915037
2006-04-10,29.96487
2006-04-11,29.905354
2006-04-12,29.913017
2006-04-13,29.979391
2006-04-14,29.954937
2006-04-15,30.17234
2006-04-16,29.971672
2006-04-17,30.024282
2006-04-18,30.057901
2006-04-19,30.102833
2006-04-20,29.932274
2006-04-21,29.852432
2006-04-22,29.805618
2006-04-23,29.721865
2006-04-24,29.614174
2006-04-25,29.47902
2006-04-26,29.370077
2006-04-27,29.3305
2006-04-28,29.300003
2006-04-29,29.292103
2006-04-30,29.30969
2006-05-01,29.324003
2006-05-02,29.326218
2006-05-03,29.44128
2006-05-04,29.58904
2006-05-05,29.562876
2006-05-06,29.614408
2006-05-07,29.672092
2006-05-08,29.77892
2006-05-09,29.885578
2006-05-10,30.066975
2006-05-11,30.11182
2006-05-12,30.049301
2006-05-13,29.994997
2006-05-14,30.013144
2006-05-15,29.953587
2006-05-16,29.836761
2006-05-17,29.735628
2006-05-18,29.651266
2006-05-19,29.565561
2006-05-20,29.472284
2006-05-21,29.403395
2006-05-22,29.357777
2006-05-23,29.329697
2006-05-24,29.289385
2006-05-25,29.233755
2006-05-26,29.15089
2006-05-27,29.096436
2006-05-28,29.075716
2006-05-29,29.092749
2006-05-30,29.069647
2006-05-31,29.113937
2006-06-01,29.293583
2006-06-02,29.216839
2006-06-03,29.25093
2006-06-04,29.224482
2006-06-05,29.210619
2006-06-06,29.219208
2006-06-07,29.222454
2006-06-08,29.204645
2006-06-09,29.17863
2006-06-10,29.15116
2006-06-11,29.19827
2006-06-12,29.25397
2006-06-13,29.241493
2006-06-14,29.24912
2006-06-15,29.250647
2006-06-16,29.25064
2006-06-17,29.245031
2006-06-18,29.189857
2006-06-19,29.13715
2006-06-20,29.061611
2006-06-21,28.977354
2006-06-22,28.9192
2006-06-23,28.889017
2006-06-24,28.912382
2006-06-25,28.849731
2006-06-26,28.82043
2006-06-27,28.802465
2006-06-28,28.787165
2006-06-29,28.79139
2006-06-30,28.788813
2006-07-01,28.773657
2006-07-02,28.747952
2006-07-03,28.739372
2006-07-04,28.763979
2006-07-05,28.809227
2006-07-06,28.833235
2006-07-07,28.856724
2006-07-08,28.867544
2006-07-09,28.860031
2006-07-10,28.849016
2006-07-11,28.810797
2006-07-12,28.761078
2006-07-13,28.686605
2006-07-14,28.641857
2006-07-15,28.605736
2006-07-16,28.571957
2006-07-17,28.549875
2006-07-18,28.508867
2006-07-19,28.50412
2006-07-20,28.547682
2006-07-21,28.544127
2006-07-22,28.584927
2006-07-23,28.605156
2006-07-24,28.640266
2006-07-25,28.621485
2006-07-26,28.596626
2006-07-27,28.562628
2006-07-28,28.504156
2006-07-29,28.489025
2006-07-30,28.492857
2006-07-31,28.486414
2006-08-01,28.453066
2006-08-02,28.461037
2006-08-03,28.48197
2006-08-04,28.531767
2006-08-05,28.687162
2006-08-06,28.81586
2006-08-07,28.764809
2006-08-08,28.782213
2006-08-09,28.773783
2006-08-10,28.735378
2006-08-11,28.694168
2006-08-12,28.680946
2006-08-13,28.672401
2006-08-14,28.624662
2006-08-15,28.575228
2006-08-16,28.549522
2006-08-17,28.545538
2006-08-18,28.527576
2006-08-19,28.571224
2006-08-20,28.582993
2006-08-21,28.634693
2006-08-22,28.701136
2006-08-23,28.847784
2006-08-24,28.984997
2006-08-25,28.861393
2006-08-26,28.775429
2006-08-27,28.741764
2006-08-28,28.726044
2006-08-29,28.692131
2006-08-30,28.675802
2006-08-31,28.644026
2006-09-01,28.632019
2006-09-02,28.629282
2006-09-03,28.630539
2006-09-04,28.627193
2006-09-05,28.607513
2006-09-06,28.592455
2006-09-07,28.509434
2006-09-08,28.45114
2006-09-09,28.452354
2006-09-10,28.391617
2006-09-11,28.381609
2006-09-12,28.347702
2006-09-13,28.284946
2006-09-14,28.211525
2006-09-15,28.167456
2006-09-16,28.208809
2006-09-17,28.312466
2006-09-18,28.358694
2006-09-19,28.362665
2006-09-20,28.49227
2006-09-21,28.578873
2006-09-22,28.653055
2006-09-23,28.675032
2006-09-24,28.620266
2006-09-25,28.578993
2006-09-26,28.495722
2006-09-27,28.414616
2006-09-28,28.349537
2006-09-29,28.288359
2006-09-30,28.251122
2006-10-01,28.273788
2006-10-02,28.25503
2006-10-03,28.263987
2006-10-04,28.28001
2006-10-05,28.28659
2006-10-06,28.264013
2006-10-07,28.232323
2006-10-08,28.240477
2006-10-09,28.26733
2006-10-10,28.308407
2006-10-11,28.352835
2006-10-12,28.494724
2006-10-13,28.578175
2006-10-14,28.650082
2006-10-15,28.846663
2006-10-16,29.051264
2006-10-17,28.990599
2006-10-18,28.859556
2006-10-19,28.923122
2006-10-20,28.889273
2006-10-21,28.933102
2006-10-22,28.860992
2006-10-23,28.962107
2006-10-24,28.872528
2006-10-25,28.84052
2006-10-26,28.807419
2006-10-27,28.883768
2006-10-28,29.03986
2006-10-29,28.93059
2006-10-30,28.936508
2006-10-31,28.907312
2006-11-01,28.883318
2006-11-02,28.969687
2006-11-03,29.002005
2006-11-04,28.985363
2006-11-05,29.0662
2006-11-06,29.100515
2006-11-07,29.052397
2006-11-08,29.025066
2006-11-09,29.047813
2006-11-10,29.186987
2006-11-11,29.176884
2006-11-12,29.1162
2006-11-13,29.063265
2006-11-14,29.02903
2006-11-15,29.002642
2006-11-16,29.068155
2006-11-17,28.985655
2006-11-18,28.956663
2006-11-19,28.931845
2006-11-20,28.943237
2006-11-21,28.975906
2006-11-22,28.928905
2006-11-23,28.977089
2006-11-24,28.9681
2006-11-25,28.98136
2006-11-26,29.003035
2006-11-27,28.943851
2006-11-28,28.933916
2006-11-29,28.867393
2006-11-30,28.830631
2006-12-01,28.785448
2006-12-02,28.712948
2006-12-03,28.65593
2006-12-04,28.612455
2006-12-05,28.618738
2006-12-06,28.629015
2006-12-07,28.652729
2006-12-08,28.758512
2006-12-09,28.66826
2006-12-10,28.666288
2006-12-11,28.667282
2006-12-12,28.687265
2006-12-13,28.683428
2006-12-14,28.654463
2006-12-15,28.638363
2006-12-16,28.598377
2006-12-17,28.57622
2006-12-18,28.55747
2006-12-19,28.534899
2006-12-20,28.495327
2006-12-21,28.431934
2006-12-22,28.380182
2006-12-23,28.335604
2006-12-24,28.289137
2006-12-25,28.259508
2006-12-26,28.222685
2006-12-27,28.18877
2006-12-28,28.158928
2006-12-29,28.12323
2006-12-30,28.084269
2006-12-31,28.053818
2007-01-01,28.01936
2007-01-02,27.97547
2007-01-03,27.911245
2007-01-04,27.852497
2007-01-05,27.811514
2007-01-06,27.827291
2007-01-07,27.84931
2007-01-08,27.868029
2007-01-09,27.87988
2007-01-10,27.903982
2007-01-11,27.907484
2007-01-12,27.914976
2007-01-13,27.926785
2007-01-14,27.942785
2007-01-15,27.964514
2007-01-16,27.978434
2007-01-17,28.000214
2007-01-18,28.019863
2007-01-19,28.028612
2007-01-20,28.028482
2007-01-21,28.0373
2007-01-22,28.02564
2007-01-23,28.004282
2007-01-24,27.993828
2007-01-25,28.020496
2007-01-26,28.074926
2007-01-27,28.098404
2007-01-28,28.09954
2007-01-29,28.104624
2007-01-30,28.107018
2007-01-31,28.099415
2007-02-01,28.081667
2007-02-02,28.066233
2007-02-03,28.070042
2007-02-04,28.064133
2007-02-05,28.063065
2007-02-06,28.087852
2007-02-07,28.109959
2007-02-08,28.174625
2007-02-09,28.151936
2007-02-10,28.185421
2007-02-11,28.270817
2007-02-12,28.36454
2007-02-13,28.450394
2007-02-14,28.590008
2007-02-15,28.591627
2007-02-16,28.513931
2007-02-17,28.499668
2007-02-18,28.418192
2007-02-19,28.374119
2007-02-20,28.337593
2007-02-21,28.312231
2007-02-22,28.311054
2007-02-23,28.355307
2007-02-24,28.52465
2007-02-25,28.52275
2007-02-26,28.584896
2007-02-27,28.545748
2007-02-28,28.553942
2007-03-01,28.617075
2007-03-02,28.697273
2007-03-03,28.6065
2007-03-04,28.530592
2007-03-05,28.528563
2007-03-06,28.471094
2007-03-07,28.487963
2007-03-08,28.405231
2007-03-09,28.380587
2007-03-10,28.379694
2007-03-11,28.37058
2007-03-12,28.405731
2007-03-13,28.407589
2007-03-14,28.479115
2007-03-15,28.68256
2007-03-16,28.731758
2007-03-17,28.690266
2007-03-18,28.688395
2007-03-19,28.715683
2007-03-20,28.726933
2007-03-21,28.898811
2007-03-22,28.818832
2007-03-23,28.859806
2007-03-24,28.98246
2007-03-25,28.974213
2007-03-26,29.100777
2007-03-27,29.07425
2007-03-28,29.205164
2007-03-29,29.301067
2007-03-30,29.281872
2007-03-31,29.323648
2007-04-01,29.348118
2007-04-02,29.447865
2007-04-03,29.442963
2007-04-04,29.349823
2007-04-05,29.293001
2007-04-06,29.321827
2007-04-07,29.371721
2007-04-08,29.39433
2007-04-09,29.529509
2007-04-10,29.59322
2007-04-11,29.663406
2007-04-12,29.758097
2007-04-13,29.679647
2007-04-14,29.779964
2007-04-15,29.698927
2007-04-16,29.856047
2007-04-17,29.896503
2007-04-18,29.909267
2007-04-19,30.000063
2007-04-20,30.127008
2007-04-21,30.202839
2007-04-22,30.113699
2007-04-23,30.1367
2007-04-24,30.207294
2007-04-25,30.277151
2007-04-26,30.076805
2007-04-27,30.075485
2007-04-28,30.068623
2007-04-29,30.12627
2007-04-30,30.191576
2007-05-01,30.101105
2007-05-02,30.026062
2007-05-03,29.950098
2007-05-04,29.88311
2007-05-05,29.81753
2007-05-06,29.78592
2007-05-07,29.743534
2007-05-08,29.692421
2007-05-09,29.626122
2007-05-10,29.554571
2007-05-11,29.50181
2007-05-12,29.42495
2007-05-13,29.34448
2007-05-14,29.286072
2007-05-15,29.259718
2007-05-16,29.271656
2007-05-17,29.25192
2007-05-18,29.27025
2007-05-19,29.308868
2007-05-20,29.319883
2007-05-21,29.321304
2007-05-22,29.335217
2007-05-23,29.53199
2007-05-24,29.664078
2007-05-25,29.695406
2007-05-26,29.682974
2007-05-27,29.698
2007-05-28,29.649755
2007-05-29,29.605324
2007-05-30,29.59038
2007-05-31,29.592503
2007-06-01,29.63203
2007-06-02,29.621971
2007-06-03,29.672102
2007-06-04,29.6301
2007-06-05,29.609425
2007-06-06,29.581762
2007-06-07,29.640524
2007-06-08,29.625565
2007-06-09,29.668089
2007-06-10,29.639713
2007-06-11,29.617836
2007-06-12,29.602087
2007-06-13,29.57446
2007-06-14,29.533981
2007-06-15,29.487988
2007-06-16,29.412266
2007-06-17,29.361603
2007-06-18,29.300291
2007-06-19,29.202639
2007-06-20,29.09692
2007-06-21,29.033958
2007-06-22,29.062603
2007-06-23,29.441063
2007-06-24,29.55293
2007-06-25,29.301676
2007-06-26,29.166483
2007-06-27,29.113497
2007-06-28,29.066483
2007-06-29,29.047722
2007-06-30,29.066324
2007-07-01,29.08501
2007-07-02,29.09828
2007-07-03,29.096706
2007-07-04,29.067461
2007-07-05,29.05758
2007-07-06,29.021078
2007-07-07,28.987638
2007-07-08,28.954357
2007-07-09,28.937006
2007-07-10,28.919167
2007-07-11,28.91066
2007-07-12,28.894167
2007-07-13,28.86876
2007-07-14,28.852144
2007-07-15,28.834455
2007-07-16,28.860725
2007-07-17,28.896126
2007-07-18,28.935724
2007-07-19,28.875172
2007-07-20,28.824278
2007-07-21,28.805315
2007-07-22,28.797453
2007-07-23,28.781906
2007-07-24,28.816324
2007-07-25,28.985907
2007-07-26,28.983194
2007-07-27,28.897001
2007-07-28,28.926474
2007-07-29,28.840723
2007-07-30,28.787136
2007-07-31,28.779127
2007-08-01,28.767643
2007-08-02,28.7527
2007-08-03,28.780865
2007-08-04,28.76147
2007-08-05,28.733553
2007-08-06,28.729122
2007-08-07,28.752922
2007-08-08,28.738216
2007-08-09,28.700073
2007-08-10,28.680473
2007-08-11,28.664656
2007-08-12,28.646006
2007-08-13,28.619562
2007-08-14,28.649067
2007-08-15,28.661413
2007-08-16,28.632002
2007-08-17,28.614206
2007-08-18,28.6189
2007-08-19,28.59795
2007-08-20,28.562717
2007-08-21,28.50967
2007-08-22,28.520153
2007-08-23,28.493402
2007-08-24,28.496319
2007-08-25,28.512985
2007-08-26,28.627138
2007-08-27,28.66798
2007-08-28,28.638927
2007-08-29,28.61729
2007-08-30,28.616129
2007-08-31,28.63746
2007-09-01,28.571098
2007-09-02,28.53596
2007-09-03,28.541918
2007-09-04,28.644457
2007-09-05,28.717865
2007-09-06,28.759632
2007-09-07,28.754791
2007-09-08,28.813168
2007-09-09,28.847519
2007-09-10,28.872179
2007-09-11,28.885813
2007-09-12,28.828648
2007-09-13,28.760258
2007-09-14,28.688597
2007-09-15,28.634604
2007-09-16,28.581282
2007-09-17,28.550861
2007-09-18,28.523674
2007-09-19,28.52204
2007-09-20,28.512579
2007-09-21,28.49958
2007-09-22,28.47926
2007-09-23,28.519833
2007-09-24,28.549757
2007-09-25,28.537596
2007-09-26,28.53738
2007-09-27,28.609884
2007-09-28,28.548534
2007-09-29,28.513357
2007-09-30,28.472296
2007-10-01,28.420689
2007-10-02,28.394623
2007-10-03,28.393242
2007-10-04,28.384012
2007-10-05,28.339252
2007-10-06,28.287758
2007-10-07,28.25462
2007-10-08,28.297468
2007-10-09,28.402859
2007-10-10,28.48631
2007-10-11,28.592142
2007-10-12,28.577843
2007-10-13,28.499865
2007-10-14,28.420742
2007-10-15,28.430212
2007-10-16,28.670185
2007-10-17,28.602077
2007-10-18,28.589867
2007-10-19,28.576508
2007-10-20,28.532442
2007-10-21,28.475794
2007-10-22,28.436022
2007-10-23,28.429056
2007-10-24,28.387909
2007-10-25,28.302185
2007-10-26,28.259508
2007-10-27,28.228954
2007-10-28,28.219011
2007-10-29,28.231411
2007-10-30,28.472563
2007-10-31,28.360428
2007-11-01,28.382528
2007-11-02,28.318933
2007-11-03,28.354856
2007-11-04,28.38293
2007-11-05,28.563238
2007-11-06,28.497004
2007-11-07,28.337343
2007-11-08,28.286034
2007-11-09,28.281776
2007-11-10,28.278696
2007-11-11,28.266148
2007-11-12,28.271143
2007-11-13,28.27527
2007-11-14,28.359915
2007-11-15,28.586565
2007-11-16,28.546995
2007-11-17,28.461735
2007-11-18,28.429747
2007-11-19,28.513357
2007-11-20,28.572783
2007-11-21,28.61027
2007-11-22,28.646355
2007-11-23,28.678493
2007-11-24,28.723066
2007-11-25,28.761873
2007-11-26,28.798597
2007-11-27,28.794243
2007-11-28,28.721266
2007-11-29,28.639465
2007-11-30,28.577667
2007-12-01,28.518215
2007-12-02,28.449411
2007-12-03,28.415264
2007-12-04,28.378584
2007-12-05,28.331285
2007-12-06,28.294653
2007-12-07,28.278917
2007-12-08,28.249846
2007-12-09,28.199224
2007-12-10,28.156416
2007-12-11,28.114748
2007-12-12,28.105404
2007-12-13,28.106115
2007-12-14,28.067066
2007-12-15,27.993515
2007-12-16,27.98348
2007-12-17,28.016777
2007-12-18,28.023687
2007-12-19,28.010754
2007-12-20,28.022602
2007-12-21,28.074387
2007-12-22,28.113155
2007-12-23,28.173052
2007-12-24,28.089973
2007-12-25,28.101034
2007-12-26,28.047638
2007-12-27,28.008642
2007-12-28,28.02905
2007-12-29,27.97745
2007-12-30,27.98806
2007-12-31,28.013363
2008-01-01,28.031782
2008-01-02,28.08241
2008-01-03,28.090958
2008-01-04,28.125673
2008-01-05,28.109085
2008-01-06,28.118515
2008-01-07,28.116425
2008-01-08,28.128136
2008-01-09,28.12596
2008-01-10,28.16391
2008-01-11,28.218575
2008-01-12,28.24819
2008-01-13,28.180332
2008-01-14,28.171917
2008-01-15,28.1697
2008-01-16,28.175413
2008-01-17,28.182144
2008-01-18,28.18884
2008-01-19,28.230312
2008-01-20,28.257032
2008-01-21,28.291546
2008-01-22,28.304613
2008-01-23,28.332104
2008-01-24,28.399359
2008-01-25,28.423414
2008-01-26,28.4435
2008-01-27,28.508978
2008-01-28,28.516844
2008-01-29,28.651712
2008-01-30,28.649916
2008-01-31,28.678928
2008-02-01,28.847654
2008-02-02,28.808125
2008-02-03,28.802004
2008-02-04,28.76634
2008-02-05,28.747253
2008-02-06,28.769363
2008-02-07,28.849493
2008-02-08,28.891808
2008-02-09,28.891403
2008-02-10,28.931288
2008-02-11,28.877934
2008-02-12,28.848818
2008-02-13,28.830616
2008-02-14,28.804857
2008-02-15,28.790918
2008-02-16,28.766602
2008-02-17,28.766531
2008-02-18,28.770046
2008-02-19,28.791302
2008-02-20,28.783157
2008-02-21,28.780848
2008-02-22,28.724262
2008-02-23,28.67942
2008-02-24,28.654457
2008-02-25,28.753798
2008-02-26,28.800848
2008-02-27,28.780672
2008-02-28,28.862207
2008-02-29,28.891256
2008-03-01,28.970465
2008-03-02,28.960157
2008-03-03,28.897694
2008-03-04,28.839218
2008-03-05,28.79217
2008-03-06,28.755342
2008-03-07,28.72074
2008-03-08,28.690538
2008-03-09,28.690605
2008-03-10,28.67516
2008-03-11,28.711847
2008-03-12,28.799374
2008-03-13,28.75965
2008-03-14,28.73154
2008-03-15,28.72348
2008-03-16,28.785196
2008-03-17,28.821495
2008-03-18,28.939844
2008-03-19,29.06401
2008-03-20,29.148407
2008-03-21,29.23662
2008-03-22,29.280476
2008-03-23,29.283916
2008-03-24,29.312094
2008-03-25,29.207996
2008-03-26,29.182384
2008-03-27,29.147038
2008-03-28,29.067577
2008-03-29,29.090727
2008-03-30,29.064125
2008-03-31,29.052225
2008-04-01,29.051228
2008-04-02,29.302748
2008-04-03,29.46553
2008-04-04,29.425018
2008-04-05,29.290508
2008-04-06,29.205465
2008-04-07,29.172256
2008-04-08,29.277409
2008-04-09,29.294483
2008-04-10,29.339397
2008-04-11,29.423592
2008-04-12,29.49169
2008-04-13,29.61662
2008-04-14,29.559067
2008-04-15,29.6502
2008-04-16,29.774696
2008-04-17,29.849356
2008-04-18,29.827347
2008-04-19,29.752846
2008-04-20,29.807505
2008-04-21,29.764448
2008-04-22,29.77989
2008-04-23,29.704454
2008-04-24,29.499739
2008-04-25,29.482916
2008-04-26,29.449951
2008-04-27,29.388939
2008-04-28,29.344267
2008-04-29,29.301502
2008-04-30,29.27744
2008-05-01,29.26128
2008-05-02,29.240824
2008-05-03,29.220867
2008-05-04,29.209578
2008-05-05,29.214495
2008-05-06,29.19983
2008-05-07,29.174767
2008-05-08,29.138103
2008-05-09,29.065495
2008-05-10,29.023071
2008-05-11,28.985804
2008-05-12,28.94064
2008-05-13,28.905676
2008-05-14,28.88734
2008-05-15,28.879427
2008-05-16,28.875402
2008-05-17,28.891272
2008-05-18,28.920515
2008-05-19,28.93708
2008-05-20,28.954006
2008-05-21,29.021292
2008-05-22,29.10837
2008-05-23,29.131805
2008-05-24,29.094244
2008-05-25,29.08148
2008-05-26,29.171698
2008-05-27,29.23928
2008-05-28,29.251476
2008-05-29,29.25338
2008-05-30,29.205847
2008-05-31,29.191996
2008-06-01,29.147104
2008-06-02,29.130695
2008-06-03,29.127724
2008-06-04,29.270811
2008-06-05,29.137682
2008-06-06,29.09229
2008-06-07,29.051144
2008-06-08,29.066385
2008-06-09,29.060572
2008-06-10,29.030262
2008-06-11,28.979742
2008-06-12,28.917303
2008-06-13,28.876734
2008-06-14,28.850016
2008-06-15,28.839334
2008-06-16,28.852571
2008-06-17,28.95506
2008-06-18,28.957726
2008-06-19,28.93152
2008-06-20,28.997103
2008-06-21,28.958271
2008-06-22,28.924788
2008-06-23,28.88606
2008-06-24,28.844418
2008-06-25,28.803993
2008-06-26,28.79157
2008-06-27,28.814592
2008-06-28,28.873268
2008-06-29,28.927208
2008-06-30,28.871956
2008-07-01,28.867823
2008-07-02,28.906977
2008-07-03,28.86239
2008-07-04,28.869944
2008-07-05,28.966637
2008-07-06,28.945288
2008-07-07,28.911957
2008-07-08,28.875992
2008-07-09,28.855646
2008-07-10,28.837082
2008-07-11,28.849728
2008-07-12,28.860487
2008-07-13,28.848984
2008-07-14,28.813913
2008-07-15,28.80283
2008-07-16,28.755514
2008-07-17,28.729002
2008-07-18,28.697731
2008-07-19,28.658136
2008-07-20,28.646843
2008-07-21,28.62164
2008-07-22,28.616875
2008-07-23,28.577843
2008-07-24,28.519459
2008-07-25,28.46585
2008-07-26,28.419197
2008-07-27,28.375242
2008-07-28,28.331656
2008-07-29,28.333193
2008-07-30,28.352867
2008-07-31,28.33872
2008-08-01,28.333775
2008-08-02,28.301802
2008-08-03,28.274702
2008-08-04,28.283705
2008-08-05,28.318272
2008-08-06,28.30309
2008-08-07,28.26602
2008-08-08,28.219706
2008-08-09,28.181908
2008-08-10,28.193712
2008-08-11,28.22244
2008-08-12,28.221241
2008-08-13,28.248354
2008-08-14,28.320623
2008-08-15,28.3431
2008-08-16,28.35846
2008-08-17,28.495897
2008-08-18,28.600927
2008-08-19,28.663166
2008-08-20,28.610294
2008-08-21,28.542547
2008-08-22,28.510778
2008-08-23,28.472244
2008-08-24,28.476294
2008-08-25,28.4678
2008-08-26,28.59857
2008-08-27,28.59736
2008-08-28,28.523247
2008-08-29,28.472178
2008-08-30,28.47161
2008-08-31,28.59278
2008-09-01,28.665699
2008-09-02,28.857313
2008-09-03,28.736137
2008-09-04,28.667355
2008-09-05,28.756258
2008-09-06,28.682062
2008-09-07,28.5643
2008-09-08,28.511229
2008-09-09,28.520424
2008-09-10,28.522875
2008-09-11,28.502909
2008-09-12,28.466406
2008-09-13,28.458582
2008-09-14,28.487726
2008-09-15,28.474142
2008-09-16,28.473673
2008-09-17,28.514437
2008-09-18,28.582956
2008-09-19,28.621544
2008-09-20,28.662195
2008-09-21,28.702106
2008-09-22,28.826101
2008-09-23,28.846397
2008-09-24,28.762457
2008-09-25,28.773932
2008-09-26,28.801739
2008-09-27,28.770168
2008-09-28,28.734388
2008-09-29,28.720955
2008-09-30,28.718275
2008-10-01,28.785997
2008-10-02,28.917559
2008-10-03,29.138735
2008-10-04,29.220217
2008-10-05,29.26
2008-10-06,29.312973
2008-10-07,29.222649
2008-10-08,29.274048
2008-10-09,29.420935
2008-10-10,29.230639
2008-10-11,29.203936
2008-10-12,29.199232
2008-10-13,29.306786
2008-10-14,29.35403
2008-10-15,29.366442
2008-10-16,29.354815
2008-10-17,29.397116
2008-10-18,29.365095
2008-10-19,29.318624
2008-10-20,29.246191
2008-10-21,29.195848
2008-10-22,29.186226
2008-10-23,29.206007
2008-10-24,29.186901
2008-10-25,29.131716
2008-10-26,29.114302
2008-10-27,29.096075
2008-10-28,29.062864
2008-10-29,29.057823
2008-10-30,29.054173
2008-10-31,29.06225
2008-11-01,29.036526
2008-11-02,29.042395
2008-11-03,29.084328
2008-11-04,29.17783
2008-11-05,29.298748
2008-11-06,29.367714
2008-11-07,29.381994
2008-11-08,29.239529
2008-11-09,29.19442
2008-11-10,29.159462
2008-11-11,29.027803
2008-11-12,29.012691
2008-11-13,28.953707
2008-11-14,28.94928
2008-11-15,28.960022
2008-11-16,29.096119
2008-11-17,29.016397
2008-11-18,29.053219
2008-11-19,28.997913
2008-11-20,28.94212
2008-11-21,28.88091
2008-11-22,28.80566
2008-11-23,28.781181
2008-11-24,28.771679
2008-11-25,28.763794
2008-11-26,28.763962
2008-11-27,28.810768
2008-11-28,28.796263
2008-11-29,28.756933
2008-11-30,28.749273
2008-12-01,28.722475
2008-12-02,28.693647
2008-12-03,28.655582
2008-12-04,28.606636
2008-12-05,28.583088
2008-12-06,28.62015
2008-12-07,28.634542
2008-12-08,28.594921
2008-12-09,28.592346
2008-12-10,28.603611
2008-12-11,28.60015
2008-12-12,28.60521
2008-12-13,28.597017
2008-12-14,28.581402
2008-12-15,28.564276
2008-12-16,28.558346
2008-12-17,28.540495
2008-12-18,28.528471
2008-12-19,28.50005
2008-12-20,28.458912
2008-12-21,28.417833
2008-12-22,28.366158
2008-12-23,28.336926
2008-12-24,28.303326
2008-12-25,28.293982
2008-12-26,28.32359
2008-12-27,28.30504
2008-12-28,28.254282
2008-12-29,28.213678
2008-12-30,28.181257
2008-12-31,28.148119
2009-01-01,28.11108
2009-01-02,28.109503
2009-01-03,28.102741
2009-01-04,28.07728
2009-01-05,28.086935
2009-01-06,28.095572
2009-01-07,28.098677
2009-01-08,28.113905
2009-01-09,28.11482
2009-01-10,28.102348
2009-01-11,28.075037
2009-01-12,28.032536
2009-01-13,27.97889
2009-01-14,27.96096
2009-01-15,27.938265
2009-01-16,27.899103
2009-01-17,27.8589
2009-01-18,27.836756
2009-01-19,27.8186
2009-01-20,27.807384
2009-01-21,27.789322
2009-01-22,27.751638
2009-01-23,27.72893
2009-01-24,27.749783
2009-01-25,27.783468
2009-01-26,27.863998
2009-01-27,27.893253
2009-01-28,27.874949
2009-01-29,27.805368
2009-01-30,27.834898
2009-01-31,27.833769
2009-02-01,27.848822
2009-02-02,27.843386
2009-02-03,27.845337
2009-02-04,27.825111
2009-02-05,27.81049
2009-02-06,27.783628
2009-02-07,27.79015
2009-02-08,27.754545
2009-02-09,27.7436
2009-02-10,27.82558
2009-02-11,28.032255
2009-02-12,28.126745
2009-02-13,28.050077
2009-02-14,28.044458
2009-02-15,28.08618
2009-02-16,28.103495
2009-02-17,28.056837
2009-02-18,28.107702
2009-02-19,28.137829
2009-02-20,28.205137
2009-02-21,28.32005
2009-02-22,28.376318
2009-02-23,28.533882
2009-02-24,28.569403
2009-02-25,28.616207
2009-02-26,28.701294
2009-02-27,28.744024
2009-02-28,28.733173
2009-03-01,28.665424
2009-03-02,28.667412
2009-03-03,28.6235
2009-03-04,28.656977
2009-03-05,28.73246
2009-03-06,28.869673
2009-03-07,28.820826
2009-03-08,28.861345
2009-03-09,28.90206
2009-03-10,29.087574
2009-03-11,28.971626
2009-03-12,29.24623
2009-03-13,29.283812
2009-03-14,29.232065
2009-03-15,29.24661
2009-03-16,29.219954
2009-03-17,29.212332
2009-03-18,29.190212
2009-03-19,29.270283
2009-03-20,29.333422
2009-03-21,29.418453
2009-03-22,29.462532
2009-03-23,29.456022
2009-03-24,29.595085
2009-03-25,29.70871
2009-03-26,29.868275
2009-03-27,29.902102
2009-03-28,29.867739
2009-03-29,29.875242
2009-03-30,29.867582
2009-03-31,29.90418
2009-04-01,29.810047
2009-04-02,29.759604
2009-04-03,29.71792
2009-04-04,29.66426
2009-04-05,29.936369
2009-04-06,29.84321
2009-04-07,29.849012
2009-04-08,29.848886
2009-04-09,29.778372
2009-04-10,29.68644
2009-04-11,29.698223
2009-04-12,29.674292
2009-04-13,29.630667
2009-04-14,29.574951
2009-04-15,29.523779
2009-04-16,29.50137
2009-04-17,29.501852
2009-04-18,29.54715
2009-04-19,29.637451
2009-04-20,29.584583
2009-04-21,29.5603
2009-04-22,29.509604
2009-04-23,29.528406
2009-04-24,29.621073
2009-04-25,29.710367
2009-04-26,29.72668
2009-04-27,29.767282
2009-04-28,29.789022
2009-04-29,29.705177
2009-04-30,29.667131
2009-05-01,29.702108
2009-05-02,29.716091
2009-05-03,29.709639
2009-05-04,29.727951
2009-05-05,29.724747
2009-05-06,29.792162
2009-05-07,29.829618
2009-05-08,29.82771
2009-05-09,29.839804
2009-05-10,29.845865
2009-05-11,29.929836
2009-05-12,29.988516
2009-05-13,29.916145
2009-05-14,29.854815
2009-05-15,29.806528
2009-05-16,29.73926
2009-05-17,29.691889
2009-05-18,29.648767
2009-05-19,29.59123
2009-05-20,29.523815
2009-05-21,29.4615
2009-05-22,29.407879
2009-05-23,29.363188
2009-05-24,29.313688
2009-05-25,29.271923
2009-05-26,29.277822
2009-05-27,29.2778
2009-05-28,29.26988
2009-05-29,29.221672
2009-05-30,29.170216
2009-05-31,29.163624
2009-06-01,29.17479
2009-06-02,29.185757
2009-06-03,29.187927
2009-06-04,29.164152
2009-06-05,29.120045
2009-06-06,29.087557
2009-06-07,29.096556
2009-06-08,29.108631
2009-06-09,29.117224
2009-06-10,29.12615
2009-06-11,29.126759
2009-06-12,29.107416
2009-06-13,29.109337
2009-06-14,29.110645
2009-06-15,29.093285
2009-06-16,29.056995
2009-06-17,29.024073
2009-06-18,29.004103
2009-06-19,28.995598
2009-06-20,29.020937
2009-06-21,29.039087
2009-06-22,29.012913
2009-06-23,28.975986
2009-06-24,28.940868
2009-06-25,28.928123
2009-06-26,28.89327
2009-06-27,28.843891
2009-06-28,28.79335
2009-06-29,28.770382
2009-06-30,28.76524
2009-07-01,28.758581
2009-07-02,28.711834
2009-07-03,28.692303
2009-07-04,28.695126
2009-07-05,28.690815
2009-07-06,28.694818
2009-07-07,28.776537
2009-07-08,28.839737
2009-07-09,28.898777
2009-07-10,28.895388
2009-07-11,28.827017
2009-07-12,28.769976
2009-07-13,28.73117
2009-07-14,28.710089
2009-07-15,28.699387
2009-07-16,28.723242
2009-07-17,28.706709
2009-07-18,28.713669
2009-07-19,28.74491
2009-07-20,28.757233
2009-07-21,28.774843
2009-07-22,28.796122
2009-07-23,28.783766
2009-07-24,28.779694
2009-07-25,28.78356
2009-07-26,28.77948
2009-07-27,28.785595
2009-07-28,28.801107
2009-07-29,28.806595
2009-07-30,28.84396
2009-07-31,28.84848
2009-08-01,28.84005
2009-08-02,28.82472
2009-08-03,28.830564
2009-08-04,28.812077
2009-08-05,28.79509
2009-08-06,28.770697
2009-08-07,28.715702
2009-08-08,28.643692
2009-08-09,28.629385
2009-08-10,28.615223
2009-08-11,28.64294
2009-08-12,28.660776
2009-08-13,28.684137
2009-08-14,28.653765
2009-08-15,28.610207
2009-08-16,28.658537
2009-08-17,28.68371
2009-08-18,28.72053
2009-08-19,28.723848
2009-08-20,28.810875
2009-08-21,28.824738
2009-08-22,28.786642
2009-08-23,28.734941
2009-08-24,28.713545
2009-08-25,28.757452
2009-08-26,28.74885
2009-08-27,28.738213
2009-08-28,28.684237
2009-08-29,28.618597
2009-08-30,28.557636
2009-08-31,28.513714
2009-09-01,28.50807
2009-09-02,28.51385
2009-09-03,28.522902
2009-09-04,28.475616
2009-09-05,28.432703
2009-09-06,28.401854
2009-09-07,28.396477
2009-09-08,28.415197
2009-09-09,28.437002
2009-09-10,28.473066
2009-09-11,28.533936
2009-09-12,28.584494
2009-09-13,28.611498
2009-09-14,28.534597
2009-09-15,28.504093
2009-09-16,28.491663
2009-09-17,28.453053
2009-09-18,28.418907
2009-09-19,28.456928
2009-09-20,28.555964
2009-09-21,28.549091
2009-09-22,28.560785
2009-09-23,28.59455
2009-09-24,28.560064
2009-09-25,28.50369
2009-09-26,28.483387
2009-09-27,28.4752
2009-09-28,28.482151
2009-09-29,28.455175
2009-09-30,28.43034
2009-10-01,28.39005
2009-10-02,28.349247
2009-10-03,28.318783
2009-10-04,28.318233
2009-10-05,28.343964
2009-10-06,28.347836
2009-10-07,28.359898
2009-10-08,28.374308
2009-10-09,28.427906
2009-10-10,28.487526
2009-10-11,28.532148
2009-10-12,28.53512
2009-10-13,28.570366
2009-10-14,28.792187
2009-10-15,28.843613
2009-10-16,28.944416
2009-10-17,28.999859
2009-10-18,29.03512
2009-10-19,28.982378
2009-10-20,28.99628
2009-10-21,29.005487
2009-10-22,28.96086
2009-10-23,29.046862
2009-10-24,28.975378
2009-10-25,29.165379
2009-10-26,29.146776
2009-10-27,29.236547
2009-10-28,29.190327
2009-10-29,29.077868
2009-10-30,29.050173
2009-10-31,29.019146
2009-11-01,29.026283
2009-11-02,28.943354
2009-11-03,28.909859
2009-11-04,28.890848
2009-11-05,28.863497
2009-11-06,28.817453
2009-11-07,28.801378
2009-11-08,28.797815
2009-11-09,28.832829
2009-11-10,28.819128
2009-11-11,28.910036
2009-11-12,28.834703
2009-11-13,28.773556
2009-11-14,28.878721
2009-11-15,28.821194
2009-11-16,28.90655
2009-11-17,29.126081
2009-11-18,28.971283
2009-11-19,28.815468
2009-11-20,28.737543
2009-11-21,28.668238
2009-11-22,28.663256
2009-11-23,28.614708
2009-11-24,28.575619
2009-11-25,28.555202
2009-11-26,28.565609
2009-11-27,28.609428
2009-11-28,28.755638
2009-11-29,28.775972
2009-11-30,28.659082
2009-12-01,28.637207
2009-12-02,28.627676
2009-12-03,28.612204
2009-12-04,28.566418
2009-12-05,28.532892
2009-12-06,28.514565
2009-12-07,28.49946
2009-12-08,28.483746
2009-12-09,28.481955
2009-12-10,28.5066
2009-12-11,28.501535
2009-12-12,28.508488
2009-12-13,28.545233
2009-12-14,28.52915
2009-12-15,28.583294
2009-12-16,28.62083
2009-12-17,28.667439
2009-12-18,28.674852
2009-12-19,28.681986
2009-12-20,28.69276
2009-12-21,28.695131
2009-12-22,28.698103
2009-12-23,28.71594
2009-12-24,28.7331
2009-12-25,28.75201
2009-12-26,28.755013
2009-12-27,28.750423
2009-12-28,28.711906
2009-12-29,28.673826
2009-12-30,28.650623
2009-12-31,28.62795
2010-01-01,28.59546
2010-01-02,28.569544
2010-01-03,28.512358
2010-01-04,28.44775
2010-01-05,28.431635
2010-01-06,28.481964
2010-01-07,28.493036
2010-01-08,28.517782
2010-01-09,28.542753
2010-01-10,28.719017
2010-01-11,28.573578
2010-01-12,28.556927
2010-01-13,28.53501
2010-01-14,28.513506
2010-01-15,28.514935
2010-01-16,28.516048
2010-01-17,28.516733
2010-01-18,28.520857
2010-01-19,28.529097
2010-01-20,28.524212
2010-01-21,28.52339
2010-01-22,28.535545
2010-01-23,28.568521
2010-01-24,28.596582
2010-01-25,28.615583
2010-01-26,28.63932
2010-01-27,28.632835
2010-01-28,28.640972
2010-01-29,28.687899
2010-01-30,28.743435
2010-01-31,28.753143
2010-02-01,28.764044
2010-02-02,28.81367
2010-02-03,28.820452
2010-02-04,28.876421
2010-02-05,28.885977
2010-02-06,28.823112
2010-02-07,28.821428
2010-02-08,28.812471
2010-02-09,28.85189
2010-02-10,28.894371
2010-02-11,28.891926
2010-02-12,28.89134
2010-02-13,28.885323
2010-02-14,28.944622
2010-02-15,28.896646
2010-02-16,28.90046
2010-02-17,28.939636
2010-02-18,29.002827
2010-02-19,29.0323
2010-02-20,29.050158
2010-02-21,29.137613
2010-02-22,29.045406
2010-02-23,29.137226
2010-02-24,29.295502
2010-02-25,29.225624
2010-02-26,29.141928
2010-02-27,29.13292
2010-02-28,29.18586
2010-03-01,29.185541
2010-03-02,29.199257
2010-03-03,29.293474
2010-03-04,29.471779
2010-03-05,29.375128
2010-03-06,29.48592
2010-03-07,29.429794
2010-03-08,29.468554
2010-03-09,29.532982
2010-03-10,29.466526
2010-03-11,29.373241
2010-03-12,29.404522
2010-03-13,29.439999
2010-03-14,29.48749
2010-03-15,29.534052
2010-03-16,29.59325
2010-03-17,29.546156
2010-03-18,29.494781
2010-03-19,29.50982
2010-03-20,29.582518
2010-03-21,29.669455
2010-03-22,29.772713
2010-03-23,29.746437
2010-03-24,29.73935
2010-03-25,29.8731
2010-03-26,30.034386
2010-03-27,29.999317
2010-03-28,30.058167
2010-03-29,30.172476
2010-03-30,30.23219
2010-03-31,30.309647
2010-04-01,30.341858
2010-04-02,30.403887
2010-04-03,30.307055
2010-04-04,30.20856
2010-04-05,30.21254
2010-04-06,30.275604
2010-04-07,30.236048
2010-04-08,30.311651
2010-04-09,30.420143
2010-04-10,30.703405
2010-04-11,30.670343
2010-04-12,30.703762
2010-04-13,30.74356
2010-04-14,30.793188
2010-04-15,30.792015
2010-04-16,30.903414
2010-04-17,30.95554
2010-04-18,30.951714
2010-04-19,31.035976
2010-04-20,31.029419
2010-04-21,30.890963
2010-04-22,30.969618
2010-04-23,31.0797
2010-04-24,31.116543
2010-04-25,31.126877
2010-04-26,31.12436
2010-04-27,30.973314
2010-04-28,30.9523
2010-04-29,30.83803
2010-04-30,30.793598
2010-05-01,30.890308
2010-05-02,30.868418
2010-05-03,31.014238
2010-05-04,30.97542
2010-05-05,30.829973
2010-05-06,30.813274
2010-05-07,31.016602
2010-05-08,31.019
2010-05-09,30.882246
2010-05-10,31.00722
2010-05-11,31.090239
2010-05-12,31.107061
2010-05-13,31.237225
2010-05-14,31.231655
2010-05-15,31.01128
2010-05-16,30.917507
2010-05-17,30.824648
2010-05-18,30.752903
2010-05-19,30.75317
2010-05-20,30.796352
2010-05-21,30.77287
2010-05-22,30.678982
2010-05-23,30.575184
2010-05-24,30.510887
2010-05-25,30.431208
2010-05-26,30.362839
2010-05-27,30.31139
2010-05-28,30.275826
2010-05-29,30.231543
2010-05-30,30.229824
2010-05-31,30.20153
2010-06-01,30.223377
2010-06-02,30.211859
2010-06-03,30.144308
2010-06-04,30.094734
2010-06-05,30.02101
2010-06-06,29.92581
2010-06-07,29.851933
2010-06-08,29.777136
2010-06-09,29.704062
2010-06-10,29.626514
2010-06-11,29.559664
2010-06-12,29.562212
2010-06-13,29.75571
2010-06-14,29.724705
2010-06-15,29.655407
2010-06-16,29.571054
2010-06-17,29.529129
2010-06-18,29.515825
2010-06-19,29.633924
2010-06-20,29.692026
2010-06-21,29.57803
2010-06-22,29.487267
2010-06-23,29.42722
2010-06-24,29.389471
2010-06-25,29.390272
2010-06-26,29.407166
2010-06-27,29.372547
2010-06-28,29.336256
2010-06-29,29.28217
2010-06-30,29.223146
2010-07-01,29.166025
2010-07-02,29.108173
2010-07-03,29.067966
2010-07-04,29.10677
2010-07-05,29.17193
2010-07-06,29.136694
2010-07-07,29.158054
2010-07-08,29.274847
2010-07-09,29.2482
2010-07-10,29.270111
2010-07-11,29.217173
2010-07-12,29.164799
2010-07-13,29.124538
2010-07-14,29.06619
2010-07-15,29.004868
2010-07-16,28.95435
2010-07-17,28.913132
2010-07-18,28.904934
2010-07-19,28.872543
2010-07-20,28.858074
2010-07-21,28.868383
2010-07-22,28.913763
2010-07-23,28.893467
2010-07-24,28.876516
2010-07-25,28.86017
2010-07-26,28.862766
2010-07-27,28.872517
2010-07-28,28.832548
2010-07-29,28.805822
2010-07-30,28.804358
2010-07-31,28.8265
2010-08-01,28.878855
2010-08-02,28.826218
2010-08-03,28.7764
2010-08-04,28.75432
2010-08-05,28.788872
2010-08-06,28.810724
2010-08-07,28.814232
2010-08-08,28.813309
2010-08-09,28.80072
2010-08-10,28.779068
2010-08-11,28.798637
2010-08-12,28.790703
2010-08-13,28.726904
2010-08-14,28.68516
2010-08-15,28.660954
2010-08-16,28.64438
2010-08-17,28.70478
2010-08-18,28.699368
2010-08-19,28.682877
2010-08-20,28.64302
2010-08-21,28.592743
2010-08-22,28.5862
2010-08-23,28.61024
2010-08-24,28.578781
2010-08-25,28.543236
2010-08-26,28.568613
2010-08-27,28.600674
2010-08-28,28.560123
2010-08-29,28.53767
2010-08-30,28.534407
2010-08-31,28.509146
2010-09-01,28.548399
2010-09-02,28.520649
2010-09-03,28.478733
2010-09-04,28.458784
2010-09-05,28.505466
2010-09-06,28.565588
2010-09-07,28.611568
2010-09-08,28.633114
2010-09-09,28.66212
2010-09-10,28.63878
2010-09-11,28.636183
2010-09-12,28.65867
2010-09-13,28.642519
2010-09-14,28.597275
2010-09-15,28.62793
2010-09-16,28.678331
2010-09-17,28.697424
2010-09-18,28.695353
2010-09-19,28.735312
2010-09-20,28.807184
2010-09-21,28.854868
2010-09-22,28.835323
2010-09-23,28.757105
2010-09-24,28.756365
2010-09-25,28.812204
2010-09-26,28.81555
2010-09-27,28.928492
2010-09-28,28.87892
2010-09-29,28.89042
2010-09-30,28.94709
2010-10-01,28.961262
2010-10-02,28.971947
2010-10-03,28.99455
2010-10-04,28.842716
2010-10-05,28.78119
2010-10-06,28.700285
2010-10-07,28.682472
2010-10-08,28.670557
2010-10-09,28.638437
2010-10-10,28.594036
2010-10-11,28.540789
2010-10-12,28.499308
2010-10-13,28.45868
2010-10-14,28.43542
2010-10-15,28.45159
2010-10-16,28.496254
2010-10-17,28.522213
2010-10-18,28.552727
2010-10-19,28.61189
2010-10-20,28.639204
2010-10-21,28.658371
2010-10-22,28.68286
2010-10-23,28.76308
2010-10-24,28.878927
2010-10-25,29.040455
2010-10-26,29.181616
2010-10-27,29.102596
2010-10-28,29.019907
2010-10-29,28.995783
2010-10-30,28.910309
2010-10-31,28.915403
2010-11-01,28.882925
2010-11-02,28.817017
2010-11-03,28.76178
2010-11-04,28.690105
2010-11-05,28.636148
2010-11-06,28.612198
2010-11-07,28.680626
2010-11-08,28.730457
2010-11-09,28.701593
2010-11-10,28.582436
2010-11-11,28.507288
2010-11-12,28.535963
2010-11-13,28.68394
2010-11-14,28.642464
2010-11-15,28.644823
2010-11-16,28.67871
2010-11-17,28.655252
2010-11-18,28.636564
2010-11-19,28.622429
2010-11-20,28.586359
2010-11-21,28.70834
2010-11-22,28.57984
2010-11-23,28.563274
2010-11-24,28.622002
2010-11-25,28.6308
2010-11-26,28.690752
2010-11-27,28.668495
2010-11-28,28.63823
2010-11-29,28.608446
2010-11-30,28.591034
2010-12-01,28.58414
2010-12-02,28.525673
2010-12-03,28.48611
2010-12-04,28.489624
2010-12-05,28.46232
2010-12-06,28.430626
2010-12-07,28.457954
2010-12-08,28.430979
2010-12-09,28.439896
2010-12-10,28.3776
2010-12-11,28.337698
2010-12-12,28.333569
2010-12-13,28.383154
2010-12-14,28.408127
2010-12-15,28.379818
2010-12-16,28.401365
2010-12-17,28.522627
2010-12-18,28.499346
2010-12-19,28.434608
2010-12-20,28.386667
2010-12-21,28.402006
2010-12-22,28.35062
2010-12-23,28.31745
2010-12-24,28.320152
2010-12-25,28.285036
2010-12-26,28.268593
2010-12-27,28.240894
2010-12-28,28.269094
2010-12-29,28.280092
2010-12-30,28.261036
2010-12-31,28.256699
2011-01-01,28.258572
2011-01-02,28.264063
2011-01-03,28.246271
2011-01-04,28.249847
2011-01-05,28.241232
2011-01-06,28.21863
2011-01-07,28.191772
2011-01-08,28.223541
2011-01-09,28.221893
2011-01-10,28.208933
2011-01-11,28.201462
2011-01-12,28.235704
2011-01-13,28.362782
2011-01-14,28.409893
2011-01-15,28.367203
2011-01-16,28.309309
2011-01-17,28.35501
2011-01-18,28.294886
2011-01-19,28.274885
2011-01-20,28.24688
2011-01-21,28.2405
2011-01-22,28.2239
2011-01-23,28.227125
2011-01-24,28.231459
2011-01-25,28.245277
2011-01-26,28.228268
2011-01-27,28.21212
2011-01-28,28.181023
2011-01-29,28.153156
2011-01-30,28.12864
2011-01-31,28.122032
2011-02-01,28.077103
2011-02-02,28.051092
2011-02-03,28.080011
2011-02-04,28.212027
2011-02-05,28.19594
2011-02-06,28.28379
2011-02-07,28.399422
2011-02-08,28.512331
2011-02-09,28.47742
2011-02-10,28.43967
2011-02-11,28.417128
2011-02-12,28.427685
2011-02-13,28.415634
2011-02-14,28.447569
2011-02-15,28.469105
2011-02-16,28.535295
2011-02-17,28.633776
2011-02-18,28.771284
2011-02-19,28.74203
2011-02-20,28.748526
2011-02-21,28.7513
2011-02-22,28.743578
2011-02-23,28.725677
2011-02-24,28.70857
2011-02-25,28.72254
2011-02-26,28.709503
2011-02-27,28.693308
2011-02-28,28.71792
2011-03-01,28.838417
2011-03-02,29.003859
2011-03-03,29.008017
2011-03-04,29.105024
2011-03-05,29.158756
2011-03-06,29.066881
2011-03-07,29.075989
2011-03-08,29.091667
2011-03-09,29.119892
2011-03-10,29.037115
2011-03-11,29.023584
2011-03-12,29.052021
2011-03-13,29.099636
2011-03-14,29.134047
2011-03-15,29.138136
2011-03-16,29.207956
2011-03-17,29.086582
2011-03-18,29.09549
2011-03-19,29.125673
2011-03-20,29.240023
2011-03-21,29.308247
2011-03-22,29.377254
2011-03-23,29.378654
2011-03-24,29.298615
2011-03-25,29.224361
2011-03-26,29.207457
2011-03-27,29.148903
2011-03-28,29.149464
2011-03-29,29.071928
2011-03-30,29.111107
2011-03-31,29.181486
2011-04-01,29.22139
2011-04-02,29.233135
2011-04-03,29.241594
2011-04-04,29.308634
2011-04-05,29.521116
2011-04-06,29.555698
2011-04-07,29.680481
2011-04-08,29.702677
2011-04-09,29.716457
2011-04-10,29.660952
2011-04-11,29.618841
2011-04-12,29.60847
2011-04-13,29.662064
2011-04-14,29.691488
2011-04-15,29.712906
2011-04-16,29.809345
2011-04-17,29.85587
2011-04-18,29.866505
2011-04-19,29.71401
2011-04-20,29.84287
2011-04-21,29.973318
2011-04-22,30.125145
2011-04-23,30.040388
2011-04-24,29.990713
2011-04-25,30.006514
2011-04-26,29.970282
2011-04-27,29.982466
2011-04-28,29.83148
2011-04-29,29.722904
2011-04-30,29.650635
2011-05-01,29.567732
2011-05-02,29.531954
2011-05-03,29.514051
2011-05-04,29.486252
2011-05-05,29.436033
2011-05-06,29.342077
2011-05-07,29.289293
2011-05-08,29.24031
2011-05-09,29.184587
2011-05-10,29.157854
2011-05-11,29.180143
2011-05-12,29.20771
2011-05-13,29.328686
2011-05-14,29.315037
2011-05-15,29.427748
2011-05-16,29.66407
2011-05-17,29.662277
2011-05-18,29.744375
2011-05-19,29.625284
2011-05-20,29.594885
2011-05-21,29.614046
2011-05-22,29.651382
2011-05-23,29.750862
2011-05-24,29.693466
2011-05-25,29.709585
2011-05-26,29.684656
2011-05-27,29.676735
2011-05-28,29.641376
2011-05-29,29.585943
2011-05-30,29.543594
2011-05-31,29.498587
2011-06-01,29.452736
2011-06-02,29.411592
2011-06-03,29.395601
2011-06-04,29.390339
2011-06-05,29.350594
2011-06-06,29.316055
2011-06-07,29.283873
2011-06-08,29.27188
2011-06-09,29.22916
2011-06-10,29.18596
2011-06-11,29.157585
2011-06-12,29.148285
2011-06-13,29.115217
2011-06-14,29.085384
2011-06-15,29.038593
2011-06-16,29.027586
2011-06-17,29.020039
2011-06-18,29.018383
2011-06-19,29.009176
2011-06-20,29.009102
2011-06-21,29.011616
2011-06-22,29.001844
2011-06-23,29.000078
2011-06-24,28.997566
2011-06-25,28.979074
2011-06-26,28.95013
2011-06-27,28.932863
2011-06-28,28.893478
2011-06-29,28.907646
2011-06-30,28.961927
2011-07-01,28.945194
2011-07-02,28.903252
2011-07-03,28.86256
2011-07-04,28.891205
2011-07-05,28.881245
2011-07-06,28.905119
2011-07-07,28.94232
2011-07-08,28.980392
2011-07-09,28.969936
2011-07-10,28.935024
2011-07-11,28.893566
2011-07-12,28.819988
2011-07-13,28.76456
2011-07-14,28.731749
2011-07-15,28.70271
2011-07-16,28.714235
2011-07-17,28.73662
2011-07-18,28.785664
2011-07-19,28.772444
2011-07-20,28.760235
2011-07-21,28.738358
2011-07-22,28.732883
2011-07-23,28.702396
2011-07-24,28.668722
2011-07-25,28.63932
2011-07-26,28.615068
2011-07-27,28.59318
2011-07-28,28.574316
2011-07-29,28.53702
2011-07-30,28.525448
2011-07-31,28.532717
2011-08-01,28.539267
2011-08-02,28.536707
2011-08-03,28.570864
2011-08-04,28.682673
2011-08-05,28.767082
2011-08-06,28.78977
2011-08-07,28.759752
2011-08-08,28.74595
2011-08-09,28.797182
2011-08-10,28.825678
2011-08-11,28.832035
2011-08-12,28.821754
2011-08-13,28.808556
2011-08-14,28.845503
2011-08-15,28.793547
2011-08-16,28.75274
2011-08-17,28.724918
2011-08-18,28.718884
2011-08-19,28.69646
2011-08-20,28.676525
2011-08-21,28.692513
2011-08-22,28.678564
2011-08-23,28.662498
2011-08-24,28.580935
2011-08-25,28.58081
2011-08-26,28.545168
2011-08-27,28.506113
2011-08-28,28.458078
2011-08-29,28.425255
2011-08-30,28.438984
2011-08-31,28.464048
2011-09-01,28.487835
2011-09-02,28.499025
2011-09-03,28.497948
2011-09-04,28.528912
2011-09-05,28.567085
2011-09-06,28.57955
2011-09-07,28.553146
2011-09-08,28.557705
2011-09-09,28.552458
2011-09-10,28.518858
2011-09-11,28.457159
2011-09-12,28.41277
2011-09-13,28.398602
2011-09-14,28.40183
2011-09-15,28.45417
2011-09-16,28.466257
2011-09-17,28.490358
2011-09-18,28.472588
2011-09-19,28.455677
2011-09-20,28.43417
2011-09-21,28.433222
2011-09-22,28.4427
2011-09-23,28.4365
2011-09-24,28.481163
2011-09-25,28.565926
2011-09-26,28.565863
2011-09-27,28.55454
2011-09-28,28.549791
2011-09-29,28.547684
2011-09-30,28.546345
2011-10-01,28.539524
2011-10-02,28.526361
2011-10-03,28.533876
2011-10-04,28.514198
2011-10-05,28.5559
2011-10-06,28.67912
2011-10-07,28.663431
2011-10-08,28.647966
2011-10-09,28.647072
2011-10-10,28.59805
2011-10-11,28.572493
2011-10-12,28.553812
2011-10-13,28.568039
2011-10-14,28.66548
2011-10-15,28.753876
2011-10-16,28.82863
2011-10-17,28.916143
2011-10-18,28.962627
2011-10-19,29.03914
2011-10-20,29.018991
2011-10-21,28.94163
2011-10-22,28.92186
2011-10-23,28.913157
2011-10-24,28.876295
2011-10-25,28.855936
2011-10-26,28.84164
2011-10-27,28.811422
2011-10-28,28.80761
2011-10-29,28.808765
2011-10-30,28.812918
2011-10-31,28.779856
2011-11-01,28.76826
2011-11-02,28.818954
2011-11-03,28.897978
2011-11-04,28.956474
2011-11-05,28.93194
2011-11-06,29.094267
2011-11-07,29.219292
2011-11-08,29.131237
2011-11-09,29.068539
2011-11-10,28.96478
2011-11-11,28.914108
2011-11-12,29.095589
2011-11-13,29.12466
2011-11-14,29.149586
2011-11-15,29.098982
2011-11-16,29.098412
2011-11-17,29.05149
2011-11-18,29.075195
2011-11-19,29.027666
2011-11-20,28.998413
2011-11-21,28.943691
2011-11-22,28.888319
2011-11-23,28.847212
2011-11-24,28.814974
2011-11-25,28.777264
2011-11-26,28.74473
2011-11-27,28.71597
2011-11-28,28.713549
2011-11-29,28.668167
2011-11-30,28.646597
2011-12-01,28.617516
2011-12-02,28.698324
2011-12-03,28.716064
2011-12-04,28.779625
2011-12-05,28.918552
2011-12-06,28.866318
2011-12-07,28.819946
2011-12-08,28.795172
2011-12-09,28.840824
2011-12-10,28.850838
2011-12-11,28.799162
2011-12-12,28.747253
2011-12-13,28.723429
2011-12-14,28.701937
2011-12-15,28.661913
2011-12-16,28.67371
2011-12-17,28.670177
2011-12-18,28.62036
2011-12-19,28.602156
2011-12-20,28.582476
2011-12-21,28.566135
2011-12-22,28.528717
2011-12-23,28.490688
2011-12-24,28.432453
2011-12-25,28.390764
2011-12-26,28.313265
2011-12-27,28.260479
2011-12-28,28.289309
2011-12-29,28.365911
2011-12-30,28.328556
2011-12-31,28.3638
2012-01-01,28.401058
2012-01-02,28.497105
2012-01-03,28.527922
2012-01-04,28.538034
2012-01-05,28.525393
2012-01-06,28.554958
2012-01-07,28.524054
2012-01-08,28.522562
2012-01-09,28.531061
2012-01-10,28.544176
2012-01-11,28.51766
2012-01-12,28.468967
2012-01-13,28.438843
2012-01-14,28.388063
2012-01-15,28.343647
2012-01-16,28.336948
2012-01-17,28.302402
2012-01-18,28.323889
2012-01-19,28.350569
2012-01-20,28.389227
2012-01-21,28.36155
2012-01-22,28.306894
2012-01-23,28.297863
2012-01-24,28.280682
2012-01-25,28.270094
2012-01-26,28.261486
2012-01-27,28.256895
2012-01-28,28.273209
2012-01-29,28.291515
2012-01-30,28.27914
2012-01-31,28.309135
2012-02-01,28.328405
2012-02-02,28.318138
2012-02-03,28.307884
2012-02-04,28.317787
2012-02-05,28.292171
2012-02-06,28.322557
2012-02-07,28.347609
2012-02-08,28.395834
2012-02-09,28.410013
2012-02-10,28.38637
2012-02-11,28.38575
2012-02-12,28.416067
2012-02-13,28.432913
2012-02-14,28.437202
2012-02-15,28.491867
2012-02-16,28.531416
2012-02-17,28.706226
2012-02-18,28.701769
2012-02-19,28.676952
2012-02-20,28.57961
2012-02-21,28.564322
2012-02-22,28.524643
2012-02-23,28.523106
2012-02-24,28.511292
2012-02-25,28.599422
2012-02-26,28.624376
2012-02-27,28.692924
2012-02-28,28.770014
2012-02-29,28.943686
2012-03-01,28.875446
2012-03-02,28.861382
2012-03-03,28.91239
2012-03-04,28.851686
2012-03-05,28.80124
2012-03-06,28.721779
2012-03-07,28.840282
2012-03-08,28.785381
2012-03-09,28.787628
2012-03-10,28.899359
2012-03-11,28.87632
2012-03-12,28.954622
2012-03-13,28.893272
2012-03-14,28.982977
2012-03-15,28.991488
2012-03-16,29.048075
2012-03-17,29.107664
2012-03-18,29.122845
2012-03-19,29.259415
2012-03-20,29.26726
2012-03-21,29.307243
2012-03-22,29.33439
2012-03-23,29.266138
2012-03-24,29.28423
2012-03-25,29.319216
2012-03-26,29.38906
2012-03-27,29.366335
2012-03-28,29.352173
2012-03-29,29.454643
2012-03-30,29.626715
2012-03-31,29.709604
2012-04-01,29.679773
2012-04-02,29.81778
2012-04-03,29.897577
2012-04-04,29.918594
2012-04-05,29.87961
2012-04-06,29.917442
2012-04-07,29.999535
2012-04-08,29.861954
2012-04-09,29.875933
2012-04-10,29.890205
2012-04-11,29.96597
2012-04-12,30.003939
2012-04-13,29.97973
2012-04-14,29.915579
2012-04-15,30.09932
2012-04-16,30.05477
2012-04-17,30.087414
2012-04-18,30.02358
2012-04-19,29.91338
2012-04-20,29.817926
2012-04-21,29.865248
2012-04-22,29.830183
2012-04-23,29.836298
2012-04-24,29.762333
2012-04-25,29.751553
2012-04-26,29.835396
2012-04-27,29.816332
2012-04-28,29.705837
2012-04-29,29.671227
2012-04-30,29.691397
2012-05-01,29.625782
2012-05-02,29.591547
2012-05-03,29.555676
2012-05-04,29.505384
2012-05-05,29.46455
2012-05-06,29.45621
2012-05-07,29.480492
2012-05-08,29.430037
2012-05-09,29.42099
2012-05-10,29.462006
2012-05-11,29.496248
2012-05-12,29.466427
2012-05-13,29.499966
2012-05-14,29.503542
2012-05-15,29.50613
2012-05-16,29.501574
2012-05-17,29.530355
2012-05-18,29.555235
2012-05-19,29.52798
2012-05-20,29.495924
2012-05-21,29.456945
2012-05-22,29.407032
2012-05-23,29.359428
2012-05-24,29.300665
2012-05-25,29.242487
2012-05-26,29.195309
2012-05-27,29.15202
2012-05-28,29.097923
2012-05-29,29.06407
2012-05-30,29.027374
2012-05-31,28.979918
2012-06-01,28.93104
2012-06-02,28.93412
2012-06-03,28.930254
2012-06-04,28.904673
2012-06-05,28.8688
2012-06-06,28.825712
2012-06-07,28.789825
2012-06-08,28.770023
2012-06-09,28.743216
2012-06-10,28.696552
2012-06-11,28.672127
2012-06-12,28.649689
2012-06-13,28.671019
2012-06-14,28.70066
2012-06-15,28.730968
2012-06-16,28.711235
2012-06-17,28.678524
2012-06-18,28.657936
2012-06-19,28.64043
2012-06-20,28.608519
2012-06-21,28.598429
2012-06-22,28.669712
2012-06-23,28.676126
2012-06-24,28.666746
2012-06-25,28.69584
2012-06-26,28.733438
2012-06-27,28.747852
2012-06-28,28.74103
2012-06-29,28.731497
2012-06-30,28.711988
2012-07-01,28.693707
2012-07-02,28.659931
2012-07-03,28.63437
2012-07-04,28.628103
2012-07-05,28.640512
2012-07-06,28.646387
2012-07-07,28.622444
2012-07-08,28.60947
2012-07-09,28.611021
2012-07-10,28.583555
2012-07-11,28.644945
2012-07-12,28.631792
2012-07-13,28.638212
2012-07-14,28.640223
2012-07-15,28.616583
2012-07-16,28.624517
2012-07-17,28.641783
2012-07-18,28.627306
2012-07-19,28.621902
2012-07-20,28.648924
2012-07-21,28.660545
2012-07-22,28.684904
2012-07-23,28.661205
2012-07-24,28.63119
2012-07-25,28.605736
2012-07-26,28.595589
2012-07-27,28.586517
2012-07-28,28.590023
2012-07-29,28.59529
2012-07-30,28.593674
2012-07-31,28.590052
2012-08-01,28.580776
2012-08-02,28.578665
2012-08-03,28.55913
2012-08-04,28.558607
2012-08-05,28.569117
2012-08-06,28.565617
2012-08-07,28.574821
2012-08-08,28.64669
2012-08-09,28.635479
2012-08-10,28.632544
2012-08-11,28.674788
2012-08-12,28.783443
2012-08-13,28.870075
2012-08-14,28.956285
2012-08-15,28.93018
2012-08-16,28.833042
2012-08-17,28.796926
2012-08-18,28.761127
2012-08-19,28.746977
2012-08-20,28.720537
2012-08-21,28.677166
2012-08-22,28.714464
2012-08-23,28.69445
2012-08-24,28.688171
2012-08-25,28.620548
2012-08-26,28.574663
2012-08-27,28.51239
2012-08-28,28.44703
2012-08-29,28.40992
2012-08-30,28.410192
2012-08-31,28.502625
2012-09-01,28.549725
2012-09-02,28.573694
2012-09-03,28.591564
2012-09-04,28.571102
2012-09-05,28.563416
2012-09-06,28.550037
2012-09-07,28.519863
2012-09-08,28.499454
2012-09-09,28.486858
2012-09-10,28.489704
2012-09-11,28.477732
2012-09-12,28.463348
2012-09-13,28.421453
2012-09-14,28.434206
2012-09-15,28.410126
2012-09-16,28.407858
2012-09-17,28.439928
2012-09-18,28.440258
2012-09-19,28.405558
2012-09-20,28.453259
2012-09-21,28.526213
2012-09-22,28.628645
2012-09-23,28.546387
2012-09-24,28.500496
2012-09-25,28.440002
2012-09-26,28.397602
2012-09-27,28.348587
2012-09-28,28.310593
2012-09-29,28.294672
2012-09-30,28.30309
2012-10-01,28.371565
2012-10-02,28.487587
2012-10-03,28.540981
2012-10-04,28.573473
2012-10-05,28.654259
2012-10-06,28.746569
2012-10-07,28.764456
2012-10-08,28.759745
2012-10-09,28.699305
2012-10-10,28.732864
2012-10-11,28.893875
2012-10-12,29.036068
2012-10-13,29.13309
2012-10-14,29.167114
2012-10-15,28.973417
2012-10-16,28.95339
2012-10-17,28.947016
2012-10-18,29.028593
2012-10-19,29.03219
2012-10-20,29.070225
2012-10-21,28.994282
2012-10-22,28.974096
2012-10-23,29.052013
2012-10-24,29.248129
2012-10-25,29.147066
2012-10-26,29.097248
2012-10-27,29.061735
2012-10-28,29.051388
2012-10-29,29.04176
2012-10-30,28.962416
2012-10-31,29.063677
2012-11-01,29.007524
2012-11-02,29.059267
2012-11-03,29.024975
2012-11-04,29.017828
2012-11-05,29.019371
2012-11-06,28.987215
2012-11-07,29.08708
2012-11-08,29.019562
2012-11-09,29.132225
2012-11-10,28.982689
2012-11-11,28.950962
2012-11-12,28.874783
2012-11-13,28.848797
2012-11-14,28.845055
2012-11-15,28.831154
2012-11-16,28.849344
2012-11-17,28.95781
2012-11-18,29.054083
2012-11-19,29.236822
2012-11-20,29.265682
2012-11-21,29.283274
2012-11-22,29.32493
2012-11-23,29.353628
2012-11-24,29.23677
2012-11-25,29.243927
2012-11-26,29.231924
2012-11-27,29.254795
2012-11-28,29.083956
2012-11-29,29.03031
2012-11-30,28.963417
2012-12-01,28.936464
2012-12-02,29.076326
2012-12-03,29.101227
2012-12-04,29.051746
2012-12-05,28.9794
2012-12-06,28.979004
2012-12-07,28.968378
2012-12-08,28.953403
2012-12-09,28.951235
2012-12-10,28.933971
2012-12-11,28.901562
2012-12-12,28.887575
2012-12-13,28.84562
2012-12-14,28.797834
2012-12-15,28.761442
2012-12-16,28.749771
2012-12-17,28.734638
2012-12-18,28.729412
2012-12-19,28.726313
2012-12-20,28.702047
2012-12-21,28.683044
2012-12-22,28.66133
2012-12-23,28.61133
2012-12-24,28.578943
2012-12-25,28.593578
2012-12-26,28.626976
2012-12-27,28.569918
2012-12-28,28.596628
2012-12-29,28.615461
2012-12-30,28.619781
2012-12-31,28.587585
2013-01-01,28.566727
2013-01-02,28.563065
2013-01-03,28.536276
2013-01-04,28.518946
2013-01-05,28.508327
2013-01-06,28.558222
2013-01-07,28.554071
2013-01-08,28.633823
2013-01-09,28.664415
2013-01-10,28.629751
2013-01-11,28.591055
2013-01-12,28.576008
2013-01-13,28.531485
2013-01-14,28.499495
2013-01-15,28.48671
2013-01-16,28.446898
2013-01-17,28.44646
2013-01-18,28.466513
2013-01-19,28.529839
2013-01-20,28.56067
2013-01-21,28.575918
2013-01-22,28.561932
2013-01-23,28.566854
2013-01-24,28.562445
2013-01-25,28.548578
2013-01-26,28.525705
2013-01-27,28.520601
2013-01-28,28.54606
2013-01-29,28.578608
2013-01-30,28.601461
2013-01-31,28.614573
2013-02-01,28.61334
2013-02-02,28.604809
2013-02-03,28.6073
2013-02-04,28.610897
2013-02-05,28.585516
2013-02-06,28.568161
2013-02-07,28.63773
2013-02-08,28.67936
2013-02-09,28.616713
2013-02-10,28.597847
2013-02-11,28.602257
2013-02-12,28.64324
2013-02-13,28.687305
2013-02-14,28.727833
2013-02-15,28.705524
2013-02-16,28.735388
2013-02-17,28.872225
2013-02-18,28.921385
2013-02-19,28.801697
2013-02-20,28.808159
2013-02-21,28.788187
2013-02-22,28.78001
2013-02-23,28.79804
2013-02-24,28.771776
2013-02-25,28.775278
2013-02-26,28.74631
2013-02-27,28.788359
2013-02-28,28.824953
2013-03-01,28.87722
2013-03-02,28.835167
2013-03-03,28.866322
2013-03-04,28.941338
2013-03-05,28.924524
2013-03-06,29.027807
2013-03-07,29.038334
2013-03-08,29.088566
2013-03-09,29.191418
2013-03-10,29.254805
2013-03-11,29.302332
2013-03-12,29.407686
2013-03-13,29.413237
2013-03-14,29.400057
2013-03-15,29.391787
2013-03-16,29.408695
2013-03-17,29.497267
2013-03-18,29.589836
2013-03-19,29.582287
2013-03-20,29.584494
2013-03-21,29.655241
2013-03-22,29.70439
2013-03-23,29.74524
2013-03-24,29.718534
2013-03-25,29.780523
2013-03-26,29.935024
2013-03-27,30.005075
2013-03-28,30.082602
2013-03-29,30.028416
2013-03-30,30.121725
2013-03-31,30.137575
2013-04-01,30.200413
2013-04-02,30.122831
2013-04-03,30.134209
2013-04-04,30.151875
2013-04-05,30.073835
2013-04-06,30.003067
2013-04-07,30.21952
2013-04-08,30.253353
2013-04-09,30.353561
2013-04-10,30.33612
2013-04-11,30.330505
2013-04-12,30.192417
2013-04-13,30.240664
2013-04-14,30.215952
2013-04-15,30.309456
2013-04-16,30.223951
2013-04-17,30.251457
2013-04-18,30.262314
2013-04-19,30.345074
2013-04-20,30.494623
2013-04-21,30.434355
2013-04-22,30.528727
2013-04-23,30.553148
2013-04-24,30.631529
2013-04-25,30.725395
2013-04-26,30.705025
2013-04-27,30.8192
2013-04-28,30.957798
2013-04-29,30.864487
2013-04-30,30.83715
2013-05-01,30.697796
2013-05-02,30.601055
2013-05-03,30.558592
2013-05-04,30.562666
2013-05-05,30.466675
2013-05-06,30.37103
2013-05-07,30.44957
2013-05-08,30.356125
2013-05-09,30.36264
2013-05-10,30.21642
2013-05-11,30.108225
2013-05-12,30.023031
2013-05-13,29.951914
2013-05-14,29.901474
2013-05-15,29.881681
2013-05-16,29.86057
2013-05-17,29.872828
2013-05-18,29.789677
2013-05-19,29.719934
2013-05-20,29.714653
2013-05-21,29.65753
2013-05-22,29.63828
2013-05-23,29.605453
2013-05-24,29.569786
2013-05-25,29.51933
2013-05-26,29.476612
2013-05-27,29.447052
2013-05-28,29.423899
2013-05-29,29.417452
2013-05-30,29.421333
2013-05-31,29.414854
2013-06-01,29.394773
2013-06-02,29.342388
2013-06-03,29.29253
2013-06-04,29.258171
2013-06-05,29.223984
2013-06-06,29.189077
2013-06-07,29.177624
2013-06-08,29.14204
2013-06-09,29.088305
2013-06-10,29.042484
2013-06-11,28.993721
2013-06-12,28.925343
2013-06-13,28.86561
2013-06-14,28.820768
2013-06-15,28.79531
2013-06-16,28.758972
2013-06-17,28.70547
2013-06-18,28.649342
2013-06-19,28.612274
2013-06-20,28.594921
2013-06-21,28.588425
2013-06-22,28.563654
2013-06-23,28.52938
2013-06-24,28.50888
2013-06-25,28.520094
2013-06-26,28.566246
2013-06-27,28.642422
2013-06-28,28.688984
2013-06-29,28.707521
2013-06-30,28.75517
2013-07-01,28.7199
2013-07-02,28.695713
2013-07-03,28.643158
2013-07-04,28.58404
2013-07-05,28.56722
2013-07-06,28.565538
2013-07-07,28.520212
2013-07-08,28.484282
2013-07-09,28.45699
2013-07-10,28.430897
2013-07-11,28.415836
2013-07-12,28.433537
2013-07-13,28.427338
2013-07-14,28.413654
2013-07-15,28.357792
2013-07-16,28.316118
2013-07-17,28.295576
2013-07-18,28.298996
2013-07-19,28.279463
2013-07-20,28.29499
2013-07-21,28.288004
2013-07-22,28.261776
2013-07-23,28.236137
2013-07-24,28.217556
2013-07-25,28.249426
2013-07-26,28.282045
2013-07-27,28.35544
2013-07-28,28.400621
2013-07-29,28.362297
2013-07-30,28.339712
2013-07-31,28.294971
2013-08-01,28.255976
2013-08-02,28.26109
2013-08-03,28.251867
2013-08-04,28.261217
2013-08-05,28.229132
2013-08-06,28.23852
2013-08-07,28.261642
2013-08-08,28.223492
2013-08-09,28.176643
2013-08-10,28.13844
2013-08-11,28.108105
2013-08-12,28.069912
2013-08-13,28.033958
2013-08-14,27.987959
2013-08-15,27.97455
2013-08-16,27.978056
2013-08-17,28.041054
2013-08-18,28.081491
2013-08-19,28.088835
2013-08-20,28.12853
2013-08-21,28.148773
2013-08-22,28.154099
2013-08-23,28.168665
2013-08-24,28.214163
2013-08-25,28.264421
2013-08-26,28.303137
2013-08-27,28.33685
2013-08-28,28.373775
2013-08-29,28.398405
2013-08-30,28.425339
2013-08-31,28.47714
2013-09-01,28.442362
2013-09-02,28.447329
2013-09-03,28.400211
2013-09-04,28.394032
2013-09-05,28.345854
2013-09-06,28.307205
2013-09-07,28.29303
2013-09-08,28.278837
2013-09-09,28.250055
2013-09-10,28.226496
2013-09-11,28.177383
2013-09-12,28.155563
2013-09-13,28.157375
2013-09-14,28.164234
2013-09-15,28.141237
2013-09-16,28.135822
2013-09-17,28.151081
2013-09-18,28.144857
2013-09-19,28.145365
2013-09-20,28.134544
2013-09-21,28.150877
2013-09-22,28.176474
2013-09-23,28.208502
2013-09-24,28.240965
2013-09-25,28.294727
2013-09-26,28.41667
2013-09-27,28.39139
2013-09-28,28.384064
2013-09-29,28.382511
2013-09-30,28.413668
2013-10-01,28.478853
2013-10-02,28.50032
2013-10-03,28.487694
2013-10-04,28.529245
2013-10-05,28.539787
2013-10-06,28.521852
2013-10-07,28.508923
2013-10-08,28.498878
2013-10-09,28.441872
2013-10-10,28.424974
2013-10-11,28.431454
2013-10-12,28.420357
2013-10-13,28.479982
2013-10-14,28.52463
2013-10-15,28.549076
2013-10-16,28.532297
2013-10-17,28.528378
2013-10-18,28.483355
2013-10-19,28.424704
2013-10-20,28.382277
2013-10-21,28.377518
2013-10-22,28.41346
2013-10-23,28.529646
2013-10-24,28.62171
2013-10-25,28.721607
2013-10-26,28.75287
2013-10-27,28.782928
2013-10-28,28.79628
2013-10-29,28.75344
2013-10-30,28.778957
2013-10-31,28.847818
2013-11-01,28.776203
2013-11-02,28.732784
2013-11-03,28.78739
2013-11-04,28.865448
2013-11-05,28.804857
2013-11-06,28.800173
2013-11-07,28.791092
2013-11-08,28.904924
2013-11-09,28.932444
2013-11-10,28.964172
2013-11-11,28.926113
2013-11-12,28.883131
2013-11-13,28.910719
2013-11-14,28.925684
2013-11-15,28.941633
2013-11-16,28.991531
2013-11-17,28.944586
2013-11-18,29.100658
2013-11-19,29.053947
2013-11-20,29.091671
2013-11-21,29.067924
2013-11-22,29.042282
2013-11-23,29.02548
2013-11-24,29.11745
2013-11-25,29.02188
2013-11-26,29.050768
2013-11-27,29.099777
2013-11-28,29.170643
2013-11-29,29.029911
2013-11-30,28.943207
2013-12-01,28.885336
2013-12-02,28.86054
2013-12-03,28.811247
2013-12-04,28.777739
2013-12-05,28.72283
2013-12-06,28.680574
2013-12-07,28.65309
2013-12-08,28.65383
2013-12-09,28.640057
2013-12-10,28.659472
2013-12-11,28.693455
2013-12-12,28.69297
2013-12-13,28.622974
2013-12-14,28.599672
2013-12-15,28.62459
2013-12-16,28.609547
2013-12-17,28.585726
2013-12-18,28.578648
2013-12-19,28.591507
2013-12-20,28.56983
2013-12-21,28.536345
2013-12-22,28.497759
2013-12-23,28.479107
2013-12-24,28.470024
2013-12-25,28.446302
2013-12-26,28.4075
2013-12-27,28.388794
2013-12-28,28.36088
2013-12-29,28.331224
2013-12-30,28.307478
2013-12-31,28.291443
2014-01-01,28.294594
2014-01-02,28.285463
2014-01-03,28.325497
2014-01-04,28.348635
2014-01-05,28.372078
2014-01-06,28.452381
2014-01-07,28.41055
2014-01-08,28.37952
2014-01-09,28.385454
2014-01-10,28.38225
2014-01-11,28.35775
2014-01-12,28.356623
2014-01-13,28.351141
2014-01-14,28.351154
2014-01-15,28.327213
2014-01-16,28.29144
2014-01-17,28.229748
2014-01-18,28.170723
2014-01-19,28.14165
2014-01-20,28.091932
2014-01-21,28.03239
2014-01-22,27.983778
2014-01-23,27.987556
2014-01-24,27.984636
2014-01-25,27.967682
2014-01-26,27.95447
2014-01-27,27.943668
2014-01-28,27.951077
2014-01-29,27.976427
2014-01-30,27.995392
2014-01-31,27.989418
2014-02-01,27.963264
2014-02-02,27.936401
2014-02-03,27.922937
2014-02-04,27.92697
2014-02-05,27.887648
2014-02-06,27.856796
2014-02-07,27.827372
2014-02-08,27.921322
2014-02-09,27.92327
2014-02-10,27.932787
2014-02-11,27.928394
2014-02-12,27.929094
2014-02-13,27.921827
2014-02-14,27.907637
2014-02-15,28.046982
2014-02-16,28.15365
2014-02-17,28.35779
2014-02-18,28.252434
2014-02-19,28.200045
2014-02-20,28.196222
2014-02-21,28.241642
2014-02-22,28.22397
2014-02-23,28.228132
2014-02-24,28.250406
2014-02-25,28.264603
2014-02-26,28.256325
2014-02-27,28.229807
2014-02-28,28.2323
2014-03-01,28.23982
2014-03-02,28.312891
2014-03-03,28.335165
2014-03-04,28.349636
2014-03-05,28.34449
2014-03-06,28.359205
2014-03-07,28.347193
2014-03-08,28.35659
2014-03-09,28.373816
2014-03-10,28.373821
2014-03-11,28.354742
2014-03-12,28.34437
2014-03-13,28.360373
2014-03-14,28.408281
2014-03-15,28.420712
2014-03-16,28.440535
2014-03-17,28.474936
2014-03-18,28.51446
2014-03-19,28.692804
2014-03-20,28.70797
2014-03-21,28.864948
2014-03-22,28.89302
2014-03-23,28.827644
2014-03-24,28.832266
2014-03-25,28.789669
2014-03-26,28.831154
2014-03-27,28.909184
2014-03-28,29.00793
2014-03-29,29.131025
2014-03-30,29.238708
2014-03-31,29.398602
2014-04-01,29.624634
2014-04-02,29.560324
2014-04-03,29.681898
2014-04-04,29.53428
2014-04-05,29.57982
2014-04-06,29.649324
2014-04-07,29.821974
2014-04-08,29.931004
2014-04-09,29.910828
2014-04-10,29.961056
2014-04-11,30.013092
2014-04-12,30.17699
2014-04-13,30.16829
2014-04-14,30.28466
2014-04-15,30.244265
2014-04-16,30.367697
2014-04-17,30.353554
2014-04-18,30.403368
2014-04-19,30.500967
2014-04-20,30.664843
2014-04-21,30.605684
2014-04-22,30.607635
2014-04-23,30.801199
2014-04-24,30.99401
2014-04-25,31.02859
2014-04-26,31.132236
2014-04-27,31.010946
2014-04-28,31.06102
2014-04-29,30.907711
2014-04-30,31.01977
2014-05-01,31.078413
2014-05-02,30.952236
2014-05-03,30.894485
2014-05-04,30.84878
2014-05-05,30.870743
2014-05-06,30.799599
2014-05-07,30.779854
2014-05-08,30.884636
2014-05-09,30.82233
2014-05-10,30.790802
2014-05-11,30.730068
2014-05-12,30.66106
2014-05-13,30.56728
2014-05-14,30.477194
2014-05-15,30.373383
2014-05-16,30.316004
2014-05-17,30.241463
2014-05-18,30.174015
2014-05-19,30.081867
2014-05-20,30.013666
2014-05-21,29.953608
2014-05-22,29.8934
2014-05-23,29.84195
2014-05-24,29.794403
2014-05-25,29.787525
2014-05-26,29.773205
2014-05-27,29.808826
2014-05-28,29.783236
2014-05-29,29.68176
2014-05-30,29.630701
2014-05-31,29.61451
2014-06-01,29.64391
2014-06-02,29.639154
2014-06-03,29.580359
2014-06-04,29.551266
2014-06-05,29.518627
2014-06-06,29.507338
2014-06-07,29.490145
2014-06-08,29.467283
2014-06-09,29.455194
2014-06-10,29.472033
2014-06-11,29.454832
2014-06-12,29.403212
2014-06-13,29.342476
2014-06-14,29.287075
2014-06-15,29.274458
2014-06-16,29.275133
2014-06-17,29.251225
2014-06-18,29.227411
2014-06-19,29.223412
2014-06-20,29.220007
2014-06-21,29.19925
2014-06-22,29.1865
2014-06-23,29.165783
2014-06-24,29.119024
2014-06-25,29.091957
2014-06-26,29.07307
2014-06-27,29.07952
2014-06-28,29.095976
2014-06-29,29.097025
2014-06-30,29.068438
2014-07-01,29.071781
2014-07-02,29.059656
2014-07-03,29.054337
2014-07-04,29.063692
2014-07-05,29.073587
2014-07-06,29.002262
2014-07-07,28.96535
2014-07-08,28.914938
2014-07-09,28.839863
2014-07-10,28.772198
2014-07-11,28.69372
2014-07-12,28.658594
2014-07-13,28.651348
2014-07-14,28.649591
2014-07-15,28.63086
2014-07-16,28.657593
2014-07-17,28.6887
2014-07-18,28.704056
2014-07-19,28.701868
2014-07-20,28.705397
2014-07-21,28.720905
2014-07-22,28.724806
2014-07-23,28.736334
2014-07-24,28.767157
2014-07-25,28.77788
2014-07-26,28.804665
2014-07-27,28.792923
2014-07-28,28.765789
2014-07-29,28.772856
2014-07-30,28.790554
2014-07-31,28.821142
2014-08-01,28.84596
2014-08-02,28.845331
2014-08-03,28.836224
2014-08-04,28.810131
2014-08-05,28.775312
2014-08-06,28.729313
2014-08-07,28.688852
2014-08-08,28.686705
2014-08-09,28.727882
2014-08-10,28.77612
2014-08-11,28.778389
2014-08-12,28.743639
2014-08-13,28.719107
2014-08-14,28.699867
2014-08-15,28.674936
2014-08-16,28.696974
2014-08-17,28.70098
2014-08-18,28.723763
2014-08-19,28.736488
2014-08-20,28.81371
2014-08-21,28.84983
2014-08-22,28.910397
2014-08-23,28.924665
2014-08-24,28.991129
2014-08-25,28.963211
2014-08-26,28.876202
2014-08-27,28.834879
2014-08-28,28.808273
2014-08-29,28.805643
2014-08-30,28.87318
2014-08-31,28.89243
2014-09-01,28.863737
2014-09-02,28.827549
2014-09-03,28.913324
2014-09-04,28.906996
2014-09-05,28.862665
2014-09-06,28.788372
2014-09-07,28.736261
2014-09-08,28.705149
2014-09-09,28.648504
2014-09-10,28.625975
2014-09-11,28.619864
2014-09-12,28.565096
2014-09-13,28.51271
2014-09-14,28.455473
2014-09-15,28.397905
2014-09-16,28.364546
2014-09-17,28.358738
2014-09-18,28.387814
2014-09-19,28.502447
2014-09-20,28.501064
2014-09-21,28.575829
2014-09-22,28.685162
2014-09-23,28.666006
2014-09-24,28.745842
2014-09-25,28.698097
2014-09-26,28.82345
2014-09-27,28.920391
2014-09-28,29.13437
2014-09-29,29.217321
2014-09-30,29.183052
2014-10-01,29.174065
2014-10-02,29.080112
2014-10-03,28.994286
2014-10-04,28.915953
2014-10-05,28.82284
2014-10-06,28.741983
2014-10-07,28.67969
2014-10-08,28.610529
2014-10-09,28.586378
2014-10-10,28.579592
2014-10-11,28.579542
2014-10-12,28.645813
2014-10-13,28.68552
2014-10-14,28.65739
2014-10-15,28.700212
2014-10-16,28.720308
2014-10-17,28.701239
2014-10-18,28.735931
2014-10-19,28.863148
2014-10-20,28.983171
2014-10-21,28.943943
2014-10-22,28.929588
2014-10-23,28.973125
2014-10-24,29.190397
2014-10-25,29.32008
2014-10-26,29.295847
2014-10-27,29.30789
2014-10-28,29.236284
2014-10-29,29.145182
2014-10-30,29.093678
2014-10-31,29.064999
2014-11-01,29.018858
2014-11-02,28.9389
2014-11-03,28.875002
2014-11-04,28.805176
2014-11-05,28.726774
2014-11-06,28.706768
2014-11-07,28.73998
2014-11-08,28.960129
2014-11-09,28.935514
2014-11-10,28.836842
2014-11-11,28.827835
2014-11-12,28.841738
2014-11-13,28.829588
2014-11-14,28.851486
2014-11-15,28.84033
2014-11-16,28.78938
2014-11-17,28.776226
2014-11-18,28.754953
2014-11-19,28.720697
2014-11-20,28.722027
2014-11-21,28.727655
2014-11-22,28.702225
2014-11-23,28.697414
2014-11-24,28.672552
2014-11-25,28.674236
2014-11-26,28.671253
2014-11-27,28.768059
2014-11-28,28.810503
2014-11-29,28.89417
2014-11-30,28.966595
2014-12-01,28.965376
2014-12-02,28.976376
2014-12-03,28.875254
2014-12-04,28.858906
2014-12-05,28.857317
2014-12-06,28.88571
2014-12-07,28.978367
2014-12-08,28.94753
2014-12-09,28.937153
2014-12-10,28.91129
2014-12-11,28.866856
2014-12-12,28.856697
2014-12-13,28.876654
2014-12-14,28.892729
2014-12-15,28.928646
2014-12-16,28.89023
2014-12-17,28.852467
2014-12-18,28.828726
2014-12-19,28.792765
2014-12-20,28.771019
2014-12-21,28.759169
2014-12-22,28.716188
2014-12-23,28.704395
2014-12-24,28.700487
2014-12-25,28.670387
2014-12-26,28.644066
2014-12-27,28.645548
2014-12-28,28.656994
2014-12-29,28.668217
2014-12-30,28.652094
2014-12-31,28.687717
2015-01-01,28.69907
2015-01-02,28.783085
2015-01-03,28.756512
2015-01-04,28.745483
2015-01-05,28.764406
2015-01-06,28.730122
2015-01-07,28.770618
2015-01-08,28.765413
2015-01-09,28.72641
2015-01-10,28.705276
2015-01-11,28.673044
2015-01-12,28.62745
2015-01-13,28.658243
2015-01-14,28.745539
2015-01-15,28.797985
2015-01-16,28.838364
2015-01-17,28.711454
2015-01-18,28.686977
2015-01-19,28.68274
2015-01-20,28.690315
2015-01-21,28.698467
2015-01-22,28.675919
2015-01-23,28.650042
2015-01-24,28.619902
2015-01-25,28.589037
2015-01-26,28.553873
2015-01-27,28.542091
2015-01-28,28.537663
2015-01-29,28.546858
2015-01-30,28.630772
2015-01-31,28.591436
2015-02-01,28.555382
2015-02-02,28.534273
2015-02-03,28.517202
2015-02-04,28.522327
2015-02-05,28.509897
2015-02-06,28.505835
2015-02-07,28.510761
2015-02-08,28.497965
2015-02-09,28.485155
2015-02-10,28.47332
2015-02-11,28.468538
2015-02-12,28.475735
2015-02-13,28.503632
2015-02-14,28.434357
2015-02-15,28.405382
2015-02-16,28.361189
2015-02-17,28.329765
2015-02-18,28.337912
2015-02-19,28.361605
2015-02-20,28.377878
2015-02-21,28.392773
2015-02-22,28.456932
2015-02-23,28.499355
2015-02-24,28.515678
2015-02-25,28.552149
2015-02-26,28.597822
2015-02-27,28.628029
2015-02-28,28.63692
2015-03-01,28.634207
2015-03-02,28.714397
2015-03-03,28.780087
2015-03-04,29.019276
2015-03-05,28.928257
2015-03-06,28.853603
2015-03-07,28.847486
2015-03-08,28.833014
2015-03-09,28.850918
2015-03-10,28.839178
2015-03-11,28.833582
2015-03-12,28.827826
2015-03-13,28.86036
2015-03-14,28.902195
2015-03-15,28.943083
2015-03-16,28.964607
2015-03-17,29.001774
2015-03-18,29.13674
2015-03-19,29.201841
2015-03-20,29.191076
2015-03-21,29.196705
2015-03-22,29.324583
2015-03-23,29.505928
2015-03-24,29.385813
2015-03-25,29.330065
2015-03-26,29.318947
2015-03-27,29.308912
2015-03-28,29.37275
2015-03-29,29.419048
2015-03-30,29.454784
2015-03-31,29.514326
2015-04-01,29.669
2015-04-02,29.915197
2015-04-03,29.975298
2015-04-04,30.097696
2015-04-05,29.98826
2015-04-06,29.9062
2015-04-07,29.916481
2015-04-08,29.929306
2015-04-09,29.922771
2015-04-10,29.928963
2015-04-11,29.971535
2015-04-12,29.934086
2015-04-13,29.84171
2015-04-14,29.770979
2015-04-15,29.771696
2015-04-16,29.810242
2015-04-17,29.89424
2015-04-18,29.857292
2015-04-19,29.845919
2015-04-20,29.82989
2015-04-21,29.9132
2015-04-22,30.020359
2015-04-23,30.057915
2015-04-24,30.20923
2015-04-25,30.178556
2015-04-26,30.191097
2015-04-27,30.0419
2015-04-28,30.079077
2015-04-29,30.17632
2015-04-30,30.231346
2015-05-01,30.147457
2015-05-02,30.221899
2015-05-03,30.231586
2015-05-04,30.19715
2015-05-05,30.184155
2015-05-06,30.16778
2015-05-07,30.25175
2015-05-08,30.24751
2015-05-09,30.222616
2015-05-10,30.239902
2015-05-11,30.246931
2015-05-12,30.172623
2015-05-13,30.093113
2015-05-14,30.143269
2015-05-15,30.145927
2015-05-16,30.099907
2015-05-17,30.087027
2015-05-18,30.137714
2015-05-19,30.116308
2015-05-20,30.063698
2015-05-21,30.0003
2015-05-22,29.932354
2015-05-23,29.902092
2015-05-24,29.875664
2015-05-25,29.830694
2015-05-26,29.792953
2015-05-27,29.748241
2015-05-28,29.728306
2015-05-29,29.730402
2015-05-30,29.732765
2015-05-31,29.730776
2015-06-01,29.761387
2015-06-02,29.905933
2015-06-03,29.999012
2015-06-04,29.93773
2015-06-05,29.987625
2015-06-06,30.13166
2015-06-07,30.063057
2015-06-08,29.97076
2015-06-09,29.959229
2015-06-10,29.94149
2015-06-11,29.981842
2015-06-12,29.930058
2015-06-13,29.902945
2015-06-14,29.865149
2015-06-15,29.8096
2015-06-16,29.757584
2015-06-17,29.696884
2015-06-18,29.657396
2015-06-19,29.617344
2015-06-20,29.582159
2015-06-21,29.56845
2015-06-22,29.579908
2015-06-23,29.591112
2015-06-24,29.588667
2015-06-25,29.597654
2015-06-26,29.5725
2015-06-27,29.53441
2015-06-28,29.501308
2015-06-29,29.465466
2015-06-30,29.460636
2015-07-01,29.44305
2015-07-02,29.469337
2015-07-03,29.442286
2015-07-04,29.418129
2015-07-05,29.373268
2015-07-06,29.329426
2015-07-07,29.287256
2015-07-08,29.277035
2015-07-09,29.265886
2015-07-10,29.263327
2015-07-11,29.28055
2015-07-12,29.260473
2015-07-13,29.244627
2015-07-14,29.215609
2015-07-15,29.147505
2015-07-16,29.085114
2015-07-17,29.055695
2015-07-18,29.024746
2015-07-19,28.997696
2015-07-20,28.983753
2015-07-21,28.95239
2015-07-22,28.95423
2015-07-23,29.00324
2015-07-24,29.138727
2015-07-25,29.097952
2015-07-26,29.011374
2015-07-27,29.02516
2015-07-28,29.086662
2015-07-29,29.084097
2015-07-30,29.06664
2015-07-31,29.085636
2015-08-01,29.120625
2015-08-02,29.096504
2015-08-03,29.060814
2015-08-04,29.03336
2015-08-05,29.00861
2015-08-06,28.98952
2015-08-07,28.974035
2015-08-08,28.954405
2015-08-09,28.934135
2015-08-10,28.906906
2015-08-11,28.895613
2015-08-12,28.913004
2015-08-13,28.979477
2015-08-14,28.966444
2015-08-15,29.002348
2015-08-16,29.010612
2015-08-17,29.034855
2015-08-18,29.154696
2015-08-19,29.318283
2015-08-20,29.237122
2015-08-21,29.190554
2015-08-22,29.171915
2015-08-23,29.141853
2015-08-24,29.126177
2015-08-25,29.10425
2015-08-26,29.073061
2015-08-27,29.09591
2015-08-28,29.220104
2015-08-29,29.15164
2015-08-30,29.117731
2015-08-31,29.108746
2015-09-01,29.130533
2015-09-02,29.129086
2015-09-03,29.152197
2015-09-04,29.242783
2015-09-05,29.324617
2015-09-06,29.35523
2015-09-07,29.453806
2015-09-08,29.383032
2015-09-09,29.335003
2015-09-10,29.257082
2015-09-11,29.251333
2015-09-12,29.262915
2015-09-13,29.225025
2015-09-14,29.206213
2015-09-15,29.187717
2015-09-16,29.162046
2015-09-17,29.11908
2015-09-18,29.084282
2015-09-19,29.163094
2015-09-20,29.276047
2015-09-21,29.302948
2015-09-22,29.235853
2015-09-23,29.131207
2015-09-24,29.049816
2015-09-25,28.989008
2015-09-26,28.912825
2015-09-27,28.836212
2015-09-28,28.777266
2015-09-29,28.736097
2015-09-30,28.718382
2015-10-01,29.020834
2015-10-02,29.164368
2015-10-03,29.06271
2015-10-04,28.909155
2015-10-05,28.857088
2015-10-06,28.877466
2015-10-07,28.94476
2015-10-08,29.11862
2015-10-09,29.096373
2015-10-10,29.271797
2015-10-11,29.347574
2015-10-12,29.474974
2015-10-13,29.492334
2015-10-14,29.418436
2015-10-15,29.459057
2015-10-16,29.411928
2015-10-17,29.53841
2015-10-18,29.642656
2015-10-19,29.734661
2015-10-20,29.688765
2015-10-21,29.658264
2015-10-22,29.705555
2015-10-23,29.636501
2015-10-24,29.684639
2015-10-25,29.707903
2015-10-26,29.620914
2015-10-27,29.569586
2015-10-28,29.492119
2015-10-29,29.4253
2015-10-30,29.439875
2015-10-31,29.476767
2015-11-01,29.496372
2015-11-02,29.398312
2015-11-03,29.394941
2015-11-04,29.412298
2015-11-05,29.389067
2015-11-06,29.389761
2015-11-07,29.326235
2015-11-08,29.311632
2015-11-09,29.371185
2015-11-10,29.382011
2015-11-11,29.341297
2015-11-12,29.305302
2015-11-13,29.197552
2015-11-14,29.130594
2015-11-15,29.201622
2015-11-16,29.315266
2015-11-17,29.266464
2015-11-18,29.330837
2015-11-19,29.236286
2015-11-20,29.20206
2015-11-21,29.216364
2015-11-22,29.229525
2015-11-23,29.236681
2015-11-24,29.235811
2015-11-25,29.191021
2015-11-26,29.16936
2015-11-27,29.132202
2015-11-28,29.096857
2015-11-29,29.073988
2015-11-30,29.084002
2015-12-01,29.076242
2015-12-02,29.079771
2015-12-03,29.139204
2015-12-04,29.1174
2015-12-05,29.137674
2015-12-06,29.104324
2015-12-07,29.135382
2015-12-08,29.186935
2015-12-09,29.164536
2015-12-10,29.154308
2015-12-11,29.217516
2015-12-12,29.233511
2015-12-13,29.32177
2015-12-14,29.236584
2015-12-15,29.283575
2015-12-16,29.197277
2015-12-17,29.18522
2015-12-18,29.192356
2015-12-19,29.171139
2015-12-20,29.145868
2015-12-21,29.122746
2015-12-22,29.106453
2015-12-23,29.107529
2015-12-24,29.159107
2015-12-25,29.14461
2015-12-26,29.152914
2015-12-27,29.114342
2015-12-28,29.11274
2015-12-29,29.108877
2015-12-30,29.105652
2015-12-31,29.085497
2016-01-01,29.071735
2016-01-02,29.085714
2016-01-03,29.085516
2016-01-04,29.093994
2016-01-05,29.086767
2016-01-06,29.068348
2016-01-07,29.054468
2016-01-08,29.050755
2016-01-09,29.042772
2016-01-10,29.036827
2016-01-11,28.994978
2016-01-12,28.964743
2016-01-13,28.964003
2016-01-14,28.954872
2016-01-15,28.94418
2016-01-16,28.907541
2016-01-17,28.898603
2016-01-18,28.888962
2016-01-19,28.943521
2016-01-20,28.986492
2016-01-21,29.041222
2016-01-22,29.049187
2016-01-23,29.068308
2016-01-24,29.060415
2016-01-25,29.069613
2016-01-26,29.062565
2016-01-27,29.098957
2016-01-28,29.12897
2016-01-29,29.08046
2016-01-30,28.998878
2016-01-31,28.979338
2016-02-01,28.943317
2016-02-02,28.908682
2016-02-03,28.880766
2016-02-04,28.882713
2016-02-05,28.862057
2016-02-06,28.84198
2016-02-07,28.828178
2016-02-08,28.8016
2016-02-09,28.77232
2016-02-10,28.751429
2016-02-11,28.739641
2016-02-12,28.767551
2016-02-13,28.780521
2016-02-14,28.773663
2016-02-15,28.805647
2016-02-16,28.836594
2016-02-17,28.85442
2016-02-18,28.896864
2016-02-19,28.983196
2016-02-20,29.003622
2016-02-21,29.019354
2016-02-22,28.992767
2016-02-23,29.026844
2016-02-24,29.06457
2016-02-25,29.004553
2016-02-26,28.989683
2016-02-27,29.007908
2016-02-28,29.008978
2016-02-29,29.012028
2016-03-01,29.02063
2016-03-02,29.038458
2016-03-03,29.043257
2016-03-04,29.083445
2016-03-05,29.10101
2016-03-06,29.130419
2016-03-07,29.161922
2016-03-08,29.25802
2016-03-09,29.275497
2016-03-10,29.314968
2016-03-11,29.324139
2016-03-12,29.376183
2016-03-13,29.393545
2016-03-14,29.42522
2016-03-15,29.462631
2016-03-16,29.473845
2016-03-17,29.522856
2016-03-18,29.512182
2016-03-19,29.573694
2016-03-20,29.768234
2016-03-21,29.767704
2016-03-22,29.855112
2016-03-23,29.934654
2016-03-24,29.73237
2016-03-25,29.763166
2016-03-26,29.718403
2016-03-27,29.789078
2016-03-28,29.831821
2016-03-29,29.82285
2016-03-30,29.862822
2016-03-31,29.972324
2016-04-01,29.987164
2016-04-02,30.011951
2016-04-03,30.089859
2016-04-04,30.184408
2016-04-05,30.398294
2016-04-06,30.505697
2016-04-07,30.413183
2016-04-08,30.342155
2016-04-09,30.342813
2016-04-10,30.372427
2016-04-11,30.584038
2016-04-12,30.465538
2016-04-13,30.50235
2016-04-14,30.657593
2016-04-15,30.734926
2016-04-16,30.729074
2016-04-17,30.739624
2016-04-18,30.734974
2016-04-19,30.805784
2016-04-20,30.845936
2016-04-21,31.052435
2016-04-22,31.130957
2016-04-23,31.078949
2016-04-24,31.081215
2016-04-25,31.199186
2016-04-26,31.217236
2016-04-27,31.341112
2016-04-28,31.481728
2016-04-29,31.414646
2016-04-30,31.378965
2016-05-01,31.50361
2016-05-02,31.540844
2016-05-03,31.514273
2016-05-04,31.427841
2016-05-05,31.336277
2016-05-06,31.397678
2016-05-07,31.421045
2016-05-08,31.435244
2016-05-09,31.339672
2016-05-10,31.37219
2016-05-11,31.438398
2016-05-12,31.33403
2016-05-13,31.36882
2016-05-14,31.214563
2016-05-15,31.113686
2016-05-16,31.03189
2016-05-17,30.995136
2016-05-18,30.954845
2016-05-19,30.891777
2016-05-20,30.807068
2016-05-21,30.708166
2016-05-22,30.631712
2016-05-23,30.561125
2016-05-24,30.487143
2016-05-25,30.405209
2016-05-26,30.340576
2016-05-27,30.28119
2016-05-28,30.210306
2016-05-29,30.162367
2016-05-30,30.109747
2016-05-31,30.06461
2016-06-01,30.016579
2016-06-02,29.958773
2016-06-03,29.908436
2016-06-04,29.89026
2016-06-05,29.868826
2016-06-06,29.872063
2016-06-07,29.858734
2016-06-08,29.836077
2016-06-09,29.852888
2016-06-10,29.851358
2016-06-11,29.844902
2016-06-12,29.819304
2016-06-13,29.783705
2016-06-14,29.741766
2016-06-15,29.680164
2016-06-16,29.592533
2016-06-17,29.499355
2016-06-18,29.419685
2016-06-19,29.371279
2016-06-20,29.313616
2016-06-21,29.23917
2016-06-22,29.194061
2016-06-23,29.148634
2016-06-24,29.093462
2016-06-25,29.054241
2016-06-26,29.02853
2016-06-27,29.005861
2016-06-28,28.968485
2016-06-29,28.937607
2016-06-30,28.94157
2016-07-01,28.977566
2016-07-02,29.018559
2016-07-03,29.098335
2016-07-04,29.214582
2016-07-05,29.222609
2016-07-06,29.239555
2016-07-07,29.237291
2016-07-08,29.237904
2016-07-09,29.240723
2016-07-10,29.233276
2016-07-11,29.256678
2016-07-12,29.282036
2016-07-13,29.306183
2016-07-14,29.309574
2016-07-15,29.23955
2016-07-16,29.26098
2016-07-17,29.25736
2016-07-18,29.221397
2016-07-19,29.189402
2016-07-20,29.185549
2016-07-21,29.151917
2016-07-22,29.13318
2016-07-23,29.117271
2016-07-24,29.130678
2016-07-25,29.115364
2016-07-26,29.12467
2016-07-27,29.155037
2016-07-28,29.0925
2016-07-29,29.044899
2016-07-30,28.99426
2016-07-31,28.97825
2016-08-01,28.940174
2016-08-02,28.907993
2016-08-03,28.881886
2016-08-04,28.876377
2016-08-05,28.893541
2016-08-06,28.908144
2016-08-07,28.908102
2016-08-08,28.909714
2016-08-09,28.907255
2016-08-10,28.91015
2016-08-11,28.894762
2016-08-12,28.89192
2016-08-13,28.852451
2016-08-14,28.824728
2016-08-15,28.804216
2016-08-16,28.779522
2016-08-17,28.770638
2016-08-18,28.786493
2016-08-19,28.822334
2016-08-20,28.86835
2016-08-21,28.912218
2016-08-22,28.989872
2016-08-23,29.01471
2016-08-24,29.022213
2016-08-25,28.948622
2016-08-26,28.91676
2016-08-27,28.889458
2016-08-28,28.884525
2016-08-29,28.856014
2016-08-30,28.811464
2016-08-31,28.791845
2016-09-01,28.828266
2016-09-02,28.800213
2016-09-03,28.767008
2016-09-04,28.785463
2016-09-05,28.779282
2016-09-06,28.758234
2016-09-07,28.733372
2016-09-08,28.721283
2016-09-09,28.751038
2016-09-10,28.782324
2016-09-11,28.777636
2016-09-12,28.789
2016-09-13,28.808397
2016-09-14,28.790916
2016-09-15,28.780834
2016-09-16,28.782164
2016-09-17,28.77277
2016-09-18,28.783514
2016-09-19,28.752007
2016-09-20,28.719301
2016-09-21,28.67224
2016-09-22,28.658575
2016-09-23,28.63507
2016-09-24,28.638905
2016-09-25,28.635653
2016-09-26,28.6359
2016-09-27,28.632921
2016-09-28,28.619774
2016-09-29,28.590452
2016-09-30,28.564302
2016-10-01,28.55832
2016-10-02,28.608665
2016-10-03,28.628262
2016-10-04,28.618656
2016-10-05,28.622622
2016-10-06,28.61533
2016-10-07,28.608004
2016-10-08,28.63788
2016-10-09,28.647364
2016-10-10,28.65239
2016-10-11,28.676199
2016-10-12,28.718681
2016-10-13,28.728025
2016-10-14,28.759075
2016-10-15,28.741522
2016-10-16,28.689487
2016-10-17,28.685244
2016-10-18,28.668324
2016-10-19,28.633072
2016-10-20,28.584524
2016-10-21,28.526747
2016-10-22,28.486631
2016-10-23,28.45553
2016-10-24,28.42562
2016-10-25,28.420708
2016-10-26,28.527887
2016-10-27,28.628973
2016-10-28,28.805687
2016-10-29,28.830296
2016-10-30,28.841722
2016-10-31,28.87162
2016-11-01,28.813646
2016-11-02,28.776936
2016-11-03,28.70121
2016-11-04,28.63124
2016-11-05,28.585842
2016-11-06,28.576094
2016-11-07,28.556828
2016-11-08,28.669912
2016-11-09,28.68629
2016-11-10,28.874996
2016-11-11,28.895796
2016-11-12,28.888046
2016-11-13,28.84648
2016-11-14,28.78486
2016-11-15,28.781878
2016-11-16,28.770061
2016-11-17,28.73028
2016-11-18,28.742437
2016-11-19,28.77001
2016-11-20,28.736286
2016-11-21,28.77365
2016-11-22,28.798855
2016-11-23,28.81333
2016-11-24,28.83609
2016-11-25,28.790005
2016-11-26,28.814018
2016-11-27,28.753408
2016-11-28,28.743351
2016-11-29,28.68052
2016-11-30,28.651878
2016-12-01,28.822008
2016-12-02,28.805187
2016-12-03,28.712572
2016-12-04,28.644983
2016-12-05,28.577475
2016-12-06,28.56768
2016-12-07,28.564514
2016-12-08,28.51781
2016-12-09,28.48189
2016-12-10,28.442442
2016-12-11,28.41198
2016-12-12,28.384335
2016-12-13,28.395918
2016-12-14,28.430569
2016-12-15,28.41795
2016-12-16,28.4268
2016-12-17,28.407837
2016-12-18,28.4485
2016-12-19,28.510633
2016-12-20,28.45332
2016-12-21,28.444414
2016-12-22,28.416348
2016-12-23,28.397833
2016-12-24,28.43537
2016-12-25,28.58615
2016-12-26,28.570593
2016-12-27,28.537226
2016-12-28,28.550083
2016-12-29,28.538187
2016-12-30,28.525005
2016-12-31,28.52735
2017-01-01,28.511845
2017-01-02,28.4872
2017-01-03,28.450293
2017-01-04,28.394152
2017-01-05,28.363266
2017-01-06,28.330593
2017-01-07,28.313389
2017-01-08,28.322124
2017-01-09,28.350306
2017-01-10,28.296524
2017-01-11,28.293749
2017-01-12,28.307287
2017-01-13,28.27134
2017-01-14,28.20833
2017-01-15,28.191294
2017-01-16,28.201714
2017-01-17,28.16087
2017-01-18,28.140673
2017-01-19,28.179636
2017-01-20,28.163017
2017-01-21,28.168982
2017-01-22,28.16872
2017-01-23,28.147383
2017-01-24,28.142542
2017-01-25,28.18022
2017-01-26,28.170406
2017-01-27,28.170908
2017-01-28,28.189926
2017-01-29,28.242392
2017-01-30,28.226767
2017-01-31,28.228203
2017-02-01,28.239697
2017-02-02,28.23994
2017-02-03,28.214272
2017-02-04,28.210155
2017-02-05,28.254265
2017-02-06,28.299301
2017-02-07,28.321335
2017-02-08,28.286688
2017-02-09,28.265505
2017-02-10,28.226019
2017-02-11,28.218365
2017-02-12,28.213161
2017-02-13,28.230696
2017-02-14,28.23287
2017-02-15,28.248423
2017-02-16,28.242
2017-02-17,28.24287
2017-02-18,28.266178
2017-02-19,28.305222
2017-02-20,28.425488
2017-02-21,28.511421
2017-02-22,28.449507
2017-02-23,28.469296
2017-02-24,28.41505
2017-02-25,28.448765
2017-02-26,28.427883
2017-02-27,28.472904
2017-02-28,28.381056
2017-03-01,28.389633
2017-03-02,28.409958
2017-03-03,28.421436
2017-03-04,28.58076
2017-03-05,28.656948
2017-03-06,28.681131
2017-03-07,28.738747
2017-03-08,28.70402
2017-03-09,28.722044
2017-03-10,28.795263
2017-03-11,29.01903
2017-03-12,29.105764
2017-03-13,28.985714
2017-03-14,28.929747
2017-03-15,28.88628
2017-03-16,28.985004
2017-03-17,28.93232
2017-03-18,29.149866
2017-03-19,29.165998
2017-03-20,29.232113
2017-03-21,29.201513
2017-03-22,29.031977
2017-03-23,29.131056
2017-03-24,29.219584
2017-03-25,29.317295
2017-03-26,29.285295
2017-03-27,29.370834
2017-03-28,29.442509
2017-03-29,29.391937
2017-03-30,29.550655
2017-03-31,29.523483
2017-04-01,29.72276
2017-04-02,29.759453
2017-04-03,29.791147
2017-04-04,29.79353
2017-04-05,29.791794
2017-04-06,29.875824
2017-04-07,29.861732
2017-04-08,29.939266
2017-04-09,29.939354
2017-04-10,29.85238
2017-04-11,29.925997
2017-04-12,29.98655
2017-04-13,29.853197
2017-04-14,29.747852
2017-04-15,29.636478
2017-04-16,29.596333
2017-04-17,29.661741
2017-04-18,29.667093
2017-04-19,29.718716
2017-04-20,29.758747
2017-04-21,29.821451
2017-04-22,29.902071
2017-04-23,29.944483
2017-04-24,29.928072
2017-04-25,29.920176
2017-04-26,29.93018
2017-04-27,29.966825
2017-04-28,30.001274
2017-04-29,30.211107
2017-04-30,30.335426
2017-05-01,30.318853
2017-05-02,30.353928
2017-05-03,30.482527
2017-05-04,30.525133
2017-05-05,30.374395
2017-05-06,30.348635
2017-05-07,30.499102
2017-05-08,30.603756
2017-05-09,30.476696
2017-05-10,30.438757
2017-05-11,30.404184
2017-05-12,30.41693
2017-05-13,30.305311
2017-05-14,30.199152
2017-05-15,30.104248
2017-05-16,30.055159
2017-05-17,30.030663
2017-05-18,29.986612
2017-05-19,29.90891
2017-05-20,29.860085
2017-05-21,29.797426
2017-05-22,29.754059
2017-05-23,29.67191
2017-05-24,29.588558
2017-05-25,29.53053
2017-05-26,29.463688
2017-05-27,29.398705
2017-05-28,29.330305
2017-05-29,29.273823
2017-05-30,29.210852
2017-05-31,29.184767
2017-06-01,29.182812
2017-06-02,29.162825
2017-06-03,29.15037
2017-06-04,29.121708
2017-06-05,29.087793
2017-06-06,29.05118
2017-06-07,29.02744
2017-06-08,29.00905
2017-06-09,29.004187
2017-06-10,28.988768
2017-06-11,28.995218
2017-06-12,29.019554
2017-06-13,29.022276
2017-06-14,29.042274
2017-06-15,29.14222
2017-06-16,29.211248
2017-06-17,29.172684
2017-06-18,29.176937
2017-06-19,29.102928
2017-06-20,29.055136
2017-06-21,29.0472
2017-06-22,29.023417
2017-06-23,28.979694
2017-06-24,28.945261
2017-06-25,28.915794
2017-06-26,28.917124
2017-06-27,28.92834
2017-06-28,28.970598
2017-06-29,28.97866
2017-06-30,28.985369
2017-07-01,29.013466
2017-07-02,29.005903
2017-07-03,29.011068
2017-07-04,28.999401
2017-07-05,28.99756
2017-07-06,28.945265
2017-07-07,28.885664
2017-07-08,28.839224
2017-07-09,28.786758
2017-07-10,28.784475
2017-07-11,28.77988
2017-07-12,28.799492
2017-07-13,28.754503
2017-07-14,28.696812
2017-07-15,28.65374
2017-07-16,28.631989
2017-07-17,28.58826
2017-07-18,28.573328
2017-07-19,28.572668
2017-07-20,28.589722
2017-07-21,28.597227
2017-07-22,28.58446
2017-07-23,28.625248
2017-07-24,28.656796
2017-07-25,28.654026
2017-07-26,28.62615
2017-07-27,28.61997
2017-07-28,28.618176
2017-07-29,28.628918
2017-07-30,28.611206
2017-07-31,28.579319
2017-08-01,28.58261
2017-08-02,28.561255
2017-08-03,28.551268
2017-08-04,28.552946
2017-08-05,28.538881
2017-08-06,28.52601
2017-08-07,28.526594
2017-08-08,28.581087
2017-08-09,28.598783
2017-08-10,28.637093
2017-08-11,28.668556
2017-08-12,28.710333
2017-08-13,28.714079
2017-08-14,28.65872
2017-08-15,28.601728
2017-08-16,28.601812
2017-08-17,28.601467
2017-08-18,28.596525
2017-08-19,28.633429
2017-08-20,28.629705
2017-08-21,28.603497
2017-08-22,28.594631
2017-08-23,28.6105
2017-08-24,28.589224
2017-08-25,28.586504
2017-08-26,28.613674
2017-08-27,28.579687
2017-08-28,28.58534
2017-08-29,28.653475
2017-08-30,28.748348
2017-08-31,28.858828
2017-09-01,28.787403
2017-09-02,28.876617
2017-09-03,28.950695
2017-09-04,28.906767
2017-09-05,28.893196
2017-09-06,28.871107
2017-09-07,28.861069
2017-09-08,28.81652
2017-09-09,28.937868
2017-09-10,28.995518
2017-09-11,29.033653
2017-09-12,29.106962
2017-09-13,29.17856
2017-09-14,28.989841
2017-09-15,28.971859
2017-09-16,28.892576
2017-09-17,28.82024
2017-09-18,28.840508
2017-09-19,28.846949
2017-09-20,28.8552
2017-09-21,28.804739
2017-09-22,28.78956
2017-09-23,28.77346
2017-09-24,28.728073
2017-09-25,28.67747
2017-09-26,28.628971
2017-09-27,28.62213
2017-09-28,28.656164
2017-09-29,28.717869
2017-09-30,28.7323
2017-10-01,28.773153
2017-10-02,28.831987
2017-10-03,28.880005
2017-10-04,28.865675
2017-10-05,28.81342
2017-10-06,28.859156
2017-10-07,28.92045
2017-10-08,28.972013
2017-10-09,29.015203
2017-10-10,28.975712
2017-10-11,28.8543
2017-10-12,28.81276
2017-10-13,28.794401
2017-10-14,28.738337
2017-10-15,28.680767
2017-10-16,28.642069
2017-10-17,28.597542
2017-10-18,28.569033
2017-10-19,28.586823
2017-10-20,28.683552
2017-10-21,28.759306
2017-10-22,28.85781
2017-10-23,28.872898
2017-10-24,28.981646
2017-10-25,29.166357
2017-10-26,29.178555
2017-10-27,29.132326
2017-10-28,29.2972
2017-10-29,29.22146
2017-10-30,29.154135
2017-10-31,29.12604
2017-11-01,29.079092
2017-11-02,29.124247
2017-11-03,29.086294
2017-11-04,29.121801
2017-11-05,29.141878
2017-11-06,29.189592
2017-11-07,29.173737
2017-11-08,29.113012
2017-11-09,29.057714
2017-11-10,29.012499
2017-11-11,28.993973
2017-11-12,28.948282
2017-11-13,28.995272
2017-11-14,28.999136
2017-11-15,29.11029
2017-11-16,29.40859
2017-11-17,29.423391
2017-11-18,29.344902
2017-11-19,29.35025
2017-11-20,29.388683
2017-11-21,29.31025
2017-11-22,29.343466
2017-11-23,29.352226
2017-11-24,29.2224
2017-11-25,29.146353
2017-11-26,29.031147
2017-11-27,28.962492
2017-11-28,28.953888
2017-11-29,28.98914
2017-11-30,28.967476
2017-12-01,28.893484
2017-12-02,28.85392
2017-12-03,28.786625
2017-12-04,28.703165
2017-12-05,28.635275
2017-12-06,28.644184
2017-12-07,28.654348
2017-12-08,28.721504
2017-12-09,28.848831
2017-12-10,28.878332
2017-12-11,28.860119
2017-12-12,28.869627
2017-12-13,28.848892
2017-12-14,28.90147
2017-12-15,28.856848
2017-12-16,28.798258
2017-12-17,28.756567
2017-12-18,28.738968
2017-12-19,28.727737
2017-12-20,28.689161
2017-12-21,28.648737
2017-12-22,28.619223
2017-12-23,28.592386
2017-12-24,28.575289
2017-12-25,28.538723
2017-12-26,28.523247
2017-12-27,28.520632
2017-12-28,28.52865
2017-12-29,28.57669
2017-12-30,28.575756
2017-12-31,28.555319
2018-01-01,28.517107
2018-01-02,28.457117
2018-01-03,28.486847
2018-01-04,28.49745
2018-01-05,28.473515
2018-01-06,28.488361
2018-01-07,28.600092
2018-01-08,28.666882
2018-01-09,28.62924
2018-01-10,28.650433
2018-01-11,28.649847
2018-01-12,28.623518
2018-01-13,28.602858
2018-01-14,28.56662
2018-01-15,28.567926
2018-01-16,28.58654
2018-01-17,28.575935
2018-01-18,28.51443
2018-01-19,28.49924
2018-01-20,28.500902
2018-01-21,28.475075
2018-01-22,28.494669
2018-01-23,28.531006
2018-01-24,28.591
2018-01-25,28.57604
2018-01-26,28.612497
2018-01-27,28.763353
2018-01-28,28.729536
2018-01-29,28.663012
2018-01-30,28.69205
2018-01-31,28.764862
2018-02-01,28.734
2018-02-02,28.735966
2018-02-03,28.72418
2018-02-04,28.748795
2018-02-05,28.779219
2018-02-06,28.77824
2018-02-07,28.799967
2018-02-08,28.757849
2018-02-09,28.764196
2018-02-10,28.724392
2018-02-11,28.694536
2018-02-12,28.666636
2018-02-13,28.673141
2018-02-14,28.696417
2018-02-15,28.69098
2018-02-16,28.67609
2018-02-17,28.65113
2018-02-18,28.705105
2018-02-19,28.668827
2018-02-20,28.634604
2018-02-21,28.657091
2018-02-22,28.754354
2018-02-23,28.712282
2018-02-24,28.69278
2018-02-25,28.695263
2018-02-26,28.731415
2018-02-27,28.78171
2018-02-28,28.820772
2018-03-01,28.848276
2018-03-02,28.90959
2018-03-03,28.98305
2018-03-04,29.08849
2018-03-05,29.023243
2018-03-06,29.033302
2018-03-07,29.049427
2018-03-08,29.03435
2018-03-09,29.04066
2018-03-10,29.035849
2018-03-11,29.04536
2018-03-12,29.137144
2018-03-13,29.16359
2018-03-14,29.304953
2018-03-15,29.371132
2018-03-16,29.391613
2018-03-17,29.367323
2018-03-18,29.342121
2018-03-19,29.362837
2018-03-20,29.456482
2018-03-21,29.511412
2018-03-22,29.522434
2018-03-23,29.562355
2018-03-24,29.476238
2018-03-25,29.417057
2018-03-26,29.475082
2018-03-27,29.651714
2018-03-28,29.789877
2018-03-29,29.849403
2018-03-30,29.990551
2018-03-31,29.954113
2018-04-01,29.986015
2018-04-02,30.046358
2018-04-03,30.000578
2018-04-04,30.120914
2018-04-05,30.172474
2018-04-06,30.080929
2018-04-07,30.051296
2018-04-08,29.91137
2018-04-09,29.88834
2018-04-10,29.850239
2018-04-11,29.840658
2018-04-12,29.890112
2018-04-13,29.959635
2018-04-14,29.944036
2018-04-15,30.045183
2018-04-16,29.939205
2018-04-17,30.026058
2018-04-18,30.124529
2018-04-19,30.237886
2018-04-20,30.307646
2018-04-21,30.23856
2018-04-22,30.32452
2018-04-23,30.387297
2018-04-24,30.464096
2018-04-25,30.433197
2018-04-26,30.28779
2018-04-27,30.391424
2018-04-28,30.396318
2018-04-29,30.363337
2018-04-30,30.299627
2018-05-01,30.234114
2018-05-02,30.26308
2018-05-03,30.271538
2018-05-04,30.186867
2018-05-05,30.15473
2018-05-06,30.219383
2018-05-07,30.348427
2018-05-08,30.344841
2018-05-09,30.319588
2018-05-10,30.43457
2018-05-11,30.329939
2018-05-12,30.266012
2018-05-13,30.203472
2018-05-14,30.34185
2018-05-15,30.309866
2018-05-16,30.365723
2018-05-17,30.278864
2018-05-18,30.222975
2018-05-19,30.17462
2018-05-20,30.183561
2018-05-21,30.224346
2018-05-22,30.261023
2018-05-23,30.14296
2018-05-24,30.034227
2018-05-25,29.945028
2018-05-26,29.87712
2018-05-27,29.849653
2018-05-28,29.82969
2018-05-29,29.775793
2018-05-30,29.769873
2018-05-31,29.732754
2018-06-01,29.701004
2018-06-02,29.67742
2018-06-03,29.656004
2018-06-04,29.601114
2018-06-05,29.546965
2018-06-06,29.520134
2018-06-07,29.440361
2018-06-08,29.361357
2018-06-09,29.30173
2018-06-10,29.265516
2018-06-11,29.228195
2018-06-12,29.200874
2018-06-13,29.182062
2018-06-14,29.190208
2018-06-15,29.192915
2018-06-16,29.155054
2018-06-17,29.11036
2018-06-18,29.056957
2018-06-19,29.010916
2018-06-20,28.987352
2018-06-21,29.021475
2018-06-22,29.021362
2018-06-23,29.004406
2018-06-24,28.987305
2018-06-25,28.970106
2018-06-26,28.939835
2018-06-27,28.912056
2018-06-28,28.898853
2018-06-29,28.93806
2018-06-30,28.955275
2018-07-01,28.939648
2018-07-02,28.913782
2018-07-03,28.938152
2018-07-04,28.898172
2018-07-05,28.865294
2018-07-06,28.831516
2018-07-07,28.825623
2018-07-08,28.807913
2018-07-09,28.753046
2018-07-10,28.678282
2018-07-11,28.620733
2018-07-12,28.580027
2018-07-13,28.56063
2018-07-14,28.538498
2018-07-15,28.527208
2018-07-16,28.526138
2018-07-17,28.54115
2018-07-18,28.542765
2018-07-19,28.539188
2018-07-20,28.514126
2018-07-21,28.512775
2018-07-22,28.533894
2018-07-23,28.572964
2018-07-24,28.604488
2018-07-25,28.621416
2018-07-26,28.656937
2018-07-27,28.667204
2018-07-28,28.633553
2018-07-29,28.608053
2018-07-30,28.5685
2018-07-31,28.535063
2018-08-01,28.522572
2018-08-02,28.546806
2018-08-03,28.562532
2018-08-04,28.57498
2018-08-05,28.56895
2018-08-06,28.515656
2018-08-07,28.475008
2018-08-08,28.45605
2018-08-09,28.448563
2018-08-10,28.446764
2018-08-11,28.426357
2018-08-12,28.40512
2018-08-13,28.385014
2018-08-14,28.37039
2018-08-15,28.362553
2018-08-16,28.364563
2018-08-17,28.354067
2018-08-18,28.34846
2018-08-19,28.348688
2018-08-20,28.344828
2018-08-21,28.362568
2018-08-22,28.377207
2018-08-23,28.409012
2018-08-24,28.413403
2018-08-25,28.386335
2018-08-26,28.383389
2018-08-27,28.387047
2018-08-28,28.374966
2018-08-29,28.389957
2018-08-30,28.374012
2018-08-31,28.358917
2018-09-01,28.381462
2018-09-02,28.410038
2018-09-03,28.41373
2018-09-04,28.388527
2018-09-05,28.41753
2018-09-06,28.442997
2018-09-07,28.435572
2018-09-08,28.474905
2018-09-09,28.571863
2018-09-10,28.558723
2018-09-11,28.741407
2018-09-12,28.634993
2018-09-13,28.63572
2018-09-14,28.637793
2018-09-15,28.597364
2018-09-16,28.540524
2018-09-17,28.497501
2018-09-18,28.465485
2018-09-19,28.448204
2018-09-20,28.463243
2018-09-21,28.619204
2018-09-22,28.840193
2018-09-23,28.823101
2018-09-24,28.732912
2018-09-25,28.720722
2018-09-26,28.700096
2018-09-27,28.706303
2018-09-28,28.845915
2018-09-29,28.92526
2018-09-30,28.897114
2018-10-01,28.882359
2018-10-02,28.894035
2018-10-03,29.04031
2018-10-04,29.064056
2018-10-05,29.067822
2018-10-06,29.09381
2018-10-07,28.915096
2018-10-08,28.83779
2018-10-09,28.794847
2018-10-10,28.765356
2018-10-11,28.747492
2018-10-12,28.738365
2018-10-13,28.900177
2018-10-14,28.97295
2018-10-15,29.011467
2018-10-16,29.043575
2018-10-17,28.828249
2018-10-18,28.830935
2018-10-19,28.984476
2018-10-20,28.960567
2018-10-21,28.93519
2018-10-22,28.937128
2018-10-23,28.919725
2018-10-24,28.92519
2018-10-25,28.958996
2018-10-26,28.999746
2018-10-27,29.002401
2018-10-28,29.027323
2018-10-29,29.10437
2018-10-30,29.072515
2018-10-31,29.011408
2018-11-01,29.004692
2018-11-02,28.94283
2018-11-03,28.907562
2018-11-04,28.871191
2018-11-05,28.869204
2018-11-06,28.912838
2018-11-07,28.906902
2018-11-08,28.857754
2018-11-09,28.904835
2018-11-10,28.913937
2018-11-11,28.873516
2018-11-12,28.787525
2018-11-13,28.763601
2018-11-14,28.801298
2018-11-15,28.986307
2018-11-16,28.921606
2018-11-17,28.945053
2018-11-18,28.88069
2018-11-19,28.84676
2018-11-20,28.97284
2018-11-21,29.031408
2018-11-22,29.049433
2018-11-23,29.07665
2018-11-24,29.07318
2018-11-25,29.158598
2018-11-26,29.12764
2018-11-27,29.156212
2018-11-28,29.102186
2018-11-29,29.103394
2018-11-30,29.069786
2018-12-01,29.094568
2018-12-02,29.0964
2018-12-03,29.087765
2018-12-04,29.081173
2018-12-05,29.063812
2018-12-06,29.028568
2018-12-07,28.986176
2018-12-08,28.97028
2018-12-09,28.949318
2018-12-10,28.910412
2018-12-11,28.87698
2018-12-12,28.819477
2018-12-13,28.773006
2018-12-14,28.734598
2018-12-15,28.686848
2018-12-16,28.676453
2018-12-17,28.749054
2018-12-18,28.700264
2018-12-19,28.675188
2018-12-20,28.6692
2018-12-21,28.78253
2018-12-22,28.855843
2018-12-23,28.835344
2018-12-24,28.83962
2018-12-25,28.897831
2018-12-26,28.914356
2018-12-27,28.871227
2018-12-28,28.859259
2018-12-29,28.818085
2018-12-30,28.797
2018-12-31,28.797068
2019-01-01,28.787447
2019-01-02,28.830107
2019-01-03,28.837326
2019-01-04,28.794039
2019-01-05,28.782927
2019-01-06,28.780066
2019-01-07,28.869022
2019-01-08,29.02004
2019-01-09,28.89247
2019-01-10,28.885027
2019-01-11,28.868912
2019-01-12,28.859615
2019-01-13,28.889719
2019-01-14,28.905943
2019-01-15,28.914364
2019-01-16,28.852613
2019-01-17,28.818851
2019-01-18,28.808176
2019-01-19,28.81561
2019-01-20,28.789642
2019-01-21,28.783241
2019-01-22,28.739437
2019-01-23,28.726782
2019-01-24,28.729797
2019-01-25,28.74168
2019-01-26,28.748093
2019-01-27,28.73832
2019-01-28,28.751625
2019-01-29,28.699224
2019-01-30,28.676525
2019-01-31,28.665276
2019-02-01,28.695023
2019-02-02,28.733286
2019-02-03,28.768915
2019-02-04,28.762665
2019-02-05,28.766472
2019-02-06,28.817402
2019-02-07,28.857399
2019-02-08,28.910336
2019-02-09,28.937162
2019-02-10,28.862934
2019-02-11,28.81667
2019-02-12,28.797897
2019-02-13,28.802834
2019-02-14,28.850744
2019-02-15,28.909004
2019-02-16,29.030716
2019-02-17,29.183933
2019-02-18,29.191502
2019-02-19,29.113874
2019-02-20,29.042183
2019-02-21,29.014061
2019-02-22,29.002058
2019-02-23,29.060139
2019-02-24,29.091085
2019-02-25,29.170698
2019-02-26,29.136734
2019-02-27,29.24117
2019-02-28,29.371822
2019-03-01,29.266882
2019-03-02,29.267893
2019-03-03,29.2773
2019-03-04,29.450281
2019-03-05,29.531116
2019-03-06,29.65234
2019-03-07,29.688688
2019-03-08,29.567364
2019-03-09,29.42934
2019-03-10,29.372284
2019-03-11,29.396978
2019-03-12,29.397383
2019-03-13,29.448603
2019-03-14,29.44355
2019-03-15,29.486534
2019-03-16,29.483194
2019-03-17,29.461466
2019-03-18,29.547354
2019-03-19,29.624157
2019-03-20,29.747246
2019-03-21,29.828377
2019-03-22,29.744564
2019-03-23,29.757868
2019-03-24,29.768824
2019-03-25,29.684195
2019-03-26,29.723429
2019-03-27,29.797556
2019-03-28,29.864542
2019-03-29,30.033512
2019-03-30,30.150522
2019-03-31,30.224464
2019-04-01,30.217833
2019-04-02,30.347538
2019-04-03,30.255518
2019-04-04,30.347
2019-04-05,30.387651
2019-04-06,30.295868
2019-04-07,30.482306
2019-04-08,30.528423
2019-04-09,30.509485
2019-04-10,30.4789
2019-04-11,30.626997
2019-04-12,30.66578
2019-04-13,30.709763
2019-04-14,30.682442
2019-04-15,30.710852
2019-04-16,30.777227
2019-04-17,30.871172
2019-04-18,31.010035
2019-04-19,31.030838
2019-04-20,31.109333
2019-04-21,31.047264
2019-04-22,30.952557
2019-04-23,30.98803
2019-04-24,30.910727
2019-04-25,30.811794
2019-04-26,30.84091
2019-04-27,30.605862
2019-04-28,30.439528
2019-04-29,30.2649
2019-04-30,30.147806
2019-05-01,30.171389
2019-05-02,30.122456
2019-05-03,30.088806
2019-05-04,30.014627
2019-05-05,29.930433
2019-05-06,29.886553
2019-05-07,29.853714
2019-05-08,29.822157
2019-05-09,29.838259
2019-05-10,29.87207
2019-05-11,29.94979
2019-05-12,29.917383
2019-05-13,29.935997
2019-05-14,30.0029
2019-05-15,29.976551
2019-05-16,29.941439
2019-05-17,29.935417
2019-05-18,29.936052
2019-05-19,29.974747
2019-05-20,30.070387
2019-05-21,30.121895
2019-05-22,30.15941
2019-05-23,30.174065
2019-05-24,30.16531
2019-05-25,30.128965
2019-05-26,30.161882
2019-05-27,30.172503
2019-05-28,30.115952
2019-05-29,30.12942
2019-05-30,30.096848
2019-05-31,30.006544
2019-06-01,29.958344
2019-06-02,29.978407
2019-06-03,30.17263
2019-06-04,30.268158
2019-06-05,30.252836
2019-06-06,30.116749
2019-06-07,30.005655
2019-06-08,29.928541
2019-06-09,29.878855
2019-06-10,29.84703
2019-06-11,29.868624
2019-06-12,29.847988
2019-06-13,29.803495
2019-06-14,29.75518
2019-06-15,29.760735
2019-06-16,29.708603
2019-06-17,29.673193
2019-06-18,29.63437
2019-06-19,29.619617
2019-06-20,29.618124
2019-06-21,29.606146
2019-06-22,29.595657
2019-06-23,29.56394
2019-06-24,29.522629
2019-06-25,29.450829
2019-06-26,29.446827
2019-06-27,29.450712
2019-06-28,29.44989
2019-06-29,29.450144
2019-06-30,29.44842
2019-07-01,29.450708
2019-07-02,29.460798
2019-07-03,29.501371
2019-07-04,29.48692
2019-07-05,29.494402
2019-07-06,29.546967
2019-07-07,29.612337
2019-07-08,29.595617
2019-07-09,29.597025
2019-07-10,29.708473
2019-07-11,29.80956
2019-07-12,29.832449
2019-07-13,29.78515
2019-07-14,29.74764
2019-07-15,29.73936
2019-07-16,29.730316
2019-07-17,29.6958
2019-07-18,29.676718
2019-07-19,29.613285
2019-07-20,29.513824
2019-07-21,29.435696
2019-07-22,29.40915
2019-07-23,29.423256
2019-07-24,29.422089
2019-07-25,29.42708
2019-07-26,29.416763
2019-07-27,29.421286
2019-07-28,29.376375
2019-07-29,29.349016
2019-07-30,29.37251
2019-07-31,29.344973
2019-08-01,29.292547
2019-08-02,29.256836
2019-08-03,29.250431
2019-08-04,29.206757
2019-08-05,29.160622
2019-08-06,29.129042
2019-08-07,29.130732
2019-08-08,29.100636
2019-08-09,29.067919
2019-08-10,29.029915
2019-08-11,28.994778
2019-08-12,28.99568
2019-08-13,28.96833
2019-08-14,28.965504
2019-08-15,28.959913
2019-08-16,28.945208
2019-08-17,28.918901
2019-08-18,29.027447
2019-08-19,29.224195
2019-08-20,29.14844
2019-08-21,29.027966
2019-08-22,28.975718
2019-08-23,28.925503
2019-08-24,28.887087
2019-08-25,28.857456
2019-08-26,28.854572
2019-08-27,28.865236
2019-08-28,28.885548
2019-08-29,28.863327
2019-08-30,28.81267
2019-08-31,28.775938
2019-09-01,28.757406
2019-09-02,28.805922
2019-09-03,28.768799
2019-09-04,28.737877
2019-09-05,28.73154
2019-09-06,28.742313
2019-09-07,28.760859
2019-09-08,28.779682
2019-09-09,28.748964
2019-09-10,28.726562
2019-09-11,28.71704
2019-09-12,28.851582
2019-09-13,28.92374
2019-09-14,28.819313
2019-09-15,28.72715
2019-09-16,28.67499
2019-09-17,28.672867
2019-09-18,28.672169
2019-09-19,28.666903
2019-09-20,28.8255
2019-09-21,28.804634
2019-09-22,28.80206
2019-09-23,28.802212
2019-09-24,28.833303
2019-09-25,28.97588
2019-09-26,28.943024
2019-09-27,28.948078
2019-09-28,28.97709
2019-09-29,29.128298
2019-09-30,29.196508
2019-10-01,29.31651
2019-10-02,29.35095
2019-10-03,29.267298
2019-10-04,29.500492
2019-10-05,29.472502
2019-10-06,29.516493
2019-10-07,29.49478
2019-10-08,29.4995
2019-10-09,29.357838
2019-10-10,29.400322
2019-10-11,29.546324
2019-10-12,29.659925
2019-10-13,29.712196
2019-10-14,29.639927
2019-10-15,29.470587
2019-10-16,29.551735
2019-10-17,29.54384
2019-10-18,29.474485
2019-10-19,29.460499
2019-10-20,29.339792
2019-10-21,29.347301
2019-10-22,29.401217
2019-10-23,29.364002
2019-10-24,29.305634
2019-10-25,29.25118
2019-10-26,29.280258
2019-10-27,29.219566
2019-10-28,29.266449
2019-10-29,29.291147
2019-10-30,29.426003
2019-10-31,29.327753
2019-11-01,29.359816
2019-11-02,29.363478
2019-11-03,29.220106
2019-11-04,29.102734
2019-11-05,29.04129
2019-11-06,28.980675
2019-11-07,28.918495
2019-11-08,28.928066
2019-11-09,29.008303
2019-11-10,29.160843
2019-11-11,29.181183
2019-11-12,29.369854
2019-11-13,29.233776
2019-11-14,29.18581
2019-11-15,29.315668
2019-11-16,29.378544
2019-11-17,29.331854
2019-11-18,29.33639
2019-11-19,29.359316
2019-11-20,29.29427
2019-11-21,29.223093
2019-11-22,29.158085
2019-11-23,29.186558
2019-11-24,29.201817
2019-11-25,29.154625
2019-11-26,29.100958
2019-11-27,29.072035
2019-11-28,29.043941
2019-11-29,29.000093
2019-11-30,29.007263
2019-12-01,28.986427
2019-12-02,28.918997
2019-12-03,28.895899
2019-12-04,28.858936
2019-12-05,28.800943
2019-12-06,28.718187
2019-12-07,28.630394
2019-12-08,28.562433
2019-12-09,28.510477
2019-12-10,28.495491
2019-12-11,28.49804
2019-12-12,28.45915
2019-12-13,28.404829
2019-12-14,28.330976
2019-12-15,28.28649
2019-12-16,28.256224
2019-12-17,28.228178
2019-12-18,28.229578
2019-12-19,28.23152
2019-12-20,28.238108
2019-12-21,28.244787
2019-12-22,28.285666
2019-12-23,28.306032
2019-12-24,28.302567
2019-12-25,28.295347
2019-12-26,28.321033
2019-12-27,28.29866
2019-12-28,28.293737
2019-12-29,28.28604
2019-12-30,28.32038
2019-12-31,28.296375
2020-01-01,28.283396
2020-01-02,28.271759
2020-01-03,28.26449
2020-01-04,28.29058
2020-01-05,28.286608
2020-01-06,28.235563
2020-01-07,28.192139
2020-01-08,28.156914
2020-01-09,28.156784
2020-01-10,28.172804
2020-01-11,28.143366
2020-01-12,28.124863
2020-01-13,28.116676
2020-01-14,28.114824
2020-01-15,28.152542
2020-01-16,28.172464
2020-01-17,28.229944
2020-01-18,28.259449
2020-01-19,28.28136
2020-01-20,28.346972
2020-01-21,28.356543
2020-01-22,28.378838
2020-01-23,28.371162
2020-01-24,28.373589
2020-01-25,28.36502
2020-01-26,28.328793
2020-01-27,28.283512
2020-01-28,28.213243
2020-01-29,28.135212
2020-01-30,28.123676
2020-01-31,28.143303
2020-02-01,28.145422
2020-02-02,28.172556
2020-02-03,28.195698
2020-02-04,28.196562
2020-02-05,28.201694
2020-02-06,28.230312
2020-02-07,28.240726
2020-02-08,28.283718
2020-02-09,28.265736
2020-02-10,28.280834
2020-02-11,28.30917
2020-02-12,28.352299
2020-02-13,28.40311
2020-02-14,28.594677
2020-02-15,28.545097
2020-02-16,28.518093
2020-02-17,28.455088
2020-02-18,28.488178
2020-02-19,28.462055
2020-02-20,28.450768
2020-02-21,28.439495
2020-02-22,28.411053
2020-02-23,28.398855
2020-02-24,28.420519
2020-02-25,28.50208
2020-02-26,28.52277
2020-02-27,28.537588
2020-02-28,28.571205
2020-02-29,28.618425
2020-03-01,28.66439
2020-03-02,28.762867
2020-03-03,28.803509
2020-03-04,28.921202
2020-03-05,29.09668
2020-03-06,29.131018
2020-03-07,29.110546
2020-03-08,29.051872
2020-03-09,29.081013
2020-03-10,29.12139
2020-03-11,29.152903
2020-03-12,29.211424
2020-03-13,29.15655
2020-03-14,29.231287
2020-03-15,29.23671
2020-03-16,29.260822
2020-03-17,29.3471
2020-03-18,29.387644
2020-03-19,29.484741
2020-03-20,29.467623
2020-03-21,29.49738
2020-03-22,29.508804
2020-03-23,29.485435
2020-03-24,29.40712
2020-03-25,29.473755
2020-03-26,29.45857
2020-03-27,29.481031
2020-03-28,29.507113
2020-03-29,29.673483
2020-03-30,29.59849
2020-03-31,29.683748
2020-04-01,29.704247
2020-04-02,29.77926
2020-04-03,29.833176
2020-04-04,29.857693
2020-04-05,29.896618
2020-04-06,29.944082
2020-04-07,30.124447
2020-04-08,30.175102
2020-04-09,30.148838
2020-04-10,30.16232
2020-04-11,30.128048
2020-04-12,30.232185
2020-04-13,30.324215
2020-04-14,30.264359
2020-04-15,30.362984
2020-04-16,30.377916
2020-04-17,30.471807
2020-04-18,30.511396
2020-04-19,30.514484
2020-04-20,30.48594
2020-04-21,30.544493
2020-04-22,30.5544
2020-04-23,30.56398
2020-04-24,30.69402
2020-04-25,30.488886
2020-04-26,30.58505
2020-04-27,30.630121
2020-04-28,30.464802
2020-04-29,30.607172
2020-04-30,30.533512
2020-05-01,30.486681
2020-05-02,30.456713
2020-05-03,30.582779
2020-05-04,30.510515
2020-05-05,30.504864
2020-05-06,30.51234
2020-05-07,30.338419
2020-05-08,30.263264
2020-05-09,30.358692
2020-05-10,30.546806
2020-05-11,30.414652
2020-05-12,30.36124
2020-05-13,30.221504
2020-05-14,30.166794
2020-05-15,30.051836
2020-05-16,29.909788
2020-05-17,29.730713
2020-05-18,29.631062
2020-05-19,29.597475
2020-05-20,29.580679
2020-05-21,29.597878
2020-05-22,29.62657
2020-05-23,29.727385
2020-05-24,29.704712
2020-05-25,29.60399
2020-05-26,29.553299
2020-05-27,29.552338
2020-05-28,29.602446
2020-05-29,29.695036
2020-05-30,29.75589
2020-05-31,29.896566
2020-06-01,29.946033
2020-06-02,29.993277
2020-06-03,29.911335
2020-06-04,29.882288
2020-06-05,29.832504
2020-06-06,29.743263
2020-06-07,29.69825
2020-06-08,29.664532
2020-06-09,29.632105
2020-06-10,29.599722
2020-06-11,29.559671
2020-06-12,29.576399
2020-06-13,29.642586
2020-06-14,29.629889
2020-06-15,29.609114
2020-06-16,29.566532
2020-06-17,29.570425
2020-06-18,29.581831
2020-06-19,29.650198
2020-06-20,29.681723
2020-06-21,29.651052
2020-06-22,29.581694
2020-06-23,29.537357
2020-06-24,29.572136
2020-06-25,29.53317
2020-06-26,29.566137
2020-06-27,29.663033
2020-06-28,29.658337
2020-06-29,29.600838
2020-06-30,29.562366
2020-07-01,29.579855
2020-07-02,29.56633
2020-07-03,29.518465
2020-07-04,29.49589
2020-07-05,29.577894
2020-07-06,29.634521
2020-07-07,29.647606
2020-07-08,29.559036
2020-07-09,29.595116
2020-07-10,29.605053
2020-07-11,29.546612
2020-07-12,29.506113
2020-07-13,29.483427
2020-07-14,29.537535
2020-07-15,29.61144
2020-07-16,29.615248
2020-07-17,29.49766
2020-07-18,29.588673
2020-07-19,29.716509
2020-07-20,29.804737
2020-07-21,29.716812
2020-07-22,29.716686
2020-07-23,29.676447
2020-07-24,29.665314
2020-07-25,29.710987
2020-07-26,29.679884
2020-07-27,29.552036
2020-07-28,29.438755
2020-07-29,29.36415
2020-07-30,29.30354
2020-07-31,29.26893
2020-08-01,29.216738
2020-08-02,29.174288
2020-08-03,29.119038
2020-08-04,29.095964
2020-08-05,29.107117
2020-08-06,29.161362
2020-08-07,29.128248
2020-08-08,29.0805
2020-08-09,29.054398
2020-08-10,29.055107
2020-08-11,29.094677
2020-08-12,29.093655
2020-08-13,29.092157
2020-08-14,29.11254
2020-08-15,29.15695
2020-08-16,29.245531
2020-08-17,29.259855
2020-08-18,29.27481
2020-08-19,29.295326
2020-08-20,29.353823
2020-08-21,29.457247
2020-08-22,29.528202
2020-08-23,29.58292
2020-08-24,29.760561
2020-08-25,29.858383
2020-08-26,29.780647
2020-08-27,29.825567
2020-08-28,29.7579
2020-08-29,29.752808
2020-08-30,29.830204
2020-08-31,29.74548
2020-09-01,29.675514
2020-09-02,29.668316
2020-09-03,29.664528
2020-09-04,29.863895
2020-09-05,29.746527
2020-09-06,29.62443
2020-09-07,29.593695
2020-09-08,29.57094
2020-09-09,29.527746
2020-09-10,29.443283
2020-09-11,29.371927
2020-09-12,29.354803
2020-09-13,29.340614
2020-09-14,29.335096
2020-09-15,29.276026
2020-09-16,29.266115
2020-09-17,29.222874
2020-09-18,29.163239
2020-09-19,29.087564
2020-09-20,29.06397
2020-09-21,29.13148
2020-09-22,29.356894
2020-09-23,29.353968
2020-09-24,29.166433
2020-09-25,29.083017
2020-09-26,29.14031
2020-09-27,29.146645
2020-09-28,29.110697
2020-09-29,29.080858
2020-09-30,29.119602
2020-10-01,29.105474
2020-10-02,29.068745
2020-10-03,29.036459
2020-10-04,29.025982
2020-10-05,29.140577
2020-10-06,29.164246
2020-10-07,29.11479
2020-10-08,29.082186
2020-10-09,29.017452
2020-10-10,28.957346
2020-10-11,28.901999
2020-10-12,28.849762
2020-10-13,28.844198
2020-10-14,28.839214
2020-10-15,28.839003
2020-10-16,28.82276
2020-10-17,28.789663
2020-10-18,28.766424
2020-10-19,28.76749
2020-10-20,28.769035
2020-10-21,28.790472
2020-10-22,28.813423
2020-10-23,28.82677
2020-10-24,28.763987
2020-10-25,28.764696
2020-10-26,28.830843
2020-10-27,28.87237
2020-10-28,28.815605
2020-10-29,28.79703
2020-10-30,28.844917
2020-10-31,28.838438
2020-11-01,28.90954
2020-11-02,28.981173
2020-11-03,29.061636
2020-11-04,29.18182
2020-11-05,29.055723
2020-11-06,29.084446
2020-11-07,29.050821
2020-11-08,29.236809
2020-11-09,29.285318
2020-11-10,29.261866
2020-11-11,29.244127
2020-11-12,29.25361
2020-11-13,29.316366
2020-11-14,29.293943
2020-11-15,29.1984
2020-11-16,29.25345
2020-11-17,29.233755
2020-11-18,29.208422
2020-11-19,29.095682
2020-11-20,29.050224
2020-11-21,28.946363
2020-11-22,28.908518
2020-11-23,28.967052
2020-11-24,29.019321
2020-11-25,29.039696
2020-11-26,29.047932
2020-11-27,28.982191
2020-11-28,28.836607
2020-11-29,28.789711
2020-11-30,28.761946
2020-12-01,28.748302
2020-12-02,28.79199
2020-12-03,28.84638
2020-12-04,28.813332
2020-12-05,28.861647
2020-12-06,28.85657
2020-12-07,28.856997
2020-12-08,28.82388
2020-12-09,28.838161
2020-12-10,28.85444
2020-12-11,28.810669
2020-12-12,28.81557
2020-12-13,28.828352
2020-12-14,28.891571
2020-12-15,28.86759
2020-12-16,28.860538
2020-12-17,28.777363
2020-12-18,28.741608
2020-12-19,28.710081
2020-12-20,28.708017
2020-12-21,28.7091
2020-12-22,28.696423
2020-12-23,28.665565
2020-12-24,28.667995
2020-12-25,28.6966
2020-12-26,28.816568
2020-12-27,28.89154
2020-12-28,29.008154
2020-12-29,28.884396
2020-12-30,28.861032
2020-12-31,28.835949
2021-01-01,28.856356
2021-01-02,28.851744
2021-01-03,28.834446
2021-01-04,28.813786
2021-01-05,28.799051
2021-01-06,28.854362
2021-01-07,28.861258
2021-01-08,28.816727
2021-01-09,28.769995
2021-01-10,28.739653
2021-01-11,28.747494
2021-01-12,28.715069
2021-01-13,28.715899
2021-01-14,28.702995
2021-01-15,28.702906
2021-01-16,28.62636
2021-01-17,28.619616
2021-01-18,28.613058
2021-01-19,28.684402
2021-01-20,28.759556
2021-01-21,28.714489
2021-01-22,28.676954
2021-01-23,28.662329
2021-01-24,28.646818
2021-01-25,28.631523
2021-01-26,28.6046
2021-01-27,28.621145
2021-01-28,28.666225
2021-01-29,28.738426
2021-01-30,28.710657
2021-01-31,28.714617
2021-02-01,28.723387
2021-02-02,28.714422
2021-02-03,28.716389
2021-02-04,28.699614
2021-02-05,28.700499
2021-02-06,28.73962
2021-02-07,28.77955
2021-02-08,28.743666
2021-02-09,28.726667
2021-02-10,28.695068
2021-02-11,28.651442
2021-02-12,28.740793
2021-02-13,28.811167
2021-02-14,29.01298
2021-02-15,28.897696
2021-02-16,28.943335
2021-02-17,28.877748
2021-02-18,28.84218
2021-02-19,28.805353
2021-02-20,28.76832
2021-02-21,28.762323
2021-02-22,28.777422
2021-02-23,28.811865
2021-02-24,28.906258
2021-02-25,28.933079
2021-02-26,28.972765
2021-02-27,29.007475
2021-02-28,28.97309
2021-03-01,28.8864
2021-03-02,28.895916
2021-03-03,28.844618
2021-03-04,28.93823
2021-03-05,29.08384
2021-03-06,29.111841
2021-03-07,29.09913
2021-03-08,29.100695
2021-03-09,29.124605
2021-03-10,29.128492
2021-03-11,29.182575
2021-03-12,29.242092
2021-03-13,29.268452
2021-03-14,29.32732
2021-03-15,29.367014
2021-03-16,29.440693
2021-03-17,29.472668
2021-03-18,29.48875
2021-03-19,29.555817
2021-03-20,29.6802
2021-03-21,29.664814
2021-03-22,29.64113
2021-03-23,29.582682
2021-03-24,29.626715
2021-03-25,29.591623
2021-03-26,29.579147
2021-03-27,29.622618
2021-03-28,29.47741
2021-03-29,29.494394
2021-03-30,29.492819
2021-03-31,29.477074
2021-04-01,29.398502
2021-04-02,29.445385
2021-04-03,29.485907
2021-04-04,29.624378
2021-04-05,29.833832
2021-04-06,29.821983
2021-04-07,29.897549
2021-04-08,29.922503
2021-04-09,30.040716
2021-04-10,30.090393
2021-04-11,30.134388
2021-04-12,30.16008
2021-04-13,30.153427
2021-04-14,30.142153
2021-04-15,30.158157
2021-04-16,29.970287
2021-04-17,30.042208
2021-04-18,29.961658
2021-04-19,29.951365
2021-04-20,30.1201
2021-04-21,30.226597
2021-04-22,30.240086
2021-04-23,30.22493
2021-04-24,30.234303
2021-04-25,30.256983
2021-04-26,30.25421
2021-04-27,30.419153
2021-04-28,30.596762
2021-04-29,30.651049
2021-04-30,30.770847
2021-05-01,30.647455
2021-05-02,30.600151
2021-05-03,30.607246
2021-05-04,30.5934
2021-05-05,30.626623
2021-05-06,30.537144
2021-05-07,30.466248
2021-05-08,30.65391
2021-05-09,30.741137
2021-05-10,30.888372
2021-05-11,31.0542
2021-05-12,31.11228
2021-05-13,31.104277
2021-05-14,31.055037
2021-05-15,31.103985
2021-05-16,31.327208
2021-05-17,31.159954
2021-05-18,30.84272
2021-05-19,30.797838
2021-05-20,30.731005
2021-05-21,30.622019
2021-05-22,30.553617
2021-05-23,30.475494
2021-05-24,30.374748
2021-05-25,30.25381
2021-05-26,30.164719
2021-05-27,30.10042
2021-05-28,30.062508
2021-05-29,30.050898
2021-05-30,30.086155
2021-05-31,30.077784
2021-06-01,30.106358
2021-06-02,30.224691
2021-06-03,30.179003
2021-06-04,30.059566
2021-06-05,29.992174
2021-06-06,29.96422
2021-06-07,29.902073
2021-06-08,29.83574
2021-06-09,29.761044
2021-06-10,29.730156
2021-06-11,29.70704
2021-06-12,29.685204
2021-06-13,29.669651
2021-06-14,29.655619
2021-06-15,29.64805
2021-06-16,29.657885
2021-06-17,29.678047
2021-06-18,29.721424
2021-06-19,29.83067
2021-06-20,29.825216
2021-06-21,29.772985
2021-06-22,29.733503
2021-06-23,29.68434
2021-06-24,29.657587
2021-06-25,29.60237
2021-06-26,29.558855
2021-06-27,29.571611
2021-06-28,29.592297
2021-06-29,29.569859
2021-06-30,29.594301
2021-07-01,29.561413
2021-07-02,29.57851
2021-07-03,29.640646
2021-07-04,29.545946
2021-07-05,29.53862
2021-07-06,29.41641
2021-07-07,29.394936
2021-07-08,29.374123
2021-07-09,29.318941
2021-07-10,29.243418
2021-07-11,29.217875
2021-07-12,29.222397
2021-07-13,29.238276
2021-07-14,29.188898
2021-07-15,29.199013
2021-07-16,29.23737
2021-07-17,29.221478
2021-07-18,29.172966
2021-07-19,29.148687
2021-07-20,29.146416
2021-07-21,29.144136
2021-07-22,29.13379
2021-07-23,29.12467
2021-07-24,29.124422
2021-07-25,29.14519
2021-07-26,29.158442
2021-07-27,29.163195
2021-07-28,29.16764
2021-07-29,29.17818
2021-07-30,29.195923
2021-07-31,29.189276
2021-08-01,29.169603
2021-08-02,29.145105
2021-08-03,29.13122
2021-08-04,29.133604
2021-08-05,29.11449
2021-08-06,29.104765
2021-08-07,29.110662
2021-08-08,29.125372
2021-08-09,29.111204
2021-08-10,29.050755
2021-08-11,28.968096
2021-08-12,28.934477
2021-08-13,28.925507
2021-08-14,28.910997
2021-08-15,28.86983
2021-08-16,28.867182
2021-08-17,28.865753
2021-08-18,28.898018
2021-08-19,28.920422
2021-08-20,28.987045
2021-08-21,28.90341
2021-08-22,28.959707
2021-08-23,29.042215
2021-08-24,29.018013
2021-08-25,28.99206
2021-08-26,29.03376
2021-08-27,29.001963
2021-08-28,28.976337
2021-08-29,28.96475
2021-08-30,28.964172
2021-08-31,29.009611
2021-09-01,28.974365
2021-09-02,28.915398
2021-09-03,28.898867
2021-09-04,28.900724
2021-09-05,28.927841
2021-09-06,28.958729
2021-09-07,29.005993
2021-09-08,28.9455
2021-09-09,28.908484
2021-09-10,28.873718
2021-09-11,28.875519
2021-09-12,28.87186
2021-09-13,28.881418
2021-09-14,28.9116
2021-09-15,28.927078
2021-09-16,28.920053
2021-09-17,29.113977
2021-09-18,29.147015
2021-09-19,29.217909
2021-09-20,29.121634
2021-09-21,29.059185
2021-09-22,29.026943
2021-09-23,29.056128
2021-09-24,29.060638
2021-09-25,29.066257
2021-09-26,29.055061
2021-09-27,29.012995
2021-09-28,28.973845
2021-09-29,29.118322
2021-09-30,29.133345
2021-10-01,28.99601
2021-10-02,29.007156
2021-10-03,29.08798
2021-10-04,29.060707
2021-10-05,29.086588
2021-10-06,29.025843
2021-10-07,28.991537
2021-10-08,28.95965
2021-10-09,28.938248
2021-10-10,28.91783
2021-10-11,28.878374
2021-10-12,28.839056
2021-10-13,28.858263
2021-10-14,28.85226
2021-10-15,28.858053
2021-10-16,28.863533
2021-10-17,28.92616
2021-10-18,29.003838
2021-10-19,28.935852
2021-10-20,29.082218
2021-10-21,29.075785
2021-10-22,29.25726
2021-10-23,29.336943
2021-10-24,29.168783
2021-10-25,29.168543
2021-10-26,29.127533
2021-10-27,29.107908
2021-10-28,29.131899
2021-10-29,29.06082
2021-10-30,29.118261
2021-10-31,29.09399
2021-11-01,29.203806
2021-11-02,29.353102
2021-11-03,29.30931
2021-11-04,29.357954
2021-11-05,29.26044
2021-11-06,29.165352
2021-11-07,29.151434
2021-11-08,29.03345
2021-11-09,29.025618
2021-11-10,29.041264
2021-11-11,29.025364
2021-11-12,28.995329
2021-11-13,29.02442
2021-11-14,29.074844
2021-11-15,29.058762
2021-11-16,28.988853
2021-11-17,28.934433
2021-11-18,28.94392
2021-11-19,28.960337
2021-11-20,28.987467
2021-11-21,28.932697
2021-11-22,28.922459
2021-11-23,28.94736
2021-11-24,28.894798
2021-11-25,28.850763
2021-11-26,28.939327
2021-11-27,28.962397
2021-11-28,28.908083
2021-11-29,28.926767
2021-11-30,28.894272
2021-12-01,28.852991
2021-12-02,28.855457
2021-12-03,28.946419
2021-12-04,29.034895
2021-12-05,29.080576
2021-12-06,29.08553
2021-12-07,28.996689
2021-12-08,28.99873
2021-12-09,29.018192
2021-12-10,29.023527
2021-12-11,29.022629
2021-12-12,29.013727
2021-12-13,29.00237
2021-12-14,28.995333
2021-12-15,28.955553
2021-12-16,28.93255
2021-12-17,28.87868
2021-12-18,28.827997
2021-12-19,28.775444
2021-12-20,28.796227
2021-12-21,28.852715
2021-12-22,28.817917
2021-12-23,28.841433
2021-12-24,28.763538
2021-12-25,28.733505
2021-12-26,28.717596
2021-12-27,28.729532
2021-12-28,28.72891
2021-12-29,28.758865
2021-12-30,28.78232
2021-12-31,28.79557
2022-01-01,28.757872
2022-01-02,28.737728
2022-01-03,28.746096
2022-01-04,28.682058
2022-01-05,28.677773
2022-01-06,28.645477
2022-01-07,28.661758
2022-01-08,28.646025
2022-01-09,28.612236
2022-01-10,28.592451
2022-01-11,28.567633
2022-01-12,28.61467
2022-01-13,28.621696
2022-01-14,28.639528
2022-01-15,28.620256
2022-01-16,28.605488
2022-01-17,28.579037
2022-01-18,28.56137
2022-01-19,28.594225
2022-01-20,28.76539
2022-01-21,28.77954
2022-01-22,28.75873
2022-01-23,28.816166
2022-01-24,28.738144
2022-01-25,28.726164
2022-01-26,28.739174
2022-01-27,28.847284
2022-01-28,28.901396
2022-01-29,29.099403
2022-01-30,28.963612
2022-01-31,28.887066
2022-02-01,28.90394
2022-02-02,28.926765
2022-02-03,28.899706
2022-02-04,28.894304
2022-02-05,28.90907
2022-02-06,28.934921
2022-02-07,28.79335
2022-02-08,28.891924
2022-02-09,28.945007
2022-02-10,28.911432
2022-02-11,28.962595
2022-02-12,28.900116
2022-02-13,28.864525
2022-02-14,28.834644
2022-02-15,28.769634
2022-02-16,28.667473
2022-02-17,28.714539
2022-02-18,28.702717
2022-02-19,28.83675
2022-02-20,28.96813
2022-02-21,29.212734
2022-02-22,29.024899
2022-02-23,28.908247
2022-02-24,28.8823
2022-02-25,28.899231
2022-02-26,28.89738
2022-02-27,28.886917
2022-02-28,28.853981
2022-03-01,28.798107
2022-03-02,28.758062
2022-03-03,28.833643
2022-03-04,28.985466
2022-03-05,29.167305
2022-03-06,29.19273
2022-03-07,29.11128
2022-03-08,29.105083
2022-03-09,29.094595
2022-03-10,29.058924
2022-03-11,29.051949
2022-03-12,29.126572
2022-03-13,29.197073
2022-03-14,29.239765
2022-03-15,29.277967
2022-03-16,29.28957
2022-03-17,29.198149
2022-03-18,29.106213
2022-03-19,29.06241
2022-03-20,29.058521
2022-03-21,29.195242
2022-03-22,29.27817
2022-03-23,29.341381
2022-03-24,29.439726
2022-03-25,29.590597
2022-03-26,29.73767
2022-03-27,29.787539
2022-03-28,29.913902
2022-03-29,30.142237
2022-03-30,30.146845
2022-03-31,30.232464
2022-04-01,30.194658
2022-04-02,30.248901
2022-04-03,30.15126
2022-04-04,30.18618
2022-04-05,30.175209
2022-04-06,30.100498
2022-04-07,30.071516
2022-04-08,30.024647
2022-04-09,30.195
2022-04-10,30.214754
2022-04-11,30.258512
2022-04-12,30.283705
2022-04-13,30.333872
2022-04-14,30.46189
2022-04-15,30.638247
2022-04-16,30.735765
2022-04-17,30.781076
2022-04-18,30.603086
2022-04-19,30.643055
2022-04-20,30.700632
2022-04-21,30.59271
2022-04-22,30.689356
2022-04-23,30.651701
2022-04-24,30.71161
2022-04-25,30.784864
2022-04-26,30.680326
2022-04-27,30.86671
2022-04-28,30.936022
2022-04-29,30.966846
2022-04-30,30.965563
2022-05-01,30.928005
2022-05-02,30.824772
2022-05-03,30.714172
2022-05-04,30.676464
2022-05-05,30.608318
2022-05-06,30.478662
2022-05-07,30.38071
2022-05-08,30.303337
2022-05-09,30.2848
2022-05-10,30.286596
2022-05-11,30.22771
2022-05-12,30.191362
2022-05-13,30.153025
2022-05-14,30.188131
2022-05-15,30.078121
2022-05-16,30.051516
2022-05-17,30.000872
2022-05-18,29.959023
2022-05-19,29.920483
2022-05-20,29.902882
2022-05-21,29.855824
2022-05-22,29.804647
2022-05-23,29.7576
2022-05-24,29.72282
2022-05-25,29.720545
2022-05-26,29.694735
2022-05-27,29.648113
2022-05-28,29.59655
2022-05-29,29.553518
2022-05-30,29.52094
2022-05-31,29.477505
2022-06-01,29.414316
2022-06-02,29.38376
2022-06-03,29.327158
2022-06-04,29.291288
2022-06-05,29.283272
2022-06-06,29.271431
2022-06-07,29.254305
2022-06-08,29.251564
2022-06-09,29.246773
2022-06-10,29.238974
2022-06-11,29.2476
2022-06-12,29.294338
2022-06-13,29.393919
2022-06-14,29.334366
2022-06-15,29.29253
2022-06-16,29.274076
2022-06-17,29.298061
2022-06-18,29.335485
2022-06-19,29.50019
2022-06-20,29.4789
2022-06-21,29.429228
2022-06-22,29.358374
2022-06-23,29.277348
2022-06-24,29.257254
2022-06-25,29.206987
2022-06-26,29.175863
2022-06-27,29.175476
2022-06-28,29.19614
2022-06-29,29.245325
2022-06-30,29.239597
2022-07-01,29.240536
2022-07-02,29.22422
2022-07-03,29.214344
2022-07-04,29.163628
2022-07-05,29.132357
2022-07-06,29.123291
2022-07-07,29.166763
2022-07-08,29.157597
2022-07-09,29.114952
2022-07-10,29.078989
2022-07-11,29.020754
2022-07-12,29.00288
2022-07-13,28.988207
2022-07-14,28.991787
2022-07-15,29.034569
2022-07-16,29.035574
2022-07-17,29.108377
2022-07-18,29.17251
2022-07-19,29.213669
2022-07-20,29.130629
2022-07-21,29.046417
2022-07-22,29.001505
2022-07-23,28.974245
2022-07-24,28.939835
2022-07-25,29.042513
2022-07-26,29.186298
2022-07-27,29.137806
2022-07-28,29.127466
2022-07-29,29.035929
2022-07-30,28.961773
2022-07-31,28.942883
2022-08-01,28.905848
2022-08-02,28.82192
2022-08-03,28.754045
2022-08-04,28.709284
2022-08-05,28.691046
2022-08-06,28.67388
2022-08-07,28.66495
2022-08-08,28.656942
2022-08-09,28.67477
2022-08-10,28.689014
2022-08-11,28.709072
2022-08-12,28.720676
2022-08-13,28.757269
2022-08-14,28.779293
2022-08-15,28.785637
2022-08-16,28.857647
2022-08-17,28.841373
2022-08-18,28.856535
2022-08-19,28.878647
2022-08-20,28.863977
2022-08-21,28.835161
2022-08-22,28.794876
2022-08-23,28.819313
2022-08-24,28.81881
2022-08-25,28.801609
2022-08-26,28.744692
2022-08-27,28.716623
2022-08-28,28.809443
2022-08-29,28.91418
2022-08-30,28.964165
2022-08-31,28.875769
2022-09-01,28.833065
2022-09-02,28.787994
2022-09-03,28.731266
2022-09-04,28.681715
2022-09-05,28.63449
2022-09-06,28.568218
2022-09-07,28.53041
2022-09-08,28.545382
2022-09-09,28.561253
2022-09-10,28.591768
2022-09-11,28.617865
2022-09-12,28.70304
2022-09-13,28.710426
2022-09-14,28.758402
2022-09-15,28.826107
2022-09-16,28.837038
2022-09-17,28.816181
2022-09-18,28.814478
2022-09-19,28.83111
2022-09-20,28.886051
2022-09-21,28.933058
2022-09-22,28.91221
2022-09-23,28.89655
2022-09-24,28.961817
2022-09-25,29.08135
2022-09-26,29.022999
2022-09-27,29.023743
2022-09-28,28.972733
2022-09-29,28.926071
2022-09-30,28.858356
2022-10-01,28.82292
2022-10-02,28.811281
2022-10-03,28.79746
2022-10-04,28.733728
2022-10-05,28.727945
2022-10-06,28.670084
2022-10-07,28.672436
2022-10-08,28.785006
2022-10-09,28.770441
2022-10-10,28.83572
2022-10-11,28.786238
2022-10-12,28.964537
2022-10-13,28.831795
2022-10-14,28.739933
2022-10-15,28.66475
2022-10-16,28.622215
2022-10-17,28.58762
2022-10-18,28.579216
2022-10-19,28.541807
2022-10-20,28.521318
2022-10-21,28.45171
2022-10-22,28.382277
2022-10-23,28.386738
2022-10-24,28.423038
2022-10-25,28.583574
2022-10-26,28.709103
2022-10-27,28.803652
2022-10-28,28.883446
2022-10-29,28.950977
2022-10-30,28.954638
2022-10-31,28.969557
2022-11-01,28.973215
2022-11-02,29.03239
2022-11-03,28.973152
2022-11-04,28.981863
2022-11-05,29.000124
2022-11-06,28.963152
2022-11-07,28.93472
2022-11-08,28.907072
2022-11-09,28.891241
2022-11-10,28.858284
2022-11-11,28.855307
2022-11-12,28.809767
2022-11-13,28.792576
2022-11-14,28.712454
2022-11-15,28.594702
2022-11-16,28.63509
2022-11-17,28.651554
2022-11-18,28.611032
2022-11-19,28.625103
2022-11-20,28.656254
2022-11-21,28.741022
2022-11-22,28.78533
2022-11-23,28.78859
2022-11-24,28.748377
2022-11-25,28.770948
2022-11-26,28.873602
2022-11-27,28.871618
2022-11-28,29.026789
2022-11-29,29.032854
2022-11-30,28.964855
2022-12-01,28.97417
2022-12-02,29.007778
2022-12-03,28.97361
2022-12-04,28.949163
2022-12-05,28.824224
2022-12-06,28.737955
2022-12-07,28.721418
2022-12-08,28.649986
2022-12-09,28.58694
2022-12-10,28.61333
2022-12-11,28.629145
2022-12-12,28.59114
2022-12-13,28.486628
2022-12-14,28.374825
2022-12-15,28.338156
2022-12-16,28.320665
2022-12-17,28.264658
2022-12-18,28.303606
2022-12-19,28.316294
2022-12-20,28.276264
2022-12-21,28.303976
2022-12-22,28.342508
2022-12-23,28.414757
2022-12-24,28.41045
2022-12-25,28.40048
2022-12-26,28.446884
2022-12-27,28.464096
2022-12-28,28.449339
2022-12-29,28.433075
2022-12-30,28.400206
2022-12-31,28.373747
2023-01-01,28.341192
2023-01-02,28.331465
2023-01-03,28.345337
2023-01-04,28.365953
2023-01-05,28.377964
2023-01-06,28.419552
2023-01-07,28.433912
2023-01-08,28.484936
2023-01-09,28.475636
2023-01-10,28.505869
2023-01-11,28.544687
2023-01-12,28.570093
2023-01-13,28.642029
2023-01-14,28.629818
2023-01-15,28.63101
2023-01-16,28.605492
2023-01-17,28.557264
2023-01-18,28.515944
2023-01-19,28.486795
2023-01-20,28.477419
2023-01-21,28.45715
2023-01-22,28.43185
2023-01-23,28.389585
2023-01-24,28.39404
2023-01-25,28.322144
2023-01-26,28.298565
2023-01-27,28.25767
2023-01-28,28.189596
2023-01-29,28.198505
2023-01-30,28.248022
2023-01-31,28.308393
2023-02-01,28.395916
2023-02-02,28.415699
2023-02-03,28.472996
2023-02-04,28.39575
2023-02-05,28.392921
2023-02-06,28.436384
2023-02-07,28.489944
2023-02-08,28.413826
2023-02-09,28.436512
2023-02-10,28.399015
2023-02-11,28.39445
2023-02-12,28.464994
2023-02-13,28.494974
2023-02-14,28.4742
2023-02-15,28.44032
2023-02-16,28.445948
2023-02-17,28.50101
2023-02-18,28.538445
2023-02-19,28.595087
2023-02-20,28.622368
2023-02-21,28.594088
2023-02-22,28.605701
2023-02-23,28.679565
2023-02-24,28.645445
2023-02-25,28.593067
2023-02-26,28.565815
2023-02-27,28.588528
2023-02-28,28.609863
2023-03-01,28.60186
2023-03-02,28.648228
2023-03-03,28.704681
2023-03-04,28.743887
2023-03-05,28.77333
2023-03-06,28.774662
2023-03-07,28.760706
2023-03-08,28.756006
2023-03-09,28.784616
2023-03-10,28.823023
2023-03-11,28.857552
2023-03-12,28.91551
2023-03-13,28.937056
2023-03-14,28.926378
2023-03-15,28.9361
2023-03-16,28.939196
2023-03-17,28.963148
2023-03-18,28.999987
2023-03-19,29.251036
2023-03-20,29.224901
2023-03-21,29.20483
2023-03-22,29.367075
2023-03-23,29.614635
2023-03-24,29.648525
2023-03-25,29.601744
2023-03-26,29.54947
2023-03-27,29.546156
2023-03-28,29.584332
2023-03-29,29.629116
2023-03-30,29.587858
2023-03-31,29.778923
2023-04-01,29.759806
2023-04-02,29.939165
2023-04-03,29.88353
2023-04-04,29.9966
2023-04-05,29.956501
2023-04-06,29.948435
2023-04-07,29.938887
2023-04-08,29.962276
2023-04-09,29.97311
2023-04-10,30.061525
2023-04-11,30.113333
2023-04-12,30.358183
2023-04-13,30.495705
2023-04-14,30.527508
2023-04-15,30.463379
2023-04-16,30.55036
2023-04-17,30.77612
2023-04-18,30.913767
2023-04-19,30.839853
2023-04-20,30.715223
2023-04-21,30.791185
2023-04-22,30.888952
2023-04-23,31.040152
2023-04-24,30.901506
2023-04-25,30.929276
2023-04-26,30.970097
2023-04-27,30.861
2023-04-28,31.011133
2023-04-29,31.179005
2023-04-30,31.141665
2023-05-01,31.097998
2023-05-02,31.117079
2023-05-03,31.048029
2023-05-04,30.986591
2023-05-05,30.938377
2023-05-06,30.823015
2023-05-07,30.680964
2023-05-08,30.46875
2023-05-09,30.28605
2023-05-10,30.08236
2023-05-11,29.90717
2023-05-12,29.813522
2023-05-13,29.778675
2023-05-14,29.75189
2023-05-15,29.751322
2023-05-16,29.75012
2023-05-17,29.762907
2023-05-18,29.808645
2023-05-19,29.834549
2023-05-20,29.874826
2023-05-21,29.885069
2023-05-22,29.890554
2023-05-23,29.974585
2023-05-24,29.983496
2023-05-25,29.950596
2023-05-26,29.936092
2023-05-27,29.96416
2023-05-28,29.966528
2023-05-29,29.985462
2023-05-30,29.952312
2023-05-31,29.916792
2023-06-01,29.90362
2023-06-02,29.885334
2023-06-03,29.828182
2023-06-04,29.795164
2023-06-05,29.75462
2023-06-06,29.724045
2023-06-07,29.709322
2023-06-08,29.668554
2023-06-09,29.640436
2023-06-10,29.60259
2023-06-11,29.601082
2023-06-12,29.594532
2023-06-13,29.568012
2023-06-14,29.54883
2023-06-15,29.520172
2023-06-16,29.47804
2023-06-17,29.399744
2023-06-18,29.38003
2023-06-19,29.3584
2023-06-20,29.354113
2023-06-21,29.373478
2023-06-22,29.413065
2023-06-23,29.43258
2023-06-24,29.467283
2023-06-25,29.434746
2023-06-26,29.42484
2023-06-27,29.42113
2023-06-28,29.435356
2023-06-29,29.373589
2023-06-30,29.29977
2023-07-01,29.226013
2023-07-02,29.173086
2023-07-03,29.147392
2023-07-04,29.129354
2023-07-05,29.104853
2023-07-06,29.1414
2023-07-07,29.194424
2023-07-08,29.195772
2023-07-09,29.077997
2023-07-10,29.036907
2023-07-11,29.063145
2023-07-12,29.117327
2023-07-13,29.122986
2023-07-14,29.149517
2023-07-15,29.128405
2023-07-16,29.106655
2023-07-17,29.076433
2023-07-18,29.051386
2023-07-19,29.019405
2023-07-20,29.014109
2023-07-21,29.02231
2023-07-22,29.017956
2023-07-23,29.027205
2023-07-24,28.994255
2023-07-25,28.973974
2023-07-26,28.988626
2023-07-27,29.041357
2023-07-28,29.055672
2023-07-29,29.031721
2023-07-30,29.006102
2023-07-31,28.986965
2023-08-01,28.971197
2023-08-02,28.98873
2023-08-03,29.013195
2023-08-04,29.047174
2023-08-05,29.10302
2023-08-06,29.098806
2023-08-07,29.06763
2023-08-08,29.025501
2023-08-09,29.002836
2023-08-10,29.020681
2023-08-11,29.04591
2023-08-12,29.031267
2023-08-13,28.99668
2023-08-14,28.978958
2023-08-15,28.952074
2023-08-16,28.997177
2023-08-17,29.029024
2023-08-18,29.076136
2023-08-19,29.132704
2023-08-20,29.17726
2023-08-21,29.186457
2023-08-22,29.226372
2023-08-23,29.275166
2023-08-24,29.304886
2023-08-25,29.314127
2023-08-26,29.357548
2023-08-27,29.45685
2023-08-28,29.397438
2023-08-29,29.340546
2023-08-30,29.324575
2023-08-31,29.282156
2023-09-01,29.220264
2023-09-02,29.203783
2023-09-03,29.138208
2023-09-04,29.063158
2023-09-05,29.023636
2023-09-06,29.056614
2023-09-07,29.187119
2023-09-08,29.271067
2023-09-09,29.1544
2023-09-10,29.096607
2023-09-11,29.069883
2023-09-12,29.057426
2023-09-13,29.066235
2023-09-14,29.075144
2023-09-15,29.081211
2023-09-16,29.069202
2023-09-17,29.081154
2023-09-18,29.092442
2023-09-19,29.12657
2023-09-20,29.242857
2023-09-21,29.375927
2023-09-22,29.310255
2023-09-23,29.227057
2023-09-24,29.174152
2023-09-25,29.117224
2023-09-26,29.082611
2023-09-27,29.038706
2023-09-28,28.992907
2023-09-29,28.954279
2023-09-30,28.986252
2023-10-01,29.012558
2023-10-02,28.997318
2023-10-03,28.953352
2023-10-04,28.924505
2023-10-05,28.893774
2023-10-06,28.907297
2023-10-07,28.899458
2023-10-08,28.930664
2023-10-09,29.091055
2023-10-10,29.073757
2023-10-11,29.06848
2023-10-12,29.01822
2023-10-13,29.022234
2023-10-14,28.988007
2023-10-15,28.996223
2023-10-16,28.91986
2023-10-17,28.839964
2023-10-18,28.833199
2023-10-19,28.903822
2023-10-20,28.963814
2023-10-21,29.017742
2023-10-22,29.097006
2023-10-23,29.18691
2023-10-24,29.240578
2023-10-25,29.470549
2023-10-26,29.459032
2023-10-27,29.35355
2023-10-28,29.478907
2023-10-29,29.569618
2023-10-30,29.638731
2023-10-31,29.510586
2023-11-01,29.367369
2023-11-02,29.334803
2023-11-03,29.42434
2023-11-04,29.531021
2023-11-05,29.547705
2023-11-06,29.58439
2023-11-07,29.598549
2023-11-08,29.590448
2023-11-09,29.700617
2023-11-10,29.756031
2023-11-11,29.7308
2023-11-12,29.655323
2023-11-13,29.559202
2023-11-14,29.429419
2023-11-15,29.506403
2023-11-16,29.607351
2023-11-17,29.621168
2023-11-18,29.522669
2023-11-19,29.480095
2023-11-20,29.497765
2023-11-21,29.45728
2023-11-22,29.527534
2023-11-23,29.562973
2023-11-24,29.406128
2023-11-25,29.343641
2023-11-26,29.284527
2023-11-27,29.222599
2023-11-28,29.183813
2023-11-29,29.09728
2023-11-30,29.004093
2023-12-01,28.872772
2023-12-02,28.83399
2023-12-03,28.761318
2023-12-04,28.848354
2023-12-05,28.956152
2023-12-06,29.02575
2023-12-07,29.094189
2023-12-08,29.069708
2023-12-09,29.084389
2023-12-10,29.070686
2023-12-11,29.095846
2023-12-12,29.075087
2023-12-13,29.092823
2023-12-14,29.042604
2023-12-15,29.056597
2023-12-16,29.036686
2023-12-17,28.987917
2023-12-18,28.987225
2023-12-19,28.99335
2023-12-20,29.02009
2023-12-21,29.01634
2023-12-22,28.984686
2023-12-23,28.956898
2023-12-24,28.889393
2023-12-25,28.815502
2023-12-26,28.77442
2023-12-27,28.754192
2023-12-28,28.744267
2023-12-29,28.731543
2023-12-30,28.722506
2023-12-31,28.69686
2024-01-01,28.676846
2024-01-02,28.686516
2024-01-03,28.678766
2024-01-04,28.726454
2024-01-05,28.739914
2024-01-06,28.771885
2024-01-07,28.751074
2024-01-08,28.757883
2024-01-09,28.736225
2024-01-10,28.735714
2024-01-11,28.7167
2024-01-12,28.728592
2024-01-13,28.700369
2024-01-14,28.666935
2024-01-15,28.679583
2024-01-16,28.703634
2024-01-17,28.786135
2024-01-18,28.809608
2024-01-19,28.815548
2024-01-20,28.856153
2024-01-21,28.85737
2024-01-22,28.887972
2024-01-23,28.850903
2024-01-24,28.867323
2024-01-25,28.94165
2024-01-26,28.903017
2024-01-27,28.91155
2024-01-28,28.908894
2024-01-29,28.954512
2024-01-30,29.085344
2024-01-31,29.154099
2024-02-01,29.177689
2024-02-02,29.20961
2024-02-03,29.19362
2024-02-04,29.183525
2024-02-05,29.16063
2024-02-06,29.14985
2024-02-07,29.141108
2024-02-08,29.152998
2024-02-09,29.12461
2024-02-10,29.12864
2024-02-11,29.129564
2024-02-12,29.102232
2024-02-13,29.08006
2024-02-14,29.076485
2024-02-15,29.110731
2024-02-16,29.152845
2024-02-17,29.191187
2024-02-18,29.230612
2024-02-19,29.229883
2024-02-20,29.239449
2024-02-21,29.30262
2024-02-22,29.464348
2024-02-23,29.484585
2024-02-24,29.368584
2024-02-25,29.354101
2024-02-26,29.357494
2024-02-27,29.38681
2024-02-28,29.38361
2024-02-29,29.395344
2024-03-01,29.43302
2024-03-02,29.475935
2024-03-03,29.482994
2024-03-04,29.533628
2024-03-05,29.486753
2024-03-06,29.5486
2024-03-07,29.467234
2024-03-08,29.440252
2024-03-09,29.373653
2024-03-10,29.355042
2024-03-11,29.367327
2024-03-12,29.46296
2024-03-13,29.52631
2024-03-14,29.560656
2024-03-15,29.590511
2024-03-16,29.589304
2024-03-17,29.582533
2024-03-18,29.630064
2024-03-19,29.666988
2024-03-20,29.684113
2024-03-21,29.719486
2024-03-22,29.771185
2024-03-23,29.838446
2024-03-24,29.910105
2024-03-25,29.926922
2024-03-26,29.98201
2024-03-27,30.051083
2024-03-28,30.10018
2024-03-29,30.26432
2024-03-30,30.259367
2024-03-31,30.465017
2024-04-01,30.535955
2024-04-02,30.721943
2024-04-03,30.822111
2024-04-04,30.712965
2024-04-05,30.748041
2024-04-06,30.860872
2024-04-07,30.952988
2024-04-08,30.807186
2024-04-09,30.749714
2024-04-10,30.67014
2024-04-11,30.663216
2024-04-12,30.637447
2024-04-13,30.704659
2024-04-14,30.761198
2024-04-15,30.865334
2024-04-16,31.056128
2024-04-17,31.16429
2024-04-18,31.24057
2024-04-19,31.228584
2024-04-20,31.264273
2024-04-21,31.329268
2024-04-22,31.40264
2024-04-23,31.388758
2024-04-24,31.58523
2024-04-25,31.53706
2024-04-26,31.527563
2024-04-27,31.52288
2024-04-28,31.58435
2024-04-29,31.714613
2024-04-30,31.872023
2024-05-01,31.829334
2024-05-02,31.84624
2024-05-03,31.832815
2024-05-04,31.975199
2024-05-05,31.930939
2024-05-06,31.908619
2024-05-07,31.935444
2024-05-08,31.94594
2024-05-09,31.87579
2024-05-10,31.966478
2024-05-11,31.910948
2024-05-12,31.730974
2024-05-13,31.585546
2024-05-14,31.544931
2024-05-15,31.560085
2024-05-16,31.576803
2024-05-17,31.513388
2024-05-18,31.394438
2024-05-19,31.220818
2024-05-20,31.116236
2024-05-21,30.96843
2024-05-22,30.857521
2024-05-23,30.727985
2024-05-24,30.598892
2024-05-25,30.485506
2024-05-26,30.413603
2024-05-27,30.402779
2024-05-28,30.344576
2024-05-29,30.263885
2024-05-30,30.223955
2024-05-31,30.134106
2024-06-01,30.012789
2024-06-02,29.943485
2024-06-03,29.968164
2024-06-04,29.989443
2024-06-05,29.934559
2024-06-06,29.936674
2024-06-07,29.94949
2024-06-08,29.903421
2024-06-09,29.845547
2024-06-10,29.801878
2024-06-11,29.777931
2024-06-12,29.781698
2024-06-13,29.81374
2024-06-14,29.84834
2024-06-15,29.857752
2024-06-16,29.873957
2024-06-17,29.856415
2024-06-18,29.877535
2024-06-19,29.841269
2024-06-20,29.838015
2024-06-21,29.806221
2024-06-22,29.769411
2024-06-23,29.731297
2024-06-24,29.71864
2024-06-25,29.702223
2024-06-26,29.686085
2024-06-27,29.680986
2024-06-28,29.81815
2024-06-29,29.720476
2024-06-30,29.678768
2024-07-01,29.729832
2024-07-02,29.764076
2024-07-03,29.720966
2024-07-04,29.683397
2024-07-05,29.698208
2024-07-06,29.667467
2024-07-07,29.635689
2024-07-08,29.70404
2024-07-09,29.793089
2024-07-10,29.689028
2024-07-11,29.669117
2024-07-12,29.617771
2024-07-13,29.603859
2024-07-14,29.574356
2024-07-15,29.564318
2024-07-16,29.54785
2024-07-17,29.520319
2024-07-18,29.502996
2024-07-19,29.507236
2024-07-20,29.517355
2024-07-21,29.542433
2024-07-22,29.547106
2024-07-23,29.57221
2024-07-24,29.576504
2024-07-25,29.561237
2024-07-26,29.538685
2024-07-27,29.527206
2024-07-28,29.487963
2024-07-29,29.437931
2024-07-30,29.418848
2024-07-31,29.416544
2024-08-01,29.425493
2024-08-02,29.474382
2024-08-03,29.434525
2024-08-04,29.462702
2024-08-05,29.410593
2024-08-06,29.407278
2024-08-07,29.468155
2024-08-08,29.569006
2024-08-09,29.609661
2024-08-10,29.488207
2024-08-11,29.46565
2024-08-12,29.464989
2024-08-13,29.548643
2024-08-14,29.611044
2024-08-15,29.708622
2024-08-16,29.671692
2024-08-17,29.589851
2024-08-18,29.476805
2024-08-19,29.421862
2024-08-20,29.461136
2024-08-21,29.622316
2024-08-22,29.507692
2024-08-23,29.559326
2024-08-24,29.608364
2024-08-25,29.55957
2024-08-26,29.474787
2024-08-27,29.416904
2024-08-28,29.378723
2024-08-29,29.35435
2024-08-30,29.328941
2024-08-31,29.357351
2024-09-01,29.442595
2024-09-02,29.33035
2024-09-03,29.246468
2024-09-04,29.222395
2024-09-05,29.199865
2024-09-06,29.159462
2024-09-07,29.115082
2024-09-08,29.09565
2024-09-09,29.094242
2024-09-10,29.10944
2024-09-11,29.127344
2024-09-12,29.16412
2024-09-13,29.163052
2024-09-14,29.150312
2024-09-15,29.159792
2024-09-16,29.136637
2024-09-17,29.098875
2024-09-18,29.060246
2024-09-19,29.037144
2024-09-20,29.016407
2024-09-21,29.01583
2024-09-22,29.017128
2024-09-23,29.000937
2024-09-24,29.035172
2024-09-25,29.150185
2024-09-26,29.25178
2024-09-27,29.373363
2024-09-28,29.323517
2024-09-29,29.350935
2024-09-30,29.37611
2024-10-01,29.431479
2024-10-02,29.40075
2024-10-03,29.392143
2024-10-04,29.44633
2024-10-05,29.382689
2024-10-06,29.398836
2024-10-07,29.583708
2024-10-08,29.488503
2024-10-09,29.58836
2024-10-10,29.596004
2024-10-11,29.544687
2024-10-12,29.36121
2024-10-13,29.274836
2024-10-14,29.21718
2024-10-15,29.202738
2024-10-16,29.368177
2024-10-17,29.338758
2024-10-18,29.305656
2024-10-19,29.230871
2024-10-20,29.18573
2024-10-21,29.197874
2024-10-22,29.180088
2024-10-23,29.168055
2024-10-24,29.144491
2024-10-25,29.167019
2024-10-26,29.196945
2024-10-27,29.229803
2024-10-28,29.302603
2024-10-29,29.413515
2024-10-30,29.402178
2024-10-31,29.455088
2024-11-01,29.553316
2024-11-02,29.58215
2024-11-03,29.663248
2024-11-04,29.675716
2024-11-05,29.5911
2024-11-06,29.55073
2024-11-07,29.5829
2024-11-08,29.5551
2024-11-09,29.531164
2024-11-10,29.575392
2024-11-11,29.6239
2024-11-12,29.635946
2024-11-13,29.742563
2024-11-14,29.846645
2024-11-15,29.904404
2024-11-16,29.930582
2024-11-17,29.89541
2024-11-18,29.954647
2024-11-19,29.896254
2024-11-20,29.877598
2024-11-21,29.809244
2024-11-22,29.709044
2024-11-23,29.557257
2024-11-24,29.455961
2024-11-25,29.381762
2024-11-26,29.313017
2024-11-27,29.341362
2024-11-28,29.346632
2024-11-29,29.338633
2024-11-30,29.286076
2024-12-01,29.3582
2024-12-02,29.464306
2024-12-03,29.468998
2024-12-04,29.321505
2024-12-05,29.329947
2024-12-06,29.226065
2024-12-07,29.184477
2024-12-08,29.174103
2024-12-09,29.168087
2024-12-10,29.145796
2024-12-11,29.322363
2024-12-12,29.35577
2024-12-13,29.290737
2024-12-14,29.229694
2024-12-15,29.2086
2024-12-16,29.23236
2024-12-17,29.248383
2024-12-18,29.268118
2024-12-19,29.275486
2024-12-20,29.246843
2024-12-21,29.284378
2024-12-22,29.354656
2024-12-23,29.227077
2024-12-24,29.266113
2024-12-25,29.327026
2024-12-26,29.271303
2024-12-27,29.286636
2024-12-28,29.30716
2024-12-29,29.32544
2024-12-30,29.280548
2024-12-31,29.23829
2025-01-01,29.241184
2025-01-02,29.2474
2025-01-03,29.201294
2025-01-04,29.166561
2025-01-05,29.130556
2025-01-06,29.01225
2025-01-07,29.110628
2025-01-08,29.100424
2025-01-09,29.059471
2025-01-10,29.05367
2025-01-11,29.04391
2025-01-12,29.055544
2025-01-13,29.031185
2025-01-14,29.00299
2025-01-15,28.969019
2025-01-16,28.9338
2025-01-17,28.886377
2025-01-18,28.886213
2025-01-19,28.849627
2025-01-20,28.819815
2025-01-21,28.826344
2025-01-22,28.818014
2025-01-23,28.736069
2025-01-24,28.69912
2025-01-25,28.745457
2025-01-26,28.697409
2025-01-27,28.66637
2025-01-28,28.700739
2025-01-29,28.767153
2025-01-30,28.80649
2025-01-31,28.841911
2025-02-01,28.804386
2025-02-02,28.80254
2025-02-03,28.777708
2025-02-04,28.778046
2025-02-05,28.827513
2025-02-06,28.808094
2025-02-07,28.784061
2025-02-08,28.760038
2025-02-09,28.774904
2025-02-10,28.813705
2025-02-11,28.819378
2025-02-12,28.773872
2025-02-13,28.768562
2025-02-14,28.851635
2025-02-15,28.819084
2025-02-16,28.852404
2025-02-17,28.800528
2025-02-18,28.894941
2025-02-19,28.822248
2025-02-20,28.851873
2025-02-21,28.87815
2025-02-22,28.895638
2025-02-23,28.876394
2025-02-24,28.900766
2025-02-25,28.898352
2025-02-26,28.862026
2025-02-27,28.873451
2025-02-28,28.916164
2025-03-01,28.987852
2025-03-02,29.051004
2025-03-03,29.136972
2025-03-04,29.226946
2025-03-05,29.16205
2025-03-06,29.164446
2025-03-07,29.085875
2025-03-08,29.037357
2025-03-09,29.072306
2025-03-10,29.225218
2025-03-11,29.355757
2025-03-12,29.360163
2025-03-13,29.352057
2025-03-14,29.42033
2025-03-15,29.436722
2025-03-16,29.568287
2025-03-17,29.506805
2025-03-18,29.540314
2025-03-19,29.475502
2025-03-20,29.463858
2025-03-21,29.507885
2025-03-22,29.508133
2025-03-23,29.626827
2025-03-24,29.685808
2025-03-25,29.796051
2025-03-26,29.822681
2025-03-27,29.750994
2025-03-28,29.75672
2025-03-29,29.836226
2025-03-30,29.774637
2025-03-31,29.748856
2025-04-01,29.822504
2025-04-02,29.801722
2025-04-03,29.85996
2025-04-04,29.843143
2025-04-05,29.757742
2025-04-06,29.691795
2025-04-07,29.650442
2025-04-08,29.681429
2025-04-09,29.657791
2025-04-10,29.660498
2025-04-11,29.50127
2025-04-12,29.531973
2025-04-13,29.70949
2025-04-14,30.07962
2025-04-15,30.05117
2025-04-16,29.834454
2025-04-17,29.811949
2025-04-18,29.772799
2025-04-19,29.783567
2025-04-20,29.67875
2025-04-21,29.858297
2025-04-22,29.940046
2025-04-23,30.026627
2025-04-24,29.965261
2025-04-25,30.125975
2025-04-26,30.106453
2025-04-27,30.439066
2025-04-28,30.32207
2025-04-29,30.171505
2025-04-30,30.239195
2025-05-01,30.231836
2025-05-02,30.384375
2025-05-03,30.377335
2025-05-04,30.324884
2025-05-05,30.365534
2025-05-06,30.227797
2025-05-07,30.236347
2025-05-08,30.110304
2025-05-09,30.210499
2025-05-10,30.123085
2025-05-11,30.066046
2025-05-12,29.997084
2025-05-13,29.969309
2025-05-14,29.962236
2025-05-15,29.935648
2025-05-16,29.840616
2025-05-17,29.812307
2025-05-18,29.828428
2025-05-19,29.882566
2025-05-20,29.979431
2025-05-21,29.920195
2025-05-22,29.893959
2025-05-23,29.855307
2025-05-24,29.778187
2025-05-25,29.711931
2025-05-26,29.695724
2025-05-27,29.680353
2025-05-28,29.687944
2025-05-29,29.689062
2025-05-30,29.694195
2025-05-31,29.699333
2025-06-01,29.691452
2025-06-02,29.671875
2025-06-03,29.684196
2025-06-04,29.702646
2025-06-05,29.713633
2025-06-06,29.701363
2025-06-07,29.649317
2025-06-08,29.617405
2025-06-09,29.596807
2025-06-10,29.58217
2025-06-11,29.536327
2025-06-12,29.499151
2025-06-13,29.489796
2025-06-14,29.489742
2025-06-15,29.485453
2025-06-16,29.472775
2025-06-17,29.451042
2025-06-18,29.446516
2025-06-19,29.451084
2025-06-20,29.416597
2025-06-21,29.374495
2025-06-22,29.33314
2025-06-23,29.31647
2025-06-24,29.331757
2025-06-25,29.363047
2025-06-26,29.425207
2025-06-27,29.440523
2025-06-28,29.429258
2025-06-29,29.415892
2025-06-30,29.424261
2025-07-01,29.41391
2025-07-02,29.428051
2025-07-03,29.43584
2025-07-04,29.455389
2025-07-05,29.455765
2025-07-06,29.4302
2025-07-07,29.40974
2025-07-08,29.380674
2025-07-09,29.398363
2025-07-10,29.37482
2025-07-11,29.384007
2025-07-12,29.396746
2025-07-13,29.42415
2025-07-14,29.40753
2025-07-15,29.347946
2025-07-16,29.330177
2025-07-17,29.283422
2025-07-18,29.268362
2025-07-19,29.242447
2025-07-20,29.193708
2025-07-21,29.177689
2025-07-22,29.169792
2025-07-23,29.1506
2025-07-24,29.139748
2025-07-25,29.1471
2025-07-26,29.168543
2025-07-27,29.173004
2025-07-28,29.202839
2025-07-29,29.229671
2025-07-30,29.283081
2025-07-31,29.33484
2025-08-01,29.401241
2025-08-02,29.263603
2025-08-03,29.172497
2025-08-04,29.230743
2025-08-05,29.231852
2025-08-06,29.227552
2025-08-07,29.156511
2025-08-08,29.15131
2025-08-09,29.182873
2025-08-10,29.231276
2025-08-11,29.193636
2025-08-12,29.134308
2025-08-13,29.121761
2025-08-14,29.10777
2025-08-15,29.075516
2025-08-16,29.050985
2025-08-17,29.037786
2025-08-18,29.044373
2025-08-19,29.092787
2025-08-20,29.154278
2025-08-21,29.178818
2025-08-22,29.118576
2025-08-23,29.091873
2025-08-24,29.154202
2025-08-25,29.144348
2025-08-26,29.127327
2025-08-27,29.119186
2025-08-28,29.144644
2025-08-29,29.159008
2025-08-30,29.175268
2025-08-31,29.136463
2025-09-01,29.109503
2025-09-02,29.099802
2025-09-03,29.114037
2025-09-04,29.130535
2025-09-05,29.179058
2025-09-06,29.192354
2025-09-07,29.213177
2025-09-08,29.248833
2025-09-09,29.22603
2025-09-10,29.208225
2025-09-11,29.179775
2025-09-12,29.25219
2025-09-13,29.25947
2025-09-14,29.152893
2025-09-15,29.088755
2025-09-16,29.07738
2025-09-17,29.081064
2025-09-18,29.03853
2025-09-19,29.023298
2025-09-20,29.035847
2025-09-21,29.056189
2025-09-22,29.082067
2025-09-23,29.05324
2025-09-24,29.024006
2025-09-25,29.00056
2025-09-26,28.994217
2025-09-27,29.013256
2025-09-28,28.98582
2025-09-29,28.94835
2025-09-30,28.904905
2025-10-01,28.953087
2025-10-02,29.060879
2025-10-03,29.404022
2025-10-04,29.457747
2025-10-05,29.23712
2025-10-06,29.258394
2025-10-07,29.280302
2025-10-08,29.249111
2025-10-09,29.25162
2025-10-10,29.20276
2025-10-11,29.16427
2025-10-12,29.328083
2025-10-13,29.380213
2025-10-14,29.45189
2025-10-15,29.521446
2025-10-16,29.467018
2025-10-17,29.523537
2025-10-18,29.404356
2025-10-19,29.329943
2025-10-20,29.232836
2025-10-21,29.181982
2025-10-22,29.1759
2025-10-23,29.113024
2025-10-24,29.040215
2025-10-25,28.96603
2025-10-26,28.906925
2025-10-27,28.908884
2025-10-28,29.004
2025-10-29,29.11265
2025-10-30,29.22955
2025-10-31,29.23174
2025-11-01,29.238361
2025-11-02,29.17265
2025-11-03,29.154417
2025-11-04,29.155699
2025-11-05,29.148727
2025-11-06,29.066975
2025-11-07,29.122585
2025-11-08,29.150894
2025-11-09,29.211744
2025-11-10,29.211308
2025-11-11,29.198011
2025-11-12,29.276804
2025-11-13,29.227772
2025-11-14,29.280672
2025-11-15,29.330341
2025-11-16,29.208895
2025-11-17,29.275103
2025-11-18,29.228382
2025-11-19,29.27607
2025-11-20,29.297388
2025-11-21,29.19371
2025-11-22,29.138575
2025-11-23,29.062094
2025-11-24,29.072922
2025-11-25,29.021027
2025-11-26,28.977676
2025-11-27,28.973862
2025-11-28,28.970766
2025-11-29,29.008163
2025-11-30,29.079144
2025-12-01,29.163536
2025-12-02,29.139936
2025-12-03,29.130804
2025-12-04,29.071482
2025-12-05,29.061825
2025-12-06,29.0728
2025-12-07,29.0768
2025-12-08,29.045895
2025-12-09,29.003159
2025-12-10,28.99508
2025-12-11,28.960411
2025-12-12,28.961584
2025-12-13,28.971085
2025-12-14,28.971397
2025-12-15,28.947283
2025-12-16,28.938667
2025-12-17,28.94563
2025-12-18,28.958433
2025-12-19,28.950956
2025-12-20,28.951445
2025-12-21,28.935772
2025-12-22,28.918633
2025-12-23,28.896713
2025-12-24,28.87563
2025-12-25,28.863768
2025-12-26,28.854628
2025-12-27,28.867989
2025-12-28,28.862234
2025-12-29,28.909775
2025-12-30,28.931414
2025-12-31,28.93759
