Date,SST
2006-01-01,27.597551
2006-01-02,27.583422
2006-01-03,27.572792
2006-01-04,27.571508
2006-01-05,27.562798
2006-01-06,27.568068
2006-01-07,27.570278
2006-01-08,27.581379
2006-01-09,27.582872
2006-01-10,27.561342
2006-01-11,27.555418
2006-01-12,27.542656
2006-01-13,27.569368
2006-01-14,27.606827
2006-01-15,27.57979
2006-01-16,27.544106
2006-01-17,27.50398
2006-01-18,27.476461
2006-01-19,27.462673
2006-01-20,27.44251
2006-01-21,27.426147
2006-01-22,27.40681
2006-01-23,27.384476
2006-01-24,27.39228
2006-01-25,27.340195
2006-01-26,27.333828
2006-01-27,27.341938
2006-01-28,27.333609
2006-01-29,27.330538
2006-01-30,27.336948
2006-01-31,27.357218
2006-02-01,27.411377
2006-02-02,27.48368
2006-02-03,27.519947
2006-02-04,27.553465
2006-02-05,27.534103
2006-02-06,27.534563
2006-02-07,27.573122
2006-02-08,27.595491
2006-02-09,27.642406
2006-02-10,27.672014
2006-02-11,27.684193
2006-02-12,27.65466
2006-02-13,27.667353
2006-02-14,27.706425
2006-02-15,27.747972
2006-02-16,27.857735
2006-02-17,27.85444
2006-02-18,27.803328
2006-02-19,27.776407
2006-02-20,27.849232
2006-02-21,27.807762
2006-02-22,27.827297
2006-02-23,27.796377
2006-02-24,27.860693
2006-02-25,27.851065
2006-02-26,27.933226
2006-02-27,27.95478
2006-02-28,27.917776
2006-03-01,27.8629
2006-03-02,27.89186
2006-03-03,27.944298
2006-03-04,28.117785
2006-03-05,28.187948
2006-03-06,28.350805
2006-03-07,28.291536
2006-03-08,28.365774
2006-03-09,28.405771
2006-03-10,28.604616
2006-03-11,28.630695
2006-03-12,28.603445
2006-03-13,28.630213
2006-03-14,28.616892
2006-03-15,28.599005
2006-03-16,28.577702
2006-03-17,28.530577
2006-03-18,28.48578
2006-03-19,28.465155
2006-03-20,28.460026
2006-03-21,28.47358
2006-03-22,28.633108
2006-03-23,28.614447
2006-03-24,28.531298
2006-03-25,28.657135
2006-03-26,28.657152
2006-03-27,28.676006
2006-03-28,28.937035
2006-03-29,28.969913
2006-03-30,29.078518
2006-03-31,29.107813
2006-04-01,29.112972
2006-04-02,29.090904
2006-04-03,29.05462
2006-04-04,29.018759
2006-04-05,29.041811
2006-04-06,29.14967
2006-04-07,29.275795
2006-04-08,29.353573
2006-04-09,29.39305
2006-04-10,29.52384
2006-04-11,29.598743
2006-04-12,29.762623
2006-04-13,29.865788
2006-04-14,29.860004
2006-04-15,30.047724
2006-04-16,29.919788
2006-04-17,29.906116
2006-04-18,29.945713
2006-04-19,30.071568
2006-04-20,29.94171
2006-04-21,29.980354
2006-04-22,30.151506
2006-04-23,30.180876
2006-04-24,30.117952
2006-04-25,29.954243
2006-04-26,29.866331
2006-04-27,29.757069
2006-04-28,29.641006
2006-04-29,29.551554
2006-04-30,29.505146
2006-05-01,29.5165
2006-05-02,29.515293
2006-05-03,29.564962
2006-05-04,29.69148
2006-05-05,29.6935
2006-05-06,29.727625
2006-05-07,29.775795
2006-05-08,29.869394
2006-05-09,29.887487
2006-05-10,29.927189
2006-05-11,29.978544
2006-05-12,30.026455
2006-05-13,30.020168
2006-05-14,30.00125
2006-05-15,29.994898
2006-05-16,29.914156
2006-05-17,29.856901
2006-05-18,29.770447
2006-05-19,29.672287
2006-05-20,29.557705
2006-05-21,29.492207
2006-05-22,29.444513
2006-05-23,29.385307
2006-05-24,29.33414
2006-05-25,29.283087
2006-05-26,29.224842
2006-05-27,29.164207
2006-05-28,29.109993
2006-05-29,29.067638
2006-05-30,29.017864
2006-05-31,28.984577
2006-06-01,28.967482
2006-06-02,28.955576
2006-06-03,28.95134
2006-06-04,28.941841
2006-06-05,28.935198
2006-06-06,28.922054
2006-06-07,28.94132
2006-06-08,28.96378
2006-06-09,28.982841
2006-06-10,28.99236
2006-06-11,29.039536
2006-06-12,29.073406
2006-06-13,29.102707
2006-06-14,29.135363
2006-06-15,29.150717
2006-06-16,29.1606
2006-06-17,29.225702
2006-06-18,29.220163
2006-06-19,29.179974
2006-06-20,29.129066
2006-06-21,29.06762
2006-06-22,29.048328
2006-06-23,29.04639
2006-06-24,29.074825
2006-06-25,29.040632
2006-06-26,28.995811
2006-06-27,28.9303
2006-06-28,28.871675
2006-06-29,28.851912
2006-06-30,28.84384
2006-07-01,28.826311
2006-07-02,28.795927
2006-07-03,28.775229
2006-07-04,28.795137
2006-07-05,28.846024
2006-07-06,28.888664
2006-07-07,28.920435
2006-07-08,28.93771
2006-07-09,28.94764
2006-07-10,28.969711
2006-07-11,28.9529
2006-07-12,28.927992
2006-07-13,28.90793
2006-07-14,28.878374
2006-07-15,28.857174
2006-07-16,28.832792
2006-07-17,28.841959
2006-07-18,28.837711
2006-07-19,28.844639
2006-07-20,28.869164
2006-07-21,28.865852
2006-07-22,28.903206
2006-07-23,28.925348
2006-07-24,28.954082
2006-07-25,28.914047
2006-07-26,28.878443
2006-07-27,28.847076
2006-07-28,28.811289
2006-07-29,28.780914
2006-07-30,28.770615
2006-07-31,28.729008
2006-08-01,28.669577
2006-08-02,28.620552
2006-08-03,28.600306
2006-08-04,28.596855
2006-08-05,28.65126
2006-08-06,28.688116
2006-08-07,28.658833
2006-08-08,28.618393
2006-08-09,28.578857
2006-08-10,28.52865
2006-08-11,28.470264
2006-08-12,28.423527
2006-08-13,28.398972
2006-08-14,28.367483
2006-08-15,28.326744
2006-08-16,28.30138
2006-08-17,28.314306
2006-08-18,28.382275
2006-08-19,28.397911
2006-08-20,28.372585
2006-08-21,28.38767
2006-08-22,28.41467
2006-08-23,28.437565
2006-08-24,28.490868
2006-08-25,28.500397
2006-08-26,28.475157
2006-08-27,28.470587
2006-08-28,28.459028
2006-08-29,28.46577
2006-08-30,28.515913
2006-08-31,28.548302
2006-09-01,28.512218
2006-09-02,28.504946
2006-09-03,28.50861
2006-09-04,28.545685
2006-09-05,28.587255
2006-09-06,28.65339
2006-09-07,28.697582
2006-09-08,28.754412
2006-09-09,28.753628
2006-09-10,28.738306
2006-09-11,28.753134
2006-09-12,28.689682
2006-09-13,28.655676
2006-09-14,28.604446
2006-09-15,28.494368
2006-09-16,28.404404
2006-09-17,28.386803
2006-09-18,28.352425
2006-09-19,28.324095
2006-09-20,28.341042
2006-09-21,28.342245
2006-09-22,28.344862
2006-09-23,28.367138
2006-09-24,28.360216
2006-09-25,28.319603
2006-09-26,28.294338
2006-09-27,28.293533
2006-09-28,28.280197
2006-09-29,28.266298
2006-09-30,28.297245
2006-10-01,28.333973
2006-10-02,28.40519
2006-10-03,28.410076
2006-10-04,28.416372
2006-10-05,28.391918
2006-10-06,28.364937
2006-10-07,28.334131
2006-10-08,28.360216
2006-10-09,28.405844
2006-10-10,28.453632
2006-10-11,28.534079
2006-10-12,28.76256
2006-10-13,28.917997
2006-10-14,28.952848
2006-10-15,29.008888
2006-10-16,28.97004
2006-10-17,29.046417
2006-10-18,29.115122
2006-10-19,29.180008
2006-10-20,29.109608
2006-10-21,29.163462
2006-10-22,29.125765
2006-10-23,29.190718
2006-10-24,29.17006
2006-10-25,29.128168
2006-10-26,29.070595
2006-10-27,29.072678
2006-10-28,29.162434
2006-10-29,29.144659
2006-10-30,29.173542
2006-10-31,29.219978
2006-11-01,29.200998
2006-11-02,29.172966
2006-11-03,29.153387
2006-11-04,29.174404
2006-11-05,29.26518
2006-11-06,29.276028
2006-11-07,29.200024
2006-11-08,29.151001
2006-11-09,29.150953
2006-11-10,29.132198
2006-11-11,29.137648
2006-11-12,29.123177
2006-11-13,29.141518
2006-11-14,29.122274
2006-11-15,29.103102
2006-11-16,29.090946
2006-11-17,29.082394
2006-11-18,29.081251
2006-11-19,29.100746
2006-11-20,29.152859
2006-11-21,29.130152
2006-11-22,29.085245
2006-11-23,29.066626
2006-11-24,29.015911
2006-11-25,29.007345
2006-11-26,28.99574
2006-11-27,28.959072
2006-11-28,28.901052
2006-11-29,28.833103
2006-11-30,28.778149
2006-12-01,28.70008
2006-12-02,28.632147
2006-12-03,28.565443
2006-12-04,28.504206
2006-12-05,28.470036
2006-12-06,28.454178
2006-12-07,28.402363
2006-12-08,28.38598
2006-12-09,28.386713
2006-12-10,28.404438
2006-12-11,28.394417
2006-12-12,28.394814
2006-12-13,28.331203
2006-12-14,28.262777
2006-12-15,28.195742
2006-12-16,28.127907
2006-12-17,28.097784
2006-12-18,28.072317
2006-12-19,28.044863
2006-12-20,27.993208
2006-12-21,27.926235
2006-12-22,27.857172
2006-12-23,27.780111
2006-12-24,27.686344
2006-12-25,27.604609
2006-12-26,27.525885
2006-12-27,27.455914
2006-12-28,27.405073
2006-12-29,27.349266
2006-12-30,27.313618
2006-12-31,27.259703
2007-01-01,27.183458
2007-01-02,27.112804
2007-01-03,27.041672
2007-01-04,26.975996
2007-01-05,26.937317
2007-01-06,26.941124
2007-01-07,26.95978
2007-01-08,26.981977
2007-01-09,26.996178
2007-01-10,27.01632
2007-01-11,27.030535
2007-01-12,27.030937
2007-01-13,27.016134
2007-01-14,27.023252
2007-01-15,27.009459
2007-01-16,26.999592
2007-01-17,26.988312
2007-01-18,26.970148
2007-01-19,26.946863
2007-01-20,26.899055
2007-01-21,26.864029
2007-01-22,26.816265
2007-01-23,26.786695
2007-01-24,26.786469
2007-01-25,26.839144
2007-01-26,26.931482
2007-01-27,26.972809
2007-01-28,27.000673
2007-01-29,27.010258
2007-01-30,27.027798
2007-01-31,27.027718
2007-02-01,27.00606
2007-02-02,26.991335
2007-02-03,26.999853
2007-02-04,27.010221
2007-02-05,27.026257
2007-02-06,27.033873
2007-02-07,27.025158
2007-02-08,27.076412
2007-02-09,27.054045
2007-02-10,27.079
2007-02-11,27.20805
2007-02-12,27.327034
2007-02-13,27.43365
2007-02-14,27.524664
2007-02-15,27.636494
2007-02-16,27.464005
2007-02-17,27.354437
2007-02-18,27.262632
2007-02-19,27.192951
2007-02-20,27.122131
2007-02-21,27.072588
2007-02-22,27.063124
2007-02-23,27.124325
2007-02-24,27.155083
2007-02-25,27.253372
2007-02-26,27.257301
2007-02-27,27.265762
2007-02-28,27.225939
2007-03-01,27.287374
2007-03-02,27.352541
2007-03-03,27.300758
2007-03-04,27.207714
2007-03-05,27.211863
2007-03-06,27.17827
2007-03-07,27.211807
2007-03-08,27.165298
2007-03-09,27.131569
2007-03-10,27.153933
2007-03-11,27.156927
2007-03-12,27.272297
2007-03-13,27.2462
2007-03-14,27.42416
2007-03-15,27.475407
2007-03-16,27.446926
2007-03-17,27.404774
2007-03-18,27.39163
2007-03-19,27.51566
2007-03-20,27.615675
2007-03-21,27.690723
2007-03-22,27.771244
2007-03-23,27.769243
2007-03-24,27.80917
2007-03-25,27.91544
2007-03-26,28.03496
2007-03-27,28.114214
2007-03-28,28.118605
2007-03-29,28.253231
2007-03-30,28.439156
2007-03-31,28.585861
2007-04-01,28.668787
2007-04-02,28.815285
2007-04-03,28.914965
2007-04-04,28.861347
2007-04-05,28.863039
2007-04-06,28.977022
2007-04-07,29.17442
2007-04-08,29.226788
2007-04-09,29.289238
2007-04-10,29.343187
2007-04-11,29.488495
2007-04-12,29.591448
2007-04-13,29.456137
2007-04-14,29.354885
2007-04-15,29.331726
2007-04-16,29.42325
2007-04-17,29.543856
2007-04-18,29.600288
2007-04-19,29.864681
2007-04-20,30.041494
2007-04-21,30.16252
2007-04-22,30.138693
2007-04-23,30.150757
2007-04-24,30.268915
2007-04-25,30.476099
2007-04-26,30.486273
2007-04-27,30.505753
2007-04-28,30.575598
2007-04-29,30.586512
2007-04-30,30.6121
2007-05-01,30.52037
2007-05-02,30.454342
2007-05-03,30.31978
2007-05-04,30.246277
2007-05-05,30.178993
2007-05-06,30.167402
2007-05-07,30.10932
2007-05-08,30.016935
2007-05-09,29.981133
2007-05-10,29.911695
2007-05-11,29.860153
2007-05-12,29.74449
2007-05-13,29.649818
2007-05-14,29.538534
2007-05-15,29.52451
2007-05-16,29.537306
2007-05-17,29.511955
2007-05-18,29.463533
2007-05-19,29.431273
2007-05-20,29.399914
2007-05-21,29.367596
2007-05-22,29.355242
2007-05-23,29.394344
2007-05-24,29.410797
2007-05-25,29.445236
2007-05-26,29.458252
2007-05-27,29.477943
2007-05-28,29.484873
2007-05-29,29.49906
2007-05-30,29.588541
2007-05-31,29.656298
2007-06-01,29.732594
2007-06-02,29.73688
2007-06-03,29.791351
2007-06-04,29.826561
2007-06-05,29.835455
2007-06-06,29.823471
2007-06-07,29.83004
2007-06-08,29.809307
2007-06-09,29.81203
2007-06-10,29.826084
2007-06-11,29.834784
2007-06-12,29.866383
2007-06-13,29.902843
2007-06-14,29.868053
2007-06-15,29.870955
2007-06-16,29.836323
2007-06-17,29.828121
2007-06-18,29.79798
2007-06-19,29.763895
2007-06-20,29.69245
2007-06-21,29.57571
2007-06-22,29.471346
2007-06-23,29.538754
2007-06-24,29.588022
2007-06-25,29.506184
2007-06-26,29.423225
2007-06-27,29.28351
2007-06-28,29.116062
2007-06-29,29.022839
2007-06-30,28.985394
2007-07-01,28.95134
2007-07-02,28.9189
2007-07-03,28.870363
2007-07-04,28.828064
2007-07-05,28.826214
2007-07-06,28.820581
2007-07-07,28.811861
2007-07-08,28.803452
2007-07-09,28.81764
2007-07-10,28.78655
2007-07-11,28.761057
2007-07-12,28.727228
2007-07-13,28.695517
2007-07-14,28.685968
2007-07-15,28.684914
2007-07-16,28.70194
2007-07-17,28.776463
2007-07-18,28.893044
2007-07-19,28.899885
2007-07-20,28.86398
2007-07-21,28.848555
2007-07-22,28.842615
2007-07-23,28.866217
2007-07-24,28.899786
2007-07-25,28.945621
2007-07-26,29.044643
2007-07-27,28.974998
2007-07-28,29.056936
2007-07-29,29.028557
2007-07-30,28.989855
2007-07-31,28.968344
2007-08-01,28.918694
2007-08-02,28.860596
2007-08-03,28.815338
2007-08-04,28.76983
2007-08-05,28.702509
2007-08-06,28.63893
2007-08-07,28.618475
2007-08-08,28.61183
2007-08-09,28.552877
2007-08-10,28.502863
2007-08-11,28.496687
2007-08-12,28.506687
2007-08-13,28.530983
2007-08-14,28.57001
2007-08-15,28.625027
2007-08-16,28.667519
2007-08-17,28.66327
2007-08-18,28.65779
2007-08-19,28.640804
2007-08-20,28.650656
2007-08-21,28.639898
2007-08-22,28.640244
2007-08-23,28.685778
2007-08-24,28.70916
2007-08-25,28.692955
2007-08-26,28.693197
2007-08-27,28.701744
2007-08-28,28.701197
2007-08-29,28.679672
2007-08-30,28.621054
2007-08-31,28.580252
2007-09-01,28.54857
2007-09-02,28.541166
2007-09-03,28.518848
2007-09-04,28.52896
2007-09-05,28.532751
2007-09-06,28.56963
2007-09-07,28.697523
2007-09-08,28.77579
2007-09-09,28.82851
2007-09-10,28.79383
2007-09-11,28.793438
2007-09-12,28.778387
2007-09-13,28.733273
2007-09-14,28.693457
2007-09-15,28.678797
2007-09-16,28.643463
2007-09-17,28.626877
2007-09-18,28.553818
2007-09-19,28.514864
2007-09-20,28.480446
2007-09-21,28.448586
2007-09-22,28.434954
2007-09-23,28.447117
2007-09-24,28.510683
2007-09-25,28.525978
2007-09-26,28.54123
2007-09-27,28.514565
2007-09-28,28.462395
2007-09-29,28.426546
2007-09-30,28.417213
2007-10-01,28.377302
2007-10-02,28.338165
2007-10-03,28.31579
2007-10-04,28.326397
2007-10-05,28.341986
2007-10-06,28.33685
2007-10-07,28.348467
2007-10-08,28.370531
2007-10-09,28.440758
2007-10-10,28.537066
2007-10-11,28.55267
2007-10-12,28.53626
2007-10-13,28.532228
2007-10-14,28.58309
2007-10-15,28.604895
2007-10-16,28.678288
2007-10-17,28.716196
2007-10-18,28.78562
2007-10-19,28.761183
2007-10-20,28.738493
2007-10-21,28.678612
2007-10-22,28.721083
2007-10-23,28.769981
2007-10-24,28.741016
2007-10-25,28.696238
2007-10-26,28.66331
2007-10-27,28.66276
2007-10-28,28.651674
2007-10-29,28.639688
2007-10-30,28.760885
2007-10-31,28.759989
2007-11-01,28.780153
2007-11-02,28.808174
2007-11-03,28.748922
2007-11-04,28.842995
2007-11-05,28.863768
2007-11-06,28.857563
2007-11-07,28.806833
2007-11-08,28.760351
2007-11-09,28.778072
2007-11-10,28.752838
2007-11-11,28.654835
2007-11-12,28.569986
2007-11-13,28.480951
2007-11-14,28.424618
2007-11-15,28.418869
2007-11-16,28.545713
2007-11-17,28.446236
2007-11-18,28.39939
2007-11-19,28.394894
2007-11-20,28.41966
2007-11-21,28.396954
2007-11-22,28.383074
2007-11-23,28.357851
2007-11-24,28.339462
2007-11-25,28.350752
2007-11-26,28.317102
2007-11-27,28.317421
2007-11-28,28.30108
2007-11-29,28.258806
2007-11-30,28.199316
2007-12-01,28.152153
2007-12-02,28.090664
2007-12-03,28.041328
2007-12-04,27.987139
2007-12-05,27.925623
2007-12-06,27.876465
2007-12-07,27.864882
2007-12-08,27.862804
2007-12-09,27.853823
2007-12-10,27.820559
2007-12-11,27.78922
2007-12-12,27.775566
2007-12-13,27.760372
2007-12-14,27.733334
2007-12-15,27.698473
2007-12-16,27.651974
2007-12-17,27.634394
2007-12-18,27.630121
2007-12-19,27.670177
2007-12-20,27.69749
2007-12-21,27.713083
2007-12-22,27.662823
2007-12-23,27.596333
2007-12-24,27.506792
2007-12-25,27.472734
2007-12-26,27.433138
2007-12-27,27.376522
2007-12-28,27.350826
2007-12-29,27.308222
2007-12-30,27.326496
2007-12-31,27.315458
2008-01-01,27.321848
2008-01-02,27.364641
2008-01-03,27.364605
2008-01-04,27.355398
2008-01-05,27.340597
2008-01-06,27.321129
2008-01-07,27.311922
2008-01-08,27.325352
2008-01-09,27.338726
2008-01-10,27.376427
2008-01-11,27.367918
2008-01-12,27.33336
2008-01-13,27.310669
2008-01-14,27.301252
2008-01-15,27.279718
2008-01-16,27.258337
2008-01-17,27.244867
2008-01-18,27.265436
2008-01-19,27.363295
2008-01-20,27.385178
2008-01-21,27.418627
2008-01-22,27.37983
2008-01-23,27.419188
2008-01-24,27.526125
2008-01-25,27.572407
2008-01-26,27.63962
2008-01-27,27.731117
2008-01-28,27.686981
2008-01-29,27.664259
2008-01-30,27.68643
2008-01-31,27.72585
2008-02-01,27.775356
2008-02-02,27.679163
2008-02-03,27.61355
2008-02-04,27.568813
2008-02-05,27.555939
2008-02-06,27.610174
2008-02-07,27.661053
2008-02-08,27.779427
2008-02-09,27.87488
2008-02-10,27.996485
2008-02-11,27.885416
2008-02-12,27.901316
2008-02-13,27.86619
2008-02-14,27.834215
2008-02-15,27.774096
2008-02-16,27.717672
2008-02-17,27.657623
2008-02-18,27.646008
2008-02-19,27.690147
2008-02-20,27.764162
2008-02-21,27.757584
2008-02-22,27.674786
2008-02-23,27.659592
2008-02-24,27.675817
2008-02-25,27.742643
2008-02-26,27.74249
2008-02-27,27.738644
2008-02-28,27.765345
2008-02-29,27.809063
2008-03-01,27.866514
2008-03-02,27.862354
2008-03-03,27.859413
2008-03-04,27.905195
2008-03-05,27.932968
2008-03-06,27.918692
2008-03-07,27.900854
2008-03-08,27.910852
2008-03-09,27.948061
2008-03-10,28.002148
2008-03-11,28.034027
2008-03-12,28.114521
2008-03-13,28.149113
2008-03-14,28.192722
2008-03-15,28.37169
2008-03-16,28.443243
2008-03-17,28.491838
2008-03-18,28.735117
2008-03-19,28.703598
2008-03-20,28.859514
2008-03-21,28.828533
2008-03-22,28.98723
2008-03-23,29.029806
2008-03-24,29.006344
2008-03-25,29.053484
2008-03-26,29.132801
2008-03-27,29.207102
2008-03-28,29.098808
2008-03-29,29.027473
2008-03-30,28.980366
2008-03-31,28.951286
2008-04-01,29.036251
2008-04-02,29.204811
2008-04-03,29.32763
2008-04-04,29.300585
2008-04-05,29.146147
2008-04-06,29.11595
2008-04-07,29.255684
2008-04-08,29.293907
2008-04-09,29.32618
2008-04-10,29.42092
2008-04-11,29.556908
2008-04-12,29.721497
2008-04-13,29.918867
2008-04-14,29.968403
2008-04-15,30.019213
2008-04-16,30.09381
2008-04-17,30.085604
2008-04-18,30.027357
2008-04-19,30.035002
2008-04-20,30.181437
2008-04-21,30.228653
2008-04-22,30.290186
2008-04-23,30.275301
2008-04-24,30.209751
2008-04-25,30.064436
2008-04-26,29.905172
2008-04-27,29.794931
2008-04-28,29.690536
2008-04-29,29.608196
2008-04-30,29.527857
2008-05-01,29.434994
2008-05-02,29.351646
2008-05-03,29.30453
2008-05-04,29.270477
2008-05-05,29.24126
2008-05-06,29.213614
2008-05-07,29.193779
2008-05-08,29.15798
2008-05-09,29.142637
2008-05-10,29.130331
2008-05-11,29.133505
2008-05-12,29.100628
2008-05-13,29.070168
2008-05-14,29.05521
2008-05-15,29.03373
2008-05-16,29.019743
2008-05-17,29.031052
2008-05-18,29.060894
2008-05-19,29.100313
2008-05-20,29.132702
2008-05-21,29.157104
2008-05-22,29.198395
2008-05-23,29.242859
2008-05-24,29.230415
2008-05-25,29.237734
2008-05-26,29.241972
2008-05-27,29.233501
2008-05-28,29.20551
2008-05-29,29.216839
2008-05-30,29.250965
2008-05-31,29.283302
2008-06-01,29.284002
2008-06-02,29.317255
2008-06-03,29.35026
2008-06-04,29.404253
2008-06-05,29.3526
2008-06-06,29.33951
2008-06-07,29.329014
2008-06-08,29.331093
2008-06-09,29.34924
2008-06-10,29.318132
2008-06-11,29.308453
2008-06-12,29.248177
2008-06-13,29.16443
2008-06-14,29.085793
2008-06-15,29.033577
2008-06-16,29.013208
2008-06-17,29.016241
2008-06-18,29.032473
2008-06-19,29.041636
2008-06-20,29.096945
2008-06-21,29.042683
2008-06-22,29.017885
2008-06-23,28.987616
2008-06-24,28.965357
2008-06-25,28.946308
2008-06-26,28.942583
2008-06-27,28.936405
2008-06-28,28.932066
2008-06-29,28.929983
2008-06-30,28.905622
2008-07-01,28.908066
2008-07-02,28.934822
2008-07-03,28.89959
2008-07-04,28.859898
2008-07-05,28.854767
2008-07-06,28.839352
2008-07-07,28.814001
2008-07-08,28.800425
2008-07-09,28.78731
2008-07-10,28.77709
2008-07-11,28.757229
2008-07-12,28.77239
2008-07-13,28.822712
2008-07-14,28.844841
2008-07-15,28.846695
2008-07-16,28.830256
2008-07-17,28.86098
2008-07-18,28.912302
2008-07-19,28.963682
2008-07-20,28.921865
2008-07-21,28.892141
2008-07-22,28.867281
2008-07-23,28.849802
2008-07-24,28.797192
2008-07-25,28.758574
2008-07-26,28.703571
2008-07-27,28.640554
2008-07-28,28.578676
2008-07-29,28.534838
2008-07-30,28.510244
2008-07-31,28.495127
2008-08-01,28.469425
2008-08-02,28.449228
2008-08-03,28.436663
2008-08-04,28.443981
2008-08-05,28.426186
2008-08-06,28.405254
2008-08-07,28.36355
2008-08-08,28.29603
2008-08-09,28.2237
2008-08-10,28.178316
2008-08-11,28.154337
2008-08-12,28.12681
2008-08-13,28.081562
2008-08-14,28.078983
2008-08-15,28.079329
2008-08-16,28.099867
2008-08-17,28.135004
2008-08-18,28.168203
2008-08-19,28.159111
2008-08-20,28.168356
2008-08-21,28.164022
2008-08-22,28.153042
2008-08-23,28.159685
2008-08-24,28.202375
2008-08-25,28.249525
2008-08-26,28.5299
2008-08-27,28.525743
2008-08-28,28.602642
2008-08-29,28.591766
2008-08-30,28.64684
2008-08-31,28.836323
2008-09-01,28.821943
2008-09-02,28.945229
2008-09-03,28.962236
2008-09-04,28.983824
2008-09-05,28.970186
2008-09-06,28.971268
2008-09-07,28.877588
2008-09-08,28.790054
2008-09-09,28.728113
2008-09-10,28.694767
2008-09-11,28.648994
2008-09-12,28.600998
2008-09-13,28.553846
2008-09-14,28.534039
2008-09-15,28.497532
2008-09-16,28.477476
2008-09-17,28.484047
2008-09-18,28.544977
2008-09-19,28.566593
2008-09-20,28.544115
2008-09-21,28.554728
2008-09-22,28.590382
2008-09-23,28.603985
2008-09-24,28.575779
2008-09-25,28.562042
2008-09-26,28.558174
2008-09-27,28.589699
2008-09-28,28.596907
2008-09-29,28.67476
2008-09-30,28.745056
2008-10-01,28.838604
2008-10-02,29.098635
2008-10-03,29.201712
2008-10-04,29.325186
2008-10-05,29.291256
2008-10-06,29.428064
2008-10-07,29.416016
2008-10-08,29.444979
2008-10-09,29.779171
2008-10-10,29.633526
2008-10-11,29.52223
2008-10-12,29.540861
2008-10-13,29.653877
2008-10-14,29.58352
2008-10-15,29.629324
2008-10-16,29.568495
2008-10-17,29.647964
2008-10-18,29.637838
2008-10-19,29.584991
2008-10-20,29.552902
2008-10-21,29.475939
2008-10-22,29.471842
2008-10-23,29.439398
2008-10-24,29.423586
2008-10-25,29.308956
2008-10-26,29.238808
2008-10-27,29.232534
2008-10-28,29.245249
2008-10-29,29.278357
2008-10-30,29.196646
2008-10-31,29.173212
2008-11-01,29.115389
2008-11-02,29.11318
2008-11-03,29.139538
2008-11-04,29.139734
2008-11-05,29.256798
2008-11-06,29.371092
2008-11-07,29.335125
2008-11-08,29.166906
2008-11-09,29.088295
2008-11-10,29.017378
2008-11-11,28.939966
2008-11-12,28.8667
2008-11-13,28.801003
2008-11-14,28.761896
2008-11-15,28.760721
2008-11-16,28.854303
2008-11-17,28.790768
2008-11-18,28.759874
2008-11-19,28.75712
2008-11-20,28.757383
2008-11-21,28.719492
2008-11-22,28.709322
2008-11-23,28.693962
2008-11-24,28.675789
2008-11-25,28.659472
2008-11-26,28.610971
2008-11-27,28.582747
2008-11-28,28.578306
2008-11-29,28.566896
2008-11-30,28.525661
2008-12-01,28.482645
2008-12-02,28.460138
2008-12-03,28.432661
2008-12-04,28.39036
2008-12-05,28.35676
2008-12-06,28.343414
2008-12-07,28.34862
2008-12-08,28.322807
2008-12-09,28.31545
2008-12-10,28.317581
2008-12-11,28.260754
2008-12-12,28.239159
2008-12-13,28.206411
2008-12-14,28.178663
2008-12-15,28.156586
2008-12-16,28.134333
2008-12-17,28.101469
2008-12-18,28.061987
2008-12-19,28.025764
2008-12-20,27.988194
2008-12-21,27.95971
2008-12-22,27.919767
2008-12-23,27.892096
2008-12-24,27.878317
2008-12-25,27.858559
2008-12-26,27.860697
2008-12-27,27.812124
2008-12-28,27.769934
2008-12-29,27.717796
2008-12-30,27.660831
2008-12-31,27.624208
2009-01-01,27.589998
2009-01-02,27.588089
2009-01-03,27.570208
2009-01-04,27.56806
2009-01-05,27.55187
2009-01-06,27.552313
2009-01-07,27.526459
2009-01-08,27.506182
2009-01-09,27.496122
2009-01-10,27.472628
2009-01-11,27.434912
2009-01-12,27.389881
2009-01-13,27.344797
2009-01-14,27.305902
2009-01-15,27.259127
2009-01-16,27.222
2009-01-17,27.188854
2009-01-18,27.166462
2009-01-19,27.154621
2009-01-20,27.133057
2009-01-21,27.117271
2009-01-22,27.088783
2009-01-23,27.077032
2009-01-24,27.11513
2009-01-25,27.124603
2009-01-26,27.221281
2009-01-27,27.209093
2009-01-28,27.214489
2009-01-29,27.167658
2009-01-30,27.20475
2009-01-31,27.217445
2009-02-01,27.195414
2009-02-02,27.218449
2009-02-03,27.232016
2009-02-04,27.22163
2009-02-05,27.190533
2009-02-06,27.169052
2009-02-07,27.20688
2009-02-08,27.178932
2009-02-09,27.180403
2009-02-10,27.234186
2009-02-11,27.36625
2009-02-12,27.391048
2009-02-13,27.366526
2009-02-14,27.343319
2009-02-15,27.344574
2009-02-16,27.325823
2009-02-17,27.34258
2009-02-18,27.388227
2009-02-19,27.5107
2009-02-20,27.57294
2009-02-21,27.649622
2009-02-22,27.815826
2009-02-23,27.815653
2009-02-24,27.81796
2009-02-25,27.872063
2009-02-26,27.966354
2009-02-27,27.967813
2009-02-28,27.964075
2009-03-01,27.961834
2009-03-02,28.094307
2009-03-03,28.14671
2009-03-04,28.285748
2009-03-05,28.31667
2009-03-06,28.433075
2009-03-07,28.406216
2009-03-08,28.501415
2009-03-09,28.401678
2009-03-10,28.541409
2009-03-11,28.520287
2009-03-12,28.765684
2009-03-13,28.73382
2009-03-14,28.734272
2009-03-15,28.86547
2009-03-16,28.864967
2009-03-17,28.929094
2009-03-18,28.97953
2009-03-19,28.949333
2009-03-20,29.040422
2009-03-21,29.008638
2009-03-22,29.058397
2009-03-23,29.145292
2009-03-24,29.096167
2009-03-25,29.199696
2009-03-26,29.31955
2009-03-27,29.426584
2009-03-28,29.347734
2009-03-29,29.350988
2009-03-30,29.405842
2009-03-31,29.435879
2009-04-01,29.371702
2009-04-02,29.470446
2009-04-03,29.506609
2009-04-04,29.620562
2009-04-05,29.779898
2009-04-06,29.830091
2009-04-07,29.807924
2009-04-08,29.76095
2009-04-09,29.677486
2009-04-10,29.61796
2009-04-11,29.537525
2009-04-12,29.486475
2009-04-13,29.46442
2009-04-14,29.394325
2009-04-15,29.351866
2009-04-16,29.360863
2009-04-17,29.367289
2009-04-18,29.413168
2009-04-19,29.454226
2009-04-20,29.413189
2009-04-21,29.388014
2009-04-22,29.370146
2009-04-23,29.37185
2009-04-24,29.450686
2009-04-25,29.630882
2009-04-26,29.74538
2009-04-27,29.739096
2009-04-28,29.77512
2009-04-29,29.699123
2009-04-30,29.673243
2009-05-01,29.742876
2009-05-02,29.832294
2009-05-03,29.82516
2009-05-04,29.929539
2009-05-05,29.8983
2009-05-06,29.965693
2009-05-07,29.99374
2009-05-08,29.989176
2009-05-09,29.988636
2009-05-10,30.036667
2009-05-11,30.122986
2009-05-12,30.283028
2009-05-13,30.21728
2009-05-14,30.217386
2009-05-15,30.263514
2009-05-16,30.304983
2009-05-17,30.239458
2009-05-18,30.206266
2009-05-19,30.150867
2009-05-20,30.081842
2009-05-21,29.991362
2009-05-22,29.878307
2009-05-23,29.772749
2009-05-24,29.685879
2009-05-25,29.653908
2009-05-26,29.691273
2009-05-27,29.725819
2009-05-28,29.742893
2009-05-29,29.724052
2009-05-30,29.67942
2009-05-31,29.634035
2009-06-01,29.611423
2009-06-02,29.610712
2009-06-03,29.602966
2009-06-04,29.565575
2009-06-05,29.487104
2009-06-06,29.387808
2009-06-07,29.314304
2009-06-08,29.275423
2009-06-09,29.263992
2009-06-10,29.238102
2009-06-11,29.189405
2009-06-12,29.158875
2009-06-13,29.120022
2009-06-14,29.081722
2009-06-15,29.051502
2009-06-16,29.017994
2009-06-17,28.975498
2009-06-18,28.96063
2009-06-19,28.942804
2009-06-20,28.926985
2009-06-21,28.91833
2009-06-22,28.919437
2009-06-23,28.890678
2009-06-24,28.868074
2009-06-25,28.854523
2009-06-26,28.851252
2009-06-27,28.858171
2009-06-28,28.858126
2009-06-29,28.848019
2009-06-30,28.851692
2009-07-01,28.82831
2009-07-02,28.808731
2009-07-03,28.7948
2009-07-04,28.786766
2009-07-05,28.782928
2009-07-06,28.772982
2009-07-07,28.760143
2009-07-08,28.737589
2009-07-09,28.75709
2009-07-10,28.805393
2009-07-11,28.835672
2009-07-12,28.842113
2009-07-13,28.814783
2009-07-14,28.803413
2009-07-15,28.806334
2009-07-16,28.806246
2009-07-17,28.77051
2009-07-18,28.735256
2009-07-19,28.759481
2009-07-20,28.753729
2009-07-21,28.764904
2009-07-22,28.785631
2009-07-23,28.793697
2009-07-24,28.783165
2009-07-25,28.767817
2009-07-26,28.737394
2009-07-27,28.716846
2009-07-28,28.707687
2009-07-29,28.70265
2009-07-30,28.69814
2009-07-31,28.682196
2009-08-01,28.646503
2009-08-02,28.608763
2009-08-03,28.604668
2009-08-04,28.619507
2009-08-05,28.642035
2009-08-06,28.64586
2009-08-07,28.644817
2009-08-08,28.61629
2009-08-09,28.611586
2009-08-10,28.59452
2009-08-11,28.664017
2009-08-12,28.82169
2009-08-13,28.944326
2009-08-14,29.050468
2009-08-15,29.034475
2009-08-16,29.112028
2009-08-17,29.077042
2009-08-18,29.15252
2009-08-19,29.206545
2009-08-20,29.258997
2009-08-21,29.125294
2009-08-22,29.055164
2009-08-23,28.985685
2009-08-24,28.901264
2009-08-25,28.865173
2009-08-26,28.874317
2009-08-27,28.893192
2009-08-28,28.927195
2009-08-29,28.934118
2009-08-30,28.891548
2009-08-31,28.851929
2009-09-01,28.823898
2009-09-02,28.783272
2009-09-03,28.743816
2009-09-04,28.702414
2009-09-05,28.656538
2009-09-06,28.609741
2009-09-07,28.584
2009-09-08,28.578209
2009-09-09,28.603823
2009-09-10,28.645761
2009-09-11,28.803495
2009-09-12,28.948597
2009-09-13,29.031
2009-09-14,28.945772
2009-09-15,28.992418
2009-09-16,28.915575
2009-09-17,28.937138
2009-09-18,28.890797
2009-09-19,28.916492
2009-09-20,28.982077
2009-09-21,29.046207
2009-09-22,29.024517
2009-09-23,28.994444
2009-09-24,28.948505
2009-09-25,28.90334
2009-09-26,28.860306
2009-09-27,28.819994
2009-09-28,28.787066
2009-09-29,28.761126
2009-09-30,28.728441
2009-10-01,28.709957
2009-10-02,28.664568
2009-10-03,28.619165
2009-10-04,28.569815
2009-10-05,28.555862
2009-10-06,28.571022
2009-10-07,28.603813
2009-10-08,28.64693
2009-10-09,28.677597
2009-10-10,28.795849
2009-10-11,28.879923
2009-10-12,28.897413
2009-10-13,28.888556
2009-10-14,28.955103
2009-10-15,29.044678
2009-10-16,29.198761
2009-10-17,29.226452
2009-10-18,29.265173
2009-10-19,29.211367
2009-10-20,29.181427
2009-10-21,29.219604
2009-10-22,29.19921
2009-10-23,29.230476
2009-10-24,29.251087
2009-10-25,29.436977
2009-10-26,29.456892
2009-10-27,29.35953
2009-10-28,29.321274
2009-10-29,29.308977
2009-10-30,29.303205
2009-10-31,29.313707
2009-11-01,29.301485
2009-11-02,29.221529
2009-11-03,29.158213
2009-11-04,29.089664
2009-11-05,29.026852
2009-11-06,28.984013
2009-11-07,28.966394
2009-11-08,28.992887
2009-11-09,28.96292
2009-11-10,28.9983
2009-11-11,29.02806
2009-11-12,29.036829
2009-11-13,29.008194
2009-11-14,29.164053
2009-11-15,29.148056
2009-11-16,29.141445
2009-11-17,29.16975
2009-11-18,29.099957
2009-11-19,29.017765
2009-11-20,28.971315
2009-11-21,28.964624
2009-11-22,28.914875
2009-11-23,28.8982
2009-11-24,28.838415
2009-11-25,28.777378
2009-11-26,28.72879
2009-11-27,28.667656
2009-11-28,28.632751
2009-11-29,28.604532
2009-11-30,28.605593
2009-12-01,28.596968
2009-12-02,28.58366
2009-12-03,28.544384
2009-12-04,28.507992
2009-12-05,28.47418
2009-12-06,28.448048
2009-12-07,28.416162
2009-12-08,28.37749
2009-12-09,28.329262
2009-12-10,28.297014
2009-12-11,28.27592
2009-12-12,28.257574
2009-12-13,28.253817
2009-12-14,28.261757
2009-12-15,28.249811
2009-12-16,28.268154
2009-12-17,28.276619
2009-12-18,28.3236
2009-12-19,28.305702
2009-12-20,28.285706
2009-12-21,28.280313
2009-12-22,28.272947
2009-12-23,28.279232
2009-12-24,28.2762
2009-12-25,28.257786
2009-12-26,28.19785
2009-12-27,28.142488
2009-12-28,28.081257
2009-12-29,28.002525
2009-12-30,27.942194
2009-12-31,27.888224
2010-01-01,27.8352
2010-01-02,27.789892
2010-01-03,27.73254
2010-01-04,27.673578
2010-01-05,27.615265
2010-01-06,27.593452
2010-01-07,27.596134
2010-01-08,27.629866
2010-01-09,27.65845
2010-01-10,27.728775
2010-01-11,27.725872
2010-01-12,27.721943
2010-01-13,27.719807
2010-01-14,27.718647
2010-01-15,27.718756
2010-01-16,27.73312
2010-01-17,27.751863
2010-01-18,27.75653
2010-01-19,27.753088
2010-01-20,27.737347
2010-01-21,27.709904
2010-01-22,27.737068
2010-01-23,27.764261
2010-01-24,27.797056
2010-01-25,27.835932
2010-01-26,27.853836
2010-01-27,27.832514
2010-01-28,27.830118
2010-01-29,27.834816
2010-01-30,27.829462
2010-01-31,27.823364
2010-02-01,27.794735
2010-02-02,27.74622
2010-02-03,27.716404
2010-02-04,27.686417
2010-02-05,27.643879
2010-02-06,27.582567
2010-02-07,27.554874
2010-02-08,27.52858
2010-02-09,27.601393
2010-02-10,27.633963
2010-02-11,27.629614
2010-02-12,27.663944
2010-02-13,27.681189
2010-02-14,27.766813
2010-02-15,27.753983
2010-02-16,27.762465
2010-02-17,27.825653
2010-02-18,27.942244
2010-02-19,28.016043
2010-02-20,27.99842
2010-02-21,28.051218
2010-02-22,27.915472
2010-02-23,27.979912
2010-02-24,28.072544
2010-02-25,28.030231
2010-02-26,28.013233
2010-02-27,27.9957
2010-02-28,28.064964
2010-03-01,28.069708
2010-03-02,28.092361
2010-03-03,28.189287
2010-03-04,28.268515
2010-03-05,28.220943
2010-03-06,28.262783
2010-03-07,28.34483
2010-03-08,28.498137
2010-03-09,28.609081
2010-03-10,28.620623
2010-03-11,28.6012
2010-03-12,28.686426
2010-03-13,28.819017
2010-03-14,28.90297
2010-03-15,28.925282
2010-03-16,29.013046
2010-03-17,29.0199
2010-03-18,29.149384
2010-03-19,29.272097
2010-03-20,29.4313
2010-03-21,29.414919
2010-03-22,29.545946
2010-03-23,29.535053
2010-03-24,29.627893
2010-03-25,29.687849
2010-03-26,29.809996
2010-03-27,29.724426
2010-03-28,29.818184
2010-03-29,29.960049
2010-03-30,30.023758
2010-03-31,29.98907
2010-04-01,30.092253
2010-04-02,30.103065
2010-04-03,30.141693
2010-04-04,30.197372
2010-04-05,30.236143
2010-04-06,30.395498
2010-04-07,30.309088
2010-04-08,30.367117
2010-04-09,30.408121
2010-04-10,30.381903
2010-04-11,30.3489
2010-04-12,30.354153
2010-04-13,30.365492
2010-04-14,30.383945
2010-04-15,30.501135
2010-04-16,30.591284
2010-04-17,30.665052
2010-04-18,30.753498
2010-04-19,30.706617
2010-04-20,30.708662
2010-04-21,30.66534
2010-04-22,30.793354
2010-04-23,30.9196
2010-04-24,30.979557
2010-04-25,31.017872
2010-04-26,31.02534
2010-04-27,31.159735
2010-04-28,31.184286
2010-04-29,31.14489
2010-04-30,31.159716
2010-05-01,31.242449
2010-05-02,31.294565
2010-05-03,31.280235
2010-05-04,31.20802
2010-05-05,31.149513
2010-05-06,31.185862
2010-05-07,31.360037
2010-05-08,31.482903
2010-05-09,31.344902
2010-05-10,31.32964
2010-05-11,31.365688
2010-05-12,31.425089
2010-05-13,31.54709
2010-05-14,31.63027
2010-05-15,31.5787
2010-05-16,31.54474
2010-05-17,31.342796
2010-05-18,31.147749
2010-05-19,30.982454
2010-05-20,30.862309
2010-05-21,30.747261
2010-05-22,30.669474
2010-05-23,30.576464
2010-05-24,30.48475
2010-05-25,30.408165
2010-05-26,30.365448
2010-05-27,30.332003
2010-05-28,30.323208
2010-05-29,30.311966
2010-05-30,30.2734
2010-05-31,30.272459
2010-06-01,30.307627
2010-06-02,30.319887
2010-06-03,30.32265
2010-06-04,30.32007
2010-06-05,30.278505
2010-06-06,30.214458
2010-06-07,30.13361
2010-06-08,30.085672
2010-06-09,30.02973
2010-06-10,29.977905
2010-06-11,29.91129
2010-06-12,29.847115
2010-06-13,29.82752
2010-06-14,29.821363
2010-06-15,29.803684
2010-06-16,29.790356
2010-06-17,29.727243
2010-06-18,29.671879
2010-06-19,29.648783
2010-06-20,29.65803
2010-06-21,29.612743
2010-06-22,29.547285
2010-06-23,29.477768
2010-06-24,29.43325
2010-06-25,29.415216
2010-06-26,29.416517
2010-06-27,29.44155
2010-06-28,29.406517
2010-06-29,29.38119
2010-06-30,29.321661
2010-07-01,29.288181
2010-07-02,29.243841
2010-07-03,29.191378
2010-07-04,29.16617
2010-07-05,29.17491
2010-07-06,29.166899
2010-07-07,29.197365
2010-07-08,29.312626
2010-07-09,29.299734
2010-07-10,29.299303
2010-07-11,29.283842
2010-07-12,29.271551
2010-07-13,29.274284
2010-07-14,29.267332
2010-07-15,29.270363
2010-07-16,29.263203
2010-07-17,29.271202
2010-07-18,29.250616
2010-07-19,29.236721
2010-07-20,29.227169
2010-07-21,29.22365
2010-07-22,29.258883
2010-07-23,29.227064
2010-07-24,29.185053
2010-07-25,29.158459
2010-07-26,29.128305
2010-07-27,29.10896
2010-07-28,29.071648
2010-07-29,29.05148
2010-07-30,29.045568
2010-07-31,29.081678
2010-08-01,29.076376
2010-08-02,29.044813
2010-08-03,29.002022
2010-08-04,28.963415
2010-08-05,28.946049
2010-08-06,28.938116
2010-08-07,28.934053
2010-08-08,28.952637
2010-08-09,28.933077
2010-08-10,28.930708
2010-08-11,28.949505
2010-08-12,28.991133
2010-08-13,28.98655
2010-08-14,28.973024
2010-08-15,28.939396
2010-08-16,28.935005
2010-08-17,28.951132
2010-08-18,29.02918
2010-08-19,29.050802
2010-08-20,29.055185
2010-08-21,29.034971
2010-08-22,29.057821
2010-08-23,29.06438
2010-08-24,29.033453
2010-08-25,29.019049
2010-08-26,28.999966
2010-08-27,29.025234
2010-08-28,29.019602
2010-08-29,28.964544
2010-08-30,28.923136
2010-08-31,28.891088
2010-09-01,28.89874
2010-09-02,28.877975
2010-09-03,28.833618
2010-09-04,28.811306
2010-09-05,28.794624
2010-09-06,28.801779
2010-09-07,28.789272
2010-09-08,28.823824
2010-09-09,28.866297
2010-09-10,28.870667
2010-09-11,28.851154
2010-09-12,28.855803
2010-09-13,28.841175
2010-09-14,28.810314
2010-09-15,28.80672
2010-09-16,28.796276
2010-09-17,28.800438
2010-09-18,28.793846
2010-09-19,28.876156
2010-09-20,29.02714
2010-09-21,29.193844
2010-09-22,29.235119
2010-09-23,29.164341
2010-09-24,29.225145
2010-09-25,29.36737
2010-09-26,29.361082
2010-09-27,29.518152
2010-09-28,29.598904
2010-09-29,29.694408
2010-09-30,29.666122
2010-10-01,29.65287
2010-10-02,29.653162
2010-10-03,29.570505
2010-10-04,29.42768
2010-10-05,29.356504
2010-10-06,29.284126
2010-10-07,29.226889
2010-10-08,29.208029
2010-10-09,29.180172
2010-10-10,29.107323
2010-10-11,29.035706
2010-10-12,28.980524
2010-10-13,28.954973
2010-10-14,28.930748
2010-10-15,28.9457
2010-10-16,28.999577
2010-10-17,28.997593
2010-10-18,29.064062
2010-10-19,29.063057
2010-10-20,28.996658
2010-10-21,28.967253
2010-10-22,28.948454
2010-10-23,28.963207
2010-10-24,29.037361
2010-10-25,29.239922
2010-10-26,29.45149
2010-10-27,29.188992
2010-10-28,29.053228
2010-10-29,28.993711
2010-10-30,28.960602
2010-10-31,28.941563
2010-11-01,28.949934
2010-11-02,28.92461
2010-11-03,28.910604
2010-11-04,28.847267
2010-11-05,28.783377
2010-11-06,28.736397
2010-11-07,28.743422
2010-11-08,28.784988
2010-11-09,28.774004
2010-11-10,28.767488
2010-11-11,28.795229
2010-11-12,28.784931
2010-11-13,28.765985
2010-11-14,28.723032
2010-11-15,28.688826
2010-11-16,28.669453
2010-11-17,28.676207
2010-11-18,28.67837
2010-11-19,28.721718
2010-11-20,28.73864
2010-11-21,28.769222
2010-11-22,28.71432
2010-11-23,28.700356
2010-11-24,28.680418
2010-11-25,28.657984
2010-11-26,28.627874
2010-11-27,28.628632
2010-11-28,28.608444
2010-11-29,28.579132
2010-11-30,28.562105
2010-12-01,28.521444
2010-12-02,28.482685
2010-12-03,28.447048
2010-12-04,28.406298
2010-12-05,28.370346
2010-12-06,28.34548
2010-12-07,28.316969
2010-12-08,28.337013
2010-12-09,28.29835
2010-12-10,28.259855
2010-12-11,28.252687
2010-12-12,28.256294
2010-12-13,28.209507
2010-12-14,28.160374
2010-12-15,28.111765
2010-12-16,28.082304
2010-12-17,28.095358
2010-12-18,28.097025
2010-12-19,28.08532
2010-12-20,28.096317
2010-12-21,28.067171
2010-12-22,28.031233
2010-12-23,27.999634
2010-12-24,27.9589
2010-12-25,27.918459
2010-12-26,27.883026
2010-12-27,27.846718
2010-12-28,27.830656
2010-12-29,27.818527
2010-12-30,27.807198
2010-12-31,27.82577
2011-01-01,27.846441
2011-01-02,27.8379
2011-01-03,27.823812
2011-01-04,27.830816
2011-01-05,27.842081
2011-01-06,27.804647
2011-01-07,27.761015
2011-01-08,27.74339
2011-01-09,27.763895
2011-01-10,27.744192
2011-01-11,27.744051
2011-01-12,27.718763
2011-01-13,27.66642
2011-01-14,27.615467
2011-01-15,27.575764
2011-01-16,27.565752
2011-01-17,27.6097
2011-01-18,27.55309
2011-01-19,27.530365
2011-01-20,27.47007
2011-01-21,27.433437
2011-01-22,27.405602
2011-01-23,27.382069
2011-01-24,27.363977
2011-01-25,27.359074
2011-01-26,27.380909
2011-01-27,27.412745
2011-01-28,27.437572
2011-01-29,27.406588
2011-01-30,27.414646
2011-01-31,27.407495
2011-02-01,27.379015
2011-02-02,27.365046
2011-02-03,27.34849
2011-02-04,27.357939
2011-02-05,27.353004
2011-02-06,27.367292
2011-02-07,27.395683
2011-02-08,27.361372
2011-02-09,27.343706
2011-02-10,27.311062
2011-02-11,27.299726
2011-02-12,27.345001
2011-02-13,27.325123
2011-02-14,27.347027
2011-02-15,27.41757
2011-02-16,27.527206
2011-02-17,27.652752
2011-02-18,27.82373
2011-02-19,27.844025
2011-02-20,27.907196
2011-02-21,27.946438
2011-02-22,27.893982
2011-02-23,27.849943
2011-02-24,27.8339
2011-02-25,27.907644
2011-02-26,27.938309
2011-02-27,27.916906
2011-02-28,27.938267
2011-03-01,27.92458
2011-03-02,27.988525
2011-03-03,28.087183
2011-03-04,28.191586
2011-03-05,28.21663
2011-03-06,28.182985
2011-03-07,28.213333
2011-03-08,28.282856
2011-03-09,28.33967
2011-03-10,28.237011
2011-03-11,28.21759
2011-03-12,28.202768
2011-03-13,28.184095
2011-03-14,28.172186
2011-03-15,28.116083
2011-03-16,28.062725
2011-03-17,27.988752
2011-03-18,28.005663
2011-03-19,28.168293
2011-03-20,28.246553
2011-03-21,28.341213
2011-03-22,28.508587
2011-03-23,28.442062
2011-03-24,28.458593
2011-03-25,28.463823
2011-03-26,28.558262
2011-03-27,28.561457
2011-03-28,28.551714
2011-03-29,28.521898
2011-03-30,28.600395
2011-03-31,28.668034
2011-04-01,28.763052
2011-04-02,28.799423
2011-04-03,28.859749
2011-04-04,28.913761
2011-04-05,28.976746
2011-04-06,29.064278
2011-04-07,29.11127
2011-04-08,29.244516
2011-04-09,29.243423
2011-04-10,29.27618
2011-04-11,29.295244
2011-04-12,29.465157
2011-04-13,29.58828
2011-04-14,29.558567
2011-04-15,29.590572
2011-04-16,29.68204
2011-04-17,29.879536
2011-04-18,30.015232
2011-04-19,30.002705
2011-04-20,30.11298
2011-04-21,30.118944
2011-04-22,30.125463
2011-04-23,30.1569
2011-04-24,30.172293
2011-04-25,30.024366
2011-04-26,30.009388
2011-04-27,30.008627
2011-04-28,29.933283
2011-04-29,29.90311
2011-04-30,29.890867
2011-05-01,29.778503
2011-05-02,29.774897
2011-05-03,29.806208
2011-05-04,29.804611
2011-05-05,29.912323
2011-05-06,29.906914
2011-05-07,29.823778
2011-05-08,29.768751
2011-05-09,29.677776
2011-05-10,29.620438
2011-05-11,29.611311
2011-05-12,29.619148
2011-05-13,29.638405
2011-05-14,29.620638
2011-05-15,29.641811
2011-05-16,29.773487
2011-05-17,29.928532
2011-05-18,29.84424
2011-05-19,29.75315
2011-05-20,29.706419
2011-05-21,29.688328
2011-05-22,29.698734
2011-05-23,29.720798
2011-05-24,29.72922
2011-05-25,29.750381
2011-05-26,29.7283
2011-05-27,29.726458
2011-05-28,29.71679
2011-05-29,29.709631
2011-05-30,29.687504
2011-05-31,29.651714
2011-06-01,29.619661
2011-06-02,29.598534
2011-06-03,29.574743
2011-06-04,29.544949
2011-06-05,29.519321
2011-06-06,29.477905
2011-06-07,29.451504
2011-06-08,29.419748
2011-06-09,29.37825
2011-06-10,29.337656
2011-06-11,29.27798
2011-06-12,29.22754
2011-06-13,29.169123
2011-06-14,29.119986
2011-06-15,29.058243
2011-06-16,29.007318
2011-06-17,28.970346
2011-06-18,28.942858
2011-06-19,28.917809
2011-06-20,28.903883
2011-06-21,28.908243
2011-06-22,28.912624
2011-06-23,28.934908
2011-06-24,28.946108
2011-06-25,28.924429
2011-06-26,28.927143
2011-06-27,28.938389
2011-06-28,28.95218
2011-06-29,28.987894
2011-06-30,29.051273
2011-07-01,29.054909
2011-07-02,29.047865
2011-07-03,29.012402
2011-07-04,29.009487
2011-07-05,28.98134
2011-07-06,28.98336
2011-07-07,29.009876
2011-07-08,29.035791
2011-07-09,29.03759
2011-07-10,29.013454
2011-07-11,28.983295
2011-07-12,28.933567
2011-07-13,28.892326
2011-07-14,28.863382
2011-07-15,28.821695
2011-07-16,28.787844
2011-07-17,28.757898
2011-07-18,28.745989
2011-07-19,28.732729
2011-07-20,28.711826
2011-07-21,28.685373
2011-07-22,28.663141
2011-07-23,28.64214
2011-07-24,28.617914
2011-07-25,28.611147
2011-07-26,28.625814
2011-07-27,28.622835
2011-07-28,28.59786
2011-07-29,28.577518
2011-07-30,28.53082
2011-07-31,28.501348
2011-08-01,28.479649
2011-08-02,28.451145
2011-08-03,28.429785
2011-08-04,28.446005
2011-08-05,28.483404
2011-08-06,28.497824
2011-08-07,28.49732
2011-08-08,28.50286
2011-08-09,28.52954
2011-08-10,28.547688
2011-08-11,28.535088
2011-08-12,28.547564
2011-08-13,28.603348
2011-08-14,28.690973
2011-08-15,28.710287
2011-08-16,28.68002
2011-08-17,28.690342
2011-08-18,28.659355
2011-08-19,28.631115
2011-08-20,28.620163
2011-08-21,28.610518
2011-08-22,28.621208
2011-08-23,28.60061
2011-08-24,28.578932
2011-08-25,28.555983
2011-08-26,28.5221
2011-08-27,28.489252
2011-08-28,28.444199
2011-08-29,28.398882
2011-08-30,28.371237
2011-08-31,28.357668
2011-09-01,28.335672
2011-09-02,28.332523
2011-09-03,28.320549
2011-09-04,28.322756
2011-09-05,28.31686
2011-09-06,28.298647
2011-09-07,28.316547
2011-09-08,28.329815
2011-09-09,28.347427
2011-09-10,28.373577
2011-09-11,28.343285
2011-09-12,28.31027
2011-09-13,28.281164
2011-09-14,28.279741
2011-09-15,28.300558
2011-09-16,28.31913
2011-09-17,28.342655
2011-09-18,28.358038
2011-09-19,28.364021
2011-09-20,28.345053
2011-09-21,28.336433
2011-09-22,28.335194
2011-09-23,28.351484
2011-09-24,28.366827
2011-09-25,28.420435
2011-09-26,28.488968
2011-09-27,28.53863
2011-09-28,28.504532
2011-09-29,28.513515
2011-09-30,28.50639
2011-10-01,28.519733
2011-10-02,28.54654
2011-10-03,28.633121
2011-10-04,28.641613
2011-10-05,28.749922
2011-10-06,28.906235
2011-10-07,28.949718
2011-10-08,28.99604
2011-10-09,29.027016
2011-10-10,29.064888
2011-10-11,29.072023
2011-10-12,29.046474
2011-10-13,28.954245
2011-10-14,28.98669
2011-10-15,28.947975
2011-10-16,28.915438
2011-10-17,28.871058
2011-10-18,28.91415
2011-10-19,29.0062
2011-10-20,29.10825
2011-10-21,29.122831
2011-10-22,29.044136
2011-10-23,29.020645
2011-10-24,29.025846
2011-10-25,29.014996
2011-10-26,29.075508
2011-10-27,29.061508
2011-10-28,29.02939
2011-10-29,29.047087
2011-10-30,29.057642
2011-10-31,29.06598
2011-11-01,29.103394
2011-11-02,29.126738
2011-11-03,29.138224
2011-11-04,29.24406
2011-11-05,29.22669
2011-11-06,29.277567
2011-11-07,29.222866
2011-11-08,29.089588
2011-11-09,29.0642
2011-11-10,29.08517
2011-11-11,29.040411
2011-11-12,29.02748
2011-11-13,29.04828
2011-11-14,29.030573
2011-11-15,29.042131
2011-11-16,29.080994
2011-11-17,29.016665
2011-11-18,28.995327
2011-11-19,28.933487
2011-11-20,28.906513
2011-11-21,28.865644
2011-11-22,28.830753
2011-11-23,28.79981
2011-11-24,28.76428
2011-11-25,28.732195
2011-11-26,28.726784
2011-11-27,28.716522
2011-11-28,28.718227
2011-11-29,28.68327
2011-11-30,28.655628
2011-12-01,28.61442
2011-12-02,28.614067
2011-12-03,28.645689
2011-12-04,28.654741
2011-12-05,28.640614
2011-12-06,28.627409
2011-12-07,28.655083
2011-12-08,28.623991
2011-12-09,28.622995
2011-12-10,28.590357
2011-12-11,28.563585
2011-12-12,28.534796
2011-12-13,28.500778
2011-12-14,28.439018
2011-12-15,28.364822
2011-12-16,28.307468
2011-12-17,28.261265
2011-12-18,28.227663
2011-12-19,28.193823
2011-12-20,28.134739
2011-12-21,28.072613
2011-12-22,28.039822
2011-12-23,28.003126
2011-12-24,27.962677
2011-12-25,27.91728
2011-12-26,27.895725
2011-12-27,27.872599
2011-12-28,27.852306
2011-12-29,27.850552
2011-12-30,27.861248
2011-12-31,27.859198
2012-01-01,27.877104
2012-01-02,27.90154
2012-01-03,27.882338
2012-01-04,27.896305
2012-01-05,27.870165
2012-01-06,27.845041
2012-01-07,27.825974
2012-01-08,27.812223
2012-01-09,27.813414
2012-01-10,27.771555
2012-01-11,27.741198
2012-01-12,27.727036
2012-01-13,27.669477
2012-01-14,27.575329
2012-01-15,27.487497
2012-01-16,27.42548
2012-01-17,27.39106
2012-01-18,27.433897
2012-01-19,27.404783
2012-01-20,27.413797
2012-01-21,27.371534
2012-01-22,27.333944
2012-01-23,27.30438
2012-01-24,27.289871
2012-01-25,27.2668
2012-01-26,27.256357
2012-01-27,27.247723
2012-01-28,27.245909
2012-01-29,27.24485
2012-01-30,27.234331
2012-01-31,27.242548
2012-02-01,27.235296
2012-02-02,27.210762
2012-02-03,27.19687
2012-02-04,27.24599
2012-02-05,27.296337
2012-02-06,27.318512
2012-02-07,27.289406
2012-02-08,27.32119
2012-02-09,27.411469
2012-02-10,27.423145
2012-02-11,27.375984
2012-02-12,27.339273
2012-02-13,27.354952
2012-02-14,27.367155
2012-02-15,27.398703
2012-02-16,27.401588
2012-02-17,27.469631
2012-02-18,27.534569
2012-02-19,27.475643
2012-02-20,27.44279
2012-02-21,27.472519
2012-02-22,27.40997
2012-02-23,27.400705
2012-02-24,27.397242
2012-02-25,27.430815
2012-02-26,27.501999
2012-02-27,27.667833
2012-02-28,27.845718
2012-02-29,27.984064
2012-03-01,28.003021
2012-03-02,27.909403
2012-03-03,27.914328
2012-03-04,27.895964
2012-03-05,27.884956
2012-03-06,27.833393
2012-03-07,27.872253
2012-03-08,27.950806
2012-03-09,27.941542
2012-03-10,27.961332
2012-03-11,27.9776
2012-03-12,28.119267
2012-03-13,28.31332
2012-03-14,28.491697
2012-03-15,28.495264
2012-03-16,28.410692
2012-03-17,28.464584
2012-03-18,28.447838
2012-03-19,28.53172
2012-03-20,28.532309
2012-03-21,28.614014
2012-03-22,28.603033
2012-03-23,28.68337
2012-03-24,28.710052
2012-03-25,28.771898
2012-03-26,28.851423
2012-03-27,28.909441
2012-03-28,28.999594
2012-03-29,29.124664
2012-03-30,29.142685
2012-03-31,29.187134
2012-04-01,29.186012
2012-04-02,29.34514
2012-04-03,29.46634
2012-04-04,29.569424
2012-04-05,29.694036
2012-04-06,29.816607
2012-04-07,29.873106
2012-04-08,29.793102
2012-04-09,29.859652
2012-04-10,29.988174
2012-04-11,29.976414
2012-04-12,30.057178
2012-04-13,30.095798
2012-04-14,30.026018
2012-04-15,30.171688
2012-04-16,30.219625
2012-04-17,30.334599
2012-04-18,30.353815
2012-04-19,30.328556
2012-04-20,30.262804
2012-04-21,30.35889
2012-04-22,30.230944
2012-04-23,30.277431
2012-04-24,30.192907
2012-04-25,30.19965
2012-04-26,30.288406
2012-04-27,30.259535
2012-04-28,30.196451
2012-04-29,30.152632
2012-04-30,30.1783
2012-05-01,30.046034
2012-05-02,29.95382
2012-05-03,29.891256
2012-05-04,29.884657
2012-05-05,29.88569
2012-05-06,29.875362
2012-05-07,29.93222
2012-05-08,29.920706
2012-05-09,29.872675
2012-05-10,29.884773
2012-05-11,29.918623
2012-05-12,29.899174
2012-05-13,29.925135
2012-05-14,29.945362
2012-05-15,29.97841
2012-05-16,30.008215
2012-05-17,30.00142
2012-05-18,30.084251
2012-05-19,30.077
2012-05-20,30.104067
2012-05-21,30.070406
2012-05-22,30.034609
2012-05-23,29.986252
2012-05-24,29.940912
2012-05-25,29.881214
2012-05-26,29.821962
2012-05-27,29.764452
2012-05-28,29.715315
2012-05-29,29.661484
2012-05-30,29.623417
2012-05-31,29.579813
2012-06-01,29.544827
2012-06-02,29.543173
2012-06-03,29.534443
2012-06-04,29.507433
2012-06-05,29.459082
2012-06-06,29.429642
2012-06-07,29.40372
2012-06-08,29.400234
2012-06-09,29.371317
2012-06-10,29.331795
2012-06-11,29.260891
2012-06-12,29.17445
2012-06-13,29.129944
2012-06-14,29.114765
2012-06-15,29.088348
2012-06-16,29.040264
2012-06-17,28.95663
2012-06-18,28.869646
2012-06-19,28.790247
2012-06-20,28.714954
2012-06-21,28.662546
2012-06-22,28.6603
2012-06-23,28.688515
2012-06-24,28.68356
2012-06-25,28.67623
2012-06-26,28.67244
2012-06-27,28.653645
2012-06-28,28.627083
2012-06-29,28.612804
2012-06-30,28.609098
2012-07-01,28.582733
2012-07-02,28.559237
2012-07-03,28.565836
2012-07-04,28.59022
2012-07-05,28.643332
2012-07-06,28.652168
2012-07-07,28.661112
2012-07-08,28.669334
2012-07-09,28.680876
2012-07-10,28.700022
2012-07-11,28.830923
2012-07-12,28.864998
2012-07-13,28.881931
2012-07-14,28.814192
2012-07-15,28.789192
2012-07-16,28.832613
2012-07-17,28.813139
2012-07-18,28.77037
2012-07-19,28.73754
2012-07-20,28.723051
2012-07-21,28.72068
2012-07-22,28.751091
2012-07-23,28.76234
2012-07-24,28.754606
2012-07-25,28.74661
2012-07-26,28.751806
2012-07-27,28.728329
2012-07-28,28.710688
2012-07-29,28.692791
2012-07-30,28.67545
2012-07-31,28.661417
2012-08-01,28.646439
2012-08-02,28.628191
2012-08-03,28.583075
2012-08-04,28.528997
2012-08-05,28.513136
2012-08-06,28.487719
2012-08-07,28.457373
2012-08-08,28.426321
2012-08-09,28.41089
2012-08-10,28.393023
2012-08-11,28.3829
2012-08-12,28.384066
2012-08-13,28.38782
2012-08-14,28.39137
2012-08-15,28.400457
2012-08-16,28.399944
2012-08-17,28.428055
2012-08-18,28.44895
2012-08-19,28.485756
2012-08-20,28.570751
2012-08-21,28.558338
2012-08-22,28.56202
2012-08-23,28.58977
2012-08-24,28.562496
2012-08-25,28.534498
2012-08-26,28.530512
2012-08-27,28.507103
2012-08-28,28.481464
2012-08-29,28.423132
2012-08-30,28.374128
2012-08-31,28.349503
2012-09-01,28.334223
2012-09-02,28.302645
2012-09-03,28.285439
2012-09-04,28.30267
2012-09-05,28.319357
2012-09-06,28.338564
2012-09-07,28.256128
2012-09-08,28.228186
2012-09-09,28.219522
2012-09-10,28.227848
2012-09-11,28.259052
2012-09-12,28.305567
2012-09-13,28.278673
2012-09-14,28.25298
2012-09-15,28.216928
2012-09-16,28.205223
2012-09-17,28.24024
2012-09-18,28.304253
2012-09-19,28.26983
2012-09-20,28.31784
2012-09-21,28.332458
2012-09-22,28.363657
2012-09-23,28.362759
2012-09-24,28.368143
2012-09-25,28.34984
2012-09-26,28.344212
2012-09-27,28.308126
2012-09-28,28.277256
2012-09-29,28.290182
2012-09-30,28.283972
2012-10-01,28.343182
2012-10-02,28.437826
2012-10-03,28.476898
2012-10-04,28.487171
2012-10-05,28.54894
2012-10-06,28.577457
2012-10-07,28.612883
2012-10-08,28.738602
2012-10-09,28.731451
2012-10-10,28.711515
2012-10-11,28.713612
2012-10-12,28.822397
2012-10-13,28.889181
2012-10-14,28.884777
2012-10-15,28.990185
2012-10-16,29.008675
2012-10-17,28.996105
2012-10-18,28.993898
2012-10-19,28.996164
2012-10-20,29.020464
2012-10-21,29.048302
2012-10-22,29.07447
2012-10-23,29.154663
2012-10-24,29.258232
2012-10-25,29.139162
2012-10-26,29.036236
2012-10-27,28.990284
2012-10-28,29.010498
2012-10-29,29.048243
2012-10-30,29.040785
2012-10-31,29.101355
2012-11-01,29.168432
2012-11-02,29.162046
2012-11-03,29.302843
2012-11-04,29.356722
2012-11-05,29.360386
2012-11-06,29.363049
2012-11-07,29.379549
2012-11-08,29.504162
2012-11-09,29.442999
2012-11-10,29.33374
2012-11-11,29.302551
2012-11-12,29.275572
2012-11-13,29.172935
2012-11-14,29.077917
2012-11-15,29.024483
2012-11-16,28.972198
2012-11-17,28.950296
2012-11-18,28.981209
2012-11-19,28.948347
2012-11-20,28.928465
2012-11-21,28.950119
2012-11-22,28.914284
2012-11-23,28.838097
2012-11-24,28.8047
2012-11-25,28.768675
2012-11-26,28.696169
2012-11-27,28.633991
2012-11-28,28.54901
2012-11-29,28.484554
2012-11-30,28.411612
2012-12-01,28.363089
2012-12-02,28.364988
2012-12-03,28.343914
2012-12-04,28.379723
2012-12-05,28.41348
2012-12-06,28.419098
2012-12-07,28.404089
2012-12-08,28.379078
2012-12-09,28.384277
2012-12-10,28.360867
2012-12-11,28.326767
2012-12-12,28.325943
2012-12-13,28.317554
2012-12-14,28.324091
2012-12-15,28.346872
2012-12-16,28.326103
2012-12-17,28.314753
2012-12-18,28.301208
2012-12-19,28.301107
2012-12-20,28.281063
2012-12-21,28.271072
2012-12-22,28.244967
2012-12-23,28.230143
2012-12-24,28.22564
2012-12-25,28.219198
2012-12-26,28.2061
2012-12-27,28.188938
2012-12-28,28.18912
2012-12-29,28.195389
2012-12-30,28.162817
2012-12-31,28.106018
2013-01-01,28.048199
2013-01-02,28.01279
2013-01-03,27.987812
2013-01-04,27.955704
2013-01-05,27.916819
2013-01-06,27.885618
2013-01-07,27.892118
2013-01-08,27.8747
2013-01-09,27.833288
2013-01-10,27.789106
2013-01-11,27.731878
2013-01-12,27.673191
2013-01-13,27.600435
2013-01-14,27.544525
2013-01-15,27.514088
2013-01-16,27.462431
2013-01-17,27.468565
2013-01-18,27.492178
2013-01-19,27.550093
2013-01-20,27.583313
2013-01-21,27.59676
2013-01-22,27.599749
2013-01-23,27.606571
2013-01-24,27.611532
2013-01-25,27.577892
2013-01-26,27.529726
2013-01-27,27.481838
2013-01-28,27.45574
2013-01-29,27.459032
2013-01-30,27.44247
2013-01-31,27.417023
2013-02-01,27.452806
2013-02-02,27.490051
2013-02-03,27.532906
2013-02-04,27.527794
2013-02-05,27.554125
2013-02-06,27.601807
2013-02-07,27.603958
2013-02-08,27.674627
2013-02-09,27.6124
2013-02-10,27.66601
2013-02-11,27.66403
2013-02-12,27.688858
2013-02-13,27.779877
2013-02-14,27.87542
2013-02-15,27.894674
2013-02-16,27.966663
2013-02-17,28.263485
2013-02-18,28.18662
2013-02-19,27.994057
2013-02-20,27.930859
2013-02-21,27.883686
2013-02-22,27.830639
2013-02-23,27.851526
2013-02-24,27.85426
2013-02-25,27.864521
2013-02-26,27.839281
2013-02-27,27.909674
2013-02-28,27.893621
2013-03-01,27.938957
2013-03-02,27.939066
2013-03-03,28.05325
2013-03-04,28.066383
2013-03-05,28.109285
2013-03-06,28.171133
2013-03-07,28.204815
2013-03-08,28.279568
2013-03-09,28.343695
2013-03-10,28.333944
2013-03-11,28.309233
2013-03-12,28.324547
2013-03-13,28.327433
2013-03-14,28.353592
2013-03-15,28.402378
2013-03-16,28.461828
2013-03-17,28.596643
2013-03-18,28.554708
2013-03-19,28.535269
2013-03-20,28.538258
2013-03-21,28.57609
2013-03-22,28.751818
2013-03-23,28.731857
2013-03-24,28.708538
2013-03-25,28.857634
2013-03-26,28.921726
2013-03-27,29.030437
2013-03-28,29.086285
2013-03-29,29.019567
2013-03-30,29.127989
2013-03-31,29.187868
2013-04-01,29.291676
2013-04-02,29.252844
2013-04-03,29.217957
2013-04-04,29.186876
2013-04-05,29.158562
2013-04-06,29.156322
2013-04-07,29.361725
2013-04-08,29.44442
2013-04-09,29.507626
2013-04-10,29.532259
2013-04-11,29.507124
2013-04-12,29.539856
2013-04-13,29.749884
2013-04-14,29.804667
2013-04-15,29.939087
2013-04-16,29.877674
2013-04-17,29.79603
2013-04-18,29.807226
2013-04-19,29.95438
2013-04-20,30.110691
2013-04-21,30.091978
2013-04-22,30.163969
2013-04-23,30.20089
2013-04-24,30.268305
2013-04-25,30.336405
2013-04-26,30.431448
2013-04-27,30.438173
2013-04-28,30.466953
2013-04-29,30.53731
2013-04-30,30.595535
2013-05-01,30.55381
2013-05-02,30.509018
2013-05-03,30.551981
2013-05-04,30.575653
2013-05-05,30.509409
2013-05-06,30.473387
2013-05-07,30.540777
2013-05-08,30.56144
2013-05-09,30.738272
2013-05-10,30.720299
2013-05-11,30.729826
2013-05-12,30.53598
2013-05-13,30.348299
2013-05-14,30.205746
2013-05-15,30.17798
2013-05-16,30.207714
2013-05-17,30.269999
2013-05-18,30.253134
2013-05-19,30.171549
2013-05-20,30.112165
2013-05-21,30.057497
2013-05-22,30.023418
2013-05-23,29.995346
2013-05-24,29.97584
2013-05-25,29.928806
2013-05-26,29.873674
2013-05-27,29.822262
2013-05-28,29.767208
2013-05-29,29.705992
2013-05-30,29.665644
2013-05-31,29.60606
2013-06-01,29.555622
2013-06-02,29.514242
2013-06-03,29.48171
2013-06-04,29.452381
2013-06-05,29.388458
2013-06-06,29.339218
2013-06-07,29.314228
2013-06-08,29.314548
2013-06-09,29.292486
2013-06-10,29.269855
2013-06-11,29.23823
2013-06-12,29.175257
2013-06-13,29.12034
2013-06-14,29.088202
2013-06-15,29.07818
2013-06-16,29.045927
2013-06-17,29.02425
2013-06-18,28.999262
2013-06-19,28.980982
2013-06-20,28.959646
2013-06-21,28.953314
2013-06-22,28.930483
2013-06-23,28.910145
2013-06-24,28.893545
2013-06-25,28.897007
2013-06-26,28.917809
2013-06-27,28.931887
2013-06-28,28.916376
2013-06-29,28.899672
2013-06-30,28.894588
2013-07-01,28.87928
2013-07-02,28.867992
2013-07-03,28.849674
2013-07-04,28.796396
2013-07-05,28.778584
2013-07-06,28.77715
2013-07-07,28.744324
2013-07-08,28.711126
2013-07-09,28.679874
2013-07-10,28.644533
2013-07-11,28.59422
2013-07-12,28.575153
2013-07-13,28.586733
2013-07-14,28.582062
2013-07-15,28.532269
2013-07-16,28.503225
2013-07-17,28.475407
2013-07-18,28.456348
2013-07-19,28.427347
2013-07-20,28.398504
2013-07-21,28.373463
2013-07-22,28.35163
2013-07-23,28.314056
2013-07-24,28.276693
2013-07-25,28.251526
2013-07-26,28.241917
2013-07-27,28.26911
2013-07-28,28.296925
2013-07-29,28.26415
2013-07-30,28.252415
2013-07-31,28.236313
2013-08-01,28.237446
2013-08-02,28.25295
2013-08-03,28.225592
2013-08-04,28.19328
2013-08-05,28.175503
2013-08-06,28.224283
2013-08-07,28.310907
2013-08-08,28.3305
2013-08-09,28.310785
2013-08-10,28.305698
2013-08-11,28.321716
2013-08-12,28.31431
2013-08-13,28.313402
2013-08-14,28.291216
2013-08-15,28.269516
2013-08-16,28.257906
2013-08-17,28.270445
2013-08-18,28.274607
2013-08-19,28.264517
2013-08-20,28.247684
2013-08-21,28.238995
2013-08-22,28.240091
2013-08-23,28.246367
2013-08-24,28.292778
2013-08-25,28.351667
2013-08-26,28.39701
2013-08-27,28.459007
2013-08-28,28.512287
2013-08-29,28.559118
2013-08-30,28.603794
2013-08-31,28.636179
2013-09-01,28.610083
2013-09-02,28.598537
2013-09-03,28.586601
2013-09-04,28.545113
2013-09-05,28.512787
2013-09-06,28.48429
2013-09-07,28.476362
2013-09-08,28.474901
2013-09-09,28.507614
2013-09-10,28.628492
2013-09-11,28.674578
2013-09-12,28.69529
2013-09-13,28.650385
2013-09-14,28.588762
2013-09-15,28.557846
2013-09-16,28.539099
2013-09-17,28.525621
2013-09-18,28.521254
2013-09-19,28.510307
2013-09-20,28.483274
2013-09-21,28.460741
2013-09-22,28.438437
2013-09-23,28.433249
2013-09-24,28.454292
2013-09-25,28.487347
2013-09-26,28.55725
2013-09-27,28.57416
2013-09-28,28.546728
2013-09-29,28.525795
2013-09-30,28.535141
2013-10-01,28.595713
2013-10-02,28.682894
2013-10-03,28.67706
2013-10-04,28.691614
2013-10-05,28.729755
2013-10-06,28.788433
2013-10-07,28.755766
2013-10-08,28.786549
2013-10-09,28.689543
2013-10-10,28.60166
2013-10-11,28.567554
2013-10-12,28.54532
2013-10-13,28.615664
2013-10-14,28.72489
2013-10-15,28.873774
2013-10-16,28.98657
2013-10-17,28.993244
2013-10-18,28.941214
2013-10-19,28.774868
2013-10-20,28.717394
2013-10-21,28.682976
2013-10-22,28.658394
2013-10-23,28.641958
2013-10-24,28.696066
2013-10-25,28.770317
2013-10-26,28.728975
2013-10-27,28.739546
2013-10-28,28.746109
2013-10-29,28.81583
2013-10-30,28.918968
2013-10-31,28.936771
2013-11-01,28.885101
2013-11-02,28.880676
2013-11-03,28.892738
2013-11-04,28.901394
2013-11-05,28.866936
2013-11-06,28.83837
2013-11-07,28.812197
2013-11-08,28.804232
2013-11-09,28.76929
2013-11-10,28.74062
2013-11-11,28.737064
2013-11-12,28.732925
2013-11-13,28.734596
2013-11-14,28.766165
2013-11-15,28.716734
2013-11-16,28.703535
2013-11-17,28.670547
2013-11-18,28.653683
2013-11-19,28.635214
2013-11-20,28.63331
2013-11-21,28.638758
2013-11-22,28.657974
2013-11-23,28.679455
2013-11-24,28.664581
2013-11-25,28.61173
2013-11-26,28.589424
2013-11-27,28.631245
2013-11-28,28.72285
2013-11-29,28.624138
2013-11-30,28.589933
2013-12-01,28.564682
2013-12-02,28.527699
2013-12-03,28.500242
2013-12-04,28.460836
2013-12-05,28.426834
2013-12-06,28.387087
2013-12-07,28.308449
2013-12-08,28.272358
2013-12-09,28.2191
2013-12-10,28.205309
2013-12-11,28.22851
2013-12-12,28.25936
2013-12-13,28.204096
2013-12-14,28.204947
2013-12-15,28.155699
2013-12-16,28.048574
2013-12-17,27.948086
2013-12-18,27.862003
2013-12-19,27.806894
2013-12-20,27.764297
2013-12-21,27.702637
2013-12-22,27.65571
2013-12-23,27.605433
2013-12-24,27.547375
2013-12-25,27.49232
2013-12-26,27.434504
2013-12-27,27.390158
2013-12-28,27.359312
2013-12-29,27.308971
2013-12-30,27.27099
2013-12-31,27.24102
2014-01-01,27.232378
2014-01-02,27.248648
2014-01-03,27.260624
2014-01-04,27.248623
2014-01-05,27.280012
2014-01-06,27.292885
2014-01-07,27.286804
2014-01-08,27.252285
2014-01-09,27.235973
2014-01-10,27.238691
2014-01-11,27.240568
2014-01-12,27.23779
2014-01-13,27.20942
2014-01-14,27.184391
2014-01-15,27.17326
2014-01-16,27.126333
2014-01-17,27.075533
2014-01-18,27.047901
2014-01-19,27.01225
2014-01-20,26.966452
2014-01-21,26.931904
2014-01-22,26.906794
2014-01-23,26.869068
2014-01-24,26.83453
2014-01-25,26.783243
2014-01-26,26.757517
2014-01-27,26.75104
2014-01-28,26.740786
2014-01-29,26.77123
2014-01-30,26.820307
2014-01-31,26.8766
2014-02-01,26.882944
2014-02-02,26.90412
2014-02-03,26.90169
2014-02-04,26.89661
2014-02-05,26.900038
2014-02-06,26.884045
2014-02-07,26.87308
2014-02-08,26.920021
2014-02-09,26.975185
2014-02-10,26.989923
2014-02-11,27.000738
2014-02-12,27.004923
2014-02-13,27.009155
2014-02-14,27.053165
2014-02-15,27.232498
2014-02-16,27.24577
2014-02-17,27.424673
2014-02-18,27.250772
2014-02-19,27.195728
2014-02-20,27.20431
2014-02-21,27.26927
2014-02-22,27.242754
2014-02-23,27.216015
2014-02-24,27.229708
2014-02-25,27.228094
2014-02-26,27.225805
2014-02-27,27.238037
2014-02-28,27.291496
2014-03-01,27.333582
2014-03-02,27.391863
2014-03-03,27.390068
2014-03-04,27.364727
2014-03-05,27.35013
2014-03-06,27.403595
2014-03-07,27.41813
2014-03-08,27.446358
2014-03-09,27.484604
2014-03-10,27.528358
2014-03-11,27.530819
2014-03-12,27.553947
2014-03-13,27.551474
2014-03-14,27.612814
2014-03-15,27.640156
2014-03-16,27.707632
2014-03-17,27.792782
2014-03-18,27.889835
2014-03-19,28.131767
2014-03-20,28.086994
2014-03-21,28.12286
2014-03-22,28.230083
2014-03-23,28.227797
2014-03-24,28.250557
2014-03-25,28.2225
2014-03-26,28.283209
2014-03-27,28.399284
2014-03-28,28.467606
2014-03-29,28.667099
2014-03-30,28.779896
2014-03-31,28.87366
2014-04-01,28.984837
2014-04-02,28.965622
2014-04-03,29.04427
2014-04-04,29.17024
2014-04-05,29.126434
2014-04-06,29.254637
2014-04-07,29.247658
2014-04-08,29.241884
2014-04-09,29.210371
2014-04-10,29.380245
2014-04-11,29.47495
2014-04-12,29.558563
2014-04-13,29.625027
2014-04-14,29.62408
2014-04-15,29.643717
2014-04-16,29.771715
2014-04-17,29.838722
2014-04-18,29.837957
2014-04-19,29.886429
2014-04-20,30.120016
2014-04-21,30.21523
2014-04-22,30.292536
2014-04-23,30.354053
2014-04-24,30.353703
2014-04-25,30.416035
2014-04-26,30.5262
2014-04-27,30.607422
2014-04-28,30.649513
2014-04-29,30.693485
2014-04-30,30.745611
2014-05-01,30.72817
2014-05-02,30.819653
2014-05-03,30.791225
2014-05-04,30.740465
2014-05-05,30.70491
2014-05-06,30.690985
2014-05-07,30.794827
2014-05-08,30.702328
2014-05-09,30.647215
2014-05-10,30.58898
2014-05-11,30.505722
2014-05-12,30.436382
2014-05-13,30.359642
2014-05-14,30.33401
2014-05-15,30.298
2014-05-16,30.36928
2014-05-17,30.456787
2014-05-18,30.312595
2014-05-19,30.284184
2014-05-20,30.153948
2014-05-21,30.05578
2014-05-22,29.959885
2014-05-23,29.931362
2014-05-24,29.88498
2014-05-25,29.81067
2014-05-26,29.796312
2014-05-27,29.80991
2014-05-28,29.79531
2014-05-29,29.77093
2014-05-30,29.803171
2014-05-31,29.864538
2014-06-01,29.888706
2014-06-02,29.994846
2014-06-03,29.942446
2014-06-04,29.95914
2014-06-05,29.941437
2014-06-06,29.906273
2014-06-07,29.864128
2014-06-08,29.853794
2014-06-09,29.828259
2014-06-10,29.839998
2014-06-11,29.827078
2014-06-12,29.786243
2014-06-13,29.697973
2014-06-14,29.614763
2014-06-15,29.576115
2014-06-16,29.550684
2014-06-17,29.503115
2014-06-18,29.474813
2014-06-19,29.438
2014-06-20,29.42608
2014-06-21,29.410275
2014-06-22,29.406294
2014-06-23,29.37422
2014-06-24,29.348518
2014-06-25,29.343193
2014-06-26,29.3529
2014-06-27,29.379698
2014-06-28,29.384657
2014-06-29,29.398237
2014-06-30,29.36564
2014-07-01,29.353888
2014-07-02,29.360495
2014-07-03,29.363235
2014-07-04,29.423859
2014-07-05,29.44189
2014-07-06,29.447432
2014-07-07,29.394276
2014-07-08,29.320168
2014-07-09,29.227037
2014-07-10,29.126926
2014-07-11,29.013077
2014-07-12,28.911055
2014-07-13,28.854269
2014-07-14,28.808681
2014-07-15,28.757038
2014-07-16,28.730364
2014-07-17,28.756605
2014-07-18,28.73324
2014-07-19,28.702595
2014-07-20,28.68526
2014-07-21,28.661568
2014-07-22,28.636433
2014-07-23,28.63344
2014-07-24,28.62553
2014-07-25,28.613752
2014-07-26,28.599977
2014-07-27,28.567993
2014-07-28,28.559826
2014-07-29,28.574541
2014-07-30,28.556883
2014-07-31,28.581905
2014-08-01,28.613106
2014-08-02,28.608034
2014-08-03,28.605637
2014-08-04,28.598072
2014-08-05,28.602716
2014-08-06,28.570332
2014-08-07,28.524593
2014-08-08,28.5091
2014-08-09,28.496273
2014-08-10,28.496517
2014-08-11,28.509783
2014-08-12,28.50428
2014-08-13,28.4999
2014-08-14,28.528744
2014-08-15,28.564915
2014-08-16,28.62296
2014-08-17,28.688175
2014-08-18,28.76606
2014-08-19,28.938822
2014-08-20,28.911207
2014-08-21,28.906727
2014-08-22,28.875656
2014-08-23,28.901747
2014-08-24,28.959618
2014-08-25,28.92712
2014-08-26,28.857891
2014-08-27,28.783428
2014-08-28,28.70586
2014-08-29,28.657166
2014-08-30,28.618542
2014-08-31,28.5877
2014-09-01,28.558287
2014-09-02,28.521252
2014-09-03,28.476858
2014-09-04,28.453754
2014-09-05,28.417782
2014-09-06,28.369898
2014-09-07,28.344185
2014-09-08,28.344803
2014-09-09,28.345207
2014-09-10,28.383871
2014-09-11,28.446424
2014-09-12,28.47144
2014-09-13,28.436697
2014-09-14,28.419935
2014-09-15,28.389116
2014-09-16,28.363295
2014-09-17,28.33267
2014-09-18,28.320219
2014-09-19,28.347084
2014-09-20,28.393906
2014-09-21,28.479813
2014-09-22,28.566658
2014-09-23,28.606598
2014-09-24,28.686405
2014-09-25,28.7587
2014-09-26,28.839977
2014-09-27,28.988192
2014-09-28,29.176064
2014-09-29,29.242966
2014-09-30,29.269934
2014-10-01,29.259151
2014-10-02,29.26066
2014-10-03,29.150373
2014-10-04,29.133015
2014-10-05,29.205433
2014-10-06,29.12921
2014-10-07,29.097994
2014-10-08,28.98052
2014-10-09,28.861223
2014-10-10,28.74633
2014-10-11,28.654972
2014-10-12,28.608072
2014-10-13,28.646223
2014-10-14,28.655071
2014-10-15,28.616533
2014-10-16,28.615963
2014-10-17,28.718771
2014-10-18,28.796885
2014-10-19,28.920202
2014-10-20,28.971737
2014-10-21,28.886698
2014-10-22,29.01067
2014-10-23,29.127499
2014-10-24,29.103027
2014-10-25,29.184801
2014-10-26,29.146221
2014-10-27,29.143747
2014-10-28,29.206451
2014-10-29,29.233353
2014-10-30,29.221834
2014-10-31,29.20725
2014-11-01,29.334387
2014-11-02,29.209253
2014-11-03,29.11645
2014-11-04,29.042618
2014-11-05,28.976492
2014-11-06,28.911625
2014-11-07,28.90858
2014-11-08,28.993362
2014-11-09,29.078896
2014-11-10,28.94941
2014-11-11,28.88012
2014-11-12,28.901665
2014-11-13,28.89639
2014-11-14,28.880262
2014-11-15,28.89385
2014-11-16,28.865433
2014-11-17,28.834158
2014-11-18,28.822437
2014-11-19,28.799107
2014-11-20,28.802868
2014-11-21,28.813833
2014-11-22,28.776806
2014-11-23,28.751156
2014-11-24,28.704922
2014-11-25,28.658743
2014-11-26,28.661224
2014-11-27,28.662521
2014-11-28,28.640312
2014-11-29,28.613943
2014-11-30,28.581228
2014-12-01,28.539816
2014-12-02,28.525864
2014-12-03,28.484056
2014-12-04,28.453781
2014-12-05,28.445194
2014-12-06,28.4559
2014-12-07,28.488476
2014-12-08,28.481367
2014-12-09,28.507431
2014-12-10,28.510218
2014-12-11,28.504938
2014-12-12,28.490162
2014-12-13,28.480516
2014-12-14,28.495636
2014-12-15,28.493498
2014-12-16,28.491564
2014-12-17,28.473066
2014-12-18,28.45564
2014-12-19,28.419563
2014-12-20,28.402494
2014-12-21,28.35881
2014-12-22,28.326336
2014-12-23,28.298044
2014-12-24,28.267107
2014-12-25,28.223137
2014-12-26,28.173468
2014-12-27,28.14002
2014-12-28,28.09544
2014-12-29,28.058926
2014-12-30,28.023386
2014-12-31,28.001873
2015-01-01,27.997793
2015-01-02,28.01381
2015-01-03,28.072348
2015-01-04,28.013243
2015-01-05,27.991444
2015-01-06,27.95551
2015-01-07,27.93165
2015-01-08,27.914175
2015-01-09,27.848335
2015-01-10,27.776817
2015-01-11,27.719858
2015-01-12,27.676662
2015-01-13,27.66704
2015-01-14,27.702848
2015-01-15,27.745369
2015-01-16,27.801208
2015-01-17,27.77911
2015-01-18,27.738516
2015-01-19,27.691889
2015-01-20,27.66666
2015-01-21,27.641996
2015-01-22,27.644686
2015-01-23,27.629894
2015-01-24,27.589973
2015-01-25,27.545492
2015-01-26,27.504007
2015-01-27,27.478943
2015-01-28,27.458359
2015-01-29,27.456118
2015-01-30,27.505547
2015-01-31,27.484453
2015-02-01,27.471828
2015-02-02,27.460999
2015-02-03,27.470615
2015-02-04,27.478378
2015-02-05,27.476738
2015-02-06,27.48755
2015-02-07,27.472528
2015-02-08,27.466269
2015-02-09,27.459454
2015-02-10,27.475801
2015-02-11,27.467703
2015-02-12,27.46338
2015-02-13,27.501036
2015-02-14,27.506954
2015-02-15,27.51243
2015-02-16,27.467054
2015-02-17,27.465986
2015-02-18,27.496502
2015-02-19,27.514484
2015-02-20,27.492186
2015-02-21,27.47581
2015-02-22,27.52718
2015-02-23,27.583414
2015-02-24,27.567585
2015-02-25,27.59469
2015-02-26,27.621119
2015-02-27,27.6991
2015-02-28,27.678038
2015-03-01,27.78442
2015-03-02,27.92227
2015-03-03,27.999125
2015-03-04,28.195543
2015-03-05,28.113358
2015-03-06,27.999699
2015-03-07,27.96731
2015-03-08,27.950657
2015-03-09,27.995028
2015-03-10,28.067041
2015-03-11,28.142635
2015-03-12,28.1449
2015-03-13,28.27154
2015-03-14,28.3157
2015-03-15,28.32752
2015-03-16,28.37061
2015-03-17,28.404749
2015-03-18,28.525284
2015-03-19,28.54427
2015-03-20,28.488605
2015-03-21,28.578333
2015-03-22,28.603456
2015-03-23,28.816689
2015-03-24,28.754917
2015-03-25,28.676598
2015-03-26,28.67699
2015-03-27,28.730923
2015-03-28,28.869204
2015-03-29,28.939648
2015-03-30,29.06655
2015-03-31,29.147099
2015-04-01,29.29152
2015-04-02,29.44041
2015-04-03,29.479359
2015-04-04,29.456158
2015-04-05,29.55587
2015-04-06,29.578426
2015-04-07,29.603088
2015-04-08,29.590717
2015-04-09,29.67052
2015-04-10,29.773052
2015-04-11,29.873177
2015-04-12,29.872843
2015-04-13,29.738295
2015-04-14,29.697596
2015-04-15,29.676725
2015-04-16,29.653154
2015-04-17,29.769321
2015-04-18,29.842596
2015-04-19,29.956423
2015-04-20,30.061481
2015-04-21,30.061659
2015-04-22,30.066809
2015-04-23,30.213453
2015-04-24,30.290388
2015-04-25,30.225618
2015-04-26,30.39026
2015-04-27,30.377363
2015-04-28,30.51461
2015-04-29,30.586666
2015-04-30,30.526024
2015-05-01,30.545965
2015-05-02,30.509523
2015-05-03,30.653278
2015-05-04,30.700796
2015-05-05,30.795069
2015-05-06,30.854536
2015-05-07,31.039377
2015-05-08,31.035046
2015-05-09,30.988886
2015-05-10,30.988157
2015-05-11,31.100225
2015-05-12,31.104855
2015-05-13,31.026194
2015-05-14,30.982548
2015-05-15,30.943
2015-05-16,30.853918
2015-05-17,30.713873
2015-05-18,30.605955
2015-05-19,30.505878
2015-05-20,30.38925
2015-05-21,30.274773
2015-05-22,30.162157
2015-05-23,30.101536
2015-05-24,30.061752
2015-05-25,30.032846
2015-05-26,30.023193
2015-05-27,30.00087
2015-05-28,29.970627
2015-05-29,29.954353
2015-05-30,29.91517
2015-05-31,29.873745
2015-06-01,29.844822
2015-06-02,29.856373
2015-06-03,29.903574
2015-06-04,29.91443
2015-06-05,29.974926
2015-06-06,29.980108
2015-06-07,29.961893
2015-06-08,29.940695
2015-06-09,29.936562
2015-06-10,29.914371
2015-06-11,29.940004
2015-06-12,29.904331
2015-06-13,29.881378
2015-06-14,29.87158
2015-06-15,29.859716
2015-06-16,29.798244
2015-06-17,29.708284
2015-06-18,29.60398
2015-06-19,29.505913
2015-06-20,29.40797
2015-06-21,29.3521
2015-06-22,29.32358
2015-06-23,29.303335
2015-06-24,29.284021
2015-06-25,29.258533
2015-06-26,29.207458
2015-06-27,29.168974
2015-06-28,29.16139
2015-06-29,29.155388
2015-06-30,29.181454
2015-07-01,29.18841
2015-07-02,29.201925
2015-07-03,29.202223
2015-07-04,29.20134
2015-07-05,29.208647
2015-07-06,29.223032
2015-07-07,29.238518
2015-07-08,29.26439
2015-07-09,29.26274
2015-07-10,29.26035
2015-07-11,29.273682
2015-07-12,29.301865
2015-07-13,29.336548
2015-07-14,29.355186
2015-07-15,29.30553
2015-07-16,29.252937
2015-07-17,29.233864
2015-07-18,29.246386
2015-07-19,29.227861
2015-07-20,29.202667
2015-07-21,29.156046
2015-07-22,29.128235
2015-07-23,29.10379
2015-07-24,29.090338
2015-07-25,29.066168
2015-07-26,29.020987
2015-07-27,28.99485
2015-07-28,28.970522
2015-07-29,28.950922
2015-07-30,28.926844
2015-07-31,28.917109
2015-08-01,28.918196
2015-08-02,28.908682
2015-08-03,28.891794
2015-08-04,28.86089
2015-08-05,28.823023
2015-08-06,28.781376
2015-08-07,28.759388
2015-08-08,28.75584
2015-08-09,28.735367
2015-08-10,28.747288
2015-08-11,28.733446
2015-08-12,28.738403
2015-08-13,28.790388
2015-08-14,28.85681
2015-08-15,28.882992
2015-08-16,28.901571
2015-08-17,28.964882
2015-08-18,29.048414
2015-08-19,29.139753
2015-08-20,29.102957
2015-08-21,29.040388
2015-08-22,28.9885
2015-08-23,28.96266
2015-08-24,28.95939
2015-08-25,28.924953
2015-08-26,28.878008
2015-08-27,28.860043
2015-08-28,28.883772
2015-08-29,28.8826
2015-08-30,28.914604
2015-08-31,28.933685
2015-09-01,28.943542
2015-09-02,28.9664
2015-09-03,28.986885
2015-09-04,28.974314
2015-09-05,28.93986
2015-09-06,28.949892
2015-09-07,28.95332
2015-09-08,28.930595
2015-09-09,28.898848
2015-09-10,28.854195
2015-09-11,28.802732
2015-09-12,28.765202
2015-09-13,28.738201
2015-09-14,28.711412
2015-09-15,28.696167
2015-09-16,28.689062
2015-09-17,28.693779
2015-09-18,28.634178
2015-09-19,28.61591
2015-09-20,28.677792
2015-09-21,28.778852
2015-09-22,28.822796
2015-09-23,28.817913
2015-09-24,28.819733
2015-09-25,28.82343
2015-09-26,28.824589
2015-09-27,28.858175
2015-09-28,28.8663
2015-09-29,28.939411
2015-09-30,28.8719
2015-10-01,28.953053
2015-10-02,28.988157
2015-10-03,28.944538
2015-10-04,28.930504
2015-10-05,28.897839
2015-10-06,28.90222
2015-10-07,28.924604
2015-10-08,28.983086
2015-10-09,28.979416
2015-10-10,29.003887
2015-10-11,29.003635
2015-10-12,29.091507
2015-10-13,29.314627
2015-10-14,29.464525
2015-10-15,29.452763
2015-10-16,29.392052
2015-10-17,29.478144
2015-10-18,29.612469
2015-10-19,29.6251
2015-10-20,29.66959
2015-10-21,29.690859
2015-10-22,29.6194
2015-10-23,29.575747
2015-10-24,29.616014
2015-10-25,29.546963
2015-10-26,29.537949
2015-10-27,29.530321
2015-10-28,29.490133
2015-10-29,29.43482
2015-10-30,29.402313
2015-10-31,29.41234
2015-11-01,29.444237
2015-11-02,29.477419
2015-11-03,29.458193
2015-11-04,29.459827
2015-11-05,29.436087
2015-11-06,29.42975
2015-11-07,29.412245
2015-11-08,29.356323
2015-11-09,29.371687
2015-11-10,29.479788
2015-11-11,29.383953
2015-11-12,29.333002
2015-11-13,29.297953
2015-11-14,29.257439
2015-11-15,29.281698
2015-11-16,29.299225
2015-11-17,29.29811
2015-11-18,29.329796
2015-11-19,29.283976
2015-11-20,29.283695
2015-11-21,29.307825
2015-11-22,29.291397
2015-11-23,29.303728
2015-11-24,29.270327
2015-11-25,29.240582
2015-11-26,29.21003
2015-11-27,29.181854
2015-11-28,29.137762
2015-11-29,29.12096
2015-11-30,29.105194
2015-12-01,29.121717
2015-12-02,29.105381
2015-12-03,29.091196
2015-12-04,29.047829
2015-12-05,29.028862
2015-12-06,29.00966
2015-12-07,28.978113
2015-12-08,28.97983
2015-12-09,28.967926
2015-12-10,28.940022
2015-12-11,28.895956
2015-12-12,28.845203
2015-12-13,28.837315
2015-12-14,28.792025
2015-12-15,28.77185
2015-12-16,28.752192
2015-12-17,28.760284
2015-12-18,28.773989
2015-12-19,28.785479
2015-12-20,28.76628
2015-12-21,28.726826
2015-12-22,28.693287
2015-12-23,28.66925
2015-12-24,28.63356
2015-12-25,28.628704
2015-12-26,28.604937
2015-12-27,28.60044
2015-12-28,28.604977
2015-12-29,28.600798
2015-12-30,28.565653
2015-12-31,28.53729
2016-01-01,28.52449
2016-01-02,28.506613
2016-01-03,28.493362
2016-01-04,28.463135
2016-01-05,28.413782
2016-01-06,28.360138
2016-01-07,28.304468
2016-01-08,28.253868
2016-01-09,28.191668
2016-01-10,28.134796
2016-01-11,28.070595
2016-01-12,28.019995
2016-01-13,27.98246
2016-01-14,27.929888
2016-01-15,27.907135
2016-01-16,27.867437
2016-01-17,27.836725
2016-01-18,27.815384
2016-01-19,27.810534
2016-01-20,27.902943
2016-01-21,27.939629
2016-01-22,27.89405
2016-01-23,27.887772
2016-01-24,27.889154
2016-01-25,27.886047
2016-01-26,27.86302
2016-01-27,27.85985
2016-01-28,27.851627
2016-01-29,27.815817
2016-01-30,27.781828
2016-01-31,27.7597
2016-02-01,27.733496
2016-02-02,27.714123
2016-02-03,27.69789
2016-02-04,27.678934
2016-02-05,27.67536
2016-02-06,27.656914
2016-02-07,27.681858
2016-02-08,27.680342
2016-02-09,27.672009
2016-02-10,27.652813
2016-02-11,27.617716
2016-02-12,27.650928
2016-02-13,27.612268
2016-02-14,27.638369
2016-02-15,27.645039
2016-02-16,27.698755
2016-02-17,27.73692
2016-02-18,27.825016
2016-02-19,27.949982
2016-02-20,28.075745
2016-02-21,28.210875
2016-02-22,28.122908
2016-02-23,28.160196
2016-02-24,28.222351
2016-02-25,28.138628
2016-02-26,28.122904
2016-02-27,28.162848
2016-02-28,28.22152
2016-02-29,28.267078
2016-03-01,28.355776
2016-03-02,28.357393
2016-03-03,28.354458
2016-03-04,28.369251
2016-03-05,28.40562
2016-03-06,28.455196
2016-03-07,28.485928
2016-03-08,28.5504
2016-03-09,28.632633
2016-03-10,28.635218
2016-03-11,28.688902
2016-03-12,28.771534
2016-03-13,28.81555
2016-03-14,28.83135
2016-03-15,28.920204
2016-03-16,28.931553
2016-03-17,28.992893
2016-03-18,29.04681
2016-03-19,29.157131
2016-03-20,29.262201
2016-03-21,29.262518
2016-03-22,29.28009
2016-03-23,29.369802
2016-03-24,29.321754
2016-03-25,29.403145
2016-03-26,29.398472
2016-03-27,29.420443
2016-03-28,29.450167
2016-03-29,29.455877
2016-03-30,29.455833
2016-03-31,29.568502
2016-04-01,29.651852
2016-04-02,29.711445
2016-04-03,29.778143
2016-04-04,29.874426
2016-04-05,29.98578
2016-04-06,30.004658
2016-04-07,30.077038
2016-04-08,30.144894
2016-04-09,30.196661
2016-04-10,30.249655
2016-04-11,30.202284
2016-04-12,30.12064
2016-04-13,30.133133
2016-04-14,30.224123
2016-04-15,30.3719
2016-04-16,30.403383
2016-04-17,30.424665
2016-04-18,30.501484
2016-04-19,30.570738
2016-04-20,30.718866
2016-04-21,30.709774
2016-04-22,30.675386
2016-04-23,30.643066
2016-04-24,30.645855
2016-04-25,30.761904
2016-04-26,30.908712
2016-04-27,30.95322
2016-04-28,30.970936
2016-04-29,31.06063
2016-04-30,31.089834
2016-05-01,31.105463
2016-05-02,31.180666
2016-05-03,31.209633
2016-05-04,31.208937
2016-05-05,31.296133
2016-05-06,31.316774
2016-05-07,31.383356
2016-05-08,31.398212
2016-05-09,31.403278
2016-05-10,31.484478
2016-05-11,31.545143
2016-05-12,31.56265
2016-05-13,31.56104
2016-05-14,31.480963
2016-05-15,31.470947
2016-05-16,31.366
2016-05-17,31.22887
2016-05-18,31.120447
2016-05-19,31.000055
2016-05-20,30.832647
2016-05-21,30.68662
2016-05-22,30.588884
2016-05-23,30.537638
2016-05-24,30.502382
2016-05-25,30.457983
2016-05-26,30.427292
2016-05-27,30.406239
2016-05-28,30.38454
2016-05-29,30.357056
2016-05-30,30.34951
2016-05-31,30.326353
2016-06-01,30.310291
2016-06-02,30.2742
2016-06-03,30.23209
2016-06-04,30.190868
2016-06-05,30.162123
2016-06-06,30.121021
2016-06-07,30.082006
2016-06-08,30.041601
2016-06-09,30.00241
2016-06-10,29.97308
2016-06-11,29.9427
2016-06-12,29.912645
2016-06-13,29.867582
2016-06-14,29.827478
2016-06-15,29.776192
2016-06-16,29.715286
2016-06-17,29.665422
2016-06-18,29.621553
2016-06-19,29.606533
2016-06-20,29.599895
2016-06-21,29.629322
2016-06-22,29.694939
2016-06-23,29.652597
2016-06-24,29.575537
2016-06-25,29.501488
2016-06-26,29.453962
2016-06-27,29.407286
2016-06-28,29.368343
2016-06-29,29.319302
2016-06-30,29.268528
2016-07-01,29.255262
2016-07-02,29.241888
2016-07-03,29.248503
2016-07-04,29.301943
2016-07-05,29.319664
2016-07-06,29.313309
2016-07-07,29.263279
2016-07-08,29.225487
2016-07-09,29.191809
2016-07-10,29.188683
2016-07-11,29.197739
2016-07-12,29.210455
2016-07-13,29.260126
2016-07-14,29.300188
2016-07-15,29.285759
2016-07-16,29.37958
2016-07-17,29.33966
2016-07-18,29.330309
2016-07-19,29.323101
2016-07-20,29.347351
2016-07-21,29.320974
2016-07-22,29.303102
2016-07-23,29.299248
2016-07-24,29.293236
2016-07-25,29.296555
2016-07-26,29.325861
2016-07-27,29.395824
2016-07-28,29.300411
2016-07-29,29.236881
2016-07-30,29.170008
2016-07-31,29.11591
2016-08-01,29.069893
2016-08-02,29.023241
2016-08-03,28.991802
2016-08-04,28.962831
2016-08-05,28.964708
2016-08-06,28.986485
2016-08-07,28.983318
2016-08-08,28.980757
2016-08-09,29.009453
2016-08-10,29.068624
2016-08-11,29.078466
2016-08-12,29.07474
2016-08-13,29.068922
2016-08-14,29.053616
2016-08-15,29.034273
2016-08-16,29.009415
2016-08-17,29.003803
2016-08-18,29.023556
2016-08-19,29.077469
2016-08-20,29.137493
2016-08-21,29.214209
2016-08-22,29.369267
2016-08-23,29.481472
2016-08-24,29.41229
2016-08-25,29.362988
2016-08-26,29.369879
2016-08-27,29.3354
2016-08-28,29.347153
2016-08-29,29.330807
2016-08-30,29.276379
2016-08-31,29.20387
2016-09-01,29.169813
2016-09-02,29.12613
2016-09-03,29.081055
2016-09-04,29.059572
2016-09-05,29.054096
2016-09-06,29.020998
2016-09-07,28.985826
2016-09-08,28.957237
2016-09-09,28.965534
2016-09-10,29.003115
2016-09-11,29.03266
2016-09-12,29.030014
2016-09-13,29.04857
2016-09-14,29.05843
2016-09-15,29.03695
2016-09-16,29.011528
2016-09-17,29.01926
2016-09-18,29.105309
2016-09-19,29.056276
2016-09-20,29.01525
2016-09-21,28.958258
2016-09-22,28.938845
2016-09-23,28.896353
2016-09-24,28.929413
2016-09-25,28.93484
2016-09-26,28.950546
2016-09-27,28.97529
2016-09-28,28.99164
2016-09-29,28.933994
2016-09-30,28.894062
2016-10-01,28.876482
2016-10-02,28.926622
2016-10-03,28.989088
2016-10-04,29.013685
2016-10-05,28.993626
2016-10-06,28.978548
2016-10-07,28.956377
2016-10-08,28.964071
2016-10-09,28.958788
2016-10-10,28.98375
2016-10-11,29.02049
2016-10-12,29.090528
2016-10-13,29.165586
2016-10-14,29.245811
2016-10-15,29.368582
2016-10-16,29.313297
2016-10-17,29.342102
2016-10-18,29.262236
2016-10-19,29.18747
2016-10-20,29.113087
2016-10-21,29.033102
2016-10-22,28.985947
2016-10-23,28.93929
2016-10-24,28.907207
2016-10-25,28.885836
2016-10-26,28.93894
2016-10-27,28.988417
2016-10-28,29.102427
2016-10-29,29.164454
2016-10-30,29.091137
2016-10-31,28.998404
2016-11-01,28.91328
2016-11-02,28.88353
2016-11-03,28.848358
2016-11-04,28.828043
2016-11-05,28.805384
2016-11-06,28.825068
2016-11-07,28.802906
2016-11-08,28.8782
2016-11-09,28.80962
2016-11-10,28.871765
2016-11-11,28.90204
2016-11-12,28.964287
2016-11-13,28.947115
2016-11-14,28.90552
2016-11-15,28.915447
2016-11-16,28.932814
2016-11-17,28.89966
2016-11-18,28.866142
2016-11-19,28.879192
2016-11-20,28.840878
2016-11-21,28.821323
2016-11-22,28.777924
2016-11-23,28.739725
2016-11-24,28.712315
2016-11-25,28.687288
2016-11-26,28.715979
2016-11-27,28.696733
2016-11-28,28.71041
2016-11-29,28.670063
2016-11-30,28.646832
2016-12-01,28.668953
2016-12-02,28.723478
2016-12-03,28.686344
2016-12-04,28.652355
2016-12-05,28.623468
2016-12-06,28.579432
2016-12-07,28.532177
2016-12-08,28.452595
2016-12-09,28.384785
2016-12-10,28.329954
2016-12-11,28.303797
2016-12-12,28.335972
2016-12-13,28.435581
2016-12-14,28.387007
2016-12-15,28.318222
2016-12-16,28.253242
2016-12-17,28.195393
2016-12-18,28.16667
2016-12-19,28.176027
2016-12-20,28.174826
2016-12-21,28.139006
2016-12-22,28.09278
2016-12-23,28.079798
2016-12-24,28.067762
2016-12-25,28.074722
2016-12-26,28.134424
2016-12-27,28.132702
2016-12-28,28.13878
2016-12-29,28.11173
2016-12-30,28.101585
2016-12-31,28.088795
2017-01-01,28.07104
2017-01-02,28.05287
2017-01-03,28.032501
2017-01-04,28.016716
2017-01-05,27.968596
2017-01-06,27.92618
2017-01-07,27.888504
2017-01-08,27.857145
2017-01-09,27.840326
2017-01-10,27.818598
2017-01-11,27.789272
2017-01-12,27.758644
2017-01-13,27.694576
2017-01-14,27.634106
2017-01-15,27.590027
2017-01-16,27.559082
2017-01-17,27.51258
2017-01-18,27.484056
2017-01-19,27.482067
2017-01-20,27.488676
2017-01-21,27.529808
2017-01-22,27.561686
2017-01-23,27.56079
2017-01-24,27.558916
2017-01-25,27.57403
2017-01-26,27.604557
2017-01-27,27.638628
2017-01-28,27.6618
2017-01-29,27.669
2017-01-30,27.593702
2017-01-31,27.585604
2017-02-01,27.567835
2017-02-02,27.538794
2017-02-03,27.519705
2017-02-04,27.494589
2017-02-05,27.502962
2017-02-06,27.522491
2017-02-07,27.507605
2017-02-08,27.43012
2017-02-09,27.43942
2017-02-10,27.44287
2017-02-11,27.45653
2017-02-12,27.485922
2017-02-13,27.505053
2017-02-14,27.52444
2017-02-15,27.518816
2017-02-16,27.505232
2017-02-17,27.508457
2017-02-18,27.555689
2017-02-19,27.588232
2017-02-20,27.771097
2017-02-21,27.782333
2017-02-22,27.726845
2017-02-23,27.72461
2017-02-24,27.681337
2017-02-25,27.656466
2017-02-26,27.647614
2017-02-27,27.631927
2017-02-28,27.619955
2017-03-01,27.65566
2017-03-02,27.721394
2017-03-03,27.78202
2017-03-04,28.064684
2017-03-05,28.097439
2017-03-06,28.105484
2017-03-07,28.077068
2017-03-08,28.146965
2017-03-09,28.145002
2017-03-10,28.196854
2017-03-11,28.347088
2017-03-12,28.384584
2017-03-13,28.439018
2017-03-14,28.375278
2017-03-15,28.273844
2017-03-16,28.340723
2017-03-17,28.320562
2017-03-18,28.434456
2017-03-19,28.462526
2017-03-20,28.491232
2017-03-21,28.528917
2017-03-22,28.383858
2017-03-23,28.461082
2017-03-24,28.569292
2017-03-25,28.657207
2017-03-26,28.613321
2017-03-27,28.74059
2017-03-28,28.826723
2017-03-29,28.926136
2017-03-30,29.034058
2017-03-31,29.028818
2017-04-01,29.260212
2017-04-02,29.200485
2017-04-03,29.36213
2017-04-04,29.34854
2017-04-05,29.468426
2017-04-06,29.523966
2017-04-07,29.525309
2017-04-08,29.623348
2017-04-09,29.725304
2017-04-10,29.831373
2017-04-11,29.932152
2017-04-12,30.025679
2017-04-13,29.93541
2017-04-14,29.717905
2017-04-15,29.515247
2017-04-16,29.399084
2017-04-17,29.46863
2017-04-18,29.577765
2017-04-19,29.618706
2017-04-20,29.587307
2017-04-21,29.587236
2017-04-22,29.668821
2017-04-23,29.692938
2017-04-24,29.737698
2017-04-25,29.708925
2017-04-26,29.793318
2017-04-27,29.863783
2017-04-28,29.956335
2017-04-29,30.133615
2017-04-30,30.155462
2017-05-01,30.175903
2017-05-02,30.23312
2017-05-03,30.274212
2017-05-04,30.398987
2017-05-05,30.343288
2017-05-06,30.348871
2017-05-07,30.49144
2017-05-08,30.53864
2017-05-09,30.603941
2017-05-10,30.669218
2017-05-11,30.692038
2017-05-12,30.642193
2017-05-13,30.667368
2017-05-14,30.647823
2017-05-15,30.567223
2017-05-16,30.602802
2017-05-17,30.532053
2017-05-18,30.53098
2017-05-19,30.500528
2017-05-20,30.475409
2017-05-21,30.456522
2017-05-22,30.483051
2017-05-23,30.601582
2017-05-24,30.574339
2017-05-25,30.543835
2017-05-26,30.46662
2017-05-27,30.324791
2017-05-28,30.226616
2017-05-29,30.149939
2017-05-30,30.077818
2017-05-31,30.035484
2017-06-01,30.035757
2017-06-02,30.105967
2017-06-03,30.066181
2017-06-04,30.03637
2017-06-05,29.977385
2017-06-06,29.921694
2017-06-07,29.859013
2017-06-08,29.801249
2017-06-09,29.74155
2017-06-10,29.657595
2017-06-11,29.588238
2017-06-12,29.54981
2017-06-13,29.54007
2017-06-14,29.517635
2017-06-15,29.495964
2017-06-16,29.496527
2017-06-17,29.492237
2017-06-18,29.510092
2017-06-19,29.466333
2017-06-20,29.438335
2017-06-21,29.39818
2017-06-22,29.345081
2017-06-23,29.282047
2017-06-24,29.200327
2017-06-25,29.128551
2017-06-26,29.07642
2017-06-27,29.055408
2017-06-28,29.02642
2017-06-29,29.053526
2017-06-30,29.048635
2017-07-01,29.045326
2017-07-02,29.05994
2017-07-03,29.06661
2017-07-04,29.066969
2017-07-05,29.072744
2017-07-06,29.053148
2017-07-07,29.023369
2017-07-08,29.003618
2017-07-09,29.02821
2017-07-10,29.026312
2017-07-11,29.032064
2017-07-12,29.009207
2017-07-13,28.965946
2017-07-14,28.91882
2017-07-15,28.875856
2017-07-16,28.842543
2017-07-17,28.792624
2017-07-18,28.762993
2017-07-19,28.7522
2017-07-20,28.757708
2017-07-21,28.735132
2017-07-22,28.713789
2017-07-23,28.733767
2017-07-24,28.761572
2017-07-25,28.787294
2017-07-26,28.805841
2017-07-27,28.79784
2017-07-28,28.849686
2017-07-29,28.889698
2017-07-30,28.927208
2017-07-31,28.923319
2017-08-01,28.929987
2017-08-02,28.944439
2017-08-03,28.961346
2017-08-04,29.007328
2017-08-05,29.005632
2017-08-06,28.996136
2017-08-07,28.9965
2017-08-08,29.000134
2017-08-09,28.990986
2017-08-10,29.011824
2017-08-11,29.009315
2017-08-12,29.037266
2017-08-13,29.04082
2017-08-14,29.056274
2017-08-15,29.029219
2017-08-16,28.975965
2017-08-17,28.910002
2017-08-18,28.855852
2017-08-19,28.813068
2017-08-20,28.775549
2017-08-21,28.739046
2017-08-22,28.70691
2017-08-23,28.691872
2017-08-24,28.66359
2017-08-25,28.659626
2017-08-26,28.66229
2017-08-27,28.645893
2017-08-28,28.649776
2017-08-29,28.675343
2017-08-30,28.791752
2017-08-31,28.790665
2017-09-01,28.84441
2017-09-02,28.839357
2017-09-03,28.961517
2017-09-04,28.98865
2017-09-05,29.008142
2017-09-06,29.117126
2017-09-07,29.270887
2017-09-08,29.236902
2017-09-09,29.247015
2017-09-10,29.301289
2017-09-11,29.356749
2017-09-12,29.49673
2017-09-13,29.453121
2017-09-14,29.361229
2017-09-15,29.277512
2017-09-16,29.2128
2017-09-17,29.096033
2017-09-18,28.999956
2017-09-19,28.962149
2017-09-20,28.97307
2017-09-21,29.004293
2017-09-22,29.054617
2017-09-23,29.104101
2017-09-24,29.029533
2017-09-25,28.969995
2017-09-26,28.898787
2017-09-27,28.857792
2017-09-28,28.866642
2017-09-29,28.890963
2017-09-30,28.935804
2017-10-01,28.965569
2017-10-02,29.054615
2017-10-03,29.04626
2017-10-04,29.041704
2017-10-05,28.976444
2017-10-06,28.983215
2017-10-07,29.092113
2017-10-08,29.257175
2017-10-09,29.483198
2017-10-10,29.635471
2017-10-11,29.47317
2017-10-12,29.397564
2017-10-13,29.365688
2017-10-14,29.308311
2017-10-15,29.205273
2017-10-16,29.139383
2017-10-17,29.10668
2017-10-18,29.04475
2017-10-19,29.002281
2017-10-20,29.005173
2017-10-21,29.02164
2017-10-22,29.02516
2017-10-23,29.143364
2017-10-24,29.313917
2017-10-25,29.326504
2017-10-26,29.317907
2017-10-27,29.333546
2017-10-28,29.356903
2017-10-29,29.237247
2017-10-30,29.155586
2017-10-31,29.111935
2017-11-01,29.083342
2017-11-02,29.11298
2017-11-03,29.06698
2017-11-04,29.037945
2017-11-05,29.020582
2017-11-06,29.021296
2017-11-07,28.975702
2017-11-08,28.927603
2017-11-09,28.875715
2017-11-10,28.837158
2017-11-11,28.84322
2017-11-12,28.803057
2017-11-13,28.835468
2017-11-14,28.81922
2017-11-15,28.867424
2017-11-16,28.910374
2017-11-17,29.047392
2017-11-18,29.157043
2017-11-19,29.140991
2017-11-20,29.101566
2017-11-21,29.049902
2017-11-22,28.958536
2017-11-23,28.91101
2017-11-24,28.873209
2017-11-25,28.836008
2017-11-26,28.813187
2017-11-27,28.77578
2017-11-28,28.738085
2017-11-29,28.713907
2017-11-30,28.68083
2017-12-01,28.63569
2017-12-02,28.628319
2017-12-03,28.615503
2017-12-04,28.595478
2017-12-05,28.569275
2017-12-06,28.535316
2017-12-07,28.502928
2017-12-08,28.503935
2017-12-09,28.604723
2017-12-10,28.629356
2017-12-11,28.654902
2017-12-12,28.687572
2017-12-13,28.606758
2017-12-14,28.597889
2017-12-15,28.520779
2017-12-16,28.450344
2017-12-17,28.379019
2017-12-18,28.3396
2017-12-19,28.304228
2017-12-20,28.235458
2017-12-21,28.144001
2017-12-22,28.084047
2017-12-23,28.037434
2017-12-24,28.018549
2017-12-25,28.020464
2017-12-26,28.002811
2017-12-27,27.962652
2017-12-28,27.953466
2017-12-29,27.950546
2017-12-30,27.958853
2017-12-31,27.979517
2018-01-01,28.008764
2018-01-02,28.023403
2018-01-03,28.02798
2018-01-04,27.950762
2018-01-05,27.883457
2018-01-06,27.835224
2018-01-07,27.836475
2018-01-08,27.839981
2018-01-09,27.840193
2018-01-10,27.8238
2018-01-11,27.810831
2018-01-12,27.830763
2018-01-13,27.815786
2018-01-14,27.797453
2018-01-15,27.780724
2018-01-16,27.73315
2018-01-17,27.685497
2018-01-18,27.633783
2018-01-19,27.61239
2018-01-20,27.586
2018-01-21,27.552475
2018-01-22,27.56026
2018-01-23,27.55482
2018-01-24,27.56363
2018-01-25,27.56552
2018-01-26,27.564306
2018-01-27,27.570074
2018-01-28,27.55497
2018-01-29,27.531378
2018-01-30,27.493635
2018-01-31,27.462214
2018-02-01,27.440054
2018-02-02,27.418268
2018-02-03,27.388607
2018-02-04,27.418253
2018-02-05,27.421095
2018-02-06,27.479942
2018-02-07,27.56754
2018-02-08,27.492207
2018-02-09,27.53559
2018-02-10,27.532766
2018-02-11,27.453115
2018-02-12,27.46777
2018-02-13,27.509577
2018-02-14,27.548708
2018-02-15,27.509295
2018-02-16,27.453598
2018-02-17,27.420088
2018-02-18,27.427868
2018-02-19,27.398043
2018-02-20,27.385643
2018-02-21,27.388346
2018-02-22,27.454117
2018-02-23,27.496946
2018-02-24,27.529377
2018-02-25,27.56499
2018-02-26,27.705057
2018-02-27,27.801054
2018-02-28,27.822096
2018-03-01,27.845133
2018-03-02,27.865025
2018-03-03,27.950699
2018-03-04,27.97862
2018-03-05,27.977001
2018-03-06,27.986298
2018-03-07,27.998617
2018-03-08,28.075933
2018-03-09,28.18562
2018-03-10,28.239546
2018-03-11,28.342405
2018-03-12,28.478823
2018-03-13,28.458189
2018-03-14,28.635813
2018-03-15,28.66035
2018-03-16,28.73317
2018-03-17,28.713306
2018-03-18,28.685349
2018-03-19,28.734686
2018-03-20,28.81037
2018-03-21,28.952953
2018-03-22,28.934654
2018-03-23,28.974297
2018-03-24,28.925745
2018-03-25,28.931526
2018-03-26,29.124077
2018-03-27,29.333921
2018-03-28,29.288502
2018-03-29,29.364496
2018-03-30,29.392233
2018-03-31,29.410662
2018-04-01,29.468094
2018-04-02,29.434093
2018-04-03,29.572405
2018-04-04,29.645391
2018-04-05,29.79803
2018-04-06,29.724724
2018-04-07,29.696112
2018-04-08,29.510633
2018-04-09,29.508512
2018-04-10,29.53391
2018-04-11,29.613853
2018-04-12,29.675825
2018-04-13,29.668776
2018-04-14,29.862022
2018-04-15,30.011171
2018-04-16,30.085138
2018-04-17,30.240889
2018-04-18,30.297976
2018-04-19,30.3335
2018-04-20,30.377108
2018-04-21,30.369255
2018-04-22,30.438494
2018-04-23,30.478909
2018-04-24,30.506641
2018-04-25,30.510921
2018-04-26,30.49255
2018-04-27,30.512394
2018-04-28,30.432165
2018-04-29,30.481115
2018-04-30,30.471336
2018-05-01,30.443697
2018-05-02,30.446693
2018-05-03,30.437897
2018-05-04,30.366226
2018-05-05,30.369495
2018-05-06,30.289726
2018-05-07,30.343037
2018-05-08,30.354996
2018-05-09,30.431362
2018-05-10,30.4851
2018-05-11,30.510036
2018-05-12,30.575314
2018-05-13,30.538258
2018-05-14,30.66079
2018-05-15,30.61416
2018-05-16,30.637302
2018-05-17,30.647646
2018-05-18,30.580492
2018-05-19,30.574865
2018-05-20,30.581858
2018-05-21,30.657545
2018-05-22,30.69343
2018-05-23,30.650133
2018-05-24,30.571918
2018-05-25,30.522408
2018-05-26,30.429758
2018-05-27,30.327715
2018-05-28,30.243816
2018-05-29,30.184408
2018-05-30,30.15608
2018-05-31,30.137218
2018-06-01,30.083992
2018-06-02,30.05353
2018-06-03,30.025402
2018-06-04,30.00712
2018-06-05,29.990126
2018-06-06,29.949743
2018-06-07,29.879942
2018-06-08,29.79932
2018-06-09,29.738718
2018-06-10,29.682291
2018-06-11,29.609768
2018-06-12,29.539541
2018-06-13,29.485842
2018-06-14,29.45918
2018-06-15,29.440235
2018-06-16,29.408627
2018-06-17,29.396633
2018-06-18,29.380383
2018-06-19,29.351746
2018-06-20,29.29163
2018-06-21,29.259052
2018-06-22,29.236988
2018-06-23,29.215425
2018-06-24,29.18703
2018-06-25,29.163914
2018-06-26,29.121925
2018-06-27,29.089989
2018-06-28,29.062996
2018-06-29,29.096838
2018-06-30,29.108961
2018-07-01,29.09429
2018-07-02,29.0603
2018-07-03,29.055311
2018-07-04,29.034101
2018-07-05,29.00359
2018-07-06,28.9562
2018-07-07,28.93496
2018-07-08,28.925016
2018-07-09,28.907255
2018-07-10,28.853989
2018-07-11,28.794615
2018-07-12,28.758095
2018-07-13,28.729174
2018-07-14,28.698025
2018-07-15,28.669682
2018-07-16,28.68155
2018-07-17,28.715237
2018-07-18,28.68102
2018-07-19,28.663406
2018-07-20,28.64335
2018-07-21,28.631584
2018-07-22,28.655788
2018-07-23,28.718771
2018-07-24,28.77238
2018-07-25,28.80353
2018-07-26,28.824017
2018-07-27,28.82557
2018-07-28,28.814644
2018-07-29,28.806864
2018-07-30,28.779196
2018-07-31,28.748617
2018-08-01,28.7194
2018-08-02,28.695038
2018-08-03,28.675074
2018-08-04,28.661476
2018-08-05,28.658787
2018-08-06,28.618465
2018-08-07,28.570879
2018-08-08,28.555304
2018-08-09,28.564484
2018-08-10,28.521973
2018-08-11,28.474617
2018-08-12,28.431805
2018-08-13,28.379313
2018-08-14,28.34839
2018-08-15,28.332481
2018-08-16,28.321104
2018-08-17,28.327068
2018-08-18,28.314165
2018-08-19,28.30774
2018-08-20,28.324959
2018-08-21,28.39731
2018-08-22,28.440975
2018-08-23,28.455376
2018-08-24,28.43991
2018-08-25,28.420807
2018-08-26,28.422178
2018-08-27,28.431608
2018-08-28,28.41748
2018-08-29,28.416338
2018-08-30,28.410334
2018-08-31,28.387394
2018-09-01,28.375242
2018-09-02,28.397732
2018-09-03,28.42869
2018-09-04,28.403584
2018-09-05,28.394756
2018-09-06,28.416683
2018-09-07,28.452389
2018-09-08,28.608038
2018-09-09,28.866129
2018-09-10,28.784918
2018-09-11,28.851048
2018-09-12,28.826323
2018-09-13,28.833136
2018-09-14,28.796766
2018-09-15,28.729273
2018-09-16,28.687002
2018-09-17,28.610838
2018-09-18,28.543455
2018-09-19,28.472467
2018-09-20,28.408028
2018-09-21,28.436115
2018-09-22,28.653852
2018-09-23,28.786585
2018-09-24,28.820375
2018-09-25,28.891758
2018-09-26,29.05817
2018-09-27,29.06921
2018-09-28,29.222063
2018-09-29,29.376898
2018-09-30,29.452387
2018-10-01,29.428923
2018-10-02,29.480694
2018-10-03,29.54121
2018-10-04,29.475029
2018-10-05,29.424746
2018-10-06,29.445574
2018-10-07,29.323309
2018-10-08,29.188347
2018-10-09,29.097916
2018-10-10,29.050755
2018-10-11,29.02642
2018-10-12,29.030159
2018-10-13,29.120174
2018-10-14,29.276443
2018-10-15,29.31623
2018-10-16,29.341936
2018-10-17,29.225643
2018-10-18,29.265757
2018-10-19,29.428871
2018-10-20,29.315544
2018-10-21,29.293037
2018-10-22,29.315586
2018-10-23,29.384855
2018-10-24,29.383743
2018-10-25,29.349426
2018-10-26,29.21356
2018-10-27,29.183697
2018-10-28,29.15314
2018-10-29,29.181164
2018-10-30,29.194237
2018-10-31,29.17159
2018-11-01,29.17567
2018-11-02,29.145102
2018-11-03,29.126455
2018-11-04,29.097181
2018-11-05,29.102205
2018-11-06,29.070324
2018-11-07,29.072927
2018-11-08,29.060364
2018-11-09,28.986444
2018-11-10,28.930487
2018-11-11,28.86076
2018-11-12,28.826015
2018-11-13,28.791039
2018-11-14,28.813229
2018-11-15,28.813759
2018-11-16,28.826866
2018-11-17,28.90021
2018-11-18,28.834837
2018-11-19,28.865211
2018-11-20,28.883095
2018-11-21,28.85962
2018-11-22,28.826345
2018-11-23,28.802597
2018-11-24,28.78735
2018-11-25,28.746529
2018-11-26,28.716959
2018-11-27,28.69492
2018-11-28,28.67859
2018-11-29,28.67313
2018-11-30,28.63742
2018-12-01,28.626013
2018-12-02,28.616398
2018-12-03,28.641264
2018-12-04,28.645006
2018-12-05,28.670746
2018-12-06,28.636333
2018-12-07,28.612312
2018-12-08,28.57567
2018-12-09,28.54289
2018-12-10,28.501617
2018-12-11,28.4612
2018-12-12,28.43742
2018-12-13,28.426098
2018-12-14,28.414429
2018-12-15,28.40412
2018-12-16,28.393032
2018-12-17,28.41007
2018-12-18,28.441458
2018-12-19,28.368555
2018-12-20,28.346842
2018-12-21,28.39602
2018-12-22,28.383108
2018-12-23,28.369545
2018-12-24,28.360224
2018-12-25,28.358967
2018-12-26,28.339725
2018-12-27,28.25424
2018-12-28,28.184938
2018-12-29,28.1036
2018-12-30,28.023449
2018-12-31,27.969803
2019-01-01,27.92696
2019-01-02,27.917048
2019-01-03,27.921059
2019-01-04,27.884298
2019-01-05,27.856174
2019-01-06,27.85815
2019-01-07,27.887114
2019-01-08,27.961294
2019-01-09,27.952349
2019-01-10,27.919222
2019-01-11,27.88851
2019-01-12,27.87419
2019-01-13,27.861053
2019-01-14,27.858116
2019-01-15,27.817898
2019-01-16,27.752243
2019-01-17,27.705345
2019-01-18,27.688837
2019-01-19,27.68615
2019-01-20,27.683273
2019-01-21,27.670128
2019-01-22,27.696636
2019-01-23,27.72509
2019-01-24,27.77356
2019-01-25,27.737104
2019-01-26,27.737652
2019-01-27,27.717907
2019-01-28,27.718206
2019-01-29,27.698977
2019-01-30,27.648438
2019-01-31,27.626095
2019-02-01,27.66409
2019-02-02,27.66283
2019-02-03,27.666065
2019-02-04,27.647655
2019-02-05,27.639431
2019-02-06,27.64945
2019-02-07,27.675968
2019-02-08,27.802685
2019-02-09,27.802769
2019-02-10,27.71542
2019-02-11,27.673223
2019-02-12,27.698755
2019-02-13,27.722795
2019-02-14,27.777727
2019-02-15,27.861
2019-02-16,27.993492
2019-02-17,28.098469
2019-02-18,28.163797
2019-02-19,28.02276
2019-02-20,27.938
2019-02-21,27.912987
2019-02-22,27.927502
2019-02-23,28.058542
2019-02-24,28.12055
2019-02-25,28.210224
2019-02-26,28.135008
2019-02-27,28.288385
2019-02-28,28.372377
2019-03-01,28.252708
2019-03-02,28.209465
2019-03-03,28.174124
2019-03-04,28.309944
2019-03-05,28.21499
2019-03-06,28.324871
2019-03-07,28.429071
2019-03-08,28.525095
2019-03-09,28.49975
2019-03-10,28.455679
2019-03-11,28.415445
2019-03-12,28.415592
2019-03-13,28.412207
2019-03-14,28.53477
2019-03-15,28.629412
2019-03-16,28.659288
2019-03-17,28.739067
2019-03-18,28.74823
2019-03-19,28.853191
2019-03-20,29.01465
2019-03-21,28.948925
2019-03-22,29.001537
2019-03-23,28.98409
2019-03-24,29.082752
2019-03-25,29.055712
2019-03-26,29.105572
2019-03-27,29.129662
2019-03-28,29.150986
2019-03-29,29.326223
2019-03-30,29.369951
2019-03-31,29.383768
2019-04-01,29.426067
2019-04-02,29.498724
2019-04-03,29.467913
2019-04-04,29.603628
2019-04-05,29.633734
2019-04-06,29.633698
2019-04-07,29.686283
2019-04-08,29.858797
2019-04-09,29.88466
2019-04-10,29.852373
2019-04-11,29.985222
2019-04-12,30.007238
2019-04-13,30.157665
2019-04-14,30.239538
2019-04-15,30.343128
2019-04-16,30.423185
2019-04-17,30.545916
2019-04-18,30.590952
2019-04-19,30.63491
2019-04-20,30.653244
2019-04-21,30.696077
2019-04-22,30.58254
2019-04-23,30.789122
2019-04-24,30.713438
2019-04-25,30.917105
2019-04-26,31.046204
2019-04-27,31.019537
2019-04-28,30.914608
2019-04-29,30.657804
2019-04-30,30.334461
2019-05-01,30.097298
2019-05-02,30.034174
2019-05-03,30.036972
2019-05-04,30.01658
2019-05-05,30.01035
2019-05-06,30.000488
2019-05-07,29.978691
2019-05-08,29.96809
2019-05-09,30.014168
2019-05-10,30.068508
2019-05-11,30.117647
2019-05-12,30.13983
2019-05-13,30.164967
2019-05-14,30.226013
2019-05-15,30.276583
2019-05-16,30.257877
2019-05-17,30.238098
2019-05-18,30.26095
2019-05-19,30.328184
2019-05-20,30.38384
2019-05-21,30.400919
2019-05-22,30.369734
2019-05-23,30.34491
2019-05-24,30.316162
2019-05-25,30.305206
2019-05-26,30.30839
2019-05-27,30.318378
2019-05-28,30.314417
2019-05-29,30.283827
2019-05-30,30.289322
2019-05-31,30.243483
2019-06-01,30.195534
2019-06-02,30.200369
2019-06-03,30.21441
2019-06-04,30.306898
2019-06-05,30.276787
2019-06-06,30.304813
2019-06-07,30.256723
2019-06-08,30.197956
2019-06-09,30.118774
2019-06-10,30.02877
2019-06-11,29.966824
2019-06-12,29.911448
2019-06-13,29.871641
2019-06-14,29.836962
2019-06-15,29.79864
2019-06-16,29.766682
2019-06-17,29.712612
2019-06-18,29.665216
2019-06-19,29.609138
2019-06-20,29.592085
2019-06-21,29.620705
2019-06-22,29.711124
2019-06-23,29.786701
2019-06-24,29.796297
2019-06-25,29.699072
2019-06-26,29.597115
2019-06-27,29.583147
2019-06-28,29.53562
2019-06-29,29.499256
2019-06-30,29.488113
2019-07-01,29.486315
2019-07-02,29.484396
2019-07-03,29.511902
2019-07-04,29.463394
2019-07-05,29.40921
2019-07-06,29.373003
2019-07-07,29.384798
2019-07-08,29.38038
2019-07-09,29.377907
2019-07-10,29.35732
2019-07-11,29.37271
2019-07-12,29.422337
2019-07-13,29.386757
2019-07-14,29.359991
2019-07-15,29.333889
2019-07-16,29.332865
2019-07-17,29.310223
2019-07-18,29.35432
2019-07-19,29.411713
2019-07-20,29.44421
2019-07-21,29.33343
2019-07-22,29.35137
2019-07-23,29.333576
2019-07-24,29.338696
2019-07-25,29.302536
2019-07-26,29.278196
2019-07-27,29.228205
2019-07-28,29.206617
2019-07-29,29.18849
2019-07-30,29.18618
2019-07-31,29.159119
2019-08-01,29.107817
2019-08-02,29.039242
2019-08-03,29.005098
2019-08-04,28.980537
2019-08-05,28.906834
2019-08-06,28.824568
2019-08-07,28.775688
2019-08-08,28.751621
2019-08-09,28.746248
2019-08-10,28.734238
2019-08-11,28.721601
2019-08-12,28.733252
2019-08-13,28.770962
2019-08-14,28.829996
2019-08-15,28.884651
2019-08-16,28.902628
2019-08-17,28.856253
2019-08-18,28.863571
2019-08-19,28.915562
2019-08-20,28.91207
2019-08-21,28.890875
2019-08-22,28.851227
2019-08-23,28.826254
2019-08-24,28.808846
2019-08-25,28.773169
2019-08-26,28.74313
2019-08-27,28.716373
2019-08-28,28.70372
2019-08-29,28.701931
2019-08-30,28.658266
2019-08-31,28.615602
2019-09-01,28.599064
2019-09-02,28.600916
2019-09-03,28.578785
2019-09-04,28.547934
2019-09-05,28.534143
2019-09-06,28.519222
2019-09-07,28.514353
2019-09-08,28.550386
2019-09-09,28.587635
2019-09-10,28.56388
2019-09-11,28.528908
2019-09-12,28.539373
2019-09-13,28.562998
2019-09-14,28.562754
2019-09-15,28.50957
2019-09-16,28.4831
2019-09-17,28.511951
2019-09-18,28.49705
2019-09-19,28.493065
2019-09-20,28.521719
2019-09-21,28.614386
2019-09-22,28.536942
2019-09-23,28.473114
2019-09-24,28.522612
2019-09-25,28.678537
2019-09-26,28.808697
2019-09-27,28.865215
2019-09-28,29.005493
2019-09-29,29.188078
2019-09-30,29.355316
2019-10-01,29.515043
2019-10-02,29.623219
2019-10-03,29.70805
2019-10-04,29.756336
2019-10-05,29.889051
2019-10-06,29.918322
2019-10-07,29.925482
2019-10-08,29.83514
2019-10-09,29.832485
2019-10-10,29.922146
2019-10-11,30.049286
2019-10-12,30.119528
2019-10-13,30.074894
2019-10-14,29.960438
2019-10-15,29.804632
2019-10-16,29.770273
2019-10-17,29.797642
2019-10-18,29.766287
2019-10-19,29.746399
2019-10-20,29.710987
2019-10-21,29.698174
2019-10-22,29.766457
2019-10-23,29.800367
2019-10-24,29.83194
2019-10-25,29.78965
2019-10-26,29.800741
2019-10-27,29.752232
2019-10-28,29.731565
2019-10-29,29.72986
2019-10-30,29.813326
2019-10-31,29.709167
2019-11-01,29.73128
2019-11-02,29.785774
2019-11-03,29.708492
2019-11-04,29.542706
2019-11-05,29.454927
2019-11-06,29.365921
2019-11-07,29.289371
2019-11-08,29.226547
2019-11-09,29.223373
2019-11-10,29.342426
2019-11-11,29.45258
2019-11-12,29.420235
2019-11-13,29.309958
2019-11-14,29.281431
2019-11-15,29.345486
2019-11-16,29.427702
2019-11-17,29.404678
2019-11-18,29.372524
2019-11-19,29.337643
2019-11-20,29.303648
2019-11-21,29.262121
2019-11-22,29.232994
2019-11-23,29.204617
2019-11-24,29.17684
2019-11-25,29.11958
2019-11-26,29.083694
2019-11-27,29.06582
2019-11-28,29.053257
2019-11-29,29.038948
2019-11-30,29.045176
2019-12-01,29.048862
2019-12-02,29.021933
2019-12-03,28.987028
2019-12-04,28.9245
2019-12-05,28.85132
2019-12-06,28.752787
2019-12-07,28.630611
2019-12-08,28.531206
2019-12-09,28.460772
2019-12-10,28.41281
2019-12-11,28.361881
2019-12-12,28.31397
2019-12-13,28.280815
2019-12-14,28.261076
2019-12-15,28.230087
2019-12-16,28.216911
2019-12-17,28.200422
2019-12-18,28.206408
2019-12-19,28.162312
2019-12-20,28.11734
2019-12-21,28.073935
2019-12-22,28.043472
2019-12-23,28.018682
2019-12-24,27.961203
2019-12-25,27.887465
2019-12-26,27.858551
2019-12-27,27.838459
2019-12-28,27.78625
2019-12-29,27.770287
2019-12-30,27.782797
2019-12-31,27.795332
2020-01-01,27.836697
2020-01-02,27.879084
2020-01-03,27.91226
2020-01-04,28.015762
2020-01-05,28.025091
2020-01-06,27.934446
2020-01-07,27.890823
2020-01-08,27.861748
2020-01-09,27.872507
2020-01-10,27.811686
2020-01-11,27.755835
2020-01-12,27.688147
2020-01-13,27.622477
2020-01-14,27.594923
2020-01-15,27.58037
2020-01-16,27.626535
2020-01-17,27.657385
2020-01-18,27.669783
2020-01-19,27.72902
2020-01-20,27.73573
2020-01-21,27.761766
2020-01-22,27.786095
2020-01-23,27.785648
2020-01-24,27.746119
2020-01-25,27.673466
2020-01-26,27.602997
2020-01-27,27.529118
2020-01-28,27.438326
2020-01-29,27.373371
2020-01-30,27.418598
2020-01-31,27.45672
2020-02-01,27.4193
2020-02-02,27.40914
2020-02-03,27.409895
2020-02-04,27.394186
2020-02-05,27.392647
2020-02-06,27.403316
2020-02-07,27.393286
2020-02-08,27.412373
2020-02-09,27.407202
2020-02-10,27.406233
2020-02-11,27.42009
2020-02-12,27.419214
2020-02-13,27.408377
2020-02-14,27.497854
2020-02-15,27.508116
2020-02-16,27.450882
2020-02-17,27.401218
2020-02-18,27.431604
2020-02-19,27.436388
2020-02-20,27.449507
2020-02-21,27.493095
2020-02-22,27.517872
2020-02-23,27.572083
2020-02-24,27.634035
2020-02-25,27.710924
2020-02-26,27.73104
2020-02-27,27.70067
2020-02-28,27.692732
2020-02-29,27.730476
2020-03-01,27.728148
2020-03-02,27.783163
2020-03-03,27.793701
2020-03-04,27.817266
2020-03-05,27.868326
2020-03-06,27.922203
2020-03-07,27.992476
2020-03-08,27.960672
2020-03-09,27.951761
2020-03-10,28.008915
2020-03-11,28.032663
2020-03-12,28.075043
2020-03-13,28.05619
2020-03-14,28.174307
2020-03-15,28.254921
2020-03-16,28.469858
2020-03-17,28.610207
2020-03-18,28.546795
2020-03-19,28.594814
2020-03-20,28.56139
2020-03-21,28.672274
2020-03-22,28.674286
2020-03-23,28.634758
2020-03-24,28.529232
2020-03-25,28.605982
2020-03-26,28.59625
2020-03-27,28.664827
2020-03-28,28.736897
2020-03-29,28.87313
2020-03-30,28.947771
2020-03-31,29.01726
2020-04-01,29.100248
2020-04-02,29.229631
2020-04-03,29.332382
2020-04-04,29.307846
2020-04-05,29.444921
2020-04-06,29.496794
2020-04-07,29.645344
2020-04-08,29.711233
2020-04-09,29.831013
2020-04-10,29.843208
2020-04-11,29.818447
2020-04-12,29.937187
2020-04-13,30.064943
2020-04-14,30.103424
2020-04-15,30.207573
2020-04-16,30.327072
2020-04-17,30.468462
2020-04-18,30.511179
2020-04-19,30.45093
2020-04-20,30.4845
2020-04-21,30.555553
2020-04-22,30.619902
2020-04-23,30.712942
2020-04-24,30.80443
2020-04-25,30.79279
2020-04-26,30.749262
2020-04-27,30.79299
2020-04-28,30.707972
2020-04-29,30.808977
2020-04-30,30.822329
2020-05-01,31.002708
2020-05-02,30.998913
2020-05-03,31.055965
2020-05-04,31.121037
2020-05-05,31.223814
2020-05-06,31.317076
2020-05-07,31.285385
2020-05-08,31.277994
2020-05-09,31.28391
2020-05-10,31.408081
2020-05-11,31.292006
2020-05-12,31.270674
2020-05-13,31.134132
2020-05-14,30.910456
2020-05-15,30.801928
2020-05-16,30.633833
2020-05-17,30.340992
2020-05-18,29.964567
2020-05-19,29.720884
2020-05-20,29.748446
2020-05-21,29.788452
2020-05-22,29.930906
2020-05-23,30.10885
2020-05-24,30.158543
2020-05-25,30.041174
2020-05-26,30.016518
2020-05-27,29.973509
2020-05-28,29.94773
2020-05-29,29.944721
2020-05-30,29.994383
2020-05-31,30.069408
2020-06-01,30.159458
2020-06-02,30.115168
2020-06-03,30.133736
2020-06-04,30.041546
2020-06-05,29.990587
2020-06-06,29.875383
2020-06-07,29.789568
2020-06-08,29.744156
2020-06-09,29.674776
2020-06-10,29.583206
2020-06-11,29.536768
2020-06-12,29.494318
2020-06-13,29.556286
2020-06-14,29.586466
2020-06-15,29.57269
2020-06-16,29.548859
2020-06-17,29.530434
2020-06-18,29.561241
2020-06-19,29.61211
2020-06-20,29.636332
2020-06-21,29.6395
2020-06-22,29.679781
2020-06-23,29.788116
2020-06-24,29.818375
2020-06-25,29.810326
2020-06-26,29.782621
2020-06-27,29.80483
2020-06-28,29.796906
2020-06-29,29.776356
2020-06-30,29.697117
2020-07-01,29.666592
2020-07-02,29.63146
2020-07-03,29.569029
2020-07-04,29.513859
2020-07-05,29.478218
2020-07-06,29.487606
2020-07-07,29.5277
2020-07-08,29.520666
2020-07-09,29.590813
2020-07-10,29.572128
2020-07-11,29.55189
2020-07-12,29.533201
2020-07-13,29.47133
2020-07-14,29.443464
2020-07-15,29.440504
2020-07-16,29.395805
2020-07-17,29.355701
2020-07-18,29.493977
2020-07-19,29.514038
2020-07-20,29.583717
2020-07-21,29.560991
2020-07-22,29.545351
2020-07-23,29.51972
2020-07-24,29.635803
2020-07-25,29.914627
2020-07-26,29.895592
2020-07-27,29.923428
2020-07-28,29.807571
2020-07-29,29.679224
2020-07-30,29.597254
2020-07-31,29.554512
2020-08-01,29.499374
2020-08-02,29.427176
2020-08-03,29.349955
2020-08-04,29.267838
2020-08-05,29.225967
2020-08-06,29.2207
2020-08-07,29.199295
2020-08-08,29.156712
2020-08-09,29.11951
2020-08-10,29.110865
2020-08-11,29.138176
2020-08-12,29.122543
2020-08-13,29.079258
2020-08-14,29.046427
2020-08-15,29.037628
2020-08-16,29.074636
2020-08-17,29.108397
2020-08-18,29.105629
2020-08-19,29.094654
2020-08-20,29.103716
2020-08-21,29.145187
2020-08-22,29.17065
2020-08-23,29.17298
2020-08-24,29.240871
2020-08-25,29.282225
2020-08-26,29.294462
2020-08-27,29.348839
2020-08-28,29.399488
2020-08-29,29.483814
2020-08-30,29.672958
2020-08-31,29.782625
2020-09-01,29.867413
2020-09-02,29.793938
2020-09-03,29.86666
2020-09-04,30.108421
2020-09-05,30.11897
2020-09-06,29.98071
2020-09-07,29.983559
2020-09-08,29.992142
2020-09-09,29.90763
2020-09-10,29.814497
2020-09-11,29.729044
2020-09-12,29.646576
2020-09-13,29.629646
2020-09-14,29.592667
2020-09-15,29.560167
2020-09-16,29.521257
2020-09-17,29.483727
2020-09-18,29.414232
2020-09-19,29.312677
2020-09-20,29.23603
2020-09-21,29.195621
2020-09-22,29.243366
2020-09-23,29.29739
2020-09-24,29.261246
2020-09-25,29.168493
2020-09-26,29.191412
2020-09-27,29.146154
2020-09-28,29.105444
2020-09-29,29.022215
2020-09-30,28.985785
2020-10-01,28.952702
2020-10-02,28.945112
2020-10-03,28.92401
2020-10-04,28.922604
2020-10-05,29.004639
2020-10-06,29.08299
2020-10-07,29.117966
2020-10-08,29.201982
2020-10-09,29.005688
2020-10-10,28.902378
2020-10-11,28.862066
2020-10-12,28.827732
2020-10-13,28.793753
2020-10-14,28.770864
2020-10-15,28.757372
2020-10-16,28.836008
2020-10-17,28.853666
2020-10-18,28.786953
2020-10-19,28.747458
2020-10-20,28.758451
2020-10-21,28.762989
2020-10-22,28.809906
2020-10-23,28.843685
2020-10-24,28.884533
2020-10-25,28.858213
2020-10-26,28.94411
2020-10-27,29.057926
2020-10-28,29.091871
2020-10-29,29.047642
2020-10-30,29.039392
2020-10-31,29.06937
2020-11-01,29.214243
2020-11-02,29.3313
2020-11-03,29.28483
2020-11-04,29.369074
2020-11-05,29.327814
2020-11-06,29.30427
2020-11-07,29.26913
2020-11-08,29.247322
2020-11-09,29.231153
2020-11-10,29.19226
2020-11-11,29.164457
2020-11-12,29.147352
2020-11-13,29.120407
2020-11-14,29.090282
2020-11-15,29.069387
2020-11-16,29.07768
2020-11-17,29.076853
2020-11-18,29.095205
2020-11-19,29.051153
2020-11-20,29.009455
2020-11-21,28.984816
2020-11-22,28.920633
2020-11-23,28.888142
2020-11-24,28.867107
2020-11-25,28.855904
2020-11-26,28.875746
2020-11-27,28.870174
2020-11-28,28.834776
2020-11-29,28.806393
2020-11-30,28.774666
2020-12-01,28.749506
2020-12-02,28.732388
2020-12-03,28.73673
2020-12-04,28.716124
2020-12-05,28.691792
2020-12-06,28.681898
2020-12-07,28.677025
2020-12-08,28.642603
2020-12-09,28.605282
2020-12-10,28.577408
2020-12-11,28.517971
2020-12-12,28.494001
2020-12-13,28.46363
2020-12-14,28.435045
2020-12-15,28.419445
2020-12-16,28.41241
2020-12-17,28.414722
2020-12-18,28.408804
2020-12-19,28.387106
2020-12-20,28.351742
2020-12-21,28.328833
2020-12-22,28.304262
2020-12-23,28.275755
2020-12-24,28.241415
2020-12-25,28.231342
2020-12-26,28.225107
2020-12-27,28.245998
2020-12-28,28.29897
2020-12-29,28.281382
2020-12-30,28.260357
2020-12-31,28.229156
2021-01-01,28.221182
2021-01-02,28.194946
2021-01-03,28.160194
2021-01-04,28.16608
2021-01-05,28.188837
2021-01-06,28.213465
2021-01-07,28.244223
2021-01-08,28.245224
2021-01-09,28.235657
2021-01-10,28.260164
2021-01-11,28.25104
2021-01-12,28.224764
2021-01-13,28.224016
2021-01-14,28.199282
2021-01-15,28.172932
2021-01-16,28.11393
2021-01-17,28.057606
2021-01-18,28.025036
2021-01-19,28.045969
2021-01-20,28.112192
2021-01-21,28.135817
2021-01-22,28.03819
2021-01-23,27.992867
2021-01-24,27.94715
2021-01-25,27.90079
2021-01-26,27.874332
2021-01-27,27.865602
2021-01-28,27.862679
2021-01-29,27.912212
2021-01-30,27.917963
2021-01-31,27.922573
2021-02-01,27.873957
2021-02-02,27.847334
2021-02-03,27.807459
2021-02-04,27.79164
2021-02-05,27.820263
2021-02-06,27.84796
2021-02-07,27.841742
2021-02-08,27.781666
2021-02-09,27.7301
2021-02-10,27.701273
2021-02-11,27.702599
2021-02-12,27.702875
2021-02-13,27.724155
2021-02-14,27.737589
2021-02-15,27.769627
2021-02-16,27.763924
2021-02-17,27.756908
2021-02-18,27.765516
2021-02-19,27.765678
2021-02-20,27.771458
2021-02-21,27.81491
2021-02-22,27.895824
2021-02-23,27.939802
2021-02-24,28.049541
2021-02-25,28.045443
2021-02-26,28.051071
2021-02-27,28.110544
2021-02-28,28.153141
2021-03-01,28.102333
2021-03-02,28.118637
2021-03-03,28.096977
2021-03-04,28.161615
2021-03-05,28.273993
2021-03-06,28.473654
2021-03-07,28.506187
2021-03-08,28.47779
2021-03-09,28.588333
2021-03-10,28.588425
2021-03-11,28.640274
2021-03-12,28.686522
2021-03-13,28.777594
2021-03-14,28.838459
2021-03-15,28.833399
2021-03-16,28.88198
2021-03-17,28.84178
2021-03-18,28.82629
2021-03-19,28.884134
2021-03-20,28.93762
2021-03-21,28.948936
2021-03-22,29.03333
2021-03-23,29.016615
2021-03-24,29.193483
2021-03-25,29.311487
2021-03-26,29.336609
2021-03-27,29.48651
2021-03-28,29.496843
2021-03-29,29.427504
2021-03-30,29.413298
2021-03-31,29.49008
2021-04-01,29.35534
2021-04-02,29.40121
2021-04-03,29.437565
2021-04-04,29.58477
2021-04-05,29.513828
2021-04-06,29.580761
2021-04-07,29.670519
2021-04-08,29.768446
2021-04-09,29.799948
2021-04-10,29.79151
2021-04-11,29.895231
2021-04-12,29.930311
2021-04-13,30.034615
2021-04-14,30.138512
2021-04-15,30.093245
2021-04-16,29.956877
2021-04-17,30.027054
2021-04-18,30.133755
2021-04-19,30.143362
2021-04-20,30.336237
2021-04-21,30.417202
2021-04-22,30.36392
2021-04-23,30.378464
2021-04-24,30.416536
2021-04-25,30.497166
2021-04-26,30.510674
2021-04-27,30.59609
2021-04-28,30.774088
2021-04-29,30.887615
2021-04-30,30.849752
2021-05-01,30.881887
2021-05-02,30.915098
2021-05-03,30.876917
2021-05-04,30.98147
2021-05-05,30.977415
2021-05-06,30.960312
2021-05-07,30.859892
2021-05-08,30.883648
2021-05-09,30.999733
2021-05-10,31.161434
2021-05-11,31.216574
2021-05-12,31.200676
2021-05-13,31.181246
2021-05-14,31.270863
2021-05-15,31.383492
2021-05-16,31.51594
2021-05-17,31.62351
2021-05-18,31.48512
2021-05-19,31.394236
2021-05-20,31.237478
2021-05-21,31.094715
2021-05-22,30.895409
2021-05-23,30.632586
2021-05-24,30.347166
2021-05-25,30.15726
2021-05-26,30.090206
2021-05-27,30.096886
2021-05-28,30.219946
2021-05-29,30.302292
2021-05-30,30.36326
2021-05-31,30.356012
2021-06-01,30.389633
2021-06-02,30.633116
2021-06-03,30.607927
2021-06-04,30.643295
2021-06-05,30.508495
2021-06-06,30.458748
2021-06-07,30.365738
2021-06-08,30.25917
2021-06-09,30.134993
2021-06-10,30.055267
2021-06-11,29.983234
2021-06-12,29.904352
2021-06-13,29.84122
2021-06-14,29.765215
2021-06-15,29.702408
2021-06-16,29.665659
2021-06-17,29.647663
2021-06-18,29.645454
2021-06-19,29.695103
2021-06-20,29.720825
2021-06-21,29.697588
2021-06-22,29.643555
2021-06-23,29.601656
2021-06-24,29.560562
2021-06-25,29.52887
2021-06-26,29.526623
2021-06-27,29.593935
2021-06-28,29.682184
2021-06-29,29.622423
2021-06-30,29.609562
2021-07-01,29.568071
2021-07-02,29.526825
2021-07-03,29.575258
2021-07-04,29.622978
2021-07-05,29.78122
2021-07-06,29.647167
2021-07-07,29.601574
2021-07-08,29.571228
2021-07-09,29.52087
2021-07-10,29.436176
2021-07-11,29.41764
2021-07-12,29.364584
2021-07-13,29.387539
2021-07-14,29.436295
2021-07-15,29.438597
2021-07-16,29.447844
2021-07-17,29.425554
2021-07-18,29.393402
2021-07-19,29.34761
2021-07-20,29.318518
2021-07-21,29.277792
2021-07-22,29.23237
2021-07-23,29.209785
2021-07-24,29.180845
2021-07-25,29.154922
2021-07-26,29.135101
2021-07-27,29.136026
2021-07-28,29.139837
2021-07-29,29.164377
2021-07-30,29.19748
2021-07-31,29.220152
2021-08-01,29.217941
2021-08-02,29.19637
2021-08-03,29.186472
2021-08-04,29.186785
2021-08-05,29.171774
2021-08-06,29.163546
2021-08-07,29.183714
2021-08-08,29.272099
2021-08-09,29.360458
2021-08-10,29.357983
2021-08-11,29.315533
2021-08-12,29.282906
2021-08-13,29.267466
2021-08-14,29.24487
2021-08-15,29.18931
2021-08-16,29.152657
2021-08-17,29.133987
2021-08-18,29.155128
2021-08-19,29.167156
2021-08-20,29.2751
2021-08-21,29.313974
2021-08-22,29.320127
2021-08-23,29.304344
2021-08-24,29.263485
2021-08-25,29.20981
2021-08-26,29.17763
2021-08-27,29.155338
2021-08-28,29.15352
2021-08-29,29.131495
2021-08-30,29.133034
2021-08-31,29.219198
2021-09-01,29.225328
2021-09-02,29.12937
2021-09-03,29.052534
2021-09-04,29.014896
2021-09-05,28.967033
2021-09-06,28.946268
2021-09-07,29.000284
2021-09-08,28.998163
2021-09-09,28.934458
2021-09-10,28.856632
2021-09-11,28.835915
2021-09-12,28.833807
2021-09-13,28.830812
2021-09-14,28.849112
2021-09-15,28.82214
2021-09-16,28.773823
2021-09-17,28.803345
2021-09-18,28.912504
2021-09-19,29.059946
2021-09-20,29.055937
2021-09-21,28.97611
2021-09-22,28.936193
2021-09-23,28.914818
2021-09-24,28.969086
2021-09-25,28.986557
2021-09-26,29.00276
2021-09-27,29.026686
2021-09-28,29.025581
2021-09-29,29.239222
2021-09-30,29.347631
2021-10-01,29.23023
2021-10-02,29.235699
2021-10-03,29.200737
2021-10-04,29.190582
2021-10-05,29.163445
2021-10-06,29.135874
2021-10-07,29.087294
2021-10-08,28.98097
2021-10-09,28.930267
2021-10-10,28.94313
2021-10-11,28.999792
2021-10-12,29.004595
2021-10-13,28.978655
2021-10-14,28.928991
2021-10-15,28.920025
2021-10-16,28.861406
2021-10-17,28.90942
2021-10-18,28.96616
2021-10-19,28.984211
2021-10-20,29.138897
2021-10-21,29.229765
2021-10-22,29.417528
2021-10-23,29.33503
2021-10-24,29.27203
2021-10-25,29.223719
2021-10-26,29.238499
2021-10-27,29.237839
2021-10-28,29.242342
2021-10-29,29.244944
2021-10-30,29.318632
2021-10-31,29.350533
2021-11-01,29.37115
2021-11-02,29.31935
2021-11-03,29.331593
2021-11-04,29.435352
2021-11-05,29.427425
2021-11-06,29.425692
2021-11-07,29.445395
2021-11-08,29.32797
2021-11-09,29.292652
2021-11-10,29.232744
2021-11-11,29.192417
2021-11-12,29.176485
2021-11-13,29.201336
2021-11-14,29.211544
2021-11-15,29.184492
2021-11-16,29.124989
2021-11-17,29.068468
2021-11-18,29.068665
2021-11-19,29.040354
2021-11-20,29.066036
2021-11-21,29.033997
2021-11-22,29.027342
2021-11-23,29.010878
2021-11-24,28.96099
2021-11-25,28.926197
2021-11-26,28.948118
2021-11-27,28.947855
2021-11-28,28.924448
2021-11-29,28.921814
2021-11-30,28.908648
2021-12-01,28.8507
2021-12-02,28.760368
2021-12-03,28.766264
2021-12-04,28.791937
2021-12-05,28.873394
2021-12-06,28.863932
2021-12-07,28.78255
2021-12-08,28.73233
2021-12-09,28.705692
2021-12-10,28.684376
2021-12-11,28.670895
2021-12-12,28.65334
2021-12-13,28.62394
2021-12-14,28.599966
2021-12-15,28.581274
2021-12-16,28.546947
2021-12-17,28.503435
2021-12-18,28.448067
2021-12-19,28.418503
2021-12-20,28.401705
2021-12-21,28.394032
2021-12-22,28.340044
2021-12-23,28.304312
2021-12-24,28.246145
2021-12-25,28.204336
2021-12-26,28.190586
2021-12-27,28.185143
2021-12-28,28.18542
2021-12-29,28.209402
2021-12-30,28.22009
2021-12-31,28.231037
2022-01-01,28.231947
2022-01-02,28.226133
2022-01-03,28.223381
2022-01-04,28.211033
2022-01-05,28.22902
2022-01-06,28.178392
2022-01-07,28.157343
2022-01-08,28.142233
2022-01-09,28.11415
2022-01-10,28.086138
2022-01-11,28.021008
2022-01-12,28.00221
2022-01-13,28.004711
2022-01-14,28.052824
2022-01-15,28.13068
2022-01-16,28.066748
2022-01-17,28.026794
2022-01-18,28.0051
2022-01-19,27.997034
2022-01-20,28.04323
2022-01-21,28.074274
2022-01-22,28.127506
2022-01-23,28.185884
2022-01-24,28.186258
2022-01-25,28.138504
2022-01-26,28.127045
2022-01-27,28.07001
2022-01-28,28.093206
2022-01-29,28.055117
2022-01-30,27.999159
2022-01-31,27.926495
2022-02-01,27.893509
2022-02-02,27.864788
2022-02-03,27.865707
2022-02-04,27.938791
2022-02-05,27.991676
2022-02-06,27.918633
2022-02-07,27.923367
2022-02-08,27.904203
2022-02-09,27.89398
2022-02-10,27.92306
2022-02-11,27.912031
2022-02-12,27.874462
2022-02-13,27.81863
2022-02-14,27.77373
2022-02-15,27.753407
2022-02-16,27.722912
2022-02-17,27.723688
2022-02-18,27.654945
2022-02-19,27.651583
2022-02-20,27.72599
2022-02-21,27.901375
2022-02-22,27.779644
2022-02-23,27.743658
2022-02-24,27.753174
2022-02-25,27.796309
2022-02-26,27.818419
2022-02-27,27.846724
2022-02-28,27.902424
2022-03-01,27.916023
2022-03-02,27.963804
2022-03-03,28.026615
2022-03-04,28.123909
2022-03-05,28.103666
2022-03-06,28.073643
2022-03-07,28.123642
2022-03-08,28.21118
2022-03-09,28.239557
2022-03-10,28.348587
2022-03-11,28.327612
2022-03-12,28.332376
2022-03-13,28.36472
2022-03-14,28.41203
2022-03-15,28.549612
2022-03-16,28.716797
2022-03-17,28.802717
2022-03-18,28.771482
2022-03-19,28.862717
2022-03-20,28.776527
2022-03-21,28.792053
2022-03-22,28.824657
2022-03-23,28.916132
2022-03-24,29.062204
2022-03-25,29.28005
2022-03-26,29.466703
2022-03-27,29.58151
2022-03-28,29.715227
2022-03-29,29.816313
2022-03-30,29.848146
2022-03-31,29.881107
2022-04-01,29.87589
2022-04-02,29.955023
2022-04-03,29.827936
2022-04-04,29.79138
2022-04-05,29.869432
2022-04-06,29.92231
2022-04-07,29.891754
2022-04-08,29.814545
2022-04-09,29.91868
2022-04-10,30.047432
2022-04-11,30.116377
2022-04-12,30.18304
2022-04-13,30.169054
2022-04-14,30.12437
2022-04-15,30.257154
2022-04-16,30.430393
2022-04-17,30.599972
2022-04-18,30.709948
2022-04-19,30.797316
2022-04-20,30.746845
2022-04-21,30.748446
2022-04-22,30.888643
2022-04-23,31.010963
2022-04-24,31.015678
2022-04-25,31.089863
2022-04-26,31.160769
2022-04-27,31.115993
2022-04-28,31.244717
2022-04-29,31.284933
2022-04-30,31.273602
2022-05-01,31.409567
2022-05-02,31.393341
2022-05-03,31.323242
2022-05-04,31.425976
2022-05-05,31.431807
2022-05-06,31.266113
2022-05-07,31.021477
2022-05-08,30.666487
2022-05-09,30.299402
2022-05-10,30.195137
2022-05-11,30.214048
2022-05-12,30.240305
2022-05-13,30.1958
2022-05-14,30.220776
2022-05-15,30.104307
2022-05-16,30.099117
2022-05-17,30.005543
2022-05-18,29.907495
2022-05-19,29.806343
2022-05-20,29.747702
2022-05-21,29.699509
2022-05-22,29.649038
2022-05-23,29.594711
2022-05-24,29.564234
2022-05-25,29.562346
2022-05-26,29.559296
2022-05-27,29.525782
2022-05-28,29.4998
2022-05-29,29.470924
2022-05-30,29.451963
2022-05-31,29.45171
2022-06-01,29.489706
2022-06-02,29.51779
2022-06-03,29.548988
2022-06-04,29.544827
2022-06-05,29.507603
2022-06-06,29.465645
2022-06-07,29.413124
2022-06-08,29.403942
2022-06-09,29.417128
2022-06-10,29.428736
2022-06-11,29.438261
2022-06-12,29.535154
2022-06-13,29.646637
2022-06-14,29.748756
2022-06-15,29.75573
2022-06-16,29.743078
2022-06-17,29.719917
2022-06-18,29.71055
2022-06-19,29.784006
2022-06-20,29.789185
2022-06-21,29.75978
2022-06-22,29.725214
2022-06-23,29.715977
2022-06-24,29.67718
2022-06-25,29.615343
2022-06-26,29.614391
2022-06-27,29.63746
2022-06-28,29.66365
2022-06-29,29.690592
2022-06-30,29.713734
2022-07-01,29.742275
2022-07-02,29.672657
2022-07-03,29.646149
2022-07-04,29.618862
2022-07-05,29.551304
2022-07-06,29.523108
2022-07-07,29.501286
2022-07-08,29.494581
2022-07-09,29.437689
2022-07-10,29.382399
2022-07-11,29.32267
2022-07-12,29.273006
2022-07-13,29.22274
2022-07-14,29.158047
2022-07-15,29.125208
2022-07-16,29.095446
2022-07-17,29.10706
2022-07-18,29.139565
2022-07-19,29.181665
2022-07-20,29.148035
2022-07-21,29.17503
2022-07-22,29.163788
2022-07-23,29.190748
2022-07-24,29.25752
2022-07-25,29.430487
2022-07-26,29.536531
2022-07-27,29.601612
2022-07-28,29.617895
2022-07-29,29.789297
2022-07-30,29.777472
2022-07-31,29.757017
2022-08-01,29.723955
2022-08-02,29.563463
2022-08-03,29.45296
2022-08-04,29.346691
2022-08-05,29.261442
2022-08-06,29.17575
2022-08-07,29.104572
2022-08-08,29.051783
2022-08-09,29.0186
2022-08-10,29.01196
2022-08-11,29.019026
2022-08-12,29.016031
2022-08-13,29.001076
2022-08-14,29.032793
2022-08-15,29.082912
2022-08-16,29.116621
2022-08-17,29.030891
2022-08-18,29.016241
2022-08-19,29.030905
2022-08-20,29.061193
2022-08-21,29.049864
2022-08-22,29.0367
2022-08-23,29.071465
2022-08-24,29.158236
2022-08-25,29.39123
2022-08-26,29.227362
2022-08-27,29.18076
2022-08-28,29.396969
2022-08-29,29.584538
2022-08-30,29.465252
2022-08-31,29.514975
2022-09-01,29.485355
2022-09-02,29.691496
2022-09-03,29.721367
2022-09-04,29.606068
2022-09-05,29.492123
2022-09-06,29.333889
2022-09-07,29.205587
2022-09-08,29.149096
2022-09-09,29.113306
2022-09-10,29.10642
2022-09-11,29.120272
2022-09-12,29.168177
2022-09-13,29.198017
2022-09-14,29.169939
2022-09-15,29.153334
2022-09-16,29.16324
2022-09-17,29.11803
2022-09-18,29.084053
2022-09-19,29.09083
2022-09-20,29.109325
2022-09-21,29.166616
2022-09-22,29.171331
2022-09-23,29.15742
2022-09-24,29.237883
2022-09-25,29.381336
2022-09-26,29.28478
2022-09-27,29.29797
2022-09-28,29.253153
2022-09-29,29.217676
2022-09-30,29.146736
2022-10-01,29.10636
2022-10-02,29.113825
2022-10-03,29.119583
2022-10-04,29.082664
2022-10-05,29.05039
2022-10-06,29.071943
2022-10-07,29.01472
2022-10-08,29.050623
2022-10-09,29.043196
2022-10-10,29.06229
2022-10-11,29.019768
2022-10-12,29.120075
2022-10-13,29.184689
2022-10-14,29.317354
2022-10-15,29.297989
2022-10-16,29.324135
2022-10-17,29.213182
2022-10-18,29.136473
2022-10-19,29.106472
2022-10-20,29.086138
2022-10-21,29.054882
2022-10-22,29.035385
2022-10-23,29.003054
2022-10-24,29.011648
2022-10-25,29.17802
2022-10-26,29.237986
2022-10-27,29.181461
2022-10-28,29.14318
2022-10-29,29.113174
2022-10-30,29.110004
2022-10-31,29.135168
2022-11-01,29.186348
2022-11-02,29.213127
2022-11-03,29.27464
2022-11-04,29.237494
2022-11-05,29.207954
2022-11-06,29.167114
2022-11-07,29.137384
2022-11-08,29.086767
2022-11-09,29.074305
2022-11-10,29.083525
2022-11-11,29.09696
2022-11-12,29.123667
2022-11-13,29.102905
2022-11-14,29.068516
2022-11-15,29.018488
2022-11-16,28.955227
2022-11-17,28.941713
2022-11-18,28.91349
2022-11-19,28.901838
2022-11-20,28.921661
2022-11-21,29.009867
2022-11-22,29.034533
2022-11-23,29.021326
2022-11-24,28.978893
2022-11-25,28.91664
2022-11-26,28.902416
2022-11-27,28.901041
2022-11-28,28.998163
2022-11-29,29.050812
2022-11-30,29.018253
2022-12-01,28.979769
2022-12-02,28.975466
2022-12-03,28.968435
2022-12-04,28.952717
2022-12-05,28.889572
2022-12-06,28.820015
2022-12-07,28.743416
2022-12-08,28.705166
2022-12-09,28.687468
2022-12-10,28.74168
2022-12-11,28.750353
2022-12-12,28.760519
2022-12-13,28.721811
2022-12-14,28.642963
2022-12-15,28.583652
2022-12-16,28.517578
2022-12-17,28.473969
2022-12-18,28.457548
2022-12-19,28.456385
2022-12-20,28.42988
2022-12-21,28.385471
2022-12-22,28.342035
2022-12-23,28.268053
2022-12-24,28.209867
2022-12-25,28.182993
2022-12-26,28.18646
2022-12-27,28.195082
2022-12-28,28.189693
2022-12-29,28.168413
2022-12-30,28.092539
2022-12-31,28.058928
2023-01-01,27.99972
2023-01-02,27.958649
2023-01-03,27.91012
2023-01-04,27.886671
2023-01-05,27.89216
2023-01-06,27.883623
2023-01-07,27.860859
2023-01-08,27.830976
2023-01-09,27.784185
2023-01-10,27.747726
2023-01-11,27.71241
2023-01-12,27.701262
2023-01-13,27.69569
2023-01-14,27.680809
2023-01-15,27.632084
2023-01-16,27.61132
2023-01-17,27.578543
2023-01-18,27.536898
2023-01-19,27.519938
2023-01-20,27.527033
2023-01-21,27.538961
2023-01-22,27.572079
2023-01-23,27.537405
2023-01-24,27.52448
2023-01-25,27.53542
2023-01-26,27.594673
2023-01-27,27.55296
2023-01-28,27.552797
2023-01-29,27.565536
2023-01-30,27.572285
2023-01-31,27.602837
2023-02-01,27.661615
2023-02-02,27.6684
2023-02-03,27.684778
2023-02-04,27.690275
2023-02-05,27.711493
2023-02-06,27.760809
2023-02-07,27.837034
2023-02-08,27.751068
2023-02-09,27.723537
2023-02-10,27.6696
2023-02-11,27.65569
2023-02-12,27.720833
2023-02-13,27.675148
2023-02-14,27.62588
2023-02-15,27.614237
2023-02-16,27.611313
2023-02-17,27.644062
2023-02-18,27.673483
2023-02-19,27.752735
2023-02-20,27.832952
2023-02-21,27.815752
2023-02-22,27.806053
2023-02-23,27.864527
2023-02-24,27.842474
2023-02-25,27.781301
2023-02-26,27.816088
2023-02-27,27.847635
2023-02-28,27.894447
2023-03-01,27.863316
2023-03-02,27.898315
2023-03-03,28.033886
2023-03-04,28.02924
2023-03-05,28.075588
2023-03-06,28.142454
2023-03-07,28.13276
2023-03-08,28.14872
2023-03-09,28.196596
2023-03-10,28.261152
2023-03-11,28.31481
2023-03-12,28.476742
2023-03-13,28.578606
2023-03-14,28.544502
2023-03-15,28.629292
2023-03-16,28.607504
2023-03-17,28.662003
2023-03-18,28.68071
2023-03-19,28.840912
2023-03-20,28.8063
2023-03-21,28.971916
2023-03-22,29.015814
2023-03-23,29.222874
2023-03-24,29.202822
2023-03-25,29.217476
2023-03-26,29.258327
2023-03-27,29.326948
2023-03-28,29.33685
2023-03-29,29.384123
2023-03-30,29.408442
2023-03-31,29.485945
2023-04-01,29.53905
2023-04-02,29.607288
2023-04-03,29.680983
2023-04-04,29.714758
2023-04-05,29.74428
2023-04-06,29.78314
2023-04-07,29.732738
2023-04-08,29.786623
2023-04-09,29.794628
2023-04-10,29.99036
2023-04-11,29.983456
2023-04-12,30.040113
2023-04-13,30.084984
2023-04-14,30.120134
2023-04-15,30.09299
2023-04-16,30.142471
2023-04-17,30.364614
2023-04-18,30.531229
2023-04-19,30.41127
2023-04-20,30.323187
2023-04-21,30.417154
2023-04-22,30.675108
2023-04-23,30.826546
2023-04-24,30.74576
2023-04-25,30.846392
2023-04-26,30.876228
2023-04-27,30.974438
2023-04-28,31.106447
2023-04-29,31.251966
2023-04-30,31.255886
2023-05-01,31.24165
2023-05-02,31.171598
2023-05-03,31.199074
2023-05-04,31.309227
2023-05-05,31.34406
2023-05-06,31.460278
2023-05-07,31.426262
2023-05-08,31.615097
2023-05-09,31.378407
2023-05-10,31.123287
2023-05-11,30.746805
2023-05-12,30.265387
2023-05-13,29.935957
2023-05-14,29.8713
2023-05-15,29.897167
2023-05-16,29.935602
2023-05-17,29.996786
2023-05-18,30.09585
2023-05-19,30.103497
2023-05-20,30.153101
2023-05-21,30.198282
2023-05-22,30.223436
2023-05-23,30.286402
2023-05-24,30.279947
2023-05-25,30.293959
2023-05-26,30.30863
2023-05-27,30.392073
2023-05-28,30.454626
2023-05-29,30.627722
2023-05-30,30.563286
2023-05-31,30.572773
2023-06-01,30.518692
2023-06-02,30.449322
2023-06-03,30.372921
2023-06-04,30.346537
2023-06-05,30.30222
2023-06-06,30.244873
2023-06-07,30.188635
2023-06-08,30.142656
2023-06-09,30.097036
2023-06-10,30.061079
2023-06-11,30.028341
2023-06-12,29.986885
2023-06-13,29.951542
2023-06-14,29.888836
2023-06-15,29.828053
2023-06-16,29.790909
2023-06-17,29.746895
2023-06-18,29.692093
2023-06-19,29.661913
2023-06-20,29.639664
2023-06-21,29.59877
2023-06-22,29.582222
2023-06-23,29.590992
2023-06-24,29.599636
2023-06-25,29.596668
2023-06-26,29.596972
2023-06-27,29.611671
2023-06-28,29.668222
2023-06-29,29.661018
2023-06-30,29.618605
2023-07-01,29.56579
2023-07-02,29.489592
2023-07-03,29.432653
2023-07-04,29.375479
2023-07-05,29.33909
2023-07-06,29.324291
2023-07-07,29.370024
2023-07-08,29.392561
2023-07-09,29.46489
2023-07-10,29.369436
2023-07-11,29.325876
2023-07-12,29.323812
2023-07-13,29.34729
2023-07-14,29.3633
2023-07-15,29.370378
2023-07-16,29.343182
2023-07-17,29.310638
2023-07-18,29.289776
2023-07-19,29.27695
2023-07-20,29.269485
2023-07-21,29.250998
2023-07-22,29.217026
2023-07-23,29.167566
2023-07-24,29.1105
2023-07-25,29.097015
2023-07-26,29.087233
2023-07-27,29.108034
2023-07-28,29.127045
2023-07-29,29.123716
2023-07-30,29.085775
2023-07-31,29.073317
2023-08-01,29.077892
2023-08-02,29.0935
2023-08-03,29.111235
2023-08-04,29.130821
2023-08-05,29.170639
2023-08-06,29.198788
2023-08-07,29.220587
2023-08-08,29.23459
2023-08-09,29.255672
2023-08-10,29.285093
2023-08-11,29.313112
2023-08-12,29.322487
2023-08-13,29.363825
2023-08-14,29.375845
2023-08-15,29.331959
2023-08-16,29.300083
2023-08-17,29.284756
2023-08-18,29.273026
2023-08-19,29.29405
2023-08-20,29.346743
2023-08-21,29.352827
2023-08-22,29.331268
2023-08-23,29.308344
2023-08-24,29.293821
2023-08-25,29.309103
2023-08-26,29.327888
2023-08-27,29.342827
2023-08-28,29.303137
2023-08-29,29.236025
2023-08-30,29.230587
2023-08-31,29.27372
2023-09-01,29.259907
2023-09-02,29.22321
2023-09-03,29.164146
2023-09-04,29.098526
2023-09-05,29.037806
2023-09-06,29.025118
2023-09-07,29.012962
2023-09-08,28.997599
2023-09-09,28.970568
2023-09-10,28.923567
2023-09-11,28.873299
2023-09-12,28.8462
2023-09-13,28.837461
2023-09-14,28.822886
2023-09-15,28.806807
2023-09-16,28.78479
2023-09-17,28.726347
2023-09-18,28.67122
2023-09-19,28.678463
2023-09-20,28.752102
2023-09-21,28.925312
2023-09-22,28.911083
2023-09-23,28.889578
2023-09-24,28.842325
2023-09-25,28.841038
2023-09-26,28.826387
2023-09-27,28.834072
2023-09-28,28.74425
2023-09-29,28.677824
2023-09-30,28.67015
2023-10-01,28.676529
2023-10-02,28.692581
2023-10-03,28.71371
2023-10-04,28.75473
2023-10-05,28.800179
2023-10-06,28.864672
2023-10-07,28.925919
2023-10-08,28.935966
2023-10-09,29.028692
2023-10-10,29.044226
2023-10-11,29.258678
2023-10-12,29.389893
2023-10-13,29.585314
2023-10-14,29.602142
2023-10-15,29.635061
2023-10-16,29.624817
2023-10-17,29.635801
2023-10-18,29.59299
2023-10-19,29.471304
2023-10-20,29.453838
2023-10-21,29.375397
2023-10-22,29.355429
2023-10-23,29.347464
2023-10-24,29.424816
2023-10-25,29.588205
2023-10-26,29.606339
2023-10-27,29.604467
2023-10-28,29.702782
2023-10-29,29.665493
2023-10-30,29.61583
2023-10-31,29.529152
2023-11-01,29.438646
2023-11-02,29.414888
2023-11-03,29.48617
2023-11-04,29.587502
2023-11-05,29.557856
2023-11-06,29.595633
2023-11-07,29.640238
2023-11-08,29.71435
2023-11-09,29.74673
2023-11-10,29.688528
2023-11-11,29.653214
2023-11-12,29.601305
2023-11-13,29.539753
2023-11-14,29.482191
2023-11-15,29.466307
2023-11-16,29.443697
2023-11-17,29.468
2023-11-18,29.412363
2023-11-19,29.355192
2023-11-20,29.35242
2023-11-21,29.339626
2023-11-22,29.359104
2023-11-23,29.360147
2023-11-24,29.310663
2023-11-25,29.290638
2023-11-26,29.26008
2023-11-27,29.235971
2023-11-28,29.21129
2023-11-29,29.160376
2023-11-30,29.087988
2023-12-01,29.011011
2023-12-02,28.962774
2023-12-03,28.936562
2023-12-04,28.944857
2023-12-05,28.975292
2023-12-06,28.987135
2023-12-07,29.081303
2023-12-08,29.209858
2023-12-09,29.161016
2023-12-10,29.104124
2023-12-11,29.018307
2023-12-12,28.990599
2023-12-13,28.978209
2023-12-14,28.962484
2023-12-15,28.94888
2023-12-16,28.915146
2023-12-17,28.885338
2023-12-18,28.869051
2023-12-19,28.865103
2023-12-20,28.853193
2023-12-21,28.83015
2023-12-22,28.801994
2023-12-23,28.778908
2023-12-24,28.7276
2023-12-25,28.683752
2023-12-26,28.670261
2023-12-27,28.665909
2023-12-28,28.669245
2023-12-29,28.638351
2023-12-30,28.616112
2023-12-31,28.574787
2024-01-01,28.534485
2024-01-02,28.472075
2024-01-03,28.432554
2024-01-04,28.4088
2024-01-05,28.408325
2024-01-06,28.414127
2024-01-07,28.403605
2024-01-08,28.383371
2024-01-09,28.33461
2024-01-10,28.26735
2024-01-11,28.223528
2024-01-12,28.18782
2024-01-13,28.117176
2024-01-14,28.071333
2024-01-15,28.074406
2024-01-16,28.076666
2024-01-17,28.11815
2024-01-18,28.134375
2024-01-19,28.146275
2024-01-20,28.104664
2024-01-21,28.086649
2024-01-22,28.054169
2024-01-23,28.030495
2024-01-24,28.073936
2024-01-25,28.080772
2024-01-26,28.065998
2024-01-27,28.04542
2024-01-28,28.03584
2024-01-29,28.085758
2024-01-30,28.141685
2024-01-31,28.194384
2024-02-01,28.258635
2024-02-02,28.285524
2024-02-03,28.247673
2024-02-04,28.213697
2024-02-05,28.187445
2024-02-06,28.194305
2024-02-07,28.194069
2024-02-08,28.185577
2024-02-09,28.130266
2024-02-10,28.086931
2024-02-11,28.092665
2024-02-12,28.0877
2024-02-13,28.093182
2024-02-14,28.095234
2024-02-15,28.102673
2024-02-16,28.126015
2024-02-17,28.142065
2024-02-18,28.132284
2024-02-19,28.105778
2024-02-20,28.158815
2024-02-21,28.186016
2024-02-22,28.243427
2024-02-23,28.258701
2024-02-24,28.146685
2024-02-25,28.147594
2024-02-26,28.167122
2024-02-27,28.236279
2024-02-28,28.270338
2024-02-29,28.321335
2024-03-01,28.293028
2024-03-02,28.313646
2024-03-03,28.26569
2024-03-04,28.32362
2024-03-05,28.332993
2024-03-06,28.316118
2024-03-07,28.330235
2024-03-08,28.264706
2024-03-09,28.281004
2024-03-10,28.242186
2024-03-11,28.21543
2024-03-12,28.28226
2024-03-13,28.379313
2024-03-14,28.490921
2024-03-15,28.537115
2024-03-16,28.525606
2024-03-17,28.514784
2024-03-18,28.623508
2024-03-19,28.703142
2024-03-20,28.77862
2024-03-21,28.6656
2024-03-22,28.700947
2024-03-23,28.77713
2024-03-24,28.795008
2024-03-25,28.819874
2024-03-26,28.935518
2024-03-27,29.009413
2024-03-28,29.054628
2024-03-29,29.254398
2024-03-30,29.357262
2024-03-31,29.55166
2024-04-01,29.599415
2024-04-02,29.716547
2024-04-03,29.78787
2024-04-04,29.821142
2024-04-05,29.888796
2024-04-06,30.124966
2024-04-07,30.206097
2024-04-08,30.129042
2024-04-09,30.165503
2024-04-10,30.235043
2024-04-11,30.444107
2024-04-12,30.434309
2024-04-13,30.559355
2024-04-14,30.641918
2024-04-15,30.788996
2024-04-16,30.880127
2024-04-17,30.899328
2024-04-18,30.848057
2024-04-19,30.777529
2024-04-20,30.807014
2024-04-21,30.857746
2024-04-22,30.903437
2024-04-23,31.001146
2024-04-24,31.160532
2024-04-25,31.275934
2024-04-26,31.376778
2024-04-27,31.426527
2024-04-28,31.552576
2024-04-29,31.646473
2024-04-30,31.627075
2024-05-01,31.572834
2024-05-02,31.591536
2024-05-03,31.675297
2024-05-04,31.726337
2024-05-05,31.729202
2024-05-06,31.818007
2024-05-07,31.882513
2024-05-08,31.868124
2024-05-09,31.817318
2024-05-10,31.849749
2024-05-11,31.811977
2024-05-12,31.83001
2024-05-13,31.743893
2024-05-14,31.754313
2024-05-15,31.8953
2024-05-16,31.934538
2024-05-17,31.966953
2024-05-18,31.91452
2024-05-19,31.786531
2024-05-20,31.763098
2024-05-21,31.558878
2024-05-22,31.367414
2024-05-23,31.16908
2024-05-24,30.92493
2024-05-25,30.687346
2024-05-26,30.512968
2024-05-27,30.41654
2024-05-28,30.38012
2024-05-29,30.405724
2024-05-30,30.475235
2024-05-31,30.52205
2024-06-01,30.381649
2024-06-02,30.312647
2024-06-03,30.321806
2024-06-04,30.31215
2024-06-05,30.229174
2024-06-06,30.169468
2024-06-07,30.120642
2024-06-08,30.071455
2024-06-09,29.990778
2024-06-10,29.924398
2024-06-11,29.872969
2024-06-12,29.837013
2024-06-13,29.81631
2024-06-14,29.819672
2024-06-15,29.80996
2024-06-16,29.851578
2024-06-17,29.838717
2024-06-18,29.838179
2024-06-19,29.805094
2024-06-20,29.786366
2024-06-21,29.750643
2024-06-22,29.724106
2024-06-23,29.704842
2024-06-24,29.66544
2024-06-25,29.618948
2024-06-26,29.573252
2024-06-27,29.55459
2024-06-28,29.588018
2024-06-29,29.599636
2024-06-30,29.595337
2024-07-01,29.61496
2024-07-02,29.638512
2024-07-03,29.626867
2024-07-04,29.57501
2024-07-05,29.541842
2024-07-06,29.519493
2024-07-07,29.519976
2024-07-08,29.541424
2024-07-09,29.575415
2024-07-10,29.637808
2024-07-11,29.592062
2024-07-12,29.553232
2024-07-13,29.511162
2024-07-14,29.450747
2024-07-15,29.41375
2024-07-16,29.378017
2024-07-17,29.315947
2024-07-18,29.250954
2024-07-19,29.207228
2024-07-20,29.187138
2024-07-21,29.186752
2024-07-22,29.197557
2024-07-23,29.18794
2024-07-24,29.169416
2024-07-25,29.152771
2024-07-26,29.128405
2024-07-27,29.112232
2024-07-28,29.101475
2024-07-29,29.105127
2024-07-30,29.127773
2024-07-31,29.13972
2024-08-01,29.165104
2024-08-02,29.184511
2024-08-03,29.204573
2024-08-04,29.223995
2024-08-05,29.19786
2024-08-06,29.18973
2024-08-07,29.240763
2024-08-08,29.326145
2024-08-09,29.499052
2024-08-10,29.542278
2024-08-11,29.697771
2024-08-12,29.694986
2024-08-13,29.621017
2024-08-14,29.643925
2024-08-15,29.667452
2024-08-16,29.659452
2024-08-17,29.62713
2024-08-18,29.580418
2024-08-19,29.59714
2024-08-20,29.621183
2024-08-21,29.630594
2024-08-22,29.508253
2024-08-23,29.552113
2024-08-24,29.530155
2024-08-25,29.532087
2024-08-26,29.467276
2024-08-27,29.40327
2024-08-28,29.314337
2024-08-29,29.219688
2024-08-30,29.129936
2024-08-31,29.103712
2024-09-01,29.093224
2024-09-02,29.089886
2024-09-03,29.04449
2024-09-04,28.988205
2024-09-05,28.980835
2024-09-06,28.947298
2024-09-07,28.904356
2024-09-08,28.887339
2024-09-09,28.884706
2024-09-10,28.888166
2024-09-11,28.913769
2024-09-12,28.960428
2024-09-13,29.016092
2024-09-14,29.031574
2024-09-15,29.063396
2024-09-16,29.128506
2024-09-17,29.178284
2024-09-18,29.181341
2024-09-19,29.140015
2024-09-20,29.097593
2024-09-21,29.10075
2024-09-22,29.13163
2024-09-23,29.098295
2024-09-24,29.131752
2024-09-25,29.196804
2024-09-26,29.26967
2024-09-27,29.471363
2024-09-28,29.679785
2024-09-29,29.872507
2024-09-30,29.74863
2024-10-01,29.6254
2024-10-02,29.51126
2024-10-03,29.47796
2024-10-04,29.49269
2024-10-05,29.521008
2024-10-06,29.729204
2024-10-07,29.656862
2024-10-08,29.684368
2024-10-09,29.786255
2024-10-10,29.851473
2024-10-11,29.918022
2024-10-12,29.878826
2024-10-13,29.801662
2024-10-14,29.76911
2024-10-15,29.75637
2024-10-16,29.84848
2024-10-17,29.827784
2024-10-18,29.948692
2024-10-19,29.903835
2024-10-20,29.73792
2024-10-21,29.675049
2024-10-22,29.585495
2024-10-23,29.523869
2024-10-24,29.492004
2024-10-25,29.49273
2024-10-26,29.503622
2024-10-27,29.518053
2024-10-28,29.595268
2024-10-29,29.736906
2024-10-30,29.813354
2024-10-31,29.855856
2024-11-01,29.851929
2024-11-02,29.778877
2024-11-03,29.716236
2024-11-04,29.714808
2024-11-05,29.645792
2024-11-06,29.601404
2024-11-07,29.608881
2024-11-08,29.547306
2024-11-09,29.539112
2024-11-10,29.544245
2024-11-11,29.584002
2024-11-12,29.60298
2024-11-13,29.622608
2024-11-14,29.640331
2024-11-15,29.669733
2024-11-16,29.656301
2024-11-17,29.628826
2024-11-18,29.582653
2024-11-19,29.559038
2024-11-20,29.543987
2024-11-21,29.551092
2024-11-22,29.534811
2024-11-23,29.521368
2024-11-24,29.486881
2024-11-25,29.45241
2024-11-26,29.38751
2024-11-27,29.315752
2024-11-28,29.267937
2024-11-29,29.222038
2024-11-30,29.146996
2024-12-01,29.136604
2024-12-02,29.182596
2024-12-03,29.220213
2024-12-04,29.179081
2024-12-05,29.180428
2024-12-06,29.142845
2024-12-07,29.089657
2024-12-08,29.036415
2024-12-09,29.024876
2024-12-10,29.046263
2024-12-11,29.041834
2024-12-12,29.035294
2024-12-13,28.979397
2024-12-14,28.916605
2024-12-15,28.866451
2024-12-16,28.82621
2024-12-17,28.81921
2024-12-18,28.809372
2024-12-19,28.795103
2024-12-20,28.770535
2024-12-21,28.738972
2024-12-22,28.75489
2024-12-23,28.723753
2024-12-24,28.699501
2024-12-25,28.70894
2024-12-26,28.664383
2024-12-27,28.651665
2024-12-28,28.654448
2024-12-29,28.65181
2024-12-30,28.637009
2024-12-31,28.611391
2025-01-01,28.56071
2025-01-02,28.517584
2025-01-03,28.46099
2025-01-04,28.439161
2025-01-05,28.41921
2025-01-06,28.422052
2025-01-07,28.421192
2025-01-08,28.375452
2025-01-09,28.332258
2025-01-10,28.303305
2025-01-11,28.296562
2025-01-12,28.285645
2025-01-13,28.2759
2025-01-14,28.241228
2025-01-15,28.190748
2025-01-16,28.159212
2025-01-17,28.140007
2025-01-18,28.149164
2025-01-19,28.111294
2025-01-20,28.092049
2025-01-21,28.05962
2025-01-22,28.021593
2025-01-23,27.987265
2025-01-24,27.997324
2025-01-25,27.9668
2025-01-26,27.957468
2025-01-27,27.94078
2025-01-28,27.943184
2025-01-29,27.990944
2025-01-30,28.068678
2025-01-31,28.13447
2025-02-01,28.050196
2025-02-02,28.024605
2025-02-03,27.958118
2025-02-04,27.992737
2025-02-05,28.051155
2025-02-06,28.019817
2025-02-07,27.97283
2025-02-08,27.961908
2025-02-09,27.94447
2025-02-10,27.984884
2025-02-11,28.025013
2025-02-12,28.004326
2025-02-13,28.028856
2025-02-14,28.109158
2025-02-15,28.064013
2025-02-16,28.061375
2025-02-17,28.041273
2025-02-18,28.148207
2025-02-19,28.109413
2025-02-20,28.178404
2025-02-21,28.201757
2025-02-22,28.294977
2025-02-23,28.35985
2025-02-24,28.329214
2025-02-25,28.341745
2025-02-26,28.35944
2025-02-27,28.433365
2025-02-28,28.492893
2025-03-01,28.590853
2025-03-02,28.703648
2025-03-03,28.777512
2025-03-04,28.798332
2025-03-05,28.800268
2025-03-06,28.878252
2025-03-07,28.864325
2025-03-08,28.753313
2025-03-09,28.78427
2025-03-10,28.92417
2025-03-11,29.136793
2025-03-12,29.177343
2025-03-13,29.171505
2025-03-14,29.253687
2025-03-15,29.239265
2025-03-16,29.351154
2025-03-17,29.399204
2025-03-18,29.417389
2025-03-19,29.321264
2025-03-20,29.34578
2025-03-21,29.352768
2025-03-22,29.364235
2025-03-23,29.41952
2025-03-24,29.450714
2025-03-25,29.493576
2025-03-26,29.507732
2025-03-27,29.503166
2025-03-28,29.534168
2025-03-29,29.65622
2025-03-30,29.646894
2025-03-31,29.680267
2025-04-01,29.730413
2025-04-02,29.722136
2025-04-03,29.670471
2025-04-04,29.656513
2025-04-05,29.74754
2025-04-06,29.594337
2025-04-07,29.556505
2025-04-08,29.501186
2025-04-09,29.52225
2025-04-10,29.487911
2025-04-11,29.419498
2025-04-12,29.534803
2025-04-13,29.769114
2025-04-14,29.908169
2025-04-15,29.870972
2025-04-16,29.845884
2025-04-17,29.935495
2025-04-18,29.959297
2025-04-19,30.126928
2025-04-20,30.143106
2025-04-21,30.30044
2025-04-22,30.442442
2025-04-23,30.551968
2025-04-24,30.518595
2025-04-25,30.61559
2025-04-26,30.657734
2025-04-27,30.629883
2025-04-28,30.625397
2025-04-29,30.528324
2025-04-30,30.384895
2025-05-01,30.451326
2025-05-02,30.540901
2025-05-03,30.602026
2025-05-04,30.676477
2025-05-05,30.730309
2025-05-06,30.65842
2025-05-07,30.760471
2025-05-08,30.717192
2025-05-09,30.879364
2025-05-10,30.802498
2025-05-11,30.812666
2025-05-12,30.793951
2025-05-13,30.800737
2025-05-14,30.88488
2025-05-15,30.839815
2025-05-16,30.666603
2025-05-17,30.673004
2025-05-18,30.657484
2025-05-19,30.613445
2025-05-20,30.62128
2025-05-21,30.594698
2025-05-22,30.61459
2025-05-23,30.573677
2025-05-24,30.457705
2025-05-25,30.31621
2025-05-26,30.223007
2025-05-27,30.113571
2025-05-28,30.03318
2025-05-29,29.9786
2025-05-30,29.935486
2025-05-31,29.909674
2025-06-01,29.896294
2025-06-02,29.90456
2025-06-03,29.946611
2025-06-04,30.016415
2025-06-05,30.0861
2025-06-06,30.059496
2025-06-07,30.039827
2025-06-08,29.978329
2025-06-09,29.930628
2025-06-10,29.909346
2025-06-11,29.896954
2025-06-12,29.868134
2025-06-13,29.806095
2025-06-14,29.74734
2025-06-15,29.693325
2025-06-16,29.652302
2025-06-17,29.619179
2025-06-18,29.611984
2025-06-19,29.599752
2025-06-20,29.600159
2025-06-21,29.557413
2025-06-22,29.498428
2025-06-23,29.455534
2025-06-24,29.41601
2025-06-25,29.416775
2025-06-26,29.420544
2025-06-27,29.41746
2025-06-28,29.38425
2025-06-29,29.354553
2025-06-30,29.34781
2025-07-01,29.356321
2025-07-02,29.371885
2025-07-03,29.38058
2025-07-04,29.392754
2025-07-05,29.384644
2025-07-06,29.39892
2025-07-07,29.412195
2025-07-08,29.456598
2025-07-09,29.449936
2025-07-10,29.478336
2025-07-11,29.50364
2025-07-12,29.504795
2025-07-13,29.503817
2025-07-14,29.565866
2025-07-15,29.539522
2025-07-16,29.541544
2025-07-17,29.519354
2025-07-18,29.443958
2025-07-19,29.413721
2025-07-20,29.357412
2025-07-21,29.313759
2025-07-22,29.297668
2025-07-23,29.262434
2025-07-24,29.207441
2025-07-25,29.184929
2025-07-26,29.184381
2025-07-27,29.177448
2025-07-28,29.179728
2025-07-29,29.220148
2025-07-30,29.266527
2025-07-31,29.332415
2025-08-01,29.482714
2025-08-02,29.623129
2025-08-03,29.502094
2025-08-04,29.568508
2025-08-05,29.58457
2025-08-06,29.645088
2025-08-07,29.62608
2025-08-08,29.609142
2025-08-09,29.56607
2025-08-10,29.550247
2025-08-11,29.49332
2025-08-12,29.396025
2025-08-13,29.35044
2025-08-14,29.319159
2025-08-15,29.26372
2025-08-16,29.19929
2025-08-17,29.13615
2025-08-18,29.085627
2025-08-19,29.066492
2025-08-20,29.119026
2025-08-21,29.162592
2025-08-22,29.107845
2025-08-23,29.062462
2025-08-24,29.06845
2025-08-25,29.063175
2025-08-26,29.035236
2025-08-27,29.044537
2025-08-28,29.089325
2025-08-29,29.113873
2025-08-30,29.11901
2025-08-31,29.061737
2025-09-01,28.99917
2025-09-02,28.938261
2025-09-03,28.956842
2025-09-04,28.97388
2025-09-05,29.017746
2025-09-06,29.069378
2025-09-07,29.156387
2025-09-08,29.195038
2025-09-09,29.196333
2025-09-10,29.142382
2025-09-11,29.047039
2025-09-12,29.134233
2025-09-13,29.227095
2025-09-14,29.364563
2025-09-15,29.395235
2025-09-16,29.300528
2025-09-17,29.263191
2025-09-18,29.222054
2025-09-19,29.105116
2025-09-20,29.043585
2025-09-21,29.036152
2025-09-22,29.04597
2025-09-23,29.026424
2025-09-24,28.988464
2025-09-25,28.935732
2025-09-26,28.889986
2025-09-27,28.86484
2025-09-28,28.84187
2025-09-29,28.776213
2025-09-30,28.679821
2025-10-01,28.668074
2025-10-02,28.747587
2025-10-03,28.998556
2025-10-04,29.140823
2025-10-05,29.057337
2025-10-06,29.051239
2025-10-07,29.098907
2025-10-08,29.093431
2025-10-09,29.11956
2025-10-10,29.184296
2025-10-11,29.298653
2025-10-12,29.557936
2025-10-13,29.607225
2025-10-14,29.444603
2025-10-15,29.540812
2025-10-16,29.547487
2025-10-17,29.611704
2025-10-18,29.566805
2025-10-19,29.585293
2025-10-20,29.510681
2025-10-21,29.495726
2025-10-22,29.47453
2025-10-23,29.491383
2025-10-24,29.378405
2025-10-25,29.276747
2025-10-26,29.173399
2025-10-27,29.10432
2025-10-28,29.13423
2025-10-29,29.241901
2025-10-30,29.34799
2025-10-31,29.281069
2025-11-01,29.1934
2025-11-02,29.137337
2025-11-03,29.113836
2025-11-04,29.134485
2025-11-05,29.259182
2025-11-06,29.235619
2025-11-07,29.165808
2025-11-08,29.244217
2025-11-09,29.34468
2025-11-10,29.3325
2025-11-11,29.344429
2025-11-12,29.250381
2025-11-13,29.205359
2025-11-14,29.20419
2025-11-15,29.18452
2025-11-16,29.148539
2025-11-17,29.130335
2025-11-18,29.12732
2025-11-19,29.135891
2025-11-20,29.079885
2025-11-21,29.06947
2025-11-22,29.070564
2025-11-23,29.054863
2025-11-24,29.032394
2025-11-25,28.991728
2025-11-26,28.945803
2025-11-27,28.876852
2025-11-28,28.817091
2025-11-29,28.77743
2025-11-30,28.74054
2025-12-01,28.772621
2025-12-02,28.761127
2025-12-03,28.736113
2025-12-04,28.674088
2025-12-05,28.663866
2025-12-06,28.654272
2025-12-07,28.64382
2025-12-08,28.623892
2025-12-09,28.601915
2025-12-10,28.566648
2025-12-11,28.519865
2025-12-12,28.49414
2025-12-13,28.470335
2025-12-14,28.467957
2025-12-15,28.49769
2025-12-16,28.510561
2025-12-17,28.492365
2025-12-18,28.4492
2025-12-19,28.41771
2025-12-20,28.380722
2025-12-21,28.331827
2025-12-22,28.27833
2025-12-23,28.214691
2025-12-24,28.164537
2025-12-25,28.117292
2025-12-26,28.086004
2025-12-27,28.078077
2025-12-28,28.075747
2025-12-29,28.089691
2025-12-30,28.088285
2025-12-31,28.082926
