Date,SST,SST_detrended
2016-01-01,26.448835,-1.853511822852937
2016-01-02,26.432526,-1.8699964857830018
2016-01-03,26.400517,-1.9021811487130655
2016-01-04,26.34179,-1.9610838116431282
2016-01-05,26.302866,-2.0001834745731912
2016-01-06,26.244417,-2.0588081375032594
2016-01-07,26.230982,-2.072418800433322
2016-01-08,26.22664,-2.0769364633633884
2016-01-09,26.22756,-2.076192126293453
2016-01-10,26.237608,-2.066319789223517
2016-01-11,26.181139,-2.122964452153578
2016-01-12,26.109755,-2.194524115083645
2016-01-13,26.055069,-2.2493857780137105
2016-01-14,26.001926,-2.3027044409437742
2016-01-15,25.988842,-2.3159641038738386
2016-01-16,25.965136,-2.3398457668039043
2016-01-17,25.962698,-2.3424594297339674
2016-01-18,25.958273,-2.3470600926640337
2016-01-19,25.940804,-2.364704755594097
2016-01-20,26.024153,-2.281531418524164
2016-01-21,25.989239,-2.316621081454226
2016-01-22,25.987944,-2.3180917443842937
2016-01-23,25.937145,-2.3690664073143566
2016-01-24,25.849506,-2.4568810702444175
2016-01-25,25.757677,-2.548885733174483
2016-01-26,25.676907,-2.6298313961045494
2016-01-27,25.657719,-2.6491950590346143
2016-01-28,25.672216,-2.6348737219646807
2016-01-29,25.709171,-2.5980943848947433
2016-01-30,25.693314,-2.614127047824809
2016-01-31,25.739904,-2.567712710754872
2016-02-01,25.8144,-2.4933923736849373
2016-02-02,25.85307,-2.4548980366150026
2016-02-03,25.94359,-2.3645536995450662
2016-02-04,25.928062,-2.380257362475131
2016-02-05,25.93237,-2.376125025405198
2016-02-06,25.896078,-2.4125926883352626
2016-02-07,25.937569,-2.3712773512653236
2016-02-08,26.021545,-2.287477014195389
2016-02-09,26.100311,-2.2088866771254523
2016-02-10,26.192081,-2.117292340055517
2016-02-11,26.202171,-2.107378002985584
2016-02-12,26.289938,-2.0197866659156496
2016-02-13,26.392017,-1.9178833288457113
2016-02-14,26.443047,-1.8670289917757756
2016-02-15,26.509384,-1.80086765470584
2016-02-16,26.591284,-1.7191433176359041
2016-02-17,26.64062,-1.6699829805659725
2016-02-18,26.80346,-1.5073186434960348
2016-02-19,26.9559,-1.3550543064261014
2016-02-20,27.058306,-1.252823969356161
2016-02-21,27.167519,-1.1437866322862291
2016-02-22,27.25954,-1.0519412952162916
2016-02-23,27.391474,-0.9201829581463592
2016-02-24,27.381966,-0.9298666210764246
2016-02-25,27.39792,-0.914088284006489
2016-02-26,27.39622,-0.9159639469365537
2016-02-27,27.4867,-0.8256596098666158
2016-02-28,27.492832,-0.81970327279668
2016-02-29,27.47486,-0.8378509357267454
2016-03-01,27.532337,-0.7805495986568118
2016-03-02,27.557014,-0.7560482615868764
2016-03-03,27.522068,-0.7911699245169395
2016-03-04,27.539406,-0.7740075874470023
2016-03-05,27.614294,-0.699295250377066
2016-03-06,27.704355,-0.6094099133071325
2016-03-07,27.784353,-0.5295875762371978
2016-03-08,27.812355,-0.5017612391672621
2016-03-09,27.881504,-0.43278790209732776
2016-03-10,27.924253,-0.39021456502739227
2016-03-11,28.040586,-0.2740572279574529
2016-03-12,28.114382,-0.20043689088752004
2016-03-13,28.22265,-0.09234455381758266
2016-03-14,28.296764,-0.01840621674764975
2016-03-15,28.349373,0.0340271203222855
2016-03-16,28.327927,0.012405457392219432
2016-03-17,28.437664,0.12196679446215697
2016-03-18,28.54002,0.2241471315320922
2016-03-19,28.592524,0.27647546860202965
2016-03-20,28.578764,0.2625398056719632
2016-03-21,28.69072,0.3743201427418974
2016-03-22,28.741982,0.42540647981183355
2016-03-23,28.80101,0.48425881688176986
2016-03-24,28.950567,0.6336401539517027
2016-03-25,28.939137,0.6220344910216404
2016-03-26,28.988787,0.6715088280915751
2016-03-27,28.841908,0.5244541651615116
2016-03-28,28.810982,0.49335250223144556
2016-03-29,28.751196,0.43339083930138145
2016-03-30,28.840065,0.5220841763713153
2016-03-31,28.84724,0.5290835134412539
2016-04-01,28.867228,0.5488958505111903
2016-04-02,28.922056,0.6035481875811257
2016-04-03,28.97864,0.6599565246510579
2016-04-04,28.961296,0.642436861720995
2016-04-05,28.997166,0.6781311987909291
2016-04-06,29.02187,0.7026595358608638
2016-04-07,29.122698,0.8033118729308022
2016-04-08,29.23699,0.917428210000736
2016-04-09,29.290886,0.9711485470706727
2016-04-10,29.330488,1.0105748841406061
2016-04-11,29.38238,1.0622912212105433
2016-04-12,29.396458,1.076193558280476
2016-04-13,29.39562,1.0751798953504128
2016-04-14,29.44055,1.119934232420352
2016-04-15,29.458246,1.1374545694902842
2016-04-16,29.440565,1.1195979065602195
2016-04-17,29.420704,1.0995612436301556
2016-04-18,29.424908,1.1035895807000884
2016-04-19,29.441652,1.120157917770026
2016-04-20,29.398787,1.0771172548399583
2016-04-21,29.347336,1.0254905919098967
2016-04-22,29.328325,1.0063039289798326
2016-04-23,29.347883,1.0256862660497674
2016-04-24,29.369019,1.0466466031197044
2016-04-25,29.429598,1.1070499401896363
2016-04-26,29.53637,1.2136462772595742
2016-04-27,29.568127,1.2452276143295116
2016-04-28,29.650148,1.3270729513994475
2016-04-29,29.771914,1.4486632884693798
2016-04-30,29.84599,1.5225636255393162
2016-05-01,29.867067,1.5434649626092494
2016-05-02,29.86491,1.5411322996791839
2016-05-03,29.896194,1.5722406367491217
2016-05-04,29.938753,1.6146239738190573
2016-05-05,30.052637,1.7283323108889945
2016-05-06,30.126366,1.8018856479589296
2016-05-07,30.218204,1.8935479850288637
2016-05-08,30.326256,2.0014243220987993
2016-05-09,30.4454,2.1203926591687328
2016-05-10,30.52661,2.20142699623867
2016-05-11,30.58992,2.264561333308606
2016-05-12,30.569555,2.244020670378543
2016-05-13,30.51756,2.191850007448476
2016-05-14,30.625135,2.2992493445184117
2016-05-15,30.66072,2.3346586815883477
2016-05-16,30.668695,2.342458018658281
2016-05-17,30.621496,2.29508335572822
2016-05-18,30.485975,2.1593866927981544
2016-05-19,30.341976,2.0152120298680885
2016-05-20,30.189417,1.8624773669380232
2016-05-21,30.082127,1.7550117040079591
2016-05-22,30.065569,1.7382780410778942
2016-05-23,30.110884,1.7834173781478277
2016-05-24,30.250185,1.9225427152177659
2016-05-25,30.247023,1.919205052287701
2016-05-26,30.344616,2.016622389357636
2016-05-27,30.346514,2.0183447264275713
2016-05-28,30.385708,2.057363063497508
2016-05-29,30.373762,2.0452414005674413
2016-05-30,30.375956,2.0472597376373756
2016-05-31,30.340807,2.011935074707317
2016-06-01,30.297102,1.9680544117772492
2016-06-02,30.319992,1.9907687488471844
2016-06-03,30.333551,2.00415208591712
2016-06-04,30.280787,1.951212422987055
2016-06-05,30.263292,1.9335417600569897
2016-06-06,30.207592,1.8776660971269266
2016-06-07,30.139147,1.8090454341968645
2016-06-08,30.0475,1.7172227712667976
2016-06-09,29.941835,1.6113821083367341
2016-06-10,29.896214,1.5655854454066684
2016-06-11,29.898684,1.5678797824766022
2016-06-12,29.920815,1.5898351195465388
2016-06-13,29.877277,1.5461214566164756
2016-06-14,29.841873,1.5105417936864107
2016-06-15,29.873955,1.5424481307563447
2016-06-16,29.88488,1.5531974678262799
2016-06-17,29.856125,1.5242668048962145
2016-06-18,29.766949,1.434915141966151
2016-06-19,29.71648,1.3842704790360862
2016-06-20,29.73001,1.397624816106024
2016-06-21,29.765722,1.4331611531759592
2016-06-22,29.866041,1.533304490245893
2016-06-23,29.908796,1.5758838273158275
2016-06-24,29.929377,1.5962891643857624
2016-06-25,29.921186,1.5879225014556972
2016-06-26,29.841417,1.5079778385256333
2016-06-27,29.817862,1.4842471755955735
2016-06-28,29.818855,1.485064512665506
2016-06-29,29.815378,1.4814118497354407
2016-06-30,29.783894,1.4497521868053767
2016-07-01,29.744028,1.4097105238753116
2016-07-02,29.673962,1.3394688609452459
2016-07-03,29.61515,1.2804811980151811
2016-07-04,29.56598,1.2311355350851194
2016-07-05,29.518919,1.183898872155055
2016-07-06,29.489256,1.1540602092249905
2016-07-07,29.492445,1.1570735462949244
2016-07-08,29.42769,1.0921428833648577
2016-07-09,29.348959,1.0132362204347949
2016-07-10,29.283066,0.9471675575047342
2016-07-11,29.273052,0.9369778945746674
2016-07-12,29.289354,0.9531042316446019
2016-07-13,29.3361,0.9996745687145356
2016-07-14,29.38588,1.0492789057844725
2016-07-15,29.377651,1.0408742428544073
2016-07-16,29.325375,0.9884225799243431
2016-07-17,29.313677,0.9765489169942789
2016-07-18,29.353493,1.0161892540642157
2016-07-19,29.347462,1.0099825911341505
2016-07-20,29.380785,1.0431299282040847
2016-07-21,29.320225,0.9823942652740207
2016-07-22,29.307522,0.9695156023439537
2016-07-23,29.2933,0.9551179394138885
2016-07-24,29.284113,0.9457552764838297
2016-07-25,29.242281,0.9037476135537617
2016-07-26,29.237474,0.898764950623697
2016-07-27,29.423052,1.0841672876936315
2016-07-28,29.400827,1.0617666247635675
2016-07-29,29.349531,1.0102949618335018
2016-07-30,29.324577,0.9851652989034392
2016-07-31,29.262255,0.9226676359733759
2016-08-01,29.19843,0.8586669730433094
2016-08-02,29.147522,0.8075833101132446
2016-08-03,29.127697,0.7875826471831822
2016-08-04,29.078732,0.7384419842531145
2016-08-05,29.042881,0.702415321323052
2016-08-06,28.999311,0.6586696583929879
2016-08-07,28.979305,0.6384879954629241
2016-08-08,28.947172,0.6061793325328573
2016-08-09,28.895004,0.553835669602794
2016-08-10,28.86619,0.5248460066727283
2016-08-11,28.913256,0.5717363437426641
2016-08-12,28.95223,0.6105346808125987
2016-08-13,29.006845,0.6649740178825354
2016-08-14,29.021332,0.6792853549524729
2016-08-15,29.050545,0.7083226920224064
2016-08-16,29.012186,0.6697880290923415
2016-08-17,28.953697,0.6111233661622748
2016-08-18,28.97714,0.63439070323221
2016-08-19,29.126333,0.7834080403021453
2016-08-20,29.253176,0.9100753773720847
2016-08-21,29.153566,0.8102897144420211
2016-08-22,29.173744,0.8302920515119538
2016-08-23,29.28314,0.939512388581889
2016-08-24,29.355822,1.0120187256518243
2016-08-25,29.551004,1.2070250627217582
2016-08-26,29.607418,1.2632633997916969
2016-08-27,29.666458,1.3221277368616313
2016-08-28,29.632523,1.2880170739315666
2016-08-29,29.71287,1.3681884110015012
2016-08-30,29.66668,1.3218227480714368
2016-08-31,29.55953,1.214497085141371
2016-09-01,29.49648,1.1512714222113054
2016-09-02,29.458363,1.1129787592812441
2016-09-03,29.402649,1.0570890963511808
2016-09-04,29.352999,1.007263433421116
2016-09-05,29.302156,0.9562447704910504
2016-09-06,29.293343,0.9472561075609853
2016-09-07,29.341665,0.9954024446309191
2016-09-08,29.339445,0.9930067817008563
2016-09-09,29.383635,1.0370211187707952
2016-09-10,29.381332,1.0345424558407288
2016-09-11,29.372004,1.0250387929106637
2016-09-12,29.348415,1.0012741299805974
2016-09-13,29.339167,0.9918504670505328
2016-09-14,29.385056,1.0375638041204667
2016-09-15,29.416674,1.0690061411904033
2016-09-16,29.38477,1.036926478260341
2016-09-17,29.387709,1.0396898153302772
2016-09-18,29.482784,1.1345891524002099
2016-09-19,29.557049,1.2086784894701452
2016-09-20,29.58448,1.23593382654008
2016-09-21,29.495157,1.1464351636100147
2016-09-22,29.452002,1.1031045006799545
2016-09-23,29.387833,1.0387598377498897
2016-09-24,29.395536,1.046287174819824
2016-09-25,29.414099,1.0646745118897591
2016-09-26,29.438187,1.088586848959693
2016-09-27,29.411755,1.0619791860296282
2016-09-28,29.38976,1.0398085230995626
2016-09-29,29.425385,1.0752578601695006
2016-09-30,29.386913,1.0366101972394368
2016-10-01,29.399244,1.0487655343093714
2016-10-02,29.520075,1.1694208713793053
2016-10-03,29.61692,1.266090208449242
2016-10-04,29.568964,1.2179585455191777
2016-10-05,29.580864,1.2296828825891097
2016-10-06,29.581247,1.229890219659051
2016-10-07,29.51638,1.1648475567289864
2016-10-08,29.487432,1.135723893798918
2016-10-09,29.459587,1.1077032308688537
2016-10-10,29.384995,1.0329355679387895
2016-10-11,29.335203,0.9829679050087243
2016-10-12,29.383278,1.03086724207866
2016-10-13,29.432396,1.0798095791485984
2016-10-14,29.454277,1.1015149162185338
2016-10-15,29.528059,1.1751212532884665
2016-10-16,29.496555,1.1434415903584032
2016-10-17,29.524998,1.1717089274283374
2016-10-18,29.52573,1.1722652644982716
2016-10-19,29.527042,1.1734016015682123
2016-10-20,29.525995,1.1721789386381474
2016-10-21,29.476765,1.1227732757080808
2016-10-22,29.38736,1.0331926127780164
2016-10-23,29.295364,0.9410209498479496
2016-10-24,29.186672,0.8321532869178867
2016-10-25,29.116499,0.7618046239878211
2016-10-26,29.111267,0.7563969610577601
2016-10-27,29.174591,0.819545298127693
2016-10-28,29.223684,0.868462635197627
2016-10-29,29.197813,0.8424159722675633
2016-10-30,29.186867,0.8312943093374976
2016-10-31,29.162224,0.8064756464074314
2016-11-01,29.128525,0.7726009834773677
2016-11-02,29.11829,0.7621903205473046
2016-11-03,28.995983,0.6397076576172402
2016-11-04,28.939486,0.5830349946871749
2016-11-05,28.907011,0.5503843317571118
2016-11-06,28.879873,0.5230706688270459
2016-11-07,28.784615,0.4276370058969796
2016-11-08,28.667995,0.31084134296692056
2016-11-09,28.536417,0.17908768003685438
2016-11-10,28.446394,0.08888901710679065
2016-11-11,28.40617,0.04848935417672351
2016-11-12,28.41942,0.061563691246657726
2016-11-13,28.438725,0.08069302831659542
2016-11-14,28.424461,0.0662533653865296
2016-11-15,28.411987,0.05360370245646706
2016-11-16,28.372007,0.013448039526402056
2016-11-17,28.314735,-0.043999623403664145
2016-11-18,28.215256,-0.143654286333728
2016-11-19,28.124922,-0.2341639492637917
2016-11-20,28.045397,-0.3138646121938571
2016-11-21,27.959784,-0.39965327512392435
2016-11-22,27.869864,-0.4897489380539852
2016-11-23,27.790112,-0.5696766009840495
2016-11-24,27.709867,-0.650097263914116
2016-11-25,27.640684,-0.71945592684418
2016-11-26,27.586699,-0.773616589774246
2016-11-27,27.550089,-0.8104022527043107
2016-11-28,27.508102,-0.8525649156343746
2016-11-29,27.49261,-0.868232578564438
2016-11-30,27.489967,-0.8710512414945022
2016-12-01,27.559065,-0.802128904424567
2016-12-02,27.61843,-0.7429395673546324
2016-12-03,27.639671,-0.7218742302846977
2016-12-04,27.64967,-0.7120508932147622
2016-12-05,27.649271,-0.7126255561448254
2016-12-06,27.628145,-0.7339272190748893
2016-12-07,27.612755,-0.7494928820049545
2016-12-08,27.5451,-0.817323544935018
2016-12-09,27.478453,-0.8841462078650864
2016-12-10,27.447989,-0.91478587079515
2016-12-11,27.462748,-0.9002025337252135
2016-12-12,27.476862,-0.8862641966552758
2016-12-13,27.418722,-0.9445798595853425
2016-12-14,27.300076,-1.0634015225154059
2016-12-15,27.208055,-1.15559818544547
2016-12-16,27.112974,-1.2508548483755355
2016-12-17,27.013998,-1.350006511305601
2016-12-18,26.95096,-1.4132201742356685
2016-12-19,26.907946,-1.4564098371657295
2016-12-20,26.83456,-1.5299715000957939
2016-12-21,26.754787,-1.6099201630258584
2016-12-22,26.70567,-1.6592128259559225
2016-12-23,26.677006,-1.6880524888859902
2016-12-24,26.679285,-1.6859491518160539
2016-12-25,26.694668,-1.670741814746119
2016-12-26,26.724472,-1.641113477676182
2016-12-27,26.768772,-1.5969891406062473
2016-12-28,26.838783,-1.5271538035363115
2016-12-29,26.810865,-1.5552474664663762
2016-12-30,26.771935,-1.594353129396442
2016-12-31,26.733164,-1.6332997923265076
2017-01-01,26.718447,-1.6481924552565665
2017-01-02,26.713472,-1.6533431181866334
2017-01-03,26.672445,-1.6945457811166982
2017-01-04,26.655655,-1.7115114440467636
2017-01-05,26.615858,-1.7514841069768288
2017-01-06,26.556448,-1.8110697699068936
2017-01-07,26.49597,-1.8717234328369585
2017-01-08,26.411972,-1.9558970957670212
2017-01-09,26.357624,-2.0104207586970837
2017-01-10,26.322495,-2.04572542162715
2017-01-11,26.264774,-2.103622084557216
2017-01-12,26.23244,-2.13613174748728
2017-01-13,26.172848,-2.195899410417347
2017-01-14,26.111116,-2.2578070733474114
2017-01-15,26.028204,-2.3408947362774732
2017-01-16,25.963367,-2.4059073992075355
2017-01-17,25.922863,-2.4465870621376027
2017-01-18,25.911966,-2.4576597250676677
2017-01-19,25.940653,-2.4291483879977314
2017-01-20,25.95951,-2.410467050927796
2017-01-21,25.984251,-2.385901713857862
2017-01-22,26.000675,-2.369653376787923
2017-01-23,26.007345,-2.3631590397179885
2017-01-24,26.009436,-2.3612437026480535
2017-01-25,26.049171,-2.3216843655781183
2017-01-26,26.094177,-2.276854028508186
2017-01-27,26.150187,-2.2210196914382507
2017-01-28,26.150238,-2.2211443543683096
2017-01-29,26.088501,-2.2830570172983755
2017-01-30,26.041862,-2.329871680228443
2017-01-31,26.031593,-2.3403163431585057
2017-02-01,26.002455,-2.3696300060885704
2017-02-02,25.959219,-2.413041669018636
2017-02-03,25.949558,-2.422878331948702
2017-02-04,25.936756,-2.4358559948787644
2017-02-05,25.955172,-2.4176156578088275
2017-02-06,25.943184,-2.429779320738895
2017-02-07,25.948193,-2.424945983668959
2017-02-08,25.93192,-2.441394646599022
2017-02-09,25.935911,-2.437579309529088
2017-02-10,25.956806,-2.4168599724591537
2017-02-11,25.985744,-2.388097635389215
2017-02-12,26.041,-2.3330172983192803
2017-02-13,26.110804,-2.263388961249344
2017-02-14,26.157352,-2.2170166241794114
2017-02-15,26.160597,-2.2139472871094767
2017-02-16,26.210323,-2.164396950039542
2017-02-17,26.238333,-2.136562612969602
2017-02-18,26.29405,-2.081021275899669
2017-02-19,26.349592,-2.0256549388297316
2017-02-20,26.34414,-2.0312826017597985
2017-02-21,26.413076,-1.9625222646898628
2017-02-22,26.419067,-1.9567069276199298
2017-02-23,26.459455,-1.9164945905499948
2017-02-24,26.574387,-1.8017382534800532
2017-02-25,26.5442,-1.8321009164101199
2017-02-26,26.537813,-1.838663579340185
2017-02-27,26.536104,-1.8405482422702484
2017-02-28,26.549397,-1.8274309052003161
2017-03-01,26.588688,-1.788315568130379
2017-03-02,26.65496,-1.7222192310604463
2017-03-03,26.737247,-1.640107893990507
2017-03-04,26.77983,-1.5977005569205716
2017-03-05,26.804035,-1.5736712198506382
2017-03-06,26.976799,-1.4010828827807025
2017-03-07,27.026724,-1.3513335457107658
2017-03-08,27.118683,-1.2595502086408317
2017-03-09,27.20365,-1.1747588715708979
2017-03-10,27.165125,-1.2134595345009593
2017-03-11,27.164375,-1.2143851974310245
2017-03-12,27.16209,-1.21684586036109
2017-03-13,27.312897,-1.0662145232911548
2017-03-14,27.252565,-1.126722186221219
2017-03-15,27.156816,-1.2226468491512854
2017-03-16,27.157028,-1.2226105120813457
2017-03-17,27.237312,-1.142502175011412
2017-03-18,27.267345,-1.1126448379414775
2017-03-19,27.38917,-0.9909955008715414
2017-03-20,27.419521,-0.960820163801607
2017-03-21,27.499102,-0.881414826731671
2017-03-22,27.53551,-0.8451824896617381
2017-03-23,27.626663,-0.7542051525917977
2017-03-24,27.715855,-0.6651888155218622
2017-03-25,27.773087,-0.6081324784519282
2017-03-26,27.816256,-0.5651391413819944
2017-03-27,27.945187,-0.43638380431205803
2017-03-28,27.911219,-0.4705274672421247
2017-03-29,27.912617,-0.469305130172188
2017-03-30,27.94432,-0.4377777931022493
2017-03-31,27.99744,-0.38483345603231456
2017-04-01,28.033422,-0.34902711896237903
2017-04-02,28.028378,-0.35424678189244574
2017-04-03,28.06192,-0.3208804448225102
2017-04-04,28.091564,-0.2914121077525742
2017-04-05,28.094023,-0.2891287706826411
2017-04-06,28.25018,-0.13314743361270232
2017-04-07,28.337658,-0.045845096542766584
2017-04-08,28.565279,0.1816002405271675
2017-04-09,28.59861,0.21475557759710284
2017-04-10,28.712,0.32796991466703673
2017-04-11,28.821749,0.4375432517369724
2017-04-12,28.924625,0.5402435888069093
2017-04-13,29.000202,0.6156449258768468
2017-04-14,28.921814,0.5370812629467814
2017-04-15,28.811207,0.4262986000167146
2017-04-16,28.762476,0.3773919370866494
2017-04-17,28.820265,0.43500527415658397
2017-04-18,28.90861,0.5231746112265192
2017-04-19,28.858858,0.47324694829645964
2017-04-20,28.826181,0.44039428536639136
2017-04-21,28.818539,0.4325766224363292
2017-04-22,28.843548,0.4574099595062613
2017-04-23,28.866173,0.47985929657619764
2017-04-24,28.872787,0.48629763364613154
2017-04-25,28.900244,0.5135789707160683
2017-04-26,28.984653,0.5978123077860076
2017-04-27,29.110273,0.7232566448559403
2017-04-28,29.11411,0.726917981925876
2017-04-29,29.258772,0.8714043189958112
2017-04-30,29.300713,0.9131696560657439
2017-05-01,29.324299,0.9365799931356804
2017-05-02,29.3339,0.9460053302056153
2017-05-03,29.339954,0.9518836672755526
2017-05-04,29.403223,1.0149770043454893
2017-05-05,29.409946,1.0215243414154251
2017-05-06,29.463917,1.0753196784853571
2017-05-07,29.521955,1.1331820155552919
2017-05-08,29.608269,1.2193203526252283
2017-05-09,29.678335,1.2892106896951674
2017-05-10,29.788446,1.3991460267651021
2017-05-11,29.861149,1.4716733638350377
2017-05-12,30.030754,1.6411027009049732
2017-05-13,30.070337,1.680510037974905
2017-05-14,30.105665,1.7156623750448396
2017-05-15,30.135439,1.7452607121147778
2017-05-16,30.22888,1.8385260491847149
2017-05-17,30.281445,1.890915386254651
2017-05-18,30.438238,2.047532723324583
2017-05-19,30.540672,2.14979106039452
2017-05-20,30.561365,2.170308397464453
2017-05-21,30.568132,2.1768997345343877
2017-05-22,30.597956,2.206548071604324
2017-05-23,30.69857,2.3069864086742626
2017-05-24,30.725626,2.3338667457441957
2017-05-25,30.78438,2.392445082814131
2017-05-26,30.812902,2.4207914198840683
2017-05-27,30.747713,2.355426756954003
2017-05-28,30.594048,2.201586094023938
2017-05-29,30.47106,2.078422431093877
2017-05-30,30.443459,2.050645768163811
2017-05-31,30.4376,2.044611105233745
2017-06-01,30.416527,2.0233624423036787
2017-06-02,30.394526,2.001185779373614
2017-06-03,30.334545,1.9410291164435485
2017-06-04,30.342625,1.9489334535134866
2017-06-05,30.374746,1.9808787905834215
2017-06-06,30.509405,2.115362127653359
2017-06-07,30.446861,2.0526424647232915
2017-06-08,30.464201,2.069806801793227
2017-06-09,30.458967,2.064397138863164
2017-06-10,30.317883,1.9231374759330961
2017-06-11,30.120043,1.7251218130030317
2017-06-12,29.962202,1.5671051500729725
2017-06-13,29.874489,1.4792164871429065
2017-06-14,29.778101,1.3826528242128404
2017-06-15,29.670547,1.274923161282775
2017-06-16,29.57674,1.1809404983527116
2017-06-17,29.53,1.1340248354226468
2017-06-18,29.498789,1.1026381724925791
2017-06-19,29.456104,1.0597775095625188
2017-06-20,29.383032,0.9865298466324539
2017-06-21,29.322073,0.9253951837023884
2017-06-22,29.27421,0.8773565207723237
2017-06-23,29.24321,0.8461808578422598
2017-06-24,29.200771,0.803566194912193
2017-06-25,29.144667,0.7472865319821302
2017-06-26,29.076977,0.6794208690520662
2017-06-27,29.04004,0.6423082061220029
2017-06-28,28.99537,0.5974625431919378
2017-06-29,28.98158,0.5834968802618725
2017-06-30,28.963736,0.5654772173318072
2017-07-01,28.907381,0.5089465544017422
2017-07-02,28.84436,0.44574989147168154
2017-07-03,28.8483,0.44951422854161294
2017-07-04,28.845026,0.4460645656115503
2017-07-05,28.832403,0.4332659026814838
2017-07-06,28.846691,0.4473782397514192
2017-07-07,28.83553,0.4360415768213528
2017-07-08,28.850363,0.4506989138912907
2017-07-09,28.858612,0.4587722509612284
2017-07-10,28.90355,0.5035345880311617
2017-07-11,28.940723,0.5405319251010958
2017-07-12,28.952148,0.5517812621710334
2017-07-13,28.971642,0.5710995992409664
2017-07-14,28.952362,0.5516439363109029
2017-07-15,28.945673,0.5447792733808363
2017-07-16,28.904305,0.5032356104507762
2017-07-17,28.894081,0.49283594752071025
2017-07-18,28.87755,0.47612928459064463
2017-07-19,28.830093,0.42849662166058167
2017-07-20,28.798172,0.39639995873051603
2017-07-21,28.758091,0.35614329580045023
2017-07-22,28.69286,0.290736632870388
2017-07-23,28.654757,0.2524579699403233
2017-07-24,28.676777,0.2743023070102595
2017-07-25,28.69553,0.2928796440801946
2017-07-26,28.727322,0.3244959811501289
2017-07-27,28.816807,0.4138053182200636
2017-07-28,28.9564,0.5532226552899964
2017-07-29,29.087187,0.6838339923599364
2017-07-30,29.163551,0.7600223294298694
2017-07-31,29.205332,0.8016276664998045
2017-08-01,29.242968,0.8390880035697421
2017-08-02,29.288927,0.8848713406396769
2017-08-03,29.315678,0.9114466777096091
2017-08-04,29.287205,0.8827980147795458
2017-08-05,29.27465,0.8700673518494852
2017-08-06,29.309437,0.904678688919418
2017-08-07,29.246092,0.8411580259893547
2017-08-08,29.17735,0.7722403630592893
2017-08-09,29.128902,0.7236167001292237
2017-08-10,29.111902,0.7064410371991592
2017-08-11,29.08188,0.6762433742690988
2017-08-12,29.051868,0.6460557113390308
2017-08-13,29.031803,0.6258150484089668
2017-08-14,29.047771,0.6416073854789026
2017-08-15,29.064466,0.6581267225488361
2017-08-16,29.058817,0.6523020596187727
2017-08-17,29.013275,0.6065843966887066
2017-08-18,29.013897,0.6070307337586449
2017-08-19,28.993462,0.5864200708285807
2017-08-20,29.036097,0.6288794078985163
2017-08-21,29.107363,0.699969744968449
2017-08-22,29.103735,0.6961660820383848
2017-08-23,29.172922,0.7651774191083192
2017-08-24,29.197973,0.7900527561782553
2017-08-25,29.203884,0.7957880932481913
2017-08-26,29.185122,0.7768504303181274
2017-08-27,29.12232,0.7138727673880609
2017-08-28,29.113747,0.7051241044579974
2017-08-29,29.160069,0.7512704415279323
2017-08-30,29.211325,0.8023507785978659
2017-08-31,29.15601,0.7468601156678005
2017-09-01,29.11617,0.7068444527377409
2017-09-02,29.089914,0.6804127898076757
2017-09-03,29.175573,0.7658961268776103
2017-09-04,29.240028,0.830175463947544
2017-09-05,29.290987,0.8809588010174814
2017-09-06,29.378302,0.9680981380874165
2017-09-07,29.494062,1.083682475157353
2017-09-08,29.585253,1.17469781222729
2017-09-09,29.601538,1.1908071492972248
2017-09-10,29.583569,1.1726624863671589
2017-09-11,29.67095,1.2598678234370944
2017-09-12,29.626038,1.2147801605070292
2017-09-13,29.54474,1.1333064975769638
2017-09-14,29.502098,1.0904888346469015
2017-09-15,29.608809,1.197024171716837
2017-09-16,29.77545,1.3634895087867704
2017-09-17,29.648972,1.2368358458567066
2017-09-18,29.52484,1.112528182926642
2017-09-19,29.417881,1.0053935199965771
2017-09-20,29.411606,0.9989428570665098
2017-09-21,29.474422,1.0615831941364497
2017-09-22,29.573175,1.1601605312063832
2017-09-23,29.697632,1.2844418682763177
2017-09-24,29.708523,1.2951572053462534
2017-09-25,29.748503,1.3349615424161883
2017-09-26,29.733866,1.3201488794861227
2017-09-27,29.636858,1.2229652165560587
2017-09-28,29.5728,1.158731553625998
2017-09-29,29.570139,1.155894890695933
2017-09-30,29.634062,1.219642227765867
2017-10-01,29.686386,1.2717905648358006
2017-10-02,29.750858,1.3360869019057375
2017-10-03,29.763908,1.3489612389756722
2017-10-04,29.862268,1.4471455760456102
2017-10-05,29.759367,1.3440689131155459
2017-10-06,29.625456,1.2099822501854796
2017-10-07,29.557646,1.141996587255413
2017-10-08,29.600866,1.1850409243253495
2017-10-09,29.659525,1.243524261395283
2017-10-10,29.824492,1.4083155984652187
2017-10-11,29.909946,1.4935939355351593
2017-10-12,29.960285,1.5437572726050917
2017-10-13,29.989534,1.5728306096750266
2017-10-14,29.966589,1.5497099467449615
2017-10-15,29.971193,1.554138283814897
2017-10-16,29.874653,1.4574226208848309
2017-10-17,29.82087,1.4034639579547665
2017-10-18,29.734274,1.3166922950247049
2017-10-19,29.627731,1.2099736320946413
2017-10-20,29.535238,1.1173049691645751
2017-10-21,29.455479,1.0373703062345108
2017-10-22,29.416584,0.9982996433044455
2017-10-23,29.536081,1.1176209803743795
2017-10-24,29.562206,1.1435703174443148
2017-10-25,29.46974,1.050928654514255
2017-10-26,29.42083,1.001842991584187
2017-10-27,29.380415,0.9612523286541226
2017-10-28,29.337341,0.9180026657240568
2017-10-29,29.232275,0.8127610027939944
2017-10-30,29.121971,0.7022813398639265
2017-10-31,29.039572,0.6197066769338662
2017-11-01,29.013231,0.5931900140038024
2017-11-02,29.015953,0.5957363510737359
2017-11-03,28.99917,0.5787776881436706
2017-11-04,29.010603,0.5900350252136057
2017-11-05,29.025032,0.6042883622835404
2017-11-06,29.05012,0.6292006993534756
2017-11-07,29.043318,0.6222230364234136
2017-11-08,28.98408,0.5628093734933479
2017-11-09,28.919683,0.4982367105632832
2017-11-10,28.871748,0.4501260476332192
2017-11-11,28.854061,0.4322633847031554
2017-11-12,28.833466,0.41149272177309015
2017-11-13,28.841738,0.4195890588430231
2017-11-14,28.854067,0.4317423959129627
2017-11-15,28.847406,0.42490573298289647
2017-11-16,28.84011,0.4174340700528312
2017-11-17,28.867777,0.44492540712276707
2017-11-18,28.97322,0.550192744192703
2017-11-19,28.974506,0.5513030812626383
2017-11-20,28.896662,0.47328341833257426
2017-11-21,28.813162,0.38960775540250836
2017-11-22,28.618721,0.19499109247244562
2017-11-23,28.371159,-0.052746570457621544
2017-11-24,28.185198,-0.23888323338768558
2017-11-25,28.042658,-0.381598896317751
2017-11-26,27.90751,-0.516922559247817
2017-11-27,27.769915,-0.6546932221778761
2017-11-28,27.63355,-0.7912338851079426
2017-11-29,27.516283,-0.9086765480380059
2017-11-30,27.425303,-0.9998322109680728
2017-12-01,27.359436,-1.0658748738981387
2017-12-02,27.341187,-1.0842995368282011
2017-12-03,27.300737,-1.124925199758266
2017-12-04,27.222471,-1.2033668626883305
2017-12-05,27.155348,-1.2706655256183943
2017-12-06,27.10365,-1.3225391885484612
2017-12-07,27.088543,-1.3378218514785232
2017-12-08,27.182886,-1.2436545144085898
2017-12-09,27.277563,-1.149153177338654
2017-12-10,27.341307,-1.0855848402687194
2017-12-11,27.377165,-1.0499025031987799
2017-12-12,27.314117,-1.113126166128847
2017-12-13,27.220348,-1.2070708290589103
2017-12-14,27.155176,-1.2724184919889758
2017-12-15,27.083015,-1.3447551549190422
2017-12-16,26.985735,-1.4422108178491087
2017-12-17,26.900244,-1.5278774807791677
2017-12-18,26.833883,-1.5944141437092334
2017-12-19,26.773642,-1.6548308066392998
2017-12-20,26.720974,-1.7076744695693655
2017-12-21,26.673918,-1.7549061324994284
2017-12-22,26.60776,-1.821239795429495
2017-12-23,26.575014,-1.8541614583595596
2017-12-24,26.57048,-1.8588711212896207
2017-12-25,26.566433,-1.8630937842196857
2017-12-26,26.535185,-1.8945174471497523
2017-12-27,26.530817,-1.899061110079817
2017-12-28,26.529995,-1.9000587730098815
2017-12-29,26.506233,-1.9239964359399444
2017-12-30,26.512299,-1.9181060988700125
2017-12-31,26.482882,-1.9476987618000727
2018-01-01,26.42882,-2.001936424730136
2018-01-02,26.44734,-1.9835920876602025
2018-01-03,26.399609,-2.0314987505902664
2018-01-04,26.330126,-2.1011574135203333
2018-01-05,26.219824,-2.211635076450399
2018-01-06,26.132875,-2.298759739380465
2018-01-07,26.058016,-2.3737944023105264
2018-01-08,26.013733,-2.4182530652405916
2018-01-09,25.959423,-2.472738728170654
2018-01-10,25.892233,-2.5401043911007193
2018-01-11,25.82489,-2.6076230540307854
2018-01-12,25.792324,-2.6403647169608497
2018-01-13,25.762571,-2.6702933798909108
2018-01-14,25.685844,-2.7471960428209776
2018-01-15,25.637129,-2.7960867057510406
2018-01-16,25.590202,-2.843189368681106
2018-01-17,25.54572,-2.887847031611173
2018-01-18,25.498062,-2.9356806945412366
2018-01-19,25.475887,-2.9580313574713024
2018-01-20,25.425636,-3.0084580204013633
2018-01-21,25.385155,-3.049114683331428
2018-01-22,25.357805,-3.0766403462614953
2018-01-23,25.324848,-3.10977300919156
2018-01-24,25.298384,-3.136412672121626
2018-01-25,25.315622,-3.1193503350516885
2018-01-26,25.32488,-3.1102679979817545
2018-01-27,25.323233,-3.112090660911818
2018-01-28,25.319426,-3.1160733238418814
2018-01-29,25.297045,-3.138629986771946
2018-01-30,25.263035,-3.172815649702013
2018-01-31,25.270359,-3.1656673126320776
2018-02-01,25.316645,-3.1195569755621406
2018-02-02,25.396221,-3.0401566384922027
2018-02-03,25.369524,-3.06702930142227
2018-02-04,25.400436,-3.0362929643523344
2018-02-05,25.45607,-2.9808346272823982
2018-02-06,25.525066,-2.912014290212465
2018-02-07,25.600739,-2.836516953142528
2018-02-08,25.658134,-2.7792976160725935
2018-02-09,25.723778,-2.713829279002656
2018-02-10,25.768663,-2.6691199419327205
2018-02-11,25.692656,-2.745302604862786
2018-02-12,25.696772,-2.7413622677928515
2018-02-13,25.724386,-2.713923930722917
2018-02-14,25.709864,-2.7286215936529814
2018-02-15,25.691093,-2.7475682565830475
2018-02-16,25.647661,-2.7911759195131083
2018-02-17,25.652878,-2.7861345824431716
2018-02-18,25.683722,-2.7554662453732384
2018-02-19,25.664017,-2.7753469083033018
2018-02-20,25.664343,-2.7751965712333693
2018-02-21,25.706226,-2.7334892341634323
2018-02-22,25.82041,-2.6194808970934993
2018-02-23,25.904629,-2.53543756002356
2018-02-24,25.983763,-2.456479222953625
2018-02-25,26.029924,-2.410493885883689
2018-02-26,26.153784,-2.2868095488137534
2018-02-27,26.25737,-2.1833992117438186
2018-02-28,26.346487,-2.0944578746738856
2018-03-01,26.409893,-2.0312275376039466
2018-03-02,26.482365,-1.9589312005340105
2018-03-03,26.53022,-1.9112518634640772
2018-03-04,26.61416,-1.827487526394144
2018-03-05,26.785604,-1.656219189324208
2018-03-06,26.893942,-1.5480568522542733
2018-03-07,26.89477,-1.5474045151843363
2018-03-08,26.884047,-1.5583031781144001
2018-03-09,26.877037,-1.5654888410444627
2018-03-10,26.968105,-1.474596503974528
2018-03-11,27.071234,-1.3716431669045939
2018-03-12,27.11227,-1.3307828298346607
2018-03-13,27.159292,-1.2839364927647239
2018-03-14,27.189081,-1.254323155694788
2018-03-15,27.31817,-1.1254098186248527
2018-03-16,27.430847,-1.0129084815549163
2018-03-17,27.562984,-0.8809471444849812
2018-03-18,27.713411,-0.7306958074150458
2018-03-19,27.85708,-0.5872024703451117
2018-03-20,27.90696,-0.5374981332751751
2018-03-21,27.951313,-0.49332079620524283
2018-03-22,28.023378,-0.42143145913530233
2018-03-23,28.094059,-0.350926122065367
2018-03-24,28.182487,-0.26267378499543526
2018-03-25,28.182558,-0.2627784479254984
2018-03-26,28.146837,-0.2986751108555623
2018-03-27,28.075083,-0.3706047737856295
2018-03-28,28.16188,-0.2839834367156904
2018-03-29,28.146946,-0.2990930996457557
2018-03-30,28.160625,-0.285589762575821
2018-03-31,28.1576,-0.28879042550588707
2018-04-01,28.302238,-0.14432808843595168
2018-04-02,28.281553,-0.16518875136601707
2018-04-03,28.37484,-0.07207741429608205
2018-04-04,28.408533,-0.038560077226144074
2018-04-05,28.413269,-0.03399974015620799
2018-04-06,28.434492,-0.01295240308627399
2018-04-07,28.536068,0.08844793398366235
2018-04-08,28.534306,0.08651027105359788
2018-04-09,28.732353,0.28438160812353175
2018-04-10,28.77414,0.325992945193466
2018-04-11,28.831068,0.38274528226340365
2018-04-12,28.916777,0.4682786193333399
2018-04-13,28.91803,0.46935595640327676
2018-04-14,29.016346,0.5674962934732086
2018-04-15,29.137608,0.6885826305431451
2018-04-16,29.307705,0.8585039676130783
2018-04-17,29.405582,0.9562053046830137
2018-04-18,29.390686,0.9411336417529519
2018-04-19,29.313423,0.8636949788228883
2018-04-20,29.335876,0.8859723158928219
2018-04-21,29.388012,0.9379326529627576
2018-04-22,29.372847,0.9225919900326929
2018-04-23,29.428797,0.978366327102627
2018-04-24,29.473295,1.0226886641725663
2018-04-25,29.4564,1.0056180012424996
2018-04-26,29.504251,1.0532933383124359
2018-04-27,29.57,1.118866675382371
2018-04-28,29.58569,1.1343810124523053
2018-04-29,29.508581,1.05709634952224
2018-04-30,29.473763,1.0221026865921772
2018-05-01,29.49962,1.047784023662114
2018-05-02,29.49933,1.0473183607320493
2018-05-03,29.556984,1.1047966978019836
2018-05-04,29.537445,1.0850820348719203
2018-05-05,29.56493,1.112391371941854
2018-05-06,29.536953,1.0842387090117889
2018-05-07,29.572731,1.1198410460817243
2018-05-08,29.610115,1.1570493831516622
2018-05-09,29.703236,1.249994720221597
2018-05-10,29.845118,1.391701057291531
2018-05-11,29.910534,1.4569413943614649
2018-05-12,29.963154,1.5093857314314008
2018-05-13,29.968431,1.5144870685013352
2018-05-14,29.982735,1.5286154055712764
2018-05-15,29.971148,1.516852742641209
2018-05-16,30.01243,1.557959079711143
2018-05-17,29.965477,1.5108304167810793
2018-05-18,29.9607,1.5058777538510135
2018-05-19,29.956696,1.50169809092095
2018-05-20,30.00711,1.551936427990885
2018-05-21,30.066278,1.610928765060823
2018-05-22,30.082438,1.6269131021307572
2018-05-23,30.10838,1.6526794392006927
2018-05-24,30.096615,1.6407387762706271
2018-05-25,30.128494,1.672442113340562
2018-05-26,30.216127,1.7598994504104972
2018-05-27,30.30445,1.8480467874804312
2018-05-28,30.351585,1.8950061245503704
2018-05-29,30.30445,1.8476954616203045
2018-05-30,30.295267,1.8383367986902392
2018-05-31,30.346754,1.8896481357601758
2018-06-01,30.415792,1.9585104728301097
2018-06-02,30.456842,1.9993848099000466
2018-06-03,30.43978,1.9821471469699787
2018-06-04,30.447388,1.9895794840399184
2018-06-05,30.506424,2.0484398211098522
2018-06-06,30.547056,2.0888961581797894
2018-06-07,30.465078,2.0067424952497213
2018-06-08,30.411297,1.952785832319659
2018-06-09,30.286312,1.8276251693895915
2018-06-10,30.173178,1.7143155064595312
2018-06-11,30.063097,1.6040588435294652
2018-06-12,29.930323,1.4711091805994023
2018-06-13,29.815536,1.3561465176693375
2018-06-14,29.774334,1.3147688547392704
2018-06-15,29.805843,1.346102191809205
2018-06-16,29.84025,1.3803335288791416
2018-06-17,29.887941,1.4278488659490804
2018-06-18,29.93018,1.469912203019014
2018-06-19,29.9623,1.5018565400889479
2018-06-20,29.921852,1.461232877158885
2018-06-21,29.836786,1.3759912142288186
2018-06-22,29.733501,1.272530551298754
2018-06-23,29.649944,1.1887978883686898
2018-06-24,29.565586,1.1042642254386266
2018-06-25,29.481853,1.0203555625085627
2018-06-26,29.353834,0.8921608995784958
2018-06-27,29.273222,0.8113732366484321
2018-06-28,29.228231,0.7662065737183674
2018-06-29,29.206915,0.7447149107883
2018-06-30,29.160368,0.6979922478582345
2018-07-01,29.126144,0.6635925849281747
2018-07-02,29.12653,0.6638029219981085
2018-07-03,29.098728,0.6358252590680458
2018-07-04,29.083746,0.6206675961379808
2018-07-05,29.09693,0.6336759332079147
2018-07-06,29.091425,0.6279952702778502
2018-07-07,29.059885,0.596279607347789
2018-07-08,29.04002,0.5762389444177209
2018-07-09,29.020084,0.5561272814876581
2018-07-10,28.984016,0.5198836185575928
2018-07-11,28.95514,0.49083195562752735
2018-07-12,28.933857,0.46937329269746186
2018-07-13,28.943542,0.4788826297673978
2018-07-14,28.926744,0.46190896683733484
2018-07-15,28.864307,0.39929630390727056
2018-07-16,28.797411,0.3322246409772056
2018-07-17,28.80006,0.33469797804713863
2018-07-18,28.854582,0.3890443151170757
2018-07-19,28.907745,0.44203165218700846
2018-07-20,28.829384,0.3634949892569459
2018-07-21,28.763351,0.29728632632688345
2018-07-22,28.723818,0.25757766339681964
2018-07-23,28.779364,0.3129480004667542
2018-07-24,28.84512,0.37852833753668946
2018-07-25,28.878437,0.4116696746066246
2018-07-26,28.84437,0.37742701167655923
2018-07-27,28.841702,0.37458334874649424
2018-07-28,28.813921,0.34662668581643175
2018-07-29,28.807129,0.33965902288636585
2018-07-30,28.782503,0.3148573599562994
2018-07-31,28.740688,0.27286669702623456
2018-08-01,28.717258,0.24926103409617184
2018-08-02,28.682318,0.21414537116610433
2018-08-03,28.687765,0.21941670823604298
2018-08-04,28.792637,0.3241130453059782
2018-08-05,28.79503,0.3263303823759145
2018-08-06,28.696243,0.22736771944584788
2018-08-07,28.634588,0.16553705651578454
2018-08-08,28.655087,0.18586039358572037
2018-08-09,28.744474,0.2750717306556538
2018-08-10,28.821486,0.35190806772559213
2018-08-11,28.867949,0.3981954047955263
2018-08-12,28.932224,0.46229474186546327
2018-08-13,28.979404,0.5092990789353955
2018-08-14,28.947807,0.4775264160053325
2018-08-15,28.83004,0.3595837530752668
2018-08-16,28.784285,0.31365309014520193
2018-08-17,28.79814,0.3273324272151399
2018-08-18,28.838448,0.36746476428507435
2018-08-19,28.861301,0.3901421013550106
2018-08-20,28.800419,0.32908443842494606
2018-08-21,28.798288,0.32677777549487885
2018-08-22,28.850878,0.3791921125648159
2018-08-23,28.90869,0.43682844963475276
2018-08-24,28.900412,0.428374786704687
2018-08-25,28.848354,0.37614112377462305
2018-08-26,28.775547,0.303158460844557
2018-08-27,28.714546,0.24198179791449093
2018-08-28,28.675598,0.20285813498442806
2018-08-29,28.668789,0.19587347205436245
2018-08-30,28.672064,0.1989728091242995
2018-08-31,28.664541,0.19127414619423533
2018-09-01,28.646954,0.17351148326417132
2018-09-02,28.639803,0.16618482033410586
2018-09-03,28.689985,0.21619115740404027
2018-09-04,28.64403,0.17006049447397587
2018-09-05,28.515776,0.0416308315439089
2018-09-06,28.41064,-0.06368083138615077
2018-09-07,28.402842,-0.07165449431621695
2018-09-08,28.536442,0.06176984275371922
2018-09-09,28.659632,0.18478417982365158
2018-09-10,28.645386,0.1703625168935865
2018-09-11,28.694084,0.21888485396352308
2018-09-12,28.711264,0.23588919103345773
2018-09-13,28.815453,0.3399025281033978
2018-09-14,28.897446,0.4217198651733298
2018-09-15,29.065765,0.589863202243265
2018-09-16,29.319109,0.843031539313202
2018-09-17,29.436745,0.9604918763831343
2018-09-18,29.499788,1.0233592134530696
2018-09-19,29.254038,0.7774335505230106
2018-09-20,29.076702,0.5999218875929451
2018-09-21,28.934357,0.4574012246628776
2018-09-22,29.095879,0.618747561732814
2018-09-23,29.276073,0.7987658988027491
2018-09-24,29.386461,0.9089782358726843
2018-09-25,29.449537,0.971878572942618
2018-09-26,29.55499,1.0771559100125572
2018-09-27,29.625689,1.1476792470824932
2018-09-28,29.733175,1.2549895841524261
2018-09-29,29.90594,1.4275789212223629
2018-09-30,30.034496,1.5559592582922974
2018-10-01,30.10166,1.6229475953622305
2018-10-02,30.107164,1.6282759324321674
2018-10-03,30.17522,1.6961562695021044
2018-10-04,30.261621,1.7823816065720415
2018-10-05,30.352488,1.8730729436419757
2018-10-06,30.309998,1.8304072807119098
2018-10-07,30.16928,1.689513617781845
2018-10-08,29.910683,1.4307409548517782
2018-10-09,29.695498,1.215380291921715
2018-10-10,29.504025,1.0237316289916514
2018-10-11,29.333813,0.8533439660615869
2018-10-12,29.221663,0.7410183031315221
2018-10-13,29.172691,0.6918706402014578
2018-10-14,29.195902,0.7149059772713926
2018-10-15,29.288988,0.8078163143413271
2018-10-16,29.272068,0.7907206514112666
2018-10-17,29.161322,0.679798988481199
2018-10-18,29.116419,0.634720325551136
2018-10-19,29.11595,0.634075662621072
2018-10-20,29.095299,0.613248999691006
2018-10-21,29.05262,0.5703943367609412
2018-10-22,29.040438,0.5580366738308769
2018-10-23,29.052097,0.5695200109008134
2018-10-24,29.017326,0.5345733479707491
2018-10-25,28.961603,0.47867468504068356
2018-10-26,28.897388,0.41428402211061766
2018-10-27,28.86815,0.3848703591805531
2018-10-28,28.826235,0.34277969625048854
2018-10-29,28.805058,0.3214270333204219
2018-10-30,28.759096,0.27528937039036094
2018-10-31,28.74379,0.2598077074602969
2018-11-01,28.77156,0.2874020445302321
2018-11-02,28.81564,0.33130638160016446
2018-11-03,28.850414,0.36590471867010166
2018-11-04,28.85294,0.36825505574003614
2018-11-05,28.836191,0.35133039280997025
2018-11-06,28.80497,0.3199337298799101
2018-11-07,28.780638,0.29542606694984386
2018-11-08,28.686731,0.2013434040197808
2018-11-09,28.580229,0.09466574108971315
2018-11-10,28.452196,-0.03354292184035046
2018-11-11,28.340803,-0.1451115847704152
2018-11-12,28.29863,-0.18746024770047853
2018-11-13,28.233927,-0.2523389106305416
2018-11-14,28.200962,-0.2854795735606075
2018-11-15,28.19956,-0.2870572364906714
2018-11-16,28.269276,-0.21751689942073682
2018-11-17,28.336323,-0.15064556235080317
2018-11-18,28.299475,-0.18766922528086738
2018-11-19,28.247654,-0.23966588821092927
2018-11-20,28.213371,-0.27412455114099643
2018-11-21,28.140112,-0.3475592140710617
2018-11-22,28.0615,-0.4263468770011265
2018-11-23,27.951086,-0.5369365399311903
2018-11-24,27.830038,-0.6581602028612572
2018-11-25,27.725506,-0.7628678657913213
2018-11-26,27.646935,-0.841614528721383
2018-11-27,27.589005,-0.899720191651447
2018-11-28,27.564066,-0.9248348545815119
2018-11-29,27.529638,-0.9594385175115789
2018-11-30,27.452566,-1.0366861804416416
2018-12-01,27.379055,-1.1103728433717066
2018-12-02,27.323996,-1.1656075063017681
2018-12-03,27.289557,-1.2002221692318358
2018-12-04,27.269938,-1.2200168321618996
2018-12-05,27.208176,-1.2819544950919628
2018-12-06,27.132158,-1.3581481580220292
2018-12-07,27.065004,-1.4254778209520964
2018-12-08,26.999237,-1.491420483882159
2018-12-09,26.913042,-1.5777911468122205
2018-12-10,26.82769,-1.663318809742286
2018-12-11,26.765913,-1.7252714726723504
2018-12-12,26.746866,-1.744494135602416
2018-12-13,26.774994,-1.7165417985324822
2018-12-14,26.78626,-1.7054514614625482
2018-12-15,26.792433,-1.699454124392613
2018-12-16,26.860357,-1.631705787322673
2018-12-17,26.97026,-1.521978450252739
2018-12-18,27.026197,-1.466217113182804
2018-12-19,26.977211,-1.5153787761128683
2018-12-20,26.900782,-1.5919834390429344
2018-12-21,26.795448,-1.6974931019729986
2018-12-22,26.715847,-1.777269764903064
2018-12-23,26.634718,-1.8585744278331262
2018-12-24,26.541862,-1.9516060907631925
2018-12-25,26.44977,-2.043873753693255
2018-12-26,26.357843,-2.135976416623322
2018-12-27,26.286163,-2.2078320795533877
2018-12-28,26.238398,-2.255772742483451
2018-12-29,26.17808,-2.3162664054135114
2018-12-30,26.118473,-2.376049068343576
2018-12-31,26.078503,-2.4161947312736416
2019-01-01,26.032986,-2.461887394203707
2019-01-02,26.017252,-2.477797057133774
2019-01-03,26.010363,-2.4848617200638365
2019-01-04,26.001728,-2.4936723829939034
2019-01-05,26.019226,-2.476350045923965
2019-01-06,26.051327,-2.4444247088540294
2019-01-07,26.021566,-2.474361371784095
2019-01-08,26.004343,-2.4917600347141615
2019-01-09,26.03271,-2.4635686976442237
2019-01-10,25.980469,-2.515985360574291
2019-01-11,25.939236,-2.5573940235043544
2019-01-12,25.878946,-2.617859686434418
2019-01-13,25.845966,-2.6510153493644815
2019-01-14,25.819403,-2.677754012294546
2019-01-15,25.791914,-2.705418675224614
2019-01-16,25.757536,-2.7399723381546757
2019-01-17,25.741306,-2.756378001084741
2019-01-18,25.734026,-2.763833664014804
2019-01-19,25.747496,-2.7505393269448675
2019-01-20,25.764885,-2.7333259898749347
2019-01-21,25.77841,-2.7199766528049985
2019-01-22,25.817896,-2.6806663157350634
2019-01-23,25.864958,-2.633779978665128
2019-01-24,25.881748,-2.617165641595193
2019-01-25,25.866556,-2.632533304525257
2019-01-26,25.902279,-2.5969859674553213
2019-01-27,25.930822,-2.5686186303853873
2019-01-28,25.93733,-2.562286293315452
2019-01-29,25.921448,-2.578343956245515
2019-01-30,25.858793,-2.641174619175583
2019-01-31,25.809631,-2.6905122821056473
2019-02-01,25.831774,-2.668544945035709
2019-02-02,25.830988,-2.669506607965772
2019-02-03,25.805418,-2.695252270895839
2019-02-04,25.804688,-2.696157933825905
2019-02-05,25.791264,-2.709757596755967
2019-02-06,25.796068,-2.705129259686032
2019-02-07,25.78611,-2.7152629226160983
2019-02-08,25.839748,-2.6618005855461604
2019-02-09,25.8892,-2.6125242484762268
2019-02-10,25.761162,-2.740737911406292
2019-02-11,25.712679,-2.7893965743363545
2019-02-12,25.647768,-2.8544832372664217
2019-02-13,25.62595,-2.8764769001964865
2019-02-14,25.67089,-2.8317125631265476
2019-02-15,25.751045,-2.7517332260566114
2019-02-16,25.715721,-2.7872328889866793
2019-02-17,25.825472,-2.6776575519167416
2019-02-18,25.972479,-2.530826214846808
2019-02-19,26.104567,-2.3989138777768737
2019-02-20,26.110584,-2.393072540706939
2019-02-21,26.150805,-2.3530272036370015
2019-02-22,26.265247,-2.238760866567066
2019-02-23,26.491316,-2.0128675294971288
2019-02-24,26.711082,-1.793277192427194
2019-02-25,26.773071,-1.7314638553572586
2019-02-26,26.817688,-1.6870225182873249
2019-02-27,26.924221,-1.580665181217391
2019-02-28,26.948881,-1.5561808441474518
2019-03-01,26.81846,-1.6867775070775153
2019-03-02,26.618773,-1.8866401700075812
2019-03-03,26.529943,-1.9756458329376478
2019-03-04,26.587732,-1.9180324958677133
2019-03-05,26.509241,-1.996699158797778
2019-03-06,26.613056,-1.8930598217278423
2019-03-07,26.677557,-1.828734484657904
2019-03-08,26.815302,-1.69116514758797
2019-03-09,26.943697,-1.562945810518034
2019-03-10,26.90587,-1.6009484734480992
2019-03-11,26.94944,-1.5575541363781653
2019-03-12,27.039064,-1.4681057993082298
2019-03-13,27.159376,-1.3479694622382894
2019-03-14,27.338268,-1.1692531251683569
2019-03-15,27.501589,-1.0061077880984222
2019-03-16,27.539495,-0.9683774510284877
2019-03-17,27.634064,-0.8739841139585529
2019-03-18,27.487719,-1.0205047768886182
2019-03-19,27.631817,-0.8765824398186801
2019-03-20,27.756933,-0.7516421027487432
2019-03-21,27.735212,-0.7735387656788077
2019-03-22,27.752327,-0.7565994286088724
2019-03-23,27.913517,-0.5955850915389398
2019-03-24,28.015917,-0.49336075446900196
2019-03-25,28.06452,-0.4449334173990671
2019-03-26,28.173098,-0.33653108032913437
2019-03-27,28.21079,-0.2990147432591961
2019-03-28,28.199644,-0.3103364061892613
2019-03-29,28.220854,-0.28930206911932643
2019-03-30,28.198902,-0.3114297320493904
2019-03-31,28.224165,-0.28634239497945657
2019-04-01,28.317383,-0.19330005790952143
2019-04-02,28.385746,-0.12511272083958502
2019-04-03,28.47383,-0.037204383769648075
2019-04-04,28.471704,-0.03950604669971369
2019-04-05,28.4688,-0.04258570962977615
2019-04-06,28.629183,0.11762162744015825
2019-04-07,28.629906,0.11816896451009029
2019-04-08,28.664194,0.15228130158002529
2019-04-09,28.689764,0.1776756386499656
2019-04-10,28.749466,0.23720197571990198
2019-04-11,28.79658,0.28414031278983387
2019-04-12,28.848042,0.33542664985976955
2019-04-13,28.992332,0.47954098692970604
2019-04-14,29.089317,0.576350323999641
2019-04-15,29.103378,0.590235661069574
2019-04-16,29.191345,0.6780269981395115
2019-04-17,29.315855,0.8023613352094472
2019-04-18,29.50443,0.9907606722793822
2019-04-19,29.498491,0.9846460093493192
2019-04-20,29.558462,1.0444413464192515
2019-04-21,29.652695,1.138498683489189
2019-04-22,29.789583,1.275211020559123
2019-04-23,30.00842,1.493872357629062
2019-04-24,30.087633,1.5729096946989962
2019-04-25,30.07408,1.5591810317689294
2019-04-26,29.963602,1.4485273688388673
2019-04-27,29.980955,1.4657047059088022
2019-04-28,29.987286,1.4718600429787365
2019-04-29,29.998646,1.4830443800486748
2019-04-30,29.902224,1.3864467171186092
2019-05-01,29.775845,1.259892054188544
2019-05-02,29.695015,1.1788863912584802
2019-05-03,29.527374,1.0110697283284118
2019-05-04,29.503094,0.9866140653983493
2019-05-05,29.607418,1.0907624024682825
2019-05-06,29.640186,1.1233547395382217
2019-05-07,29.632622,1.115615076608158
2019-05-08,29.657343,1.1401604136780925
2019-05-09,29.726107,1.2087487507480255
2019-05-10,29.797922,1.2803880878179612
2019-05-11,29.872793,1.3550834248878978
2019-05-12,29.955914,1.4380287619578311
2019-05-13,29.9809,1.462839099027768
2019-05-14,30.066496,1.5482594360977053
2019-05-15,30.060251,1.5418387731676404
2019-05-16,30.068169,1.5495811102375754
2019-05-17,30.03181,1.5130464473075094
2019-05-18,30.065424,1.5464847843774443
2019-05-19,30.131653,1.612538121447379
2019-05-20,30.229277,1.7099864585173172
2019-05-21,30.215689,1.6962227955872535
2019-05-22,30.167324,1.647682132657188
2019-05-23,30.145445,1.625627469727121
2019-05-24,30.08097,1.5609768067970577
2019-05-25,30.034506,1.5143371438669924
2019-05-26,30.063614,1.5432694809369316
2019-05-27,30.126684,1.6061638180068663
2019-05-28,30.215435,1.6947391550767996
2019-05-29,30.218752,1.6978804921467336
2019-05-30,30.227491,1.7064438292166706
2019-05-31,30.2897,1.7684771662866048
2019-06-01,30.32729,1.8058915033565413
2019-06-02,30.328846,1.807271840426477
2019-06-03,30.384869,1.8631191774964115
2019-06-04,30.382427,1.860501514566348
2019-06-05,30.316027,1.7939258516362813
2019-06-06,30.207178,1.6849011887062169
2019-06-07,30.135235,1.6127825257761543
2019-06-08,30.116274,1.5936458628460883
2019-06-09,30.128899,1.6060951999160267
2019-06-10,30.100147,1.5771675369859608
2019-06-11,30.08308,1.5599248740558949
2019-06-12,30.124365,1.6010342111258318
2019-06-13,30.099571,1.5760645481957667
2019-06-14,30.057343,1.5336608852657
2019-06-15,29.995588,1.471730222335637
2019-06-16,29.923397,1.3993635594055753
2019-06-17,29.892378,1.3681688964755097
2019-06-18,29.844362,1.319977233545444
2019-06-19,29.785252,1.2606915706153785
2019-06-20,29.710032,1.1852959076853153
2019-06-21,29.748932,1.2240202447552484
2019-06-22,29.851759,1.3266715818251882
2019-06-23,30.011908,1.48664491889512
2019-06-24,30.19478,1.6693412559650582
2019-06-25,30.169708,1.6440935930349916
2019-06-26,30.148857,1.623066930104926
2019-06-27,30.12407,1.598104267174861
2019-06-28,30.127272,1.6011306042447977
2019-06-29,30.028078,1.5017609413147355
2019-06-30,29.91981,1.393317278384668
2019-07-01,29.808575,1.2819066154546057
2019-07-02,29.733496,1.2066519525245383
2019-07-03,29.631104,1.104084289594475
2019-07-04,29.552986,1.02579062666441
2019-07-05,29.427904,0.9005329637343458
2019-07-06,29.29976,0.7722133008042817
2019-07-07,29.238672,0.7109496378742186
2019-07-08,29.219555,0.6916569749441521
2019-07-09,29.192905,0.664831312014087
2019-07-10,29.171644,0.6433946490840228
2019-07-11,29.169495,0.6410699861539584
2019-07-12,29.195438,0.6668373232238913
2019-07-13,29.17943,0.6506536602938304
2019-07-14,29.175497,0.6465449973637654
2019-07-15,29.233839,0.7047113344336999
2019-07-16,29.335741,0.8064376715036339
2019-07-17,29.417013,0.8875340085735708
2019-07-18,29.459702,0.930047345643505
2019-07-19,29.517797,0.987966682713445
2019-07-20,29.668013,1.1380070197833767
2019-07-21,29.798756,1.268574356853314
2019-07-22,29.714258,1.183900693923249
2019-07-23,29.645765,1.1152320309931838
2019-07-24,29.541428,1.0107193680631177
2019-07-25,29.42061,0.8897257051330527
2019-07-26,29.286234,0.7551740422029916
2019-07-27,29.220623,0.6893873792729259
2019-07-28,29.155096,0.6236847163428614
2019-07-29,29.133898,0.6023110534127945
2019-07-30,29.122074,0.5903113904827322
2019-07-31,29.112265,0.5803267275526665
2019-08-01,29.056305,0.5241910646225989
2019-08-02,28.98302,0.45073040169253886
2019-08-03,28.939981,0.4075157387624735
2019-08-04,28.899351,0.3667100758324082
2019-08-05,28.862986,0.33016941290234314
2019-08-06,28.780634,0.24764174997227784
2019-08-07,28.696962,0.16379408704221277
2019-08-08,28.671448,0.13810442411215362
2019-08-09,28.79281,0.25929076118208627
2019-08-10,28.944742,0.41104709825202335
2019-08-11,28.938951,0.40508043532195614
2019-08-12,28.803629,0.26958277239189243
2019-08-13,28.782925,0.24870310946182528
2019-08-14,28.897142,0.3627444465317602
2019-08-15,29.063063,0.5284897836016995
2019-08-16,29.22514,0.6903911206716344
2019-08-17,29.216513,0.6815884577415687
2019-08-18,29.173002,0.6379017948115049
2019-08-19,29.2584,0.7231241318814412
2019-08-20,29.322348,0.786896468951376
2019-08-21,29.322521,0.7868938060213075
2019-08-22,29.294756,0.7589531430912473
2019-08-23,29.226646,0.6906674801611814
2019-08-24,29.20255,0.6663958172311162
2019-08-25,29.066486,0.5301561543010536
2019-08-26,28.987165,0.45065949137098826
2019-08-27,28.951086,0.4144048284409223
2019-08-28,28.91559,0.3787331655108588
2019-08-29,29.053553,0.5165205025807964
2019-08-30,29.228722,0.6915138396507317
2019-08-31,29.24381,0.7064261767206652
2019-09-01,29.055782,0.5182225137906009
2019-09-02,28.988815,0.45107985086053404
2019-09-03,28.918098,0.38018718793047057
2019-09-04,28.86637,0.32828352500040836
2019-09-05,28.790024,0.25176186207034235
2019-09-06,28.713533,0.17509519914028004
2019-09-07,28.647202,0.10858853621021325
2019-09-08,28.628025,0.08923587328014904
2019-09-09,28.628342,0.08937721035008295
2019-09-10,28.572168,0.03302754742001923
2019-09-11,28.474709,-0.06460711551004295
2019-09-12,28.420116,-0.1193757784401086
2019-09-13,28.478167,-0.06150044137017474
2019-09-14,28.668999,0.1291558956997605
2019-09-15,28.846655,0.3066362327696943
2019-09-16,29.109697,0.5695025698396314
2019-09-17,29.114431,0.5740609069095655
2019-09-18,29.121105,0.5805592439795042
2019-09-19,29.35685,0.8161285810494405
2019-09-20,29.529825,0.9889279181193729
2019-09-21,29.602724,1.0616512551893074
2019-09-22,29.456083,0.9148345922592434
2019-09-23,29.364933,0.8235089293291793
2019-09-24,29.199982,0.6583822663991121
2019-09-25,29.20405,0.6622746034690508
2019-09-26,29.321636,0.7796849405389885
2019-09-27,29.27676,0.7346332776089213
2019-09-28,29.378693,0.8363906146788551
2019-09-29,29.476452,0.9339739517487899
2019-09-30,29.51237,0.9697162888187272
2019-10-01,29.444798,0.9019686258886637
2019-10-02,29.475937,0.9329319629585981
2019-10-03,29.529497,0.986316300028534
2019-10-04,29.530725,0.98736863709847
2019-10-05,29.633593,1.0900609741684057
2019-10-06,29.632502,1.0887943112383383
2019-10-07,29.623909,1.0800256483082755
2019-10-08,29.597609,1.0535499853782113
2019-10-09,29.57529,1.0310553224481467
2019-10-10,29.587057,1.042646659518084
2019-10-11,29.666569,1.1219829965880166
2019-10-12,29.796684,1.2519223336579515
2019-10-13,29.833466,1.2885286707278887
2019-10-14,29.845251,1.3001380077978233
2019-10-15,29.785578,1.2402893448677617
2019-10-16,29.849691,1.3042266819376955
2019-10-17,29.939777,1.3941370190076299
2019-10-18,30.028776,1.482960356077566
2019-10-19,30.148968,1.6029766931475002
2019-10-20,30.277132,1.7309650302174369
2019-10-21,30.386263,1.8399203672873696
2019-10-22,30.462162,1.9156437043573078
2019-10-23,30.430336,1.883642041427244
2019-10-24,30.298414,1.7515443784971794
2019-10-25,30.171894,1.624848715567115
2019-10-26,30.124166,1.576945052637047
2019-10-27,30.067272,1.519875389706982
2019-10-28,29.926188,1.3786157267769212
2019-10-29,29.85209,1.3043420638468568
2019-10-30,29.756914,1.2089904009167896
2019-10-31,29.652,1.1039007379867272
2019-11-01,29.53465,0.9863750750566602
2019-11-02,29.442669,0.8942184121265946
2019-11-03,29.39192,0.8432937491965298
2019-11-04,29.312256,0.7634540862664707
2019-11-05,29.248945,0.6999674233364033
2019-11-06,29.12743,0.5782767604063395
2019-11-07,29.020824,0.47149509747627505
2019-11-08,28.94014,0.3906354345462084
2019-11-09,28.818909,0.2692287716161452
2019-11-10,28.72555,0.17569410868607704
2019-11-11,28.688717,0.1386854457560176
2019-11-12,28.613913,0.06370578282595218
2019-11-13,28.516602,-0.033780880104114175
2019-11-14,28.478775,-0.07178354303417933
2019-11-15,28.490637,-0.06009720596424373
2019-11-16,28.529573,-0.02133686889430919
2019-11-17,28.549398,-0.00168753182436987
2019-11-18,28.484272,-0.06698919475443432
2019-11-19,28.412806,-0.13863085768450034
2019-11-20,28.365744,-0.18586852061456582
2019-11-21,28.299349,-0.2524391835446309
2019-11-22,28.236069,-0.3158948464746949
2019-11-23,28.18244,-0.3696995094047608
2019-11-24,28.131245,-0.42107017233482225
2019-11-25,28.084259,-0.46823183526488776
2019-11-26,28.077654,-0.4750124981949533
2019-11-27,28.091145,-0.46169716112501646
2019-11-28,28.126062,-0.4269558240550815
2019-11-29,28.156254,-0.396939486985147
2019-11-30,28.166002,-0.3873671499152138
2019-12-01,28.137323,-0.4162218128452757
2019-12-02,28.065832,-0.487888475775339
2019-12-03,27.953678,-0.6002181387054044
2019-12-04,27.82101,-0.7330618016354684
2019-12-05,27.701427,-0.8528204645655357
2019-12-06,27.6185,-0.9359231274955988
2019-12-07,27.539087,-1.0155117904256663
2019-12-08,27.460917,-1.093857453355728
2019-12-09,27.371765,-1.1831851162857916
2019-12-10,27.306055,-1.249070779215856
2019-12-11,27.218824,-1.3364774421459202
2019-12-12,27.137943,-1.4175341050759869
2019-12-13,27.093918,-1.4617347680060533
2019-12-14,27.062847,-1.492981430936112
2019-12-15,27.028261,-1.527743093866178
2019-12-16,26.997581,-1.5585987567962434
2019-12-17,26.967329,-1.5890264197263093
2019-12-18,26.934347,-1.622184082656375
2019-12-19,26.803955,-1.7527517455864405
2019-12-20,26.619207,-1.9376754085165047
2019-12-21,26.454777,-2.1022810714465656
2019-12-22,26.332815,-2.2244187343766306
2019-12-23,26.244473,-2.3129363973066965
2019-12-24,26.177269,-2.380316060236762
2019-12-25,26.106169,-2.4515917231668247
2019-12-26,26.065104,-2.4928323860968895
2019-12-27,26.009438,-2.548674049026957
2019-12-28,25.953753,-2.604534711957019
2019-12-29,25.880964,-2.677499374887084
2019-12-30,25.81161,-2.7470290378171462
2019-12-31,25.790375,-2.768439700747212
2020-01-01,25.795696,-2.7632943636772787
2020-01-02,25.849396,-2.7097700266073446
2020-01-03,25.866186,-2.6931556895374094
2020-01-04,25.924675,-2.6348423524674693
2020-01-05,25.939575,-2.6201180153975336
2020-01-06,25.844255,-2.7156136783275997
2020-01-07,25.764814,-2.795230341257664
2020-01-08,25.69896,-2.8612600041877307
2020-01-09,25.750164,-2.810231667117794
2020-01-10,25.67612,-2.884451330047856
2020-01-11,25.639715,-2.921031992977923
2020-01-12,25.554193,-3.0067296559079857
2020-01-13,25.48007,-3.081028318838051
2020-01-14,25.42962,-3.1316539817681175
2020-01-15,25.40003,-3.1614196446981815
2020-01-16,25.442507,-3.1191183076282485
2020-01-17,25.50414,-3.0576609705583095
2020-01-18,25.507284,-3.0546926334883757
2020-01-19,25.541853,-3.0202992964184396
2020-01-20,25.548956,-3.013371959348504
2020-01-21,25.59059,-2.9719136222785707
2020-01-22,25.587337,-2.975342285208633
2020-01-23,25.566217,-2.996637948138698
2020-01-24,25.516886,-3.0461446110687618
2020-01-25,25.401506,-3.161700273998825
2020-01-26,25.32371,-3.239671936928893
2020-01-27,25.247246,-3.316311599858956
2020-01-28,25.202501,-3.36123226278902
2020-01-29,25.19215,-3.371758925719085
2020-01-30,25.267532,-3.2965525886491527
2020-01-31,25.304611,-3.259649251579212
2020-02-01,25.274567,-3.2898689145092774
2020-02-02,25.239498,-3.3251135774393425
2020-02-03,25.206543,-3.358244240369409
2020-02-04,25.147526,-3.4174369032994747
2020-02-05,25.124777,-3.4403615662295373
2020-02-06,25.142174,-3.4231402291596
2020-02-07,25.15103,-3.414459892089667
2020-02-08,25.179132,-3.3865335550197315
2020-02-09,25.181875,-3.3839662179497942
2020-02-10,25.190125,-3.3758918808798626
2020-02-11,25.1701,-3.3960925438099245
2020-02-12,25.134224,-3.4321442067399914
2020-02-13,25.14072,-3.425823869670051
2020-02-14,25.241495,-3.3252245326001173
2020-02-15,25.413769,-3.1531261955301844
2020-02-16,25.552402,-3.0146688584602472
2020-02-17,25.571081,-2.9961655213903136
2020-02-18,25.65775,-2.909672184320378
2020-02-19,25.693066,-2.8745318472504415
2020-02-20,25.685406,-2.8823675101805044
2020-02-21,25.716251,-2.85169817311057
2020-02-22,25.777689,-2.7904358360406363
2020-02-23,25.911335,-2.656965498970699
2020-02-24,25.990261,-2.578215161900765
2020-02-25,26.031488,-2.537163824830831
2020-02-26,26.04816,-2.5206674877608926
2020-02-27,26.017828,-2.5511751506909555
2020-02-28,25.997297,-2.5718818136210224
2020-02-29,26.036472,-2.5328824765510873
2020-03-01,26.102238,-2.4672921394811524
2020-03-02,26.157028,-2.412677802411217
2020-03-03,26.24897,-2.3209114653412826
2020-03-04,26.347578,-2.2224791282713454
2020-03-05,26.409,-2.16123279120141
2020-03-06,26.452988,-2.117420454131473
2020-03-07,26.538607,-2.0319771170615404
2020-03-08,26.607414,-1.9633457799916059
2020-03-09,26.683376,-1.8875594429216704
2020-03-10,26.74926,-1.821851105851735
2020-03-11,26.806702,-1.7645847687817948
2020-03-12,26.915815,-1.6556474317118628
2020-03-13,27.0936,-1.4780380946419278
2020-03-14,27.226933,-1.3448807575719925
2020-03-15,27.203505,-1.3684844205020568
2020-03-16,27.349287,-1.2228780834321213
2020-03-17,27.483562,-1.0887787463621876
2020-03-18,27.527542,-1.044974409292248
2020-03-19,27.612926,-0.9597660722223118
2020-03-20,27.635897,-0.9369707351523786
2020-03-21,27.71364,-0.859403398082442
2020-03-22,27.682247,-0.8909720610125085
2020-03-23,27.752514,-0.8208807239425724
2020-03-24,27.726265,-0.8473053868726339
2020-03-25,27.82386,-0.7498860498027007
2020-03-26,27.97275,-0.6011717127327643
2020-03-27,28.003885,-0.5702123756628303
2020-03-28,28.197151,-0.37712203859289417
2020-03-29,28.392937,-0.18151170152296103
2020-03-30,28.543829,-0.03079536445302722
2020-03-31,28.673092,0.09829197261691291
2020-04-01,28.69885,0.12387430968684754
2020-04-02,28.83107,0.25591864675678266
2020-04-03,28.925856,0.3505289838267167
2020-04-04,28.94008,0.3645773208966503
2020-04-05,28.960293,0.384614657966587
2020-04-06,29.047321,0.471466995036522
2020-04-07,29.118683,0.542653332106461
2020-04-08,29.094212,0.518006669176394
2020-04-09,29.20695,0.6305690062463292
2020-04-10,29.276634,0.7000773433162664
2020-04-11,29.35251,0.7757776803861987
2020-04-12,29.324091,0.747183017456134
2020-04-13,29.377563,0.8004793545260718
2020-04-14,29.488947,0.9116876915960077
2020-04-15,29.491344,0.9139090286659446
2020-04-16,29.544159,0.9665483657358784
2020-04-17,29.496973,0.9191867028058134
2020-04-18,29.544243,0.9662810398757493
2020-04-19,29.619175,1.041037376945681
2020-04-20,29.705969,1.1276557140156207
2020-04-21,29.801424,1.2229350510855568
2020-04-22,29.852268,1.2736033881554896
2020-04-23,29.898472,1.3196317252254275
2020-04-24,29.901121,1.3221050622953605
2020-04-25,29.94257,1.3633783993652955
2020-04-26,30.058878,1.4795107364352305
2020-04-27,30.063585,1.4840420735051687
2020-04-28,30.0928,1.5130814105751043
2020-04-29,30.139082,1.559187747645037
2020-04-30,30.186323,1.6062530847149752
2020-05-01,30.280329,1.7000834217849068
2020-05-02,30.270777,1.6903557588548423
2020-05-03,30.24549,1.6648930959247785
2020-05-04,30.374617,1.7938444329947174
2020-05-05,30.418415,1.8374667700646512
2020-05-06,30.445099,1.8639751071345856
2020-05-07,30.495882,1.9145824442045232
2020-05-08,30.516495,1.9350197812744554
2020-05-09,30.63517,2.05351911834439
2020-05-10,30.6924,2.1105734554143254
2020-05-11,30.841684,2.2596817924842654
2020-05-12,30.952766,2.3705881295542
2020-05-13,31.045105,2.462751466624134
2020-05-14,31.013256,2.4307268036940677
2020-05-15,31.065825,2.4831201407640044
2020-05-16,31.119455,2.5365744778339376
2020-05-17,31.027313,2.444256814903877
2020-05-18,30.764502,2.1812701519738127
2020-05-19,30.378675,1.7952674890437486
2020-05-20,29.962347,1.3787638261136834
2020-05-21,29.937607,1.353848163183617
2020-05-22,30.020737,1.4368025002535525
2020-05-23,30.129051,1.5449408373234874
2020-05-24,30.100584,1.5162981743934267
2020-05-25,30.080692,1.4962305114633594
2020-05-26,30.07582,1.4911828485332954
2020-05-27,30.053724,1.468911185603229
2020-05-28,30.089544,1.504555522673165
2020-05-29,30.129395,1.5442308597430987
2020-05-30,30.183159,1.5978191968130346
2020-05-31,30.252481,1.6669655338829727
2020-06-01,30.359709,1.7740178709529069
2020-06-02,30.314695,1.7288282080228434
2020-06-03,30.330338,1.744295545092779
2020-06-04,30.37321,1.786991882162713
2020-06-05,30.450687,1.8642932192326462
2020-06-06,30.415396,1.8288265563025874
2020-06-07,30.342813,1.7560678933725207
2020-06-08,30.358364,1.7714432304424577
2020-06-09,30.406656,1.8195595675123926
2020-06-10,30.320356,1.733083904582326
2020-06-11,30.256878,1.669430241652261
2020-06-12,30.184914,1.5972905787221947
2020-06-13,30.134789,1.5469899157921354
2020-06-14,30.091585,1.5036102528620674
2020-06-15,30.032461,1.4443105899320052
2020-06-16,29.93819,1.3498639270019375
2020-06-17,29.866531,1.278029264071872
2020-06-18,29.802534,1.21385660114181
2020-06-19,29.7831,1.1942469382117444
2020-06-20,29.734964,1.1459352752816834
2020-06-21,29.7159,1.126695612351618
2020-06-22,29.77174,1.1823599494215529
2020-06-23,29.93769,1.3481342864914865
2020-06-24,30.133446,1.5437146235614208
2020-06-25,30.17438,1.5844729606313557
2020-06-26,30.105469,1.5153862977012906
2020-06-27,30.056273,1.4660146347712306
2020-06-28,30.034466,1.444031971841163
2020-06-29,30.048292,1.4576823089110995
2020-06-30,30.123882,1.5330966459810327
2020-07-01,30.101038,1.5100769830509684
2020-07-02,30.124056,1.5329193201209037
2020-07-03,30.112759,1.5214466571908432
2020-07-04,29.99795,1.406461994260777
2020-07-05,29.886307,1.294643331330711
2020-07-06,29.827757,1.2359176684006457
2020-07-07,29.832432,1.240417005470583
2020-07-08,29.845238,1.2530473425405155
2020-07-09,29.888107,1.2957406796104536
2020-07-10,29.903854,1.3113120166803895
2020-07-11,29.916409,1.323691353750327
2020-07-12,29.940737,1.347843690820259
2020-07-13,29.849075,1.2560060278901943
2020-07-14,29.74805,1.1548053649601293
2020-07-15,29.743273,1.1498527020300635
2020-07-16,29.747515,1.1539190390999998
2020-07-17,29.757608,1.1638363761699395
2020-07-18,29.77877,1.1848227132398748
2020-07-19,29.781534,1.1874110503098088
2020-07-20,29.772398,1.178099387379742
2020-07-21,29.720018,1.1255437244496775
2020-07-22,29.618292,1.0236420615196131
2020-07-23,29.567924,0.9730983985895527
2020-07-24,29.656496,1.0614947356594868
2020-07-25,29.909876,1.3146990727294217
2020-07-26,30.001326,1.4059734097993548
2020-07-27,30.158579,1.5630507468692905
2020-07-28,30.196598,1.6008940839392274
2020-07-29,30.148668,1.5527884210091614
2020-07-30,30.149258,1.5532027580790988
2020-07-31,30.140158,1.5439270951490336
2020-08-01,30.189972,1.5935654322189698
2020-08-02,30.157839,1.561256769288903
2020-08-03,30.077385,1.4806271063588383
2020-08-04,29.910927,1.3139934434287746
2020-08-05,29.811266,1.2141567804987083
2020-08-06,29.743258,1.1459731175686478
2020-08-07,29.665321,1.0678604546385806
2020-08-08,29.635893,1.0382567917085161
2020-08-09,29.685816,1.0880041287784508
2020-08-10,29.698133,1.1001454658483851
2020-08-11,29.693108,1.0949448029183202
2020-08-12,29.705433,1.1070941399882557
2020-08-13,29.675907,1.0773924770581935
2020-08-14,29.588356,0.9896658141281307
2020-08-15,29.490257,0.8913911511980643
2020-08-16,29.423256,0.824214488267998
2020-08-17,29.376707,0.7774898253379341
2020-08-18,29.309982,0.7105891624078708
2020-08-19,29.201302,0.6017334994778061
2020-08-20,29.140184,0.5404398365477441
2020-08-21,29.1418,0.5418801736176775
2020-08-22,29.144896,0.5448005106876117
2020-08-23,29.044601,0.44432984775754747
2020-08-24,28.98357,0.38312318482748253
2020-08-25,28.968954,0.36833152189741725
2020-08-26,28.981737,0.3809388589673546
2020-08-27,29.061342,0.4603681960372903
2020-08-28,29.182718,0.5815685331072267
2020-08-29,29.342115,0.74078987017716
2020-08-30,29.500725,0.8992242072470944
2020-08-31,29.632109,1.03043254431703
2020-09-01,29.647188,1.0453358813869649
2020-09-02,29.555555,0.9535272184569017
2020-09-03,29.82926,1.2270565555268398
2020-09-04,30.106785,1.5044058925967718
2020-09-05,30.32508,1.722525229666708
2020-09-06,30.312412,1.7096815667366414
2020-09-07,30.315363,1.7124569038065793
2020-09-08,30.34707,1.7439882408765115
2020-09-09,30.179535,1.5762775779464526
2020-09-10,30.089256,1.485822915016385
2020-09-11,30.159086,1.5554772520863196
2020-09-12,30.212917,1.609132589156257
2020-09-13,30.185171,1.5812109262261913
2020-09-14,30.128546,1.5244102632961258
2020-09-15,30.118284,1.5139726003660634
2020-09-16,30.087318,1.482830937435999
2020-09-17,30.155212,1.5505492745059328
2020-09-18,30.331718,1.7268796115758676
2020-09-19,30.341898,1.7368839486458043
2020-09-20,30.062572,1.4573822857157381
2020-09-21,29.979996,1.3746306227856735
2020-09-22,29.867838,1.262296959855611
2020-09-23,29.808765,1.203048296925548
2020-09-24,29.790148,1.1842556339954804
2020-09-25,29.708492,1.1024239710654165
2020-09-26,29.648129,1.0418853081353525
2020-09-27,29.668787,1.0623676452052848
2020-09-28,29.804726,1.1981309822752202
2020-09-29,29.653645,1.0468743193451608
2020-09-30,29.574932,0.9679856564150953
2020-10-01,29.57966,0.9725379934850302
2020-10-02,29.587143,0.9798453305549657
2020-10-03,29.574114,0.9666406676249011
2020-10-04,29.508894,0.9012450046948359
2020-10-05,29.527607,0.919782341764769
2020-10-06,29.581474,0.9734736788347078
2020-10-07,29.663012,1.054836015904641
2020-10-08,29.873722,1.2653703529745783
2020-10-09,29.777927,1.1693996900445107
2020-10-10,29.727705,1.1190020271144476
2020-10-11,29.71344,1.1045613641843808
2020-10-12,29.685564,1.07650970125432
2020-10-13,29.635153,1.0259230383242546
2020-10-14,29.590693,0.9812873753941922
2020-10-15,29.678726,1.0691447124641265
2020-10-16,29.81499,1.205233049534062
2020-10-17,29.709755,1.0998223866039964
2020-10-18,29.605501,0.9953927236739304
2020-10-19,29.545948,0.9356640607438678
2020-10-20,29.459387,0.848927397813803
2020-10-21,29.348848,0.7382127348837386
2020-10-22,29.276527,0.6657160719536748
2020-10-23,29.24705,0.6360634090236097
2020-10-24,29.35005,0.7388877460935426
2020-10-25,29.415874,0.8045360831634767
2020-10-26,29.44639,0.8348764202334173
2020-10-27,29.467127,0.8554377573033527
2020-10-28,29.38516,0.7732950943732853
2020-10-29,29.330154,0.7181134314432214
2020-10-30,29.26449,0.6522737685131546
2020-10-31,29.205868,0.5934761055830897
2020-11-01,29.211178,0.5986104426530297
2020-11-02,29.301592,0.6888487797229637
2020-11-03,29.390747,0.7778281167929002
2020-11-04,29.429451,0.8163564538628343
2020-11-05,29.381844,0.7685737909327699
2020-11-06,29.227997,0.6145511280027023
2020-11-07,29.071152,0.45753046507264017
2020-11-08,28.966448,0.35265080214257694
2020-11-09,28.890131,0.2761581392125123
2020-11-10,28.857607,0.24345847628244854
2020-11-11,28.847681,0.23335681335238334
2020-11-12,28.876978,0.2624781504223179
2020-11-13,28.910389,0.29571348749225024
2020-11-14,28.92796,0.31310882456218536
2020-11-15,28.951872,0.33684516163212663
2020-11-16,28.973635,0.3584324987020615
2020-11-17,28.986347,0.37096883577199335
2020-11-18,28.94392,0.32836617284192826
2020-11-19,28.859213,0.24348350991186507
2020-11-20,28.772228,0.15632284698179788
2020-11-21,28.69709,0.08100918405173374
2020-11-22,28.599514,-0.016742478878327915
2020-11-23,28.466349,-0.15008314180839122
2020-11-24,28.347942,-0.2686658047384576
2020-11-25,28.287743,-0.32904046766852346
2020-11-26,28.278582,-0.33837713059858743
2020-11-27,28.285866,-0.331268793528654
2020-11-28,28.282673,-0.3346374564587151
2020-11-29,28.244251,-0.37323511938878084
2020-11-30,28.206676,-0.41098578231884275
2020-12-01,28.19643,-0.42140744524891005
2020-12-02,28.172415,-0.4455981081789737
2020-12-03,28.115175,-0.503013771109039
2020-12-04,28.058708,-0.5596564340391055
2020-12-05,27.988049,-0.6304910969691662
2020-12-06,27.92333,-0.6953857598992315
2020-12-07,27.855633,-0.7632584228292956
2020-12-08,27.76669,-0.8523770857593611
2020-12-09,27.675444,-0.9437987486894279
2020-12-10,27.57613,-1.0432884116194927
2020-12-11,27.492397,-1.1271970745495565
2020-12-12,27.425007,-1.1947627374796177
2020-12-13,27.37057,-1.2493754004096829
2020-12-14,27.364283,-1.2558380633397483
2020-12-15,27.407694,-1.2126027262698145
2020-12-16,27.42058,-1.1998923891998778
2020-12-17,27.39838,-1.2222680521299445
2020-12-18,27.354284,-1.2665397150600093
2020-12-19,27.243376,-1.3776233779900693
2020-12-20,27.106606,-1.5145690409201364
2020-12-21,26.977837,-1.6435137038502
2020-12-22,26.859026,-1.762500366780266
2020-12-23,26.753502,-1.86820002971033
2020-12-24,26.673275,-1.9486026926403959
2020-12-25,26.629198,-1.992855355570459
2020-12-26,26.625517,-1.9967120185005243
2020-12-27,26.590256,-2.032148681430588
2020-12-28,26.533422,-2.0891583443606514
2020-12-29,26.476974,-2.1457820072907197
2020-12-30,26.437,-2.185931670220782
2020-12-31,26.414938,-2.208169333150849
2021-01-01,26.393324,-2.22995899608091
2021-01-02,26.346935,-2.2765236590109765
2021-01-03,26.313845,-2.3097893219410395
2021-01-04,26.325794,-2.298015984871107
2021-01-05,26.368067,-2.2559186478011704
2021-01-06,26.405592,-2.2185693107312368
2021-01-07,26.459942,-2.164394973661299
2021-01-08,26.510115,-2.114397636591363
2021-01-09,26.557205,-2.0674832995214274
2021-01-10,26.64324,-1.9816239624514935
2021-01-11,26.672552,-1.9524876253815577
2021-01-12,26.704817,-1.920398288311624
2021-01-13,26.713173,-1.9122179512416864
2021-01-14,26.662432,-1.9631346141717536
2021-01-15,26.604904,-2.020838277101813
2021-01-16,26.51687,-2.1090479400318785
2021-01-17,26.398647,-2.227446602961944
2021-01-18,26.357834,-2.268435265892009
2021-01-19,26.350674,-2.275770928822073
2021-01-20,26.39994,-2.226680591752139
2021-01-21,26.431847,-2.1949492546822
2021-01-22,26.392117,-2.2348549176122674
2021-01-23,26.3507,-2.2764475805423317
2021-01-24,26.32967,-2.2976532434723964
2021-01-25,26.316334,-2.3111649064024604
2021-01-26,26.31536,-2.3123145693325284
2021-01-27,26.29677,-2.331080232262593
2021-01-28,26.26001,-2.368015895192652
2021-01-29,26.238737,-2.389464558122718
2021-01-30,26.216825,-2.4115522210527836
2021-01-31,26.184595,-2.443957883982847
2021-02-01,26.120161,-2.5085675469129143
2021-02-02,26.0468,-2.582104209842978
2021-02-03,25.98406,-2.6450198727730445
2021-02-04,25.933254,-2.696001535703104
2021-02-05,25.927593,-2.701838198633169
2021-02-06,25.912739,-2.7168678615632373
2021-02-07,25.893154,-2.7366285244933017
2021-02-08,25.873007,-2.7569511874233648
2021-02-09,25.854288,-2.7758458503534307
2021-02-10,25.880785,-2.749524513283493
2021-02-11,25.878475,-2.752010176213556
2021-02-12,25.867857,-2.762803839143622
2021-02-13,25.871778,-2.759058502073689
2021-02-14,25.91177,-2.7192421650037524
2021-02-15,25.950819,-2.680368827933819
2021-02-16,25.992905,-2.638458490863883
2021-02-17,26.008923,-2.6226161537939454
2021-02-18,26.113632,-2.518082816724011
2021-02-19,26.162909,-2.468981479654076
2021-02-20,26.111723,-2.5203431425841387
2021-02-21,26.189894,-2.4423478055142063
2021-02-22,26.275988,-2.3564294684442686
2021-02-23,26.340008,-2.2925851313743344
2021-02-24,26.433277,-2.1994917943043966
2021-02-25,26.457912,-2.1750324572344617
2021-02-26,26.507719,-2.1254011201645255
2021-02-27,26.641966,-1.9913297830945922
2021-02-28,26.73266,-1.9008114460246581
2021-03-01,26.785318,-1.8483291089547222
2021-03-02,26.9028,-1.7310227718847884
2021-03-03,26.936539,-1.6974594348148493
2021-03-04,27.034344,-1.5998300977449134
2021-03-05,27.041706,-1.592643760674978
2021-03-06,27.12495,-1.509575423605046
2021-03-07,27.23431,-1.4003910865351088
2021-03-08,27.30151,-1.3333667494651742
2021-03-09,27.329796,-1.3052564123952344
2021-03-10,27.36953,-1.2656980753253002
2021-03-11,27.46196,-1.173443738255365
2021-03-12,27.534992,-1.1005874011854324
2021-03-13,27.601433,-1.0343220641154964
2021-03-14,27.692299,-0.9436317270455632
2021-03-15,27.743002,-0.8931043899756261
2021-03-16,27.766388,-0.8698940529056891
2021-03-17,27.818316,-0.818141715835754
2021-03-18,27.798826,-0.8378073787658202
2021-03-19,27.796177,-0.8406320416958835
2021-03-20,27.837114,-0.799870704625949
2021-03-21,27.974752,-0.6624083675560151
2021-03-22,28.11214,-0.5251960304860788
2021-03-23,28.297104,-0.3404076934161395
2021-03-24,28.405365,-0.2323223563462058
2021-03-25,28.544367,-0.09349601927626949
2021-03-26,28.589548,-0.04849068220633512
2021-03-27,28.722754,0.08453965486359749
2021-03-28,28.736294,0.09790399193353494
2021-03-29,28.70535,0.0667843290034682
2021-03-30,28.635752,-0.002989333926592508
2021-03-31,28.652325,0.01340800314334345
2021-04-01,28.696962,0.05786934021327639
2021-04-02,28.891682,0.2524136772832115
2021-04-03,28.913929,0.27448501435314654
2021-04-04,28.921,0.28138035142308127
2021-04-05,28.828642,0.1888466884930189
2021-04-06,28.861546,0.22157502556295583
2021-04-07,28.861609,0.22146236263289154
2021-04-08,28.898878,0.2585556997028249
2021-04-09,28.995602,0.3551040367727616
2021-04-10,29.067183,0.42650937384269483
2021-04-11,29.231256,0.5904067109126281
2021-04-12,29.40633,0.7653050479825687
2021-04-13,29.51839,0.8771893850525032
2021-04-14,29.59704,0.9556637221224378
2021-04-15,29.597462,0.955910059192373
2021-04-16,29.427464,0.7857363962623083
2021-04-17,29.591238,0.9493347333322433
2021-04-18,29.66832,1.026241070402179
2021-04-19,29.624037,0.9817824074721173
2021-04-20,29.652819,1.0103887445420519
2021-04-21,29.709639,1.067033081611985
2021-04-22,29.67488,1.0320984186819224
2021-04-23,29.717463,1.0745057557518543
2021-04-24,29.762959,1.1198260928217891
2021-04-25,29.825003,1.1816944298917242
2021-04-26,29.816196,1.1727117669616653
2021-04-27,29.810898,1.1672381040316004
2021-04-28,29.949701,1.3058654411015347
2021-04-29,30.028578,1.3845667781714681
2021-04-30,30.14697,1.502783115241403
2021-05-01,30.210794,1.5664314523113383
2021-05-02,30.309835,1.6652967893812765
2021-05-03,30.354237,1.709523126451213
2021-05-04,30.383923,1.739033463521146
2021-05-05,30.471516,1.8264508005910827
2021-05-06,30.56255,1.917309137661018
2021-05-07,30.590435,1.9450184747309507
2021-05-08,30.74908,2.1034878118008855
2021-05-09,30.807592,2.1618241488708243
2021-05-10,30.899683,2.253739485940759
2021-05-11,30.87729,2.231170823010693
2021-05-12,30.796947,2.1506521600806288
2021-05-13,30.86997,2.223499497150563
2021-05-14,30.84794,2.2012938342205004
2021-05-15,31.014463,2.3676411712904333
2021-05-16,31.15913,2.5121325083603736
2021-05-17,31.215616,2.568442845430308
2021-05-18,31.164026,2.516677182500242
2021-05-19,31.19464,2.547115519570177
2021-05-20,31.1634,2.5156998566401114
2021-05-21,31.199808,2.551932193710048
2021-05-22,31.247915,2.5998635307799844
2021-05-23,31.047548,2.3993208678499194
2021-05-24,30.670565,2.022162204919855
2021-05-25,30.0947,1.4461215419897897
2021-05-26,29.795834,1.1470798790597243
2021-05-27,29.843065,1.1941352161296592
2021-05-28,30.009089,1.3599835531995943
2021-05-29,30.198227,1.5489458902695326
2021-05-30,30.171621,1.5221642273394664
2021-05-31,30.14543,1.4957975644094041
2021-06-01,30.225817,1.5760089014793373
2021-06-02,30.386961,1.7369772385492723
2021-06-03,30.449135,1.798975575619206
2021-06-04,30.48111,1.8307749126891437
2021-06-05,30.48045,1.8299392497590823
2021-06-06,30.463223,1.8125365868290153
2021-06-07,30.411026,1.7601639238989506
2021-06-08,30.347076,1.696038260968887
2021-06-09,30.202236,1.55102259803882
2021-06-10,30.06985,1.4184609351087545
2021-06-11,29.991089,1.3395242721786893
2021-06-12,29.905497,1.2537566092486294
2021-06-13,29.836237,1.1843209463185644
2021-06-14,29.786228,1.1341362833885
2021-06-15,29.698524,1.0462566204584327
2021-06-16,29.619379,0.9669359575283671
2021-06-17,29.517115,0.8644962945983039
2021-06-18,29.435024,0.7822296316682404
2021-06-19,29.39701,0.7440399687381785
2021-06-20,29.415901,0.7627553058081133
2021-06-21,29.46521,0.8118886428780456
2021-06-22,29.424002,0.7705049799479831
2021-06-23,29.424883,0.7712103170179176
2021-06-24,29.393559,0.7397106540878511
2021-06-25,29.426004,0.7719799911577887
2021-06-26,29.483942,0.8297423282277236
2021-06-27,29.520004,0.8656286652976597
2021-06-28,29.560104,0.9055530023675935
2021-06-29,29.535961,0.8812343394375297
2021-06-30,29.508293,0.8533906765074626
2021-07-01,29.480433,0.8253550135774006
2021-07-02,29.450129,0.794875350647338
2021-07-03,29.435852,0.7804226877172731
2021-07-04,29.485533,0.8299280247872076
2021-07-05,29.621353,0.9655723618571415
2021-07-06,29.650969,0.9950126989270771
2021-07-07,29.566717,0.9105850359970127
2021-07-08,29.525517,0.8692093730669512
2021-07-09,29.557539,0.9010557101368839
2021-07-10,29.57584,0.9191810472068198
2021-07-11,29.599148,0.9423133842767548
2021-07-12,29.589705,0.9326947213466887
2021-07-13,29.544964,0.8877780584166253
2021-07-14,29.648876,0.9915143954865613
2021-07-15,29.811789,1.1542517325564994
2021-07-16,29.798275,1.1405620696264336
2021-07-17,29.790874,1.132985406696367
2021-07-18,29.790998,1.1329337437663014
2021-07-19,29.765352,1.107112080836238
2021-07-20,29.75854,1.1001244179061729
2021-07-21,29.725677,1.0670857549761088
2021-07-22,29.624992,0.9662250920460451
2021-07-23,29.55794,0.8989974291159797
2021-07-24,29.554548,0.8954297661859165
2021-07-25,29.551693,0.8923991032558511
2021-07-26,29.474829,0.8153594403257856
2021-07-27,29.39433,0.7346847773957208
2021-07-28,29.349266,0.6894451144656557
2021-07-29,29.28563,0.6256334515355952
2021-07-30,29.255907,0.5957347886055295
2021-07-31,29.267265,0.6069171256754622
2021-08-01,29.24139,0.5808664627453979
2021-08-02,29.215397,0.5546977998153331
2021-08-03,29.174057,0.5131821368852698
2021-08-04,29.155853,0.49480247395520394
2021-08-05,29.143202,0.48197581102514064
2021-08-06,29.111044,0.4496421480950765
2021-08-07,29.156488,0.49491048516501124
2021-08-08,29.277447,0.6156938222349453
2021-08-09,29.40285,0.7409211593048823
2021-08-10,29.473799,0.811694496374816
2021-08-11,29.565855,0.903574833444754
2021-08-12,29.588703,0.9262471705146886
2021-08-13,29.659168,0.9965365075846258
2021-08-14,29.74783,1.08502284465456
2021-08-15,29.748978,1.0859951817244955
2021-08-16,29.616032,0.9528735187944299
2021-08-17,29.518835,0.8555008558643635
2021-08-18,29.452421,0.7889111929343038
2021-08-19,29.404533,0.7408475300042383
2021-08-20,29.444294,0.7804328670741718
2021-08-21,29.543428,0.8793912041441061
2021-08-22,29.62584,0.9616275412140425
2021-08-23,29.584196,0.9198078782839758
2021-08-24,29.655706,0.9911422153539107
2021-08-25,29.675674,1.0109345524238513
2021-08-26,29.62209,0.9571748894937855
2021-08-27,29.581997,0.9169062265637216
2021-08-28,29.591312,0.9260455636336538
2021-08-29,29.582031,0.9165889007035908
2021-08-30,29.55976,0.8941422377735257
2021-08-31,29.647898,0.9821045748434649
2021-09-01,29.841257,1.1752879119133972
2021-09-02,29.89877,1.2326252489833323
2021-09-03,29.844393,1.1780725860532684
2021-09-04,29.822956,1.1564599231232044
2021-09-05,29.694996,1.0283242601931377
2021-09-06,29.61072,0.9438725972630735
2021-09-07,29.563084,0.8960609343330113
2021-09-08,29.552788,0.8855892714029459
2021-09-09,29.559166,0.8917916084728823
2021-09-10,29.52528,0.8577299455428147
2021-09-11,29.453405,0.785679282612751
2021-09-12,29.371702,0.7038006196826849
2021-09-13,29.283272,0.6151949567526209
2021-09-14,29.215324,0.5470712938225581
2021-09-15,29.247438,0.579009630892493
2021-09-16,29.278835,0.6102309679624298
2021-09-17,29.229664,0.5608843050323635
2021-09-18,29.253498,0.5845426421022992
2021-09-19,29.299858,0.6307269791722341
2021-09-20,29.336065,0.66675831624217
2021-09-21,29.346811,0.6773286533121059
2021-09-22,29.335068,0.6654099903820416
2021-09-23,29.38098,0.7111463274519778
2021-09-24,29.34492,0.6749106645219101
2021-09-25,29.251163,0.5809780015918449
2021-09-26,29.294104,0.6237433386617823
2021-09-27,29.240744,0.5702076757317194
2021-09-28,29.176691,0.5059790128016566
2021-09-29,29.284544,0.6136563498715901
2021-09-30,29.492104,0.8210406869415259
2021-10-01,29.642506,0.9712670240114605
2021-10-02,29.738405,1.0669903610813947
2021-10-03,29.715508,1.0439176981513292
2021-10-04,29.780619,1.1088530352212693
2021-10-05,29.87698,1.2050383722912024
2021-10-06,29.934483,1.2623657093611378
2021-10-07,29.9812,1.3089070464310737
2021-10-08,29.97596,1.303491383501008
2021-10-09,30.104498,1.4318537205709418
2021-10-10,30.224041,1.551221057640877
2021-10-11,30.248253,1.575257394710814
2021-10-12,30.129078,1.4559067317807504
2021-10-13,29.916712,1.2433650688506859
2021-10-14,29.906075,1.2325524059206217
2021-10-15,29.944258,1.2705597429905566
2021-10-16,29.826836,1.1529620800604903
2021-10-17,29.658888,0.9848384171304296
2021-10-18,29.582146,0.9079207542003651
2021-10-19,29.533758,0.8593570912702972
2021-10-20,29.592646,0.9180694283402318
2021-10-21,29.60778,0.93302776541017
2021-10-22,29.584465,0.9095371024801047
2021-10-23,29.584303,0.9091994395500365
2021-10-24,29.49541,0.8201307766199761
2021-10-25,29.431263,0.7558081136899126
2021-10-26,29.378702,0.7030714507598468
2021-10-27,29.409678,0.7338717878297807
2021-10-28,29.42902,0.7530381248997173
2021-10-29,29.473955,0.7977974619696511
2021-10-30,29.509068,0.832734799039585
2021-10-31,29.547935,0.8714261361095232
2021-11-01,29.534805,0.8581204731794578
2021-11-02,29.472286,0.7954258102493945
2021-11-03,29.388638,0.7116021473193292
2021-11-04,29.24598,0.5687684843892633
2021-11-05,29.164625,0.4872378214591997
2021-11-06,29.033506,0.35594315852913283
2021-11-07,28.938604,0.2608654955990737
2021-11-08,28.879211,0.20129683266900855
2021-11-09,28.872797,0.19470716973894042
2021-11-10,28.881222,0.2029565068088779
2021-11-11,28.910097,0.2316558438788121
2021-11-12,28.945265,0.26664818094874576
2021-11-13,29.002804,0.3240115180186862
2021-11-14,29.023363,0.3443948550886198
2021-11-15,29.034246,0.35510219215855443
2021-11-16,28.98939,0.31007052922849
2021-11-17,28.968218,0.2887228662984249
2021-11-18,28.94554,0.26586920336836073
2021-11-19,28.91526,0.23541354043829443
2021-11-20,28.918676,0.2386538775082343
2021-11-21,28.889523,0.20932521457816833
2021-11-22,28.857464,0.17709055164810295
2021-11-23,28.81606,0.13551088871803785
2021-11-24,28.77887,0.0981452257879738
2021-11-25,28.733547,0.05264656285790892
2021-11-26,28.691029,0.009952899927842651
2021-11-27,28.630383,-0.050868763002220874
2021-11-28,28.549187,-0.13224042593228447
2021-11-29,28.448812,-0.23279108886234923
2021-11-30,28.366293,-0.31548575179241567
2021-12-01,28.299923,-0.3820314147224799
2021-12-02,28.2772,-0.4049300776525442
2021-12-03,28.284018,-0.3982877405826102
2021-12-04,28.285915,-0.39656640351267214
2021-12-05,28.317589,-0.3650680664427348
2021-12-06,28.309002,-0.37383072937280204
2021-12-07,28.266565,-0.41644339230286676
2021-12-08,28.223553,-0.4596310552329328
2021-12-09,28.199154,-0.48420571816299685
2021-12-10,28.14702,-0.5365153810930572
2021-12-11,28.101513,-0.5821980440231229
2021-12-12,28.053793,-0.6300937069531898
2021-12-13,27.943583,-0.7404793698832535
2021-12-14,27.811274,-0.8729640328133179
2021-12-15,27.69276,-0.9916536957433841
2021-12-16,27.568443,-1.1161463586734506
2021-12-17,27.442554,-1.2422110216035094
2021-12-18,27.329477,-1.355463684533575
2021-12-19,27.243265,-1.4418513474636399
2021-12-20,27.117695,-1.5675970103937047
2021-12-21,26.96082,-1.7246476733237728
2021-12-22,26.79506,-1.8905833362538367
2021-12-23,26.674816,-2.0110029991839014
2021-12-24,26.595802,-2.0901926621139637
2021-12-25,26.572065,-2.1141053250440294
2021-12-26,26.5836,-2.1027459879740924
2021-12-27,26.624332,-2.062189650904159
2021-12-28,26.648417,-2.0382803138342247
2021-12-29,26.673143,-2.0137299767642887
2021-12-30,26.698929,-1.9881196396943537
2021-12-31,26.739355,-1.9478693026244152
2022-01-01,26.723152,-1.9642479655544811
2022-01-02,26.658686,-2.0288896284845457
2022-01-03,26.602142,-2.0856092914146096
2022-01-04,26.559904,-2.128022954344676
2022-01-05,26.545397,-2.142705617274739
2022-01-06,26.477005,-2.2112732802048036
2022-01-07,26.439085,-2.2493689431348685
2022-01-08,26.431618,-2.257011606064932
2022-01-09,26.39431,-2.2944952689949965
2022-01-10,26.355673,-2.333307931925063
2022-01-11,26.298904,-2.390252594855127
2022-01-12,26.297722,-2.3916102577851923
2022-01-13,26.273369,-2.4161389207152553
2022-01-14,26.305115,-2.3845685836453185
2022-01-15,26.313519,-2.376340246575385
2022-01-16,26.254473,-2.4355619095054486
2022-01-17,26.205643,-2.484567572435516
2022-01-18,26.116558,-2.5738282353655784
2022-01-19,26.007109,-2.683452898295645
2022-01-20,25.982887,-2.7078505612257047
2022-01-21,25.982586,-2.70832722415577
2022-01-22,26.004126,-2.686962887085837
2022-01-23,26.064362,-2.6269025500159024
2022-01-24,26.096869,-2.594571212945965
2022-01-25,26.171587,-2.520028875876033
2022-01-26,26.210415,-2.481376538806092
2022-01-27,26.17809,-2.5138772017361575
2022-01-28,26.151276,-2.5408668646662242
2022-01-29,26.059984,-2.6323345275962886
2022-01-30,25.94617,-2.746324190526355
2022-01-31,25.888514,-2.804155853456418
2022-02-01,25.871742,-2.821103516386483
2022-02-02,25.887028,-2.8059931793165447
2022-02-03,25.872265,-2.820931842246612
2022-02-04,25.884907,-2.8084655051766774
2022-02-05,25.941868,-2.7516801681067413
2022-02-06,25.862331,-2.831392831036805
2022-02-07,25.836184,-2.8577154939668716
2022-02-08,25.79527,-2.8988051568969375
2022-02-09,25.766047,-2.9282038198269973
2022-02-10,25.790333,-2.9040934827570624
2022-02-11,25.744556,-2.9500461456871285
2022-02-12,25.728167,-2.966610808617194
2022-02-13,25.682198,-3.0127554715472584
2022-02-14,25.635641,-3.0594881344773235
2022-02-15,25.590899,-3.104405797407388
2022-02-16,25.579111,-3.1163694603374488
2022-02-17,25.581085,-3.1145711232675133
2022-02-18,25.607544,-3.0882877861975793
2022-02-19,25.633656,-3.0623514491276467
2022-02-20,25.704712,-2.9914711120577095
2022-02-21,25.771517,-2.924841774987776
2022-02-22,25.953007,-2.7435274379178374
2022-02-23,25.939129,-2.7575811008479008
2022-02-24,25.950396,-2.7464897637779657
2022-02-25,26.023918,-2.673143426708034
2022-02-26,26.086676,-2.6105610896380966
2022-02-27,26.135885,-2.561527752568164
2022-02-28,26.2278,-2.469788415498229
2022-03-01,26.261131,-2.43663307842829
2022-03-02,26.305506,-2.392433741358353
2022-03-03,26.371456,-2.3266594042884208
2022-03-04,26.403723,-2.294568067218485
2022-03-05,26.40663,-2.2918367301485496
2022-03-06,26.495684,-2.202958393078614
2022-03-07,26.585426,-2.1133920560086814
2022-03-08,26.745209,-1.953784718938742
2022-03-09,26.858644,-1.8405253818688045
2022-03-10,26.951506,-1.747839044798873
2022-03-11,26.983656,-1.7158647077289366
2022-03-12,27.060469,-1.6392273706590004
2022-03-13,27.18288,-1.5169920335890659
2022-03-14,27.306532,-1.3935156965191275
2022-03-15,27.461681,-1.2385423594491947
2022-03-16,27.622822,-1.0775770223792591
2022-03-17,27.709229,-0.991345685309323
2022-03-18,27.807076,-0.8936743482393901
2022-03-19,27.922163,-0.7787630111694526
2022-03-20,27.958576,-0.7425256740995181
2022-03-21,28.075003,-0.6262743370295816
2022-03-22,28.045004,-0.6564489999596468
2022-03-23,28.111786,-0.589842662889712
2022-03-24,28.174461,-0.5273433258197748
2022-03-25,28.256424,-0.4455559887498417
2022-03-26,28.360384,-0.3417716516799061
2022-03-27,28.464413,-0.2379183146099706
2022-03-28,28.57401,-0.1284969775400313
2022-03-29,28.613007,-0.08967564047009802
2022-03-30,28.730253,0.027394696599838397
2022-03-31,28.769873,0.06683903366977262
2022-04-01,28.869438,0.16622837073970587
2022-04-02,28.877121,0.17373570780964087
2022-04-03,28.884436,0.18087504487957773
2022-04-04,28.854448,0.15071138194951672
2022-04-05,29.021893,0.3179807190194488
2022-04-06,29.145695,0.441607056089385
2022-04-07,29.218346,0.5140823931593204
2022-04-08,29.245737,0.5412977302292532
2022-04-09,29.291311,0.5866960672991901
2022-04-10,29.268286,0.5634954043691245
2022-04-11,29.25525,0.5502837414390633
2022-04-12,29.264154,0.5590120785089994
2022-04-13,29.239996,0.5346784155789344
2022-04-14,29.206135,0.5006417526488676
2022-04-15,29.249489,0.5438200897188032
2022-04-16,29.359795,0.6539504267887359
2022-04-17,29.510565,0.8045447638586758
2022-04-18,29.642563,0.9363671009286101
2022-04-19,29.792997,1.0866254379985456
2022-04-20,29.793507,1.0869597750684825
2022-04-21,29.818325,1.1116021121384172
2022-04-22,29.860794,1.153895449208349
2022-04-23,29.879894,1.1728197862782856
2022-04-24,29.907846,1.2005961233482232
2022-04-25,30.019268,1.311842460418159
2022-04-26,30.021284,1.3136827974880951
2022-04-27,30.057669,1.3498921345580293
2022-04-28,30.077032,1.3690794716279626
2022-04-29,30.157454,1.4493258086978997
2022-04-30,30.158617,1.4503131457678329
2022-05-01,30.24045,1.531970482837771
2022-05-02,30.338276,1.6296208199077071
2022-05-03,30.313486,1.6046551569776426
2022-05-04,30.400482,1.6914754940475767
2022-05-05,30.607275,1.8980928311175127
2022-05-06,30.72126,2.011902168187447
2022-05-07,30.70685,1.997316505257384
2022-05-08,30.461561,1.7518518423273193
2022-05-09,30.223679,1.5137941793972551
2022-05-10,30.11181,1.4017495164671878
2022-05-11,30.127697,1.4174608535371256
2022-05-12,30.257498,1.5470861906070574
2022-05-13,30.268698,1.5581105276769946
2022-05-14,30.277493,1.5667298647469323
2022-05-15,30.32343,1.6124912018168658
2022-05-16,30.402735,1.6916205388868022
2022-05-17,30.381369,1.6700788759567367
2022-05-18,30.418486,1.7070202130266736
2022-05-19,30.338688,1.6270465500966083
2022-05-20,30.245728,1.5339108871665417
2022-05-21,30.204823,1.4928302242364815
2022-05-22,30.248005,1.5358365613064144
2022-05-23,30.24838,1.5360358983763511
2022-05-24,30.283398,1.5708782354462834
2022-05-25,30.216148,1.5034525725162204
2022-05-26,30.151428,1.4385569095861541
2022-05-27,30.137974,1.4249272466560896
2022-05-28,30.156693,1.4434705837260289
2022-05-29,30.160204,1.4468059207959634
2022-05-30,30.137169,1.4235952578658981
2022-05-31,30.073692,1.3599425949358341
2022-06-01,30.02687,1.3129449320057667
2022-06-02,30.05105,1.3369492690757028
2022-06-03,30.059458,1.3451816061456405
2022-06-04,30.045101,1.330648943215575
2022-06-05,30.066881,1.3522532802855096
2022-06-06,30.096418,1.3816146173554458
2022-06-07,30.05014,1.3351609544253797
2022-06-08,30.002428,1.287273291495314
2022-06-09,29.98866,1.27332962856525
2022-06-10,29.955471,1.2399649656351883
2022-06-11,29.956484,1.2408023027051236
2022-06-12,30.004713,1.2888556397750577
2022-06-13,30.08889,1.372856976844993
2022-06-14,30.162136,1.445927313914929
2022-06-15,30.172163,1.4557786509848647
2022-06-16,30.147152,1.4305919880547968
2022-06-17,30.150967,1.4342313251247383
2022-06-18,30.136631,1.419719662194673
2022-06-19,30.095755,1.3786679992646071
2022-06-20,30.04964,1.3323773363345417
2022-06-21,29.95961,1.2421716734044779
2022-06-22,29.902983,1.1853690104744103
2022-06-23,29.857145,1.1393553475443454
2022-06-24,29.815897,1.0979316846142844
2022-06-25,29.809963,1.0918220216842194
2022-06-26,29.899158,1.1808413587541544
2022-06-27,29.93931,1.2208176958240884
2022-06-28,29.945879,1.2272110328940258
2022-06-29,29.98871,1.2698663699639603
2022-06-30,30.00574,1.286720707033897
2022-07-01,29.95278,1.2335850441038332
2022-07-02,29.869293,1.1499223811737664
2022-07-03,29.865135,1.145588718243701
2022-07-04,29.826408,1.106686055313638
2022-07-05,29.813065,1.0931673923835739
2022-07-06,29.808208,1.0881347294535075
2022-07-07,29.797855,1.077606066523444
2022-07-08,29.766382,1.0459574035933805
2022-07-09,29.72161,1.0010097406633136
2022-07-10,29.669521,0.9487450777332498
2022-07-11,29.626368,0.9054164148031845
2022-07-12,29.57178,0.8506527518731204
2022-07-13,29.49155,0.770247088943055
2022-07-14,29.408165,0.6866864260129937
2022-07-15,29.357386,0.63573176308293
2022-07-16,29.303972,0.5821421001528648
2022-07-17,29.291908,0.5699024372227974
2022-07-18,29.324543,0.6023617742927314
2022-07-19,29.365269,0.6429121113626692
2022-07-20,29.402817,0.6802844484326016
2022-07-21,29.391642,0.6689337855025421
2022-07-22,29.328573,0.6056891225724748
2022-07-23,29.264175,0.5411154596424126
2022-07-24,29.333118,0.6098827967123448
2022-07-25,29.400948,0.6775371337822804
2022-07-26,29.648954,0.9253674708522155
2022-07-27,29.908741,1.1849788079221533
2022-07-28,30.085144,1.3612061449920887
2022-07-29,30.211096,1.4869824820620252
2022-07-30,30.28302,1.5587308191319593
2022-07-31,30.33995,1.6154851562018955
2022-08-01,30.446688,1.7220474932718304
2022-08-02,30.478453,1.7536368303417618
2022-08-03,30.189957,1.4649651674117017
2022-08-04,30.120573,1.3954055044816371
2022-08-05,30.018335,1.2929918415515722
2022-08-06,29.887484,1.1619651786215073
2022-08-07,29.806427,1.080732515691441
2022-08-08,29.673925,0.948054852761377
2022-08-09,29.526375,0.800329189831313
2022-08-10,29.390171,0.6639495269012485
2022-08-11,29.314833,0.5884358639711849
2022-08-12,29.22032,0.4937472010411206
2022-08-13,29.166025,0.4392765381110557
2022-08-14,29.142523,0.41559887518099004
2022-08-15,29.254364,0.5272642122509232
2022-08-16,29.378223,0.6509475493208612
2022-08-17,29.325289,0.5978378863907992
2022-08-18,29.243126,0.5154992234607327
2022-08-19,29.14557,0.41776756053066677
2022-08-20,29.177233,0.44925489760060344
2022-08-21,29.224077,0.49592323467053845
2022-08-22,29.183088,0.4547585717404736
2022-08-23,29.07496,0.3464549088104114
2022-08-24,29.180058,0.45137724588034445
2022-08-25,29.572645,0.8437885829502818
2022-08-26,29.528637,0.7996049200202151
2022-08-27,29.471094,0.741886257090151
2022-08-28,29.551306,0.8219225941600854
2022-08-29,29.82444,1.0948809312300192
2022-08-30,30.007673,1.277938268299959
2022-08-31,30.110321,1.3804106053698924
2022-09-01,30.208158,1.4780719424398292
2022-09-02,30.260353,1.5300912795097616
2022-09-03,30.335163,1.6047256165796995
2022-09-04,30.34136,1.6107469536496346
2022-09-05,30.339663,1.6088742907195694
2022-09-06,30.381596,1.6506316277895046
2022-09-07,30.276178,1.5450379648594428
2022-09-08,30.196142,1.4648263019293744
2022-09-09,30.087406,1.3559146389993124
2022-09-10,29.89775,1.1660829760692444
2022-09-11,29.754726,1.0228833131391823
2022-09-12,29.622032,0.89001365020912
2022-09-13,29.532969,0.8007749872790555
2022-09-14,29.481226,0.7488563243489885
2022-09-15,29.433914,0.7013686614189254
2022-09-16,29.416857,0.6841359984888591
2022-09-17,29.512154,0.7792573355587926
2022-09-18,29.443035,0.7099626726287269
2022-09-19,29.421648,0.6884000096986682
2022-09-20,29.413517,0.6800933467686008
2022-09-21,29.48576,0.752160683838536
2022-09-22,29.543636,0.8098610209084711
2022-09-23,29.649378,0.9154273579784054
2022-09-24,29.709812,0.975685695048341
2022-09-25,29.706656,0.9723540321182753
2022-09-26,29.653395,0.9189173691882146
2022-09-27,29.718933,0.9842797062581496
2022-09-28,29.790447,1.055618043328085
2022-09-29,29.84292,1.107915380398019
2022-09-30,29.803978,1.0687977174679553
2022-10-01,29.749266,1.013910054537888
2022-10-02,29.73764,1.0021083916078268
2022-10-03,29.69791,0.962202728677763
2022-10-04,29.704489,0.9686060657476965
2022-10-05,29.674616,0.9385574028176329
2022-10-06,29.655941,0.919706739887566
2022-10-07,29.660471,0.9240610769575035
2022-10-08,29.632952,0.8963664140274368
2022-10-09,29.665833,0.9290717510973749
2022-10-10,29.759754,1.0228170881673115
2022-10-11,29.722939,0.9858264252372457
2022-10-12,29.719574,0.9822857623071819
2022-10-13,29.702726,0.9652620993771137
2022-10-14,29.80812,1.070480436447049
2022-10-15,29.851917,1.1141017735169854
2022-10-16,29.78173,1.0437391105869231
2022-10-17,29.71432,0.9761534476568592
2022-10-18,29.712112,0.9737697847267945
2022-10-19,29.731388,0.9928701217967273
2022-10-20,29.709883,0.9711894588666645
2022-10-21,29.679377,0.9405077959365968
2022-10-22,29.603613,0.8645681330065322
2022-10-23,29.453217,0.71399647007647
2022-10-24,29.354832,0.6154358071464046
2022-10-25,29.417948,0.6783761442163403
2022-10-26,29.392658,0.6529104812862769
2022-10-27,29.28258,0.5426568183562104
2022-10-28,29.208948,0.46884915542614536
2022-10-29,29.149017,0.40874249249608496
2022-10-30,29.15553,0.4150798295660181
2022-10-31,29.162653,0.42202716663595297
2022-11-01,29.255129,0.5143275037058892
2022-11-02,29.297031,0.5560538407758244
2022-11-03,29.24975,0.5085971778457576
2022-11-04,29.17043,0.42910151491569337
2022-11-05,29.114475,0.37297085198563096
2022-11-06,29.076824,0.33514418905556553
2022-11-07,29.044374,0.30251852612550323
2022-11-08,28.995016,0.25298486319543656
2022-11-09,28.941822,0.19961520026537016
2022-11-10,28.888102,0.14571953733530663
2022-11-11,28.867521,0.12496287440524156
2022-11-12,28.831846,0.08911221147517878
2022-11-13,28.774956,0.03204654854511446
2022-11-14,28.7028,-0.040285114384950305
2022-11-15,28.62541,-0.11785077731501659
2022-11-16,28.563305,-0.18013144024508065
2022-11-17,28.534243,-0.20936910317514545
2022-11-18,28.490355,-0.2534327661052096
2022-11-19,28.425476,-0.3184874290352724
2022-11-20,28.464348,-0.27979109196533614
2022-11-21,28.512451,-0.23186375489540367
2022-11-22,28.477043,-0.2674474178254691
2022-11-23,28.40403,-0.34063608075553375
2022-11-24,28.297132,-0.44770974368559635
2022-11-25,28.184973,-0.5600444066156598
2022-11-26,28.080837,-0.6643560695457253
2022-11-27,28.022663,-0.722705732475788
2022-11-28,28.029678,-0.715866395405854
2022-11-29,28.134802,-0.6109180583359191
2022-11-30,28.21316,-0.5327357212659862
2022-12-01,28.229364,-0.5167073841960494
2022-12-02,28.198887,-0.5473600471261122
2022-12-03,28.165705,-0.5807177100561773
2022-12-04,28.119205,-0.6273933729862406
2022-12-05,28.079752,-0.6670220359163075
2022-12-06,28.033388,-0.7135616988463731
2022-12-07,27.96321,-0.7839153617764367
2022-12-08,27.905252,-0.8420490247065011
2022-12-09,27.88652,-0.8609566876365626
2022-12-10,27.889292,-0.8583603505666275
2022-12-11,27.852428,-0.895400013496694
2022-12-12,27.77048,-0.9775236764267596
2022-12-13,27.674435,-1.073744339356825
2022-12-14,27.620493,-1.1278620022868893
2022-12-15,27.53334,-1.215190665216955
2022-12-16,27.42618,-1.322526328147017
2022-12-17,27.342411,-1.4064709910770823
2022-12-18,27.288172,-1.4608856540071464
2022-12-19,27.244736,-1.5044973169372113
2022-12-20,27.18455,-1.5648589798672745
2022-12-21,27.107325,-1.6422596427973417
2022-12-22,27.039213,-1.7105473057274025
2022-12-23,26.985758,-1.7641779686574672
2022-12-24,26.943369,-1.8067426315875323
2022-12-25,26.901888,-1.8483992945175984
2022-12-26,26.953178,-1.797284957447662
2022-12-27,27.003727,-1.7469116203777268
2022-12-28,27.001684,-1.7491302833077924
2022-12-29,26.962969,-1.7880209462378538
2022-12-30,26.877853,-1.8733126091679182
2022-12-31,26.819204,-1.932137272097986
2023-01-01,26.769173,-1.9823439350280516
2023-01-02,26.739695,-2.011997597958114
2023-01-03,26.679668,-2.072200260888181
2023-01-04,26.607414,-2.144629923818247
2023-01-05,26.555933,-2.1962865867483075
2023-01-06,26.494843,-2.2575522496783726
2023-01-07,26.38507,-2.3675009126084383
2023-01-08,26.275618,-2.477128575538501
2023-01-09,26.227716,-2.5252062384685665
2023-01-10,26.193602,-2.559495901398634
2023-01-11,26.135803,-2.617470564328695
2023-01-12,26.115444,-2.638005227258759
2023-01-13,26.085648,-2.6679768901888252
2023-01-14,26.086596,-2.6672045531188893
2023-01-15,26.103706,-2.6502702160489555
2023-01-16,26.111794,-2.64235787897902
2023-01-17,26.101103,-2.6532245419090863
2023-01-18,26.078278,-2.6762252048391453
2023-01-19,26.06566,-2.68901886776921
2023-01-20,26.05787,-2.6969845306992752
2023-01-21,26.03508,-2.719950193629341
2023-01-22,26.031576,-2.7236298565594055
2023-01-23,26.040194,-2.715187519489472
2023-01-24,26.063522,-2.692035182419538
2023-01-25,26.07879,-2.676942845349597
2023-01-26,26.117193,-2.638715508279663
2023-01-27,26.111042,-2.6450421712097274
2023-01-28,26.159334,-2.5969258341397925
2023-01-29,26.193222,-2.56321349706986
2023-01-30,26.182276,-2.5743351599999222
2023-01-31,26.206095,-2.5506918229299878
2023-02-01,26.181038,-2.5759244858600496
2023-02-02,26.162767,-2.594371148790117
2023-02-03,26.127626,-2.6296878117201814
2023-02-04,26.078054,-2.6794354746502442
2023-02-05,26.046768,-2.710897137580311
2023-02-06,26.055656,-2.702184800510377
2023-02-07,26.095665,-2.6623514634404373
2023-02-08,26.096336,-2.661856126370502
2023-02-09,26.155413,-2.6029547893005685
2023-02-10,26.17335,-2.5851934522306337
2023-02-11,26.209866,-2.5488531151606963
2023-02-12,26.245071,-2.5138237780907637
2023-02-13,26.215633,-2.543437441020828
2023-02-14,26.188286,-2.5709601039508883
2023-02-15,26.215086,-2.5443357668809554
2023-02-16,26.201962,-2.557635429811018
2023-02-17,26.24791,-2.511863092741084
2023-02-18,26.350603,-2.4093457556711506
2023-02-19,26.419653,-2.340471418601215
2023-02-20,26.505194,-2.255106081531281
2023-02-21,26.61144,-2.14903574446134
2023-02-22,26.650902,-2.1097494073914085
2023-02-23,26.671825,-2.089002070321474
2023-02-24,26.764963,-1.9960397332515356
2023-02-25,26.802547,-1.9586313961816018
2023-02-26,26.912222,-1.8491320591116676
2023-02-27,26.998102,-1.7634277220417331
2023-02-28,27.01883,-1.7428753849717928
2023-03-01,26.989622,-1.7722590479018585
2023-03-02,27.006756,-1.755300710831925
2023-03-03,27.090378,-1.6718543737619882
2023-03-04,27.10993,-1.652478036692056
2023-03-05,27.255339,-1.5072446996221203
2023-03-06,27.343536,-1.4192233625521808
2023-03-07,27.402874,-1.3600610254822456
2023-03-08,27.366835,-1.396275688412313
2023-03-09,27.390135,-1.3731513513423756
2023-03-10,27.47198,-1.291482014272443
2023-03-11,27.462341,-1.301296677202508
2023-03-12,27.556683,-1.2071303401325721
2023-03-13,27.719343,-1.0446460030626348
2023-03-14,27.935343,-0.8288216659926988
2023-03-15,28.072851,-0.6914893289227635
2023-03-16,28.130877,-0.6336389918528269
2023-03-17,28.13457,-0.6301216547828936
2023-03-18,28.211708,-0.5531593177129572
2023-03-19,27.974623,-0.7904199806430228
2023-03-20,27.87228,-0.8929386435730855
2023-03-21,28.043089,-0.7223053065031522
2023-03-22,27.999662,-0.7659079694332149
2023-03-23,28.085161,-0.6805846323632814
2023-03-24,28.254936,-0.5109852952933451
2023-03-25,28.298805,-0.4672919582234094
2023-03-26,28.353859,-0.41241362115347613
2023-03-27,28.406996,-0.35945228408353813
2023-03-28,28.574587,-0.19203694701360163
2023-03-29,28.582787,-0.18401260994366808
2023-03-30,28.611778,-0.15519727287373186
2023-03-31,28.609585,-0.15756593580379885
2023-04-01,28.616686,-0.1506405987338617
2023-04-02,28.577879,-0.1896232616639253
2023-04-03,28.692919,-0.07475892459398992
2023-04-04,28.791084,0.023230412475946594
2023-04-05,28.847658,0.07962874954587917
2023-04-06,29.07031,0.30210508661581414
2023-04-07,29.114876,0.3464954236857487
2023-04-08,29.18447,0.41591376075568576
2023-04-09,29.221317,0.4525850978256223
2023-04-10,29.364838,0.595930434895557
2023-04-11,29.522554,0.7534707719654925
2023-04-12,29.65845,0.8891911090354263
2023-04-13,29.72961,0.9601754461053638
2023-04-14,29.801767,1.0321567831752994
2023-04-15,29.876041,1.1062551202452333
2023-04-16,30.03005,1.2600884573151703
2023-04-17,30.13314,1.3630027943851069
2023-04-18,30.239985,1.4696721314550416
2023-04-19,30.191648,1.4211594685249764
2023-04-20,30.127464,1.3567998055949104
2023-04-21,30.133024,1.3621841426648444
2023-04-22,30.234737,1.463721479734783
2023-04-23,30.384254,1.6130628168047174
2023-04-24,30.462162,1.690795153874653
2023-04-25,30.432144,1.6606014909445896
2023-04-26,30.44799,1.6762718280145243
2023-04-27,30.50981,1.7379161650844601
2023-04-28,30.579575,1.8075055021543918
2023-04-29,30.630896,1.8586508392243317
2023-04-30,30.743088,1.970667176294267
2023-05-01,30.705023,1.9324265133642022
2023-05-02,30.704151,1.931378850434136
2023-05-03,30.759754,1.9868061875040723
2023-05-04,30.714685,1.9415615245740057
2023-05-05,30.745926,1.972626861643942
2023-05-06,30.854536,2.081061198713879
2023-05-07,30.877987,2.1043365357838155
2023-05-08,31.025805,2.2519788728537478
2023-05-09,31.194817,2.420815209923685
2023-05-10,31.124866,2.35068854699362
2023-05-11,31.021547,2.247193884063556
2023-05-12,30.71597,1.9414412211334877
2023-05-13,30.366817,1.5921125582034286
2023-05-14,30.087626,1.3127458952733626
2023-05-15,30.171612,1.396556232343297
2023-05-16,30.220852,1.445620569413233
2023-05-17,30.29218,1.5167729064831654
2023-05-18,30.316275,1.540692243553103
2023-05-19,30.329311,1.553552580623041
2023-05-20,30.400415,1.6244809176929742
2023-05-21,30.444315,1.6682052547629098
2023-05-22,30.440527,1.6642415918328446
2023-05-23,30.432375,1.6559139289027804
2023-05-24,30.402245,1.6256082659727156
2023-05-25,30.411285,1.6344726030426493
2023-05-26,30.478651,1.7016629401125876
2023-05-27,30.634033,1.856869277182522
2023-05-28,30.839804,2.062464614252459
2023-05-29,30.939308,2.1617929513223935
2023-05-30,30.814348,2.036657288392327
2023-05-31,30.80886,2.030993625462262
2023-06-01,30.795116,2.017073962532198
2023-06-02,30.828587,2.050369299602135
2023-06-03,30.937176,2.158782636672072
2023-06-04,30.923853,2.145283973742007
2023-06-05,30.898153,2.1194083108119415
2023-06-06,30.783533,2.004612647881874
2023-06-07,30.682951,1.9038549849518098
2023-06-08,30.591263,1.8119913220217505
2023-06-09,30.495262,1.7158146590916843
2023-06-10,30.460182,1.6805589961616185
2023-06-11,30.478659,1.6988603332315542
2023-06-12,30.51071,1.7307356703014882
2023-06-13,30.481682,1.7015320073714228
2023-06-14,30.43116,1.650834344441357
2023-06-15,30.450872,1.6703706815112973
2023-06-16,30.530876,1.750199018581231
2023-06-17,30.51374,1.7328873556511653
2023-06-18,30.496304,1.7152756927211001
2023-06-19,30.415928,1.6347240297910375
2023-06-20,30.296787,1.5154073668609698
2023-06-21,30.192461,1.4109057039309079
2023-06-22,30.105103,1.3233720410008445
2023-06-23,30.021357,1.239450378070778
2023-06-24,29.942421,1.160338715140714
2023-06-25,29.8674,1.0851420522106494
2023-06-26,29.780607,0.9981733892805842
2023-06-27,29.770401,0.9877917263505189
2023-06-28,29.868515,1.0857300634204528
2023-06-29,29.956879,1.1739184004903933
2023-06-30,30.082832,1.2996957375603273
2023-07-01,30.162485,1.3791730746302626
2023-07-02,30.25304,1.469552411700196
2023-07-03,30.219265,1.4356017487701322
2023-07-04,30.179905,1.3960660858400686
2023-07-05,30.008656,1.2246414229100004
2023-07-06,29.8853,1.1011097599799413
2023-07-07,29.811216,1.026850097049877
2023-07-08,29.79783,1.0132884341198114
2023-07-09,29.958227,1.173509771189746
2023-07-10,29.892397,1.107504108259679
2023-07-11,29.849802,1.0647334453296153
2023-07-12,29.826263,1.0410187823995543
2023-07-13,29.79078,1.0053601194694899
2023-07-14,29.713717,0.9281214565394222
2023-07-15,29.647371,0.8615997936093578
2023-07-16,29.606583,0.8206361306792935
2023-07-17,29.586899,0.8007764677492268
2023-07-18,29.558691,0.7723928048191624
2023-07-19,29.526716,0.7402421418891016
2023-07-20,29.474148,0.6874984789590357
2023-07-21,29.43551,0.6486848160289718
2023-07-22,29.41023,0.6232291530989045
2023-07-23,29.440496,0.6533194901688404
2023-07-24,29.440916,0.6535638272387772
2023-07-25,29.394058,0.6065301643087118
2023-07-26,29.371252,0.5835485013786474
2023-07-27,29.369549,0.5816698384485832
2023-07-28,29.383121,0.595066175518518
2023-07-29,29.393919,0.6056885125884541
2023-07-30,29.382248,0.5938418496583893
2023-07-31,29.276913,0.488331186728324
2023-08-01,29.189753,0.40099552379826164
2023-08-02,29.13611,0.34717686086819555
2023-08-03,29.155499,0.36639019793813077
2023-08-04,29.172258,0.3829735350080661
2023-08-05,29.22489,0.4354298720780001
2023-08-06,29.223198,0.43356220914793653
2023-08-07,29.174452,0.38464054621787014
2023-08-08,29.114025,0.32403788328781147
2023-08-09,29.160318,0.37015522035774495
2023-08-10,29.26254,0.472201557427681
2023-08-11,29.334848,0.5443338944976155
2023-08-12,29.349379,0.5586892315675485
2023-08-13,29.358479,0.5676135686374835
2023-08-14,29.429914,0.6388729057074194
2023-08-15,29.449392,0.6581752427773573
2023-08-16,29.413671,0.6222785798472934
2023-08-17,29.287376,0.4958079169172258
2023-08-18,29.196686,0.4049422539871621
2023-08-19,29.239172,0.44725259105709725
2023-08-20,29.396606,0.6045109281270307
2023-08-21,29.446737,0.6544662651969659
2023-08-22,29.380198,0.5877516022669056
2023-08-23,29.295076,0.5024539393368421
2023-08-24,29.217878,0.42508027640677426
2023-08-25,29.162308,0.3693346134767097
2023-08-26,29.144888,0.35173895054664683
2023-08-27,29.175215,0.3818902876165815
2023-08-28,29.330034,0.5365336246865198
2023-08-29,29.547722,0.7540459617564537
2023-08-30,29.634977,0.8411252988263875
2023-08-31,29.747454,0.9534266358963244
2023-09-01,29.720333,0.9261299729662582
2023-09-02,29.718227,0.9238483100361918
2023-09-03,29.656326,0.8617716471061279
2023-09-04,29.549099,0.7543689841760646
2023-09-05,29.484474,0.689568321246
2023-09-06,29.452478,0.6573966583159354
2023-09-07,29.35397,0.5587129953858714
2023-09-08,29.344849,0.5494163324558059
2023-09-09,29.458706,0.6630976695257402
2023-09-10,29.447252,0.6514680065956746
2023-09-11,29.420403,0.6244433436656145
2023-09-12,29.33298,0.5368446807355483
2023-09-13,29.25041,0.4540990178054827
2023-09-14,29.230879,0.4343923548754205
2023-09-15,29.248959,0.45229669194535305
2023-09-16,29.303188,0.5063500290152874
2023-09-17,29.423391,0.6263773660852223
2023-09-18,29.305298,0.5081087031551625
2023-09-19,29.234589,0.43722404022509664
2023-09-20,29.223164,0.4256233772950324
2023-09-21,29.26596,0.4682437143649665
2023-09-22,29.379917,0.5820250514349006
2023-09-23,29.513517,0.7154493885048367
2023-09-24,29.583437,0.785193725574775
2023-09-25,29.809263,1.0108440626447113
2023-09-26,30.01168,1.2130853997146431
2023-09-27,30.10178,1.3030097367845812
2023-09-28,30.035688,1.236742073854515
2023-09-29,29.80455,1.0054284109244485
2023-09-30,29.664923,0.8656257479943861
2023-10-01,29.56037,0.7608970850643217
2023-10-02,29.455675,0.6560264221342571
2023-10-03,29.43542,0.6355957592041932
2023-10-04,29.444498,0.6444980962741269
2023-10-05,29.558325,0.7581494333440624
2023-10-06,29.66965,0.8692987704139981
2023-10-07,29.752094,0.9515671074839318
2023-10-08,29.735144,0.9344414445538689
2023-10-09,29.831638,1.0307597816238072
2023-10-10,29.973232,1.17217811869374
2023-10-11,30.044432,1.2432024557636758
2023-10-12,30.08118,1.27977479283361
2023-10-13,30.185078,1.383497129903546
2023-10-14,30.207266,1.4055094669734807
2023-10-15,30.13915,1.3372178040434193
2023-10-16,30.118887,1.3167791411133543
2023-10-17,30.093319,1.2910354781832893
2023-10-18,30.135406,1.332946815253223
2023-10-19,30.076435,1.2738001523231581
2023-10-20,30.002556,1.1997454893930914
2023-10-21,29.911915,1.108928826463032
2023-10-22,29.723112,0.9199501635329668
2023-10-23,29.575737,0.7723995006029014
2023-10-24,29.549322,0.7458088376728362
2023-10-25,29.647947,0.8442581747427695
2023-10-26,29.663675,0.8598105118127073
2023-10-27,29.592316,0.7882758488826411
2023-10-28,29.574986,0.7707701859525784
2023-10-29,29.494211,0.6898195230225141
2023-10-30,29.44284,0.6382728600924494
2023-10-31,29.407887,0.6031441971623828
2023-11-01,29.450037,0.6451185342323171
2023-11-02,29.531923,0.7268288713022528
2023-11-03,29.57786,0.7725902083721898
2023-11-04,29.630615,0.825169545442126
2023-11-05,29.57279,0.7671688825120633
2023-11-06,29.5662,0.7604032195819954
2023-11-07,29.51191,0.7059375566519321
2023-11-08,29.415,0.6088518937218659
2023-11-09,29.297104,0.49078023079180255
2023-11-10,29.194828,0.3883285678617412
2023-11-11,29.138973,0.332297904931675
2023-11-12,29.104065,0.2972142420016084
2023-11-13,29.07932,0.27229357907154395
2023-11-14,29.05995,0.2527479161414803
2023-11-15,28.983189,0.175811253211414
2023-11-16,28.93036,0.12280659028134977
2023-11-17,28.951607,0.14387792735128713
2023-11-18,28.90359,0.09568526442122405
2023-11-19,28.87047,0.062389601491158686
2023-11-20,28.851433,0.043176938561092726
2023-11-21,28.793049,-0.015382724368972589
2023-11-22,28.76124,-0.04736738729903678
2023-11-23,28.685867,-0.12291605022910446
2023-11-24,28.595743,-0.21321571315916543
2023-11-25,28.521307,-0.28782737608922915
2023-11-26,28.466448,-0.3428620390192947
2023-11-27,28.4357,-0.3737857019493589
2023-11-28,28.41698,-0.39268136487942584
2023-11-29,28.355242,-0.45459502780948924
2023-11-30,28.34073,-0.4692826907395542
2023-12-01,28.317749,-0.4924393536696172
2023-12-02,28.291605,-0.5187590165996809
2023-12-03,28.278439,-0.5321006795297478
2023-12-04,28.27652,-0.5341953424598103
2023-12-05,28.262295,-0.5485960053898751
2023-12-06,28.240395,-0.5706716683199424
2023-12-07,28.224047,-0.5871953312500047
2023-12-08,28.18528,-0.6261379941800698
2023-12-09,28.051321,-0.7602726571101321
2023-12-10,27.878925,-0.9328443200401999
2023-12-11,27.66356,-1.1483849829702635
2023-12-12,27.482395,-1.3297256459003286
2023-12-13,27.339323,-1.4729733088303938
2023-12-14,27.247248,-1.5652239717604566
2023-12-15,27.145416,-1.6672316346905198
2023-12-16,27.01509,-1.797733297620585
2023-12-17,26.894016,-1.9189829605506503
2023-12-18,26.802034,-2.011140623480717
2023-12-19,26.728191,-2.085159286410782
2023-12-20,26.657124,-2.1564019493408466
2023-12-21,26.57488,-2.2388216122709075
2023-12-22,26.527721,-2.286156275200973
2023-12-23,26.514841,-2.2992119381310374
2023-12-24,26.535563,-2.2786656010611033
2023-12-25,26.542898,-2.271506263991167
2023-12-26,26.542078,-2.272501926921233
2023-12-27,26.540482,-2.274273589851294
2023-12-28,26.550146,-2.2647852527813583
2023-12-29,26.519993,-2.2951139157114255
2023-12-30,26.489098,-2.3261845786414916
2023-12-31,26.447567,-2.367891241571556
2024-01-01,26.413452,-2.402181904501621
2024-01-02,26.34089,-2.4749195674316837
2024-01-03,26.304771,-2.511214230361748
2024-01-04,26.276457,-2.5397038932918115
2024-01-05,26.263208,-2.5531285562218784
2024-01-06,26.294157,-2.522355219151944
2024-01-07,26.289627,-2.527060882082008
2024-01-08,26.29196,-2.524903545012073
2024-01-09,26.2565,-2.5605392079421385
2024-01-10,26.196829,-2.620385870872198
2024-01-11,26.171047,-2.6463435338022627
2024-01-12,26.093418,-2.7241481967323296
2024-01-13,25.976519,-2.8412228596623947
2024-01-14,25.902826,-2.9150915225924585
2024-01-15,25.859642,-2.9584511855225237
2024-01-16,25.80353,-3.014738848452591
2024-01-17,25.788784,-3.0296605113826516
2024-01-18,25.786419,-3.0322011743127177
2024-01-19,25.802134,-3.0166618372427827
2024-01-20,25.7845,-3.0344715001728453
2024-01-21,25.804924,-3.014223163102912
2024-01-22,25.75776,-3.0615628260329757
2024-01-23,25.729128,-3.090370488963039
2024-01-24,25.709846,-3.1098281518931046
2024-01-25,25.732777,-3.08707281482317
2024-01-26,25.716827,-3.103198477753235
2024-01-27,25.654081,-3.1661201406832973
2024-01-28,25.6079,-3.212476803613363
2024-01-29,25.605856,-3.2146964665434297
2024-01-30,25.601572,-3.2191561294734896
2024-01-31,25.65872,-3.1621837924035567
2024-02-01,25.692131,-3.128948455333621
2024-02-02,25.752506,-3.0687491182636855
2024-02-03,25.783533,-3.0378977811937524
2024-02-04,25.80855,-3.0130564441238157
2024-02-05,25.81392,-3.0078621070538816
2024-02-06,25.882534,-2.939423769983943
2024-02-07,25.975283,-2.8468504329140067
2024-02-08,25.914795,-2.9075140958440713
2024-02-09,25.804916,-3.0175687587741393
2024-02-10,25.720175,-3.102485421704202
2024-02-11,25.720705,-3.1021310846342693
2024-02-12,25.739397,-3.083614747564333
2024-02-13,25.782969,-3.0402184104943935
2024-02-14,25.835888,-2.9874750734244593
2024-02-15,25.9154,-2.9081387363545232
2024-02-16,25.905134,-2.91858039928459
2024-02-17,25.994696,-2.829194062214654
2024-02-18,26.042736,-2.781329725144719
2024-02-19,26.084522,-2.739719388074782
2024-02-20,26.129253,-2.6951640510048485
2024-02-21,26.237663,-2.586929713934911
2024-02-22,26.35644,-2.468328376864978
2024-02-23,26.467457,-2.3574870397950427
2024-02-24,26.50592,-2.3191997027251077
2024-02-25,26.50142,-2.323875365655173
2024-02-26,26.4276,-2.3978710285852323
2024-02-27,26.46264,-2.3630066915152987
2024-02-28,26.560684,-2.265138354445366
2024-02-29,26.650343,-2.17565501737543
2024-03-01,26.664244,-2.1619296803054944
2024-03-02,26.701233,-2.125116343235561
2024-03-03,26.772598,-2.053927006165626
2024-03-04,26.89091,-1.9357906690956845
2024-03-05,26.985289,-1.8415873320257496
2024-03-06,27.008593,-1.8184589949558152
2024-03-07,27.011162,-1.8160656578858827
2024-03-08,26.978237,-1.8491663208159466
2024-03-09,26.9487,-1.878878983746013
2024-03-10,26.926409,-1.9013456466760772
2024-03-11,26.946722,-1.8812083096061372
2024-03-12,27.000776,-1.827329972536205
2024-03-13,27.20821,-1.6200716354662674
2024-03-14,27.310833,-1.5176242983963348
2024-03-15,27.512188,-1.3164449613264004
2024-03-16,27.613134,-1.215674624256465
2024-03-17,27.673714,-1.155270287186525
2024-03-18,27.820168,-1.0089919501165916
2024-03-19,27.877842,-0.9514936130466545
2024-03-20,27.864956,-0.9645552759767213
2024-03-21,27.606913,-1.222773938906787
2024-03-22,27.725616,-1.1042466018368522
2024-03-23,27.784391,-1.0456472647669166
2024-03-24,27.871355,-0.9588589276969763
2024-03-25,27.944582,-0.8858075906270422
2024-03-26,28.029598,-0.8009672535571077
2024-03-27,28.11818,-0.712560916487174
2024-03-28,28.175484,-0.6554325794172371
2024-03-29,28.2311,-0.5999922423473016
2024-03-30,28.35629,-0.47497790527736683
2024-03-31,28.430344,-0.4010995682074281
2024-04-01,28.498384,-0.3332352311374933
2024-04-02,28.605833,-0.2259618940675594
2024-04-03,28.73824,-0.09373055699762389
2024-04-04,28.823544,-0.008602219927691834
2024-04-05,28.953407,0.12108511714224335
2024-04-06,29.211906,0.3794084542121823
2024-04-07,29.354782,0.5221087912821183
2024-04-08,29.397411,0.5645621283520548
2024-04-09,29.417122,0.584097465421987
2024-04-10,29.577707,0.744506802491923
2024-04-11,29.71557,0.8821941395618573
2024-04-12,29.780033,0.9464814766317922
2024-04-13,29.898832,1.0651048137017298
2024-04-14,29.984068,1.1501651507716666
2024-04-15,30.088533,1.2544544878416026
2024-04-16,30.14595,1.311695824911535
2024-04-17,30.160664,1.3262341619814713
2024-04-18,30.198408,1.3638024990514062
2024-04-19,30.159021,1.3242398361213397
2024-04-20,30.09032,1.2553631731912773
2024-04-21,30.083767,1.2486345102612155
2024-04-22,30.151138,1.3158298473311483
2024-04-23,30.36667,1.5311861844010828
2024-04-24,30.396936,1.5612765214710187
2024-04-25,30.539104,1.7032688585409517
2024-04-26,30.559519,1.72350819561089
2024-04-27,30.656832,1.8206455326808282
2024-04-28,30.68225,1.8458878697507615
2024-04-29,30.712313,1.8757752068206983
2024-04-30,30.692856,1.8561425438906305
2024-05-01,30.702393,1.865503880960567
2024-05-02,30.668045,1.8309802180305006
2024-05-03,30.7331,1.8958595551004365
2024-05-04,30.722082,1.884665892170375
2024-05-05,30.676258,1.8386662292403102
2024-05-06,30.702524,1.8647565663102448
2024-05-07,30.800611,1.9626679033801793
2024-05-08,30.816633,1.9785142404501137
2024-05-09,30.920078,2.0817835775200493
2024-05-10,30.946146,2.1076759145899864
2024-05-11,31.026436,2.187790251659923
2024-05-12,31.084154,2.245332588729859
2024-05-13,31.166986,2.3279889257997937
2024-05-14,31.194593,2.3554202628697283
2024-05-15,31.286232,2.4468835999396603
2024-05-16,31.366539,2.5270149370095965
2024-05-17,31.406672,2.5669722740795358
2024-05-18,31.455301,2.615425611149469
2024-05-19,31.462397,2.6223459482194045
2024-05-20,31.53842,2.6981932852893387
2024-05-21,31.682846,2.8424436223592764
2024-05-22,31.52905,2.6884719594292115
2024-05-23,31.41213,2.571376296499146
2024-05-24,31.224983,2.384053633569085
2024-05-25,30.988369,2.147263970639017
2024-05-26,30.686428,1.8451473077089524
2024-05-27,30.532198,1.690741644778889
2024-05-28,30.53022,1.6885879818488227
2024-05-29,30.602594,1.7607863189187576
2024-05-30,30.743359,1.9013756559886978
2024-05-31,30.909578,2.067418993058631
2024-06-01,30.833216,1.9908813301285662
2024-06-02,30.671719,1.8292086671985004
2024-06-03,30.582325,1.7396390042684367
2024-06-04,30.567266,1.7244043413383707
2024-06-05,30.58451,1.7414726784083072
2024-06-06,30.504332,1.6611190154782456
2024-06-07,30.405602,1.5622133525481772
2024-06-08,30.33819,1.4946256896181147
2024-06-09,30.296135,1.4523950266880483
2024-06-10,30.268501,1.4245853637579842
2024-06-11,30.144846,1.3007547008279197
2024-06-12,30.047174,1.2029070378978517
2024-06-13,29.995306,1.1508633749677912
2024-06-14,29.977955,1.1333367120377282
2024-06-15,29.9952,1.1504060491076622
2024-06-16,30.043907,1.1989373861775974
2024-06-17,30.030024,1.1848787232475324
2024-06-18,29.986168,1.1408470603174656
2024-06-19,29.935411,1.0899143973873997
2024-06-20,29.894413,1.0487407344573398
2024-06-21,29.895584,1.049736071527274
2024-06-22,29.912514,1.0664904085972111
2024-06-23,29.924917,1.078717745667145
2024-06-24,29.946083,1.0997080827370809
2024-06-25,30.05794,1.2113894198070128
2024-06-26,30.078403,1.2316767568769542
2024-06-27,30.002365,1.1554630939468886
2024-06-28,29.939297,1.0922194310168223
2024-06-29,29.8741,1.026846768086756
2024-06-30,29.809343,0.9619141051566906
2024-07-01,29.713903,0.8662984422266256
2024-07-02,29.623549,0.7757687792965626
2024-07-03,29.556383,0.7084271163665008
2024-07-04,29.535364,0.6872324534364367
2024-07-05,29.531618,0.683310790506372
2024-07-06,29.525581,0.6770981275763042
2024-07-07,29.596825,0.7481664646462391
2024-07-08,29.647425,0.7985908017161734
2024-07-09,29.645905,0.796895138786109
2024-07-10,29.674313,0.8251274758560498
2024-07-11,29.623085,0.7737238129259829
2024-07-12,29.579853,0.7303161499959181
2024-07-13,29.53603,0.6863174870658533
2024-07-14,29.590887,0.7409988241357865
2024-07-15,29.55326,0.7031961612057245
2024-07-16,29.562243,0.71200349827566
2024-07-17,29.603445,0.7530298353455969
2024-07-18,29.536423,0.6858321724155303
2024-07-19,29.480368,0.6296015094854646
2024-07-20,29.40859,0.5576478465554011
2024-07-21,29.342463,0.4913451836253344
2024-07-22,29.282059,0.43076552069527096
2024-07-23,29.224924,0.3734548577652106
2024-07-24,29.170141,0.318496194835145
2024-07-25,29.07776,0.22593953190508032
2024-07-26,29.017618,0.16562186897501263
2024-07-27,28.983118,0.13094620604494978
2024-07-28,29.007214,0.1548665431148848
2024-07-29,28.997852,0.14532888018482026
2024-07-30,29.000263,0.14756421725475732
2024-07-31,28.990194,0.13731955432469078
2024-08-01,28.961138,0.10808789139462505
2024-08-02,28.969095,0.11586922846456105
2024-08-03,29.00446,0.15105856553449826
2024-08-04,29.032282,0.17870490260443006
2024-08-05,28.983843,0.13009023967436661
2024-08-06,28.959524,0.10559557674430309
2024-08-07,28.931564,0.07745991381424133
2024-08-08,28.953217,0.09893725088417327
2024-08-09,29.094555,0.24009958795410924
2024-08-10,29.211742,0.3571109250240454
2024-08-11,29.39451,0.5397032620939797
2024-08-12,29.518345,0.6633625991639178
2024-08-13,29.468784,0.6136259362338521
2024-08-14,29.361479,0.5061452733037868
2024-08-15,29.314829,0.45931961037372204
2024-08-16,29.28986,0.43417494744365825
2024-08-17,29.27437,0.41850928451359337
2024-08-18,29.270119,0.41408262158352827
2024-08-19,29.282553,0.42634095865346566
2024-08-20,29.30502,0.44863229572339947
2024-08-21,29.27535,0.41878663279333495
2024-08-22,29.20066,0.3439209698632695
2024-08-23,29.09583,0.23891530693320462
2024-08-24,28.999857,0.14276664400313877
2024-08-25,28.960308,0.10304198107307627
2024-08-26,28.927824,0.07038231814301454
2024-08-27,28.97167,0.11405265521294794
2024-08-28,29.118273,0.26047999228288177
2024-08-29,29.126476,0.2685073293528184
2024-08-30,29.122936,0.2647916664227523
2024-08-31,29.126842,0.26852200349268784
2024-09-01,29.188421,0.3299253405626281
2024-09-02,29.258352,0.3996806776325599
2024-09-03,29.375109,0.5162620147024946
2024-09-04,29.437077,0.5780543517724297
2024-09-05,29.424913,0.5657146888423661
2024-09-06,29.42346,0.5640860259122995
2024-09-07,29.392502,0.5329523629822361
2024-09-08,29.370201,0.5104757000521758
2024-09-09,29.362535,0.5026340371221103
2024-09-10,29.372353,0.5122763741920444
2024-09-11,29.369257,0.50900471126198
2024-09-12,29.34008,0.4796520483319142
2024-09-13,29.334354,0.4737503854018499
2024-09-14,29.262735,0.4019557224717829
2024-09-15,29.247025,0.3860700595417228
2024-09-16,29.321068,0.45993739661165733
2024-09-17,29.52176,0.6604537336815923
2024-09-18,29.693027,0.8315450707515275
2024-09-19,29.749636,0.8879784078214605
2024-09-20,30.025333,1.1634997448913964
2024-09-21,30.011948,1.1499390819613318
2024-09-22,29.993076,1.1308914190312684
2024-09-23,29.910149,1.0477887561012054
2024-09-24,29.75052,0.8879840931711414
2024-09-25,29.607805,0.7450934302410737
2024-09-26,29.578537,0.7156497673110103
2024-09-27,29.648983,0.7859201043809456
2024-09-28,29.845276,0.9820374414508777
2024-09-29,29.905958,1.042543778520816
2024-09-30,29.920343,1.0567531155907517
2024-10-01,29.892756,1.0289904526606861
2024-10-02,29.680096,0.8161547897306214
2024-10-03,29.623947,0.7598301268005585
2024-10-04,29.693039,0.8287464638704911
2024-10-05,29.758308,0.8938398009404303
2024-10-06,29.893723,1.029079138010367
2024-10-07,29.955776,1.0909564750803007
2024-10-08,30.081495,1.2164998121502357
2024-10-09,30.15862,1.2934491492201694
2024-10-10,30.224483,1.3591364862901045
2024-10-11,30.310814,1.4452918233600407
2024-10-12,30.322346,1.4566481604299781
2024-10-13,30.320436,1.4545624974999143
2024-10-14,30.369663,1.5036138345698475
2024-10-15,30.409922,1.543697171639785
2024-10-16,30.414856,1.5484555087097185
2024-10-17,30.4229,1.5563238457796515
2024-10-18,30.469082,1.6023301828495882
2024-10-19,30.444265,1.5773375199195279
2024-10-20,30.284216,1.417112856989462
2024-10-21,30.084923,1.217644194059396
2024-10-22,29.906748,1.0392935311293314
2024-10-23,29.745998,0.8783678681992662
2024-10-24,29.594368,0.7265622052692002
2024-10-25,29.488459,0.6204775423391382
2024-10-26,29.497107,0.628949879409074
2024-10-27,29.498615,0.6302822164790101
2024-10-28,29.537003,0.6684945535489426
2024-10-29,29.58296,0.7142758906188789
2024-10-30,29.654808,0.785948227688813
2024-10-31,29.620855,0.7518195647587476
2024-11-01,29.591997,0.7227859018286864
2024-11-02,29.59158,0.7221932388986225
2024-11-03,29.530294,0.6607315759685584
2024-11-04,29.539738,0.6699999130384917
2024-11-05,29.520298,0.6503842501084272
2024-11-06,29.438873,0.5687835871783626
2024-11-07,29.3721,0.5018349242482962
2024-11-08,29.297737,0.4272962613182365
2024-11-09,29.239853,0.36923659838817
2024-11-10,29.212627,0.34183493545810606
2024-11-11,29.268797,0.397829272528039
2024-11-12,29.26608,0.3949366095979734
2024-11-13,29.281483,0.410163946667911
2024-11-14,29.26021,0.38871528373784514
2024-11-15,29.184797,0.31312662080778253
2024-11-16,29.067137,0.19529095787771666
2024-11-17,28.93781,0.0657882949476516
2024-11-18,28.810455,-0.061742367982411395
2024-11-19,28.745209,-0.1271640309124784
2024-11-20,28.697462,-0.17508669384254105
2024-11-21,28.679083,-0.19364135677260563
2024-11-22,28.65531,-0.21759001970266922
2024-11-23,28.629543,-0.24353268263273264
2024-11-24,28.591814,-0.2814373455628001
2024-11-25,28.5293,-0.34412700849286537
2024-11-26,28.448902,-0.42470067142292933
2024-11-27,28.408667,-0.46511133435299357
2024-11-28,28.396164,-0.4777899972830575
2024-11-29,28.40868,-0.46544966021312106
2024-11-30,28.437004,-0.4373013231431848
2024-12-01,28.433065,-0.4414159860732525
2024-12-02,28.421772,-0.45288464900331604
2024-12-03,28.417105,-0.45772731193338245
2024-12-04,28.401468,-0.4735399748634457
2024-12-05,28.338127,-0.5370566377935084
2024-12-06,28.233995,-0.6413643007235734
2024-12-07,28.091465,-0.7840699636536392
2024-12-08,27.998251,-0.877459626583704
2024-12-09,27.973076,-0.90281028951377
2024-12-10,27.978949,-0.8971129524438339
2024-12-11,27.940811,-0.9354266153738955
2024-12-12,27.804478,-1.071935278303961
2024-12-13,27.663023,-1.2135659412340267
2024-12-14,27.568981,-1.30778360416409
2024-12-15,27.499765,-1.377175267094156
2024-12-16,27.461473,-1.4156429300242195
2024-12-17,27.461052,-1.4162395929542875
2024-12-18,27.462084,-1.4153832558843469
2024-12-19,27.461866,-1.4157769188144123
2024-12-20,27.450434,-1.4273845817444766
2024-12-21,27.380972,-1.4970222446745431
2024-12-22,27.375654,-1.5025159076046073
2024-12-23,27.36665,-1.5116955705346733
2024-12-24,27.331745,-1.5467762334647368
2024-12-25,27.273113,-1.6055838963948013
2024-12-26,27.246326,-1.6325465593248651
2024-12-27,27.220491,-1.658557222254931
2024-12-28,27.176155,-1.7030688851849938
2024-12-29,27.144382,-1.73501754811506
2024-12-30,27.10507,-1.774505211045124
2024-12-31,27.059021,-1.8207298739751892
2025-01-01,26.95975,-1.9201765369052524
2025-01-02,26.855442,-2.024660199835317
2025-01-03,26.770815,-2.1094628627653833
2025-01-04,26.706656,-2.1737975256954485
2025-01-05,26.667677,-2.2129521886255112
2025-01-06,26.68825,-2.1925548515555775
2025-01-07,26.65906,-2.2219205144856424
2025-01-08,26.596012,-2.2851441774157024
2025-01-09,26.575127,-2.306204840345771
2025-01-10,26.53836,-2.3431475032758335
2025-01-11,26.50713,-2.3745531662058994
2025-01-12,26.504644,-2.3772148291359656
2025-01-13,26.487507,-2.394527492066029
2025-01-14,26.427273,-2.4549371549960917
2025-01-15,26.42297,-2.459415817926157
2025-01-16,26.407164,-2.47539748085622
2025-01-17,26.390131,-2.4926061437862863
2025-01-18,26.373816,-2.50909680671635
2025-01-19,26.345232,-2.5378564696464174
2025-01-20,26.30934,-2.573924132576483
2025-01-21,26.284195,-2.599244795506543
2025-01-22,26.29568,-2.5879354584366077
2025-01-23,26.312864,-2.5709271213666725
2025-01-24,26.355812,-2.5281547842967385
2025-01-25,26.379772,-2.5043704472268047
2025-01-26,26.370981,-2.5133371101568684
2025-01-27,26.32646,-2.558033773086933
2025-01-28,26.325706,-2.5589634360169953
2025-01-29,26.307755,-2.5770900989470604
2025-01-30,26.401012,-2.4840087618771243
2025-01-31,26.440191,-2.445005424807192
2025-02-01,26.502277,-2.3830950877372565
2025-02-02,26.55934,-2.326207750667322
2025-02-03,26.628523,-2.2572004135973813
2025-02-04,26.658613,-2.2272860765274487
2025-02-05,26.700096,-2.1859787394575143
2025-02-06,26.795197,-2.091053402387576
2025-02-07,26.759684,-2.126742065317643
2025-02-08,26.688795,-2.197806728247709
2025-02-09,26.638464,-2.248313391177774
2025-02-10,26.655714,-2.231239054107835
2025-02-11,26.702179,-2.184949717037899
2025-02-12,26.79561,-2.091694379967965
2025-02-13,26.883516,-2.00396404289803
2025-02-14,26.9712,-1.9164557058280955
2025-02-15,26.994377,-1.8934543687581602
2025-02-16,26.998238,-1.8897690316882247
2025-02-17,26.988329,-1.8998536946182867
2025-02-18,27.079056,-1.8093023575483507
2025-02-19,27.138304,-1.7502300204784156
2025-02-20,27.181122,-1.7075876834084838
2025-02-21,27.272257,-1.6166283463385476
2025-02-22,27.341301,-1.547760009268611
2025-02-23,27.392645,-1.4965916721986758
2025-02-24,27.364744,-1.5246683351287373
2025-02-25,27.440664,-1.4489239980588025
2025-02-26,27.443441,-1.4463226609888693
2025-02-27,27.436764,-1.4531753239189342
2025-02-28,27.489182,-1.400932986849
2025-03-01,27.579031,-1.311259649779064
2025-03-02,27.647438,-1.243028312709125
2025-03-03,27.752058,-1.1385839756391896
2025-03-04,27.845474,-1.045343638569257
2025-03-05,27.9403,-0.9506933014993209
2025-03-06,27.915836,-0.9753329644293878
2025-03-07,27.8899,-1.0014446273594508
2025-03-08,27.802324,-1.089196290289518
2025-03-09,27.815825,-1.075870953219578
2025-03-10,27.909252,-0.9826196161496448
2025-03-11,27.98786,-0.9041872790797072
2025-03-12,27.984077,-0.9081459420097744
2025-03-13,28.09219,-0.80020860493984
2025-03-14,28.159197,-0.7333772678699049
2025-03-15,28.19543,-0.6973199307999671
2025-03-16,28.225924,-0.6670015937300313
2025-03-17,28.30532,-0.5877812566600973
2025-03-18,28.367403,-0.5258739195901612
2025-03-19,28.44109,-0.45236258252022665
2025-03-20,28.505014,-0.38861424545029166
2025-03-21,28.516182,-0.37762190838035536
2025-03-22,28.503479,-0.3905005713104188
2025-03-23,28.521828,-0.3723272342404833
2025-03-24,28.529263,-0.36506789717054744
2025-03-25,28.574862,-0.31964456010061326
2025-03-26,28.613737,-0.2809452230306775
2025-03-27,28.618454,-0.27640388596074317
2025-03-28,28.719595,-0.17543854889080635
2025-03-29,28.920286,0.02507678817913117
2025-03-30,29.048433,0.15304812524906453
2025-03-31,29.016836,0.12127546231900155
2025-04-01,29.02393,0.12819379938893505
2025-04-02,29.07647,0.18055813645887042
2025-04-03,29.20386,0.30777247352880366
2025-04-04,29.253948,0.3576848105987409
2025-04-05,29.326801,0.43036214766867786
2025-04-06,29.349447,0.4528324847386145
2025-04-07,29.263252,0.36646182180854936
2025-04-08,29.06831,0.1713441588784832
2025-04-09,29.010643,0.11350149594841952
2025-04-10,28.956837,0.05951983301835284
2025-04-11,29.037292,0.13979917008828835
2025-04-12,29.247425,0.3497565071582258
2025-04-13,29.373638,0.4757938442281606
2025-04-14,29.507954,0.6099341812980974
2025-04-15,29.550777,0.6525815183680308
2025-04-16,29.595776,0.6974048554379664
2025-04-17,29.576138,0.6775911925079008
2025-04-18,29.519835,0.6211125295778395
2025-04-19,29.57575,0.6768518666477732
2025-04-20,29.6343,0.7352262037177084
2025-04-21,29.76759,0.8683405407876421
2025-04-22,29.779837,0.8804118778575791
2025-04-23,29.765257,0.8656562149275118
2025-04-24,29.747337,0.8475605519974501
2025-04-25,29.820856,0.920903889067386
2025-04-26,29.845102,0.9449742261373224
2025-04-27,29.980257,1.0799535632072583
2025-04-28,30.016287,1.11580790027719
2025-04-29,29.946306,1.0456512373471263
2025-04-30,30.025105,1.1242745744170612
2025-05-01,30.103693,1.202686911486996
2025-05-02,30.238947,1.3377652485569342
2025-05-03,30.224478,1.3231205856268708
2025-05-04,30.239529,1.3379959226968055
2025-05-05,30.36932,1.4676112597667377
2025-05-06,30.3809,1.4790155968366747
2025-05-07,30.484545,1.5824849339066098
2025-05-08,30.526127,1.623891270976543
2025-05-09,30.657423,1.755011608046484
2025-05-10,30.660898,1.758310945116417
2025-05-11,30.743713,1.840950282186352
2025-05-12,30.927752,2.024813619256289
2025-05-13,30.954454,2.0513399563262205
2025-05-14,30.999195,2.0959052933961573
2025-05-15,31.01349,2.1100246304660963
2025-05-16,30.937893,2.0342519675360293
2025-05-17,30.866827,1.963010304605966
2025-05-18,30.800648,1.896655641675899
2025-05-19,30.782318,1.8781499787458351
2025-05-20,30.774784,1.8704403158157703
2025-05-21,30.767242,1.8627226528857044
2025-05-22,30.700043,1.7953479899556442
2025-05-23,30.698471,1.7936003270255796
2025-05-24,30.68834,1.7832936640955133
2025-05-25,30.628408,1.7231860011654483
2025-05-26,30.592098,1.686700338235383
2025-05-27,30.471249,1.565675675305318
2025-05-28,30.327013,1.4212640123752536
2025-05-29,30.191416,1.2854913494451914
2025-05-30,30.104357,1.1982566865151263
2025-05-31,30.083794,1.177518023585062
2025-06-01,30.058126,1.1516743606549973
2025-06-02,30.09727,1.1906426977249325
2025-06-03,30.198786,1.291983034794864
2025-06-04,30.22677,1.319791371864799
2025-06-05,30.306896,1.3997417089347373
2025-06-06,30.353746,1.4464160460046749
2025-06-07,30.421219,1.5137133830746095
2025-06-08,30.554443,1.6467617201445428
2025-06-09,30.504642,1.596785057214479
2025-06-10,30.398035,1.4900023942844136
2025-06-11,30.340635,1.4324267313543508
2025-06-12,30.326523,1.4181390684242885
2025-06-13,30.30725,1.3986904054942215
2025-06-14,30.208,1.299264742564155
2025-06-15,30.094942,1.1860310796340912
2025-06-16,30.004074,1.0949874167040257
2025-06-17,29.898788,0.989525753773961
2025-06-18,29.849707,0.9402690908438984
2025-06-19,29.815723,0.9061094279138331
2025-06-20,29.780445,0.8706557649837698
2025-06-21,29.772976,0.8630111020537043
2025-06-22,29.71913,0.8089894391236392
2025-06-23,29.687174,0.7768577761935731
2025-06-24,29.631365,0.720873113263508
2025-06-25,29.568766,0.6580984503334477
2025-06-26,29.536745,0.6259017874033823
2025-06-27,29.478338,0.5673191244733182
2025-06-28,29.406765,0.49557046154325235
2025-06-29,29.324184,0.4128137986131861
2025-06-30,29.27417,0.3626241356831237
2025-07-01,29.249907,0.3381854727530609
2025-07-02,29.214733,0.3028358098229944
2025-07-03,29.173405,0.2613321468929293
2025-07-04,29.115847,0.20359848396286395
2025-07-05,29.071383,0.158958821032801
2025-07-06,29.026545,0.11394515810273376
2025-07-07,28.996208,0.08343249517266926
2025-07-08,29.030596,0.11764483224260758
2025-07-09,29.045074,0.1319471693125429
2025-07-10,29.127317,0.21401450638247965
2025-07-11,29.177687,0.2642088434524119
2025-07-12,29.210033,0.29637918052234724
2025-07-13,29.139757,0.22592751759228236
2025-07-14,29.168451,0.2544458546622188
2025-07-15,29.329502,0.41532119173215776
2025-07-16,29.477032,0.5626755288020924
2025-07-17,29.640676,0.7261438658720252
2025-07-18,29.72121,0.8065022029419602
2025-07-19,29.82347,0.9085865400118962
2025-07-20,29.952467,1.0374078770818294
2025-07-21,29.978523,1.0632882141517648
2025-07-22,29.950853,1.0354425512217027
2025-07-23,29.90617,0.9905838882916385
2025-07-24,29.73118,0.8154182253615723
2025-07-25,29.555275,0.6393375624315105
2025-07-26,29.482403,0.5662898995014451
2025-07-27,29.467686,0.5513972365713791
2025-07-28,29.48917,0.5727055736413149
2025-07-29,29.464779,0.548138910711252
2025-07-30,29.46078,0.5439642477811866
2025-07-31,29.438562,0.5215705848511227
2025-08-01,29.556282,0.6391149219210561
2025-08-02,29.63701,0.7196672589909916
2025-08-03,29.73015,0.8126315960609247
2025-08-04,29.943241,1.0255469331308653
2025-08-05,30.059275,1.1414052702007993
2025-08-06,30.033813,1.1157676072707332
2025-08-07,29.886507,0.9682859443406713
2025-08-08,29.817154,0.8987572814106031
2025-08-09,29.836535,0.9179626184805407
2025-08-10,29.901445,0.9826969555504732
2025-08-11,30.0112,1.0922762926204115
2025-08-12,30.101234,1.1821346296903492
2025-08-13,30.002666,1.083390966760284
2025-08-14,29.884014,0.9645633038302179
2025-08-15,29.81005,0.8904236409001527
2025-08-16,29.799898,0.8800959779700861
2025-08-17,29.679237,0.7592593150400226
2025-08-18,29.566652,0.6464986521099618
2025-08-19,29.491402,0.5710729891798962
2025-08-20,29.4221,0.5015953262498307
2025-08-21,29.33569,0.41500966331976485
2025-08-22,29.235382,0.31452600038970147
2025-08-23,29.153845,0.2328133374596355
2025-08-24,29.10347,0.182262674529575
2025-08-25,29.05986,0.13847701159950887
2025-08-26,29.046764,0.12520534866944288
2025-08-27,29.080536,0.1588016857393768
2025-08-28,29.129972,0.20806202280931174
2025-08-29,29.086206,0.16412035987924867
2025-08-30,29.058592,0.13633069694918376
2025-08-31,29.20845,0.2860130340191205
2025-09-01,29.210966,0.28835337108905534
2025-09-02,29.108932,0.1861437081589905
2025-09-03,29.063576,0.14061204522892723
2025-09-04,29.06043,0.13729038229886115
2025-09-05,29.191795,0.2684797193687949
2025-09-06,29.456997,0.533506056438732
2025-09-07,29.6024,0.6787333935086686
2025-09-08,29.68658,0.7627377305786034
2025-09-09,29.713516,0.7894980676485375
2025-09-10,29.685091,0.7608974047184738
2025-09-11,29.646881,0.7225117417884093
2025-09-12,29.623545,0.6990000788583437
2025-09-13,29.655077,0.7303564159282772
2025-09-14,29.709265,0.7843687529982155
2025-09-15,29.669003,0.743931090068152
2025-09-16,29.736242,0.8109944271380876
2025-09-17,29.851068,0.9256447642080232
2025-09-18,29.95232,1.026721101277957
2025-09-19,29.969654,1.04387943834789
2025-09-20,29.96628,1.0403297754178311
2025-09-21,29.888552,0.9624261124877656
2025-09-22,29.76148,0.8351784495576986
2025-09-23,29.674269,0.7477917866276336
2025-09-24,29.65517,0.7285171236975678
2025-09-25,29.623259,0.6964304607675054
2025-09-26,29.51026,0.5832557978374382
2025-09-27,29.529642,0.6024621349073769
2025-09-28,29.525318,0.5979624719773113
2025-09-29,29.720722,0.7931908090472461
2025-09-30,29.699923,0.7722161461171808
2025-10-01,29.57819,0.6503074831871167
2025-10-02,29.539028,0.6109698202570506
2025-10-03,29.59126,0.6630261573269856
2025-10-04,29.607044,0.678634494396924
2025-10-05,29.560846,0.6322608314668621
2025-10-06,29.53107,0.6023091685367952
2025-10-07,29.480999,0.552062505606731
2025-10-08,29.421103,0.49199084267666393
2025-10-09,29.422377,0.49308917974660105
2025-10-10,29.473194,0.5437305168165381
2025-10-11,29.56924,0.6396008538864741
2025-10-12,29.774118,0.8443031909564098
2025-10-13,29.788193,0.858202528026343
2025-10-14,29.745918,0.8157518650962778
2025-10-15,29.737698,0.8073562021662148
2025-10-16,29.767776,0.8372585392361493
2025-10-17,29.817892,0.887198876306087
2025-10-18,29.878424,0.9475552133760203
2025-10-19,29.911688,0.9806435504459579
2025-10-20,29.924107,0.9928868875158905
2025-10-21,29.960567,1.029171224585827
2025-10-22,29.988306,1.0567345616557624
2025-10-23,30.010363,1.0786158987256975
2025-10-24,29.992199,1.0602762357956337
2025-10-25,29.953674,1.0215755728655687
2025-10-26,29.92463,0.9923559099355046
2025-10-27,29.881746,0.9492962470054387
2025-10-28,29.833223,0.9005975840753742
2025-10-29,29.822403,0.8896019211453101
2025-10-30,29.927849,0.9948722582152421
2025-10-31,29.852234,0.9190815952851814
2025-11-01,29.746027,0.8126989323551186
2025-11-02,29.655403,0.7218992694250517
2025-11-03,29.547049,0.6133696064949881
2025-11-04,29.411303,0.47744794356492193
2025-11-05,29.278526,0.344495280634856
2025-11-06,29.212706,0.2784996177047958
2025-11-07,29.131363,0.19698095477473032
2025-11-08,29.149038,0.21448029184466577
2025-11-09,29.096336,0.16160262891460064
2025-11-10,28.970068,0.03515896598453594
2025-11-11,28.843653,-0.09143169694553066
2025-11-12,28.69238,-0.24288035987559553
2025-11-13,28.584967,-0.35046902280565817
2025-11-14,28.515553,-0.4200586857357216
2025-11-15,28.475372,-0.46041534866578715
2025-11-16,28.432981,-0.5029820115958508
2025-11-17,28.400198,-0.5359406745259179
2025-11-18,28.382444,-0.553870337455983
2025-11-19,28.40006,-0.5364300003860478
2025-11-20,28.433834,-0.5028316633161083
2025-11-21,28.430676,-0.506165326246176
2025-11-22,28.372482,-0.5645349891762379
2025-11-23,28.272367,-0.6648256521063054
2025-11-24,28.182692,-0.7546763150363702
2025-11-25,28.082867,-0.8546769779664345
2025-11-26,27.979431,-0.9582886408964946
2025-11-27,27.877386,-1.06050930382656
2025-11-28,27.784365,-1.1537059667566254
2025-11-29,27.680616,-1.257630629686691
2025-11-30,27.572742,-1.365680292616755
2025-12-01,27.485239,-1.4533589555468218
2025-12-02,27.40591,-1.5328636184768882
2025-12-03,27.365896,-1.573053281406949
2025-12-04,27.336193,-1.602931944337012
2025-12-05,27.301481,-1.6378196072670796
2025-12-06,27.248207,-1.691269270197143
2025-12-07,27.176582,-1.763069933127209
2025-12-08,27.091509,-1.8483185960572754
2025-12-09,27.007013,-1.9329902589873384
2025-12-10,26.947378,-1.9928009219174
2025-12-11,26.882229,-2.058125584847467
2025-12-12,26.799292,-2.1412382477775296
2025-12-13,26.748829,-2.1918769107075953
2025-12-14,26.737381,-2.203500573637662
2025-12-15,26.746748,-2.194309236567726
2025-12-16,26.715929,-2.225303899497792
2025-12-17,26.640907,-2.300501562427854
2025-12-18,26.582535,-2.359049225357918
2025-12-19,26.556362,-2.385397888287983
2025-12-20,26.479574,-2.4623615512180486
2025-12-21,26.434275,-2.5078362141481136
2025-12-22,26.403742,-2.538544877078177
2025-12-23,26.351912,-2.5905505400082447
2025-12-24,26.304989,-2.637649202938306
2025-12-25,26.277853,-2.6649608658683697
2025-12-26,26.220375,-2.7226145287984345
2025-12-27,26.154165,-2.789000191728501
2025-12-28,26.110693,-2.832647854658564
2025-12-29,26.079786,-2.863730517588632
2025-12-30,26.048346,-2.8953461805186933
2025-12-31,26.005661,-2.938206843448757
