Date,WindSpeed
2006-01-01 12:00:00,3.0310495
2006-01-02 12:00:00,2.5484676
2006-01-03 12:00:00,2.7996373
2006-01-04 12:00:00,2.7135158
2006-01-05 12:00:00,3.1304116
2006-01-06 12:00:00,2.8897545
2006-01-07 12:00:00,2.9693272
2006-01-08 12:00:00,2.9278002
2006-01-09 12:00:00,2.9813335
2006-01-10 12:00:00,3.1094472
2006-01-11 12:00:00,2.8133874
2006-01-12 12:00:00,2.5545049
2006-01-13 12:00:00,2.3279696
2006-01-14 12:00:00,2.091787
2006-01-15 12:00:00,2.4321568
2006-01-16 12:00:00,2.4075794
2006-01-17 12:00:00,2.3321137
2006-01-18 12:00:00,2.4534864
2006-01-19 12:00:00,2.467116
2006-01-20 12:00:00,2.4638038
2006-01-21 12:00:00,2.5237458
2006-01-22 12:00:00,2.8179448
2006-01-23 12:00:00,2.658827
2006-01-24 12:00:00,2.5158405
2006-01-25 12:00:00,3.3611293
2006-01-26 12:00:00,3.3394685
2006-01-27 12:00:00,2.7533388
2006-01-28 12:00:00,2.568817
2006-01-29 12:00:00,2.0845797
2006-01-30 12:00:00,2.1667984
2006-01-31 12:00:00,2.394642
2006-02-01 12:00:00,2.339885
2006-02-02 12:00:00,2.330821
2006-02-03 12:00:00,2.4784594
2006-02-04 12:00:00,2.662098
2006-02-05 12:00:00,2.4428751
2006-02-06 12:00:00,2.3439753
2006-02-07 12:00:00,1.927922
2006-02-08 12:00:00,2.30922
2006-02-09 12:00:00,2.392639
2006-02-10 12:00:00,2.3229454
2006-02-11 12:00:00,2.5584161
2006-02-12 12:00:00,2.3935094
2006-02-13 12:00:00,2.4218519
2006-02-14 12:00:00,2.3774657
2006-02-15 12:00:00,2.6461968
2006-02-16 12:00:00,2.998064
2006-02-17 12:00:00,2.6516604
2006-02-18 12:00:00,2.3679147
2006-02-19 12:00:00,2.4444764
2006-02-20 12:00:00,2.527845
2006-02-21 12:00:00,2.4829032
2006-02-22 12:00:00,2.4714568
2006-02-23 12:00:00,2.5389502
2006-02-24 12:00:00,2.7329419
2006-02-25 12:00:00,2.584725
2006-02-26 12:00:00,2.7706292
2006-02-27 12:00:00,3.224751
2006-02-28 12:00:00,2.7112901
2006-03-01 12:00:00,2.6243584
2006-03-02 12:00:00,2.5499156
2006-03-03 12:00:00,2.242643
2006-03-04 12:00:00,2.2866788
2006-03-05 12:00:00,2.0864463
2006-03-06 12:00:00,2.1688006
2006-03-07 12:00:00,2.353916
2006-03-08 12:00:00,2.4484189
2006-03-09 12:00:00,2.466115
2006-03-10 12:00:00,2.435253
2006-03-11 12:00:00,3.0797489
2006-03-12 12:00:00,2.4233806
2006-03-13 12:00:00,2.2334876
2006-03-14 12:00:00,2.5200205
2006-03-15 12:00:00,2.465141
2006-03-16 12:00:00,2.4876761
2006-03-17 12:00:00,2.5286236
2006-03-18 12:00:00,3.1459227
2006-03-19 12:00:00,3.3360803
2006-03-20 12:00:00,3.0501964
2006-03-21 12:00:00,2.890898
2006-03-22 12:00:00,3.0093172
2006-03-23 12:00:00,2.5764
2006-03-24 12:00:00,2.7093852
2006-03-25 12:00:00,2.940721
2006-03-26 12:00:00,3.094424
2006-03-27 12:00:00,2.6763241
2006-03-28 12:00:00,2.4850166
2006-03-29 12:00:00,2.4258838
2006-03-30 12:00:00,2.3081641
2006-03-31 12:00:00,2.5646873
2006-04-01 12:00:00,2.832451
2006-04-02 12:00:00,3.273605
2006-04-03 12:00:00,3.760638
2006-04-04 12:00:00,3.9046001
2006-04-05 12:00:00,3.5078049
2006-04-06 12:00:00,3.1570163
2006-04-07 12:00:00,3.0432947
2006-04-08 12:00:00,3.3888557
2006-04-09 12:00:00,3.4373968
2006-04-10 12:00:00,3.8966913
2006-04-11 12:00:00,4.034369
2006-04-12 12:00:00,3.5687275
2006-04-13 12:00:00,3.4674385
2006-04-14 12:00:00,3.0495725
2006-04-15 12:00:00,2.9489808
2006-04-16 12:00:00,2.3579538
2006-04-17 12:00:00,2.7493818
2006-04-18 12:00:00,2.5073402
2006-04-19 12:00:00,2.117151
2006-04-20 12:00:00,2.0717742
2006-04-21 12:00:00,2.3620467
2006-04-22 12:00:00,2.674598
2006-04-23 12:00:00,2.6808581
2006-04-24 12:00:00,2.674376
2006-04-25 12:00:00,2.663785
2006-04-26 12:00:00,3.0961041
2006-04-27 12:00:00,3.1280024
2006-04-28 12:00:00,3.7802117
2006-04-29 12:00:00,3.5516977
2006-04-30 12:00:00,2.6547308
2006-05-01 12:00:00,2.3393981
2006-05-02 12:00:00,2.8721943
2006-05-03 12:00:00,2.910754
2006-05-04 12:00:00,3.0111609
2006-05-05 12:00:00,3.3171241
2006-05-06 12:00:00,3.7242107
2006-05-07 12:00:00,3.7021275
2006-05-08 12:00:00,3.3992045
2006-05-09 12:00:00,3.72073
2006-05-10 12:00:00,3.7923422
2006-05-11 12:00:00,3.7027164
2006-05-12 12:00:00,3.6211908
2006-05-13 12:00:00,3.389206
2006-05-14 12:00:00,3.3509214
2006-05-15 12:00:00,3.3955545
2006-05-16 12:00:00,2.3858495
2006-05-17 12:00:00,2.0450513
2006-05-18 12:00:00,2.1772478
2006-05-19 12:00:00,2.2703922
2006-05-20 12:00:00,2.8274317
2006-05-21 12:00:00,2.604425
2006-05-22 12:00:00,2.2863178
2006-05-23 12:00:00,2.6045372
2006-05-24 12:00:00,3.277099
2006-05-25 12:00:00,3.5498676
2006-05-26 12:00:00,3.4841378
2006-05-27 12:00:00,3.385111
2006-05-28 12:00:00,3.8273892
2006-05-29 12:00:00,4.437901
2006-05-30 12:00:00,4.8539424
2006-05-31 12:00:00,4.2853837
2006-06-01 12:00:00,4.128433
2006-06-02 12:00:00,3.9134862
2006-06-03 12:00:00,4.2163944
2006-06-04 12:00:00,4.5402145
2006-06-05 12:00:00,4.8874846
2006-06-06 12:00:00,4.817314
2006-06-07 12:00:00,4.4026756
2006-06-08 12:00:00,4.1741138
2006-06-09 12:00:00,4.2368493
2006-06-10 12:00:00,4.4160666
2006-06-11 12:00:00,4.288103
2006-06-12 12:00:00,4.0459113
2006-06-13 12:00:00,3.6839867
2006-06-14 12:00:00,3.4237375
2006-06-15 12:00:00,3.3115819
2006-06-16 12:00:00,3.4098842
2006-06-17 12:00:00,2.925236
2006-06-18 12:00:00,2.2470367
2006-06-19 12:00:00,1.8421295
2006-06-20 12:00:00,2.6966524
2006-06-21 12:00:00,3.3563545
2006-06-22 12:00:00,3.3154187
2006-06-23 12:00:00,2.706956
2006-06-24 12:00:00,2.2115314
2006-06-25 12:00:00,2.2009447
2006-06-26 12:00:00,2.5355887
2006-06-27 12:00:00,2.9350426
2006-06-28 12:00:00,3.7056377
2006-06-29 12:00:00,4.5877995
2006-06-30 12:00:00,5.0314264
2006-07-01 12:00:00,5.8229074
2006-07-02 12:00:00,6.518843
2006-07-03 12:00:00,6.301616
2006-07-04 12:00:00,5.2638335
2006-07-05 12:00:00,4.0647187
2006-07-06 12:00:00,4.3415546
2006-07-07 12:00:00,4.1969943
2006-07-08 12:00:00,4.2640305
2006-07-09 12:00:00,4.263251
2006-07-10 12:00:00,4.2425084
2006-07-11 12:00:00,4.1283855
2006-07-12 12:00:00,4.055595
2006-07-13 12:00:00,3.9811702
2006-07-14 12:00:00,4.507292
2006-07-15 12:00:00,4.6925387
2006-07-16 12:00:00,4.4965253
2006-07-17 12:00:00,4.406693
2006-07-18 12:00:00,4.178869
2006-07-19 12:00:00,3.995993
2006-07-20 12:00:00,4.2843113
2006-07-21 12:00:00,4.333598
2006-07-22 12:00:00,3.9908912
2006-07-23 12:00:00,3.4777913
2006-07-24 12:00:00,3.1581213
2006-07-25 12:00:00,3.232491
2006-07-26 12:00:00,4.307165
2006-07-27 12:00:00,4.9998183
2006-07-28 12:00:00,5.3973684
2006-07-29 12:00:00,5.339879
2006-07-30 12:00:00,4.1145415
2006-07-31 12:00:00,3.6539876
2006-08-01 12:00:00,5.251695
2006-08-02 12:00:00,6.278782
2006-08-03 12:00:00,6.035461
2006-08-04 12:00:00,4.8176317
2006-08-05 12:00:00,4.002142
2006-08-06 12:00:00,3.907285
2006-08-07 12:00:00,3.9200678
2006-08-08 12:00:00,4.1461535
2006-08-09 12:00:00,4.1332936
2006-08-10 12:00:00,4.051681
2006-08-11 12:00:00,4.9119034
2006-08-12 12:00:00,5.052196
2006-08-13 12:00:00,4.5243926
2006-08-14 12:00:00,3.8924177
2006-08-15 12:00:00,3.9997602
2006-08-16 12:00:00,5.0337224
2006-08-17 12:00:00,4.6452727
2006-08-18 12:00:00,3.2875185
2006-08-19 12:00:00,2.9980545
2006-08-20 12:00:00,3.96361
2006-08-21 12:00:00,4.550171
2006-08-22 12:00:00,4.8520536
2006-08-23 12:00:00,4.6122475
2006-08-24 12:00:00,4.1092215
2006-08-25 12:00:00,3.6969583
2006-08-26 12:00:00,3.884083
2006-08-27 12:00:00,4.1005187
2006-08-28 12:00:00,4.942737
2006-08-29 12:00:00,4.9823055
2006-08-30 12:00:00,3.737959
2006-08-31 12:00:00,3.3240962
2006-09-01 12:00:00,3.2991822
2006-09-02 12:00:00,3.1032145
2006-09-03 12:00:00,3.7279627
2006-09-04 12:00:00,4.191845
2006-09-05 12:00:00,2.7582715
2006-09-06 12:00:00,1.9573287
2006-09-07 12:00:00,2.1772416
2006-09-08 12:00:00,2.0165718
2006-09-09 12:00:00,1.7576625
2006-09-10 12:00:00,1.791804
2006-09-11 12:00:00,2.0184946
2006-09-12 12:00:00,1.8383498
2006-09-13 12:00:00,1.506611
2006-09-14 12:00:00,2.4032257
2006-09-15 12:00:00,2.9544697
2006-09-16 12:00:00,3.444158
2006-09-17 12:00:00,3.5049107
2006-09-18 12:00:00,3.8341303
2006-09-19 12:00:00,4.5923157
2006-09-20 12:00:00,5.5537767
2006-09-21 12:00:00,5.3864765
2006-09-22 12:00:00,4.9005475
2006-09-23 12:00:00,3.9687476
2006-09-24 12:00:00,3.4019284
2006-09-25 12:00:00,2.6919343
2006-09-26 12:00:00,2.0907068
2006-09-27 12:00:00,1.7853668
2006-09-28 12:00:00,3.0642562
2006-09-29 12:00:00,3.3662548
2006-09-30 12:00:00,2.3434982
2006-10-01 12:00:00,1.8522604
2006-10-02 12:00:00,1.835844
2006-10-03 12:00:00,2.1485014
2006-10-04 12:00:00,2.6544826
2006-10-05 12:00:00,2.6216238
2006-10-06 12:00:00,2.56234
2006-10-07 12:00:00,2.4328945
2006-10-08 12:00:00,2.2157383
2006-10-09 12:00:00,2.3209639
2006-10-10 12:00:00,2.3209183
2006-10-11 12:00:00,2.1685793
2006-10-12 12:00:00,1.5919527
2006-10-13 12:00:00,1.3587375
2006-10-14 12:00:00,1.3452955
2006-10-15 12:00:00,1.5120503
2006-10-16 12:00:00,1.6019857
2006-10-17 12:00:00,1.5097433
2006-10-18 12:00:00,1.6141026
2006-10-19 12:00:00,1.8192401
2006-10-20 12:00:00,2.0475042
2006-10-21 12:00:00,1.850625
2006-10-22 12:00:00,2.4415913
2006-10-23 12:00:00,2.491781
2006-10-24 12:00:00,2.7438796
2006-10-25 12:00:00,2.7511797
2006-10-26 12:00:00,2.199628
2006-10-27 12:00:00,2.4345517
2006-10-28 12:00:00,2.540548
2006-10-29 12:00:00,2.301348
2006-10-30 12:00:00,2.39981
2006-10-31 12:00:00,2.150459
2006-11-01 12:00:00,2.3781195
2006-11-02 12:00:00,2.360352
2006-11-03 12:00:00,2.257475
2006-11-04 12:00:00,2.0412047
2006-11-05 12:00:00,2.0610054
2006-11-06 12:00:00,2.371372
2006-11-07 12:00:00,1.949676
2006-11-08 12:00:00,2.3523118
2006-11-09 12:00:00,2.433295
2006-11-10 12:00:00,2.2644265
2006-11-11 12:00:00,2.709831
2006-11-12 12:00:00,2.6819458
2006-11-13 12:00:00,2.4563155
2006-11-14 12:00:00,2.5486138
2006-11-15 12:00:00,2.6146653
2006-11-16 12:00:00,2.5370553
2006-11-17 12:00:00,2.770816
2006-11-18 12:00:00,2.7116318
2006-11-19 12:00:00,2.5426311
2006-11-20 12:00:00,2.4151158
2006-11-21 12:00:00,2.4735456
2006-11-22 12:00:00,2.0376334
2006-11-23 12:00:00,2.147143
2006-11-24 12:00:00,2.178469
2006-11-25 12:00:00,2.1850975
2006-11-26 12:00:00,2.2575543
2006-11-27 12:00:00,2.5037963
2006-11-28 12:00:00,2.4327347
2006-11-29 12:00:00,2.9737067
2006-11-30 12:00:00,2.7464783
2006-12-01 12:00:00,2.9481893
2006-12-02 12:00:00,3.1661868
2006-12-03 12:00:00,2.98416
2006-12-04 12:00:00,2.714783
2006-12-05 12:00:00,2.3917322
2006-12-06 12:00:00,2.3343222
2006-12-07 12:00:00,2.80846
2006-12-08 12:00:00,2.8525014
2006-12-09 12:00:00,2.9532657
2006-12-10 12:00:00,2.8169332
2006-12-11 12:00:00,2.566838
2006-12-12 12:00:00,2.4128265
2006-12-13 12:00:00,3.1667461
2006-12-14 12:00:00,3.0443556
2006-12-15 12:00:00,2.870432
2006-12-16 12:00:00,2.614832
2006-12-17 12:00:00,2.1138926
2006-12-18 12:00:00,2.1827698
2006-12-19 12:00:00,2.833551
2006-12-20 12:00:00,3.1076822
2006-12-21 12:00:00,2.9312866
2006-12-22 12:00:00,2.6136982
2006-12-23 12:00:00,2.8470726
2006-12-24 12:00:00,3.170413
2006-12-25 12:00:00,2.6031356
2006-12-26 12:00:00,2.1860788
2006-12-27 12:00:00,2.2949169
2006-12-28 12:00:00,2.361357
2006-12-29 12:00:00,2.4576454
2006-12-30 12:00:00,2.2833831
2006-12-31 12:00:00,2.2811296
2007-01-01 12:00:00,2.4704509
2007-01-02 12:00:00,2.6849887
2007-01-03 12:00:00,2.9228492
2007-01-04 12:00:00,2.7688549
2007-01-05 12:00:00,3.0317247
2007-01-06 12:00:00,3.3455968
2007-01-07 12:00:00,3.1590571
2007-01-08 12:00:00,3.435766
2007-01-09 12:00:00,3.2166264
2007-01-10 12:00:00,2.9681778
2007-01-11 12:00:00,2.9696317
2007-01-12 12:00:00,2.8218422
2007-01-13 12:00:00,2.8108659
2007-01-14 12:00:00,2.508873
2007-01-15 12:00:00,2.4440274
2007-01-16 12:00:00,2.4291537
2007-01-17 12:00:00,2.4945393
2007-01-18 12:00:00,3.0288374
2007-01-19 12:00:00,2.8951187
2007-01-20 12:00:00,2.665024
2007-01-21 12:00:00,2.5625656
2007-01-22 12:00:00,2.57397
2007-01-23 12:00:00,3.215302
2007-01-24 12:00:00,2.9837117
2007-01-25 12:00:00,2.6845007
2007-01-26 12:00:00,2.2893438
2007-01-27 12:00:00,2.236473
2007-01-28 12:00:00,2.3821611
2007-01-29 12:00:00,1.9912015
2007-01-30 12:00:00,1.9036305
2007-01-31 12:00:00,2.1509383
2007-02-01 12:00:00,2.0397155
2007-02-02 12:00:00,1.880328
2007-02-03 12:00:00,1.8320868
2007-02-04 12:00:00,2.355135
2007-02-05 12:00:00,2.549865
2007-02-06 12:00:00,2.4542198
2007-02-07 12:00:00,2.4735284
2007-02-08 12:00:00,2.1471035
2007-02-09 12:00:00,2.6543922
2007-02-10 12:00:00,2.5809245
2007-02-11 12:00:00,2.117404
2007-02-12 12:00:00,2.3249216
2007-02-13 12:00:00,2.3630867
2007-02-14 12:00:00,2.4709518
2007-02-15 12:00:00,2.4974847
2007-02-16 12:00:00,2.7630079
2007-02-17 12:00:00,2.6009738
2007-02-18 12:00:00,2.9908996
2007-02-19 12:00:00,3.6244855
2007-02-20 12:00:00,3.585383
2007-02-21 12:00:00,3.1308677
2007-02-22 12:00:00,2.6480894
2007-02-23 12:00:00,2.6440175
2007-02-24 12:00:00,2.5250237
2007-02-25 12:00:00,2.688038
2007-02-26 12:00:00,2.6638272
2007-02-27 12:00:00,2.764318
2007-02-28 12:00:00,2.7904434
2007-03-01 12:00:00,2.7453344
2007-03-02 12:00:00,2.725161
2007-03-03 12:00:00,2.6098256
2007-03-04 12:00:00,3.111203
2007-03-05 12:00:00,3.0298479
2007-03-06 12:00:00,2.9978755
2007-03-07 12:00:00,2.9225383
2007-03-08 12:00:00,2.7241013
2007-03-09 12:00:00,2.549158
2007-03-10 12:00:00,2.5241296
2007-03-11 12:00:00,2.4157445
2007-03-12 12:00:00,2.5533872
2007-03-13 12:00:00,2.5064313
2007-03-14 12:00:00,2.7208977
2007-03-15 12:00:00,2.9765072
2007-03-16 12:00:00,3.0380263
2007-03-17 12:00:00,3.0463958
2007-03-18 12:00:00,2.9484725
2007-03-19 12:00:00,2.8623245
2007-03-20 12:00:00,2.5739536
2007-03-21 12:00:00,2.7618864
2007-03-22 12:00:00,2.8655994
2007-03-23 12:00:00,3.2916722
2007-03-24 12:00:00,3.2418494
2007-03-25 12:00:00,2.7939918
2007-03-26 12:00:00,2.84955
2007-03-27 12:00:00,2.4558482
2007-03-28 12:00:00,2.66698
2007-03-29 12:00:00,2.387945
2007-03-30 12:00:00,2.4590576
2007-03-31 12:00:00,2.7810557
2007-04-01 12:00:00,3.411768
2007-04-02 12:00:00,3.4989302
2007-04-03 12:00:00,3.7546391
2007-04-04 12:00:00,3.1318233
2007-04-05 12:00:00,2.981711
2007-04-06 12:00:00,3.253029
2007-04-07 12:00:00,3.4124594
2007-04-08 12:00:00,3.8558047
2007-04-09 12:00:00,3.4016347
2007-04-10 12:00:00,3.3070118
2007-04-11 12:00:00,3.5118887
2007-04-12 12:00:00,3.1847982
2007-04-13 12:00:00,2.4644465
2007-04-14 12:00:00,2.5466435
2007-04-15 12:00:00,2.3012674
2007-04-16 12:00:00,2.6266344
2007-04-17 12:00:00,2.4960039
2007-04-18 12:00:00,2.5049744
2007-04-19 12:00:00,2.723018
2007-04-20 12:00:00,3.1728637
2007-04-21 12:00:00,3.580732
2007-04-22 12:00:00,3.7081978
2007-04-23 12:00:00,3.6980636
2007-04-24 12:00:00,3.6884613
2007-04-25 12:00:00,3.2299871
2007-04-26 12:00:00,3.2865672
2007-04-27 12:00:00,3.5688481
2007-04-28 12:00:00,2.97812
2007-04-29 12:00:00,2.7477176
2007-04-30 12:00:00,2.4875367
2007-05-01 12:00:00,2.488663
2007-05-02 12:00:00,2.50006
2007-05-03 12:00:00,2.7471576
2007-05-04 12:00:00,2.5357873
2007-05-05 12:00:00,2.343325
2007-05-06 12:00:00,2.9398966
2007-05-07 12:00:00,2.8358774
2007-05-08 12:00:00,2.837639
2007-05-09 12:00:00,2.6104212
2007-05-10 12:00:00,2.1470878
2007-05-11 12:00:00,2.1596694
2007-05-12 12:00:00,2.937867
2007-05-13 12:00:00,3.5252979
2007-05-14 12:00:00,5.3438253
2007-05-15 12:00:00,3.3212702
2007-05-16 12:00:00,3.172021
2007-05-17 12:00:00,3.0301654
2007-05-18 12:00:00,3.4604917
2007-05-19 12:00:00,3.7298584
2007-05-20 12:00:00,4.3945827
2007-05-21 12:00:00,4.7855234
2007-05-22 12:00:00,4.208862
2007-05-23 12:00:00,4.0831647
2007-05-24 12:00:00,3.8632913
2007-05-25 12:00:00,3.6605809
2007-05-26 12:00:00,3.4079967
2007-05-27 12:00:00,3.6476235
2007-05-28 12:00:00,3.3622472
2007-05-29 12:00:00,2.6251047
2007-05-30 12:00:00,2.722285
2007-05-31 12:00:00,3.0239494
2007-06-01 12:00:00,3.3454082
2007-06-02 12:00:00,3.3992493
2007-06-03 12:00:00,3.5477417
2007-06-04 12:00:00,3.4778104
2007-06-05 12:00:00,3.4880414
2007-06-06 12:00:00,3.4885435
2007-06-07 12:00:00,3.9087427
2007-06-08 12:00:00,4.2626333
2007-06-09 12:00:00,4.04963
2007-06-10 12:00:00,4.0953007
2007-06-11 12:00:00,3.6124291
2007-06-12 12:00:00,3.7286067
2007-06-13 12:00:00,2.9344354
2007-06-14 12:00:00,3.3796525
2007-06-15 12:00:00,3.1219132
2007-06-16 12:00:00,3.1837401
2007-06-17 12:00:00,2.8721647
2007-06-18 12:00:00,1.9536878
2007-06-19 12:00:00,2.2032073
2007-06-20 12:00:00,3.4025168
2007-06-21 12:00:00,5.2471266
2007-06-22 12:00:00,4.747406
2007-06-23 12:00:00,3.5919886
2007-06-24 12:00:00,3.5494392
2007-06-25 12:00:00,3.6196947
2007-06-26 12:00:00,3.946985
2007-06-27 12:00:00,5.450322
2007-06-28 12:00:00,7.1113086
2007-06-29 12:00:00,6.673689
2007-06-30 12:00:00,5.5737467
2007-07-01 12:00:00,5.009272
2007-07-02 12:00:00,4.8445315
2007-07-03 12:00:00,5.143684
2007-07-04 12:00:00,5.555325
2007-07-05 12:00:00,5.569298
2007-07-06 12:00:00,5.4090986
2007-07-07 12:00:00,4.926047
2007-07-08 12:00:00,4.2117715
2007-07-09 12:00:00,3.877019
2007-07-10 12:00:00,3.805683
2007-07-11 12:00:00,3.943314
2007-07-12 12:00:00,4.371227
2007-07-13 12:00:00,4.5098042
2007-07-14 12:00:00,4.604871
2007-07-15 12:00:00,5.051407
2007-07-16 12:00:00,4.665613
2007-07-17 12:00:00,3.9516723
2007-07-18 12:00:00,3.8800807
2007-07-19 12:00:00,4.221922
2007-07-20 12:00:00,4.0314035
2007-07-21 12:00:00,3.9018893
2007-07-22 12:00:00,3.1708593
2007-07-23 12:00:00,2.9698956
2007-07-24 12:00:00,2.9572635
2007-07-25 12:00:00,2.9589791
2007-07-26 12:00:00,2.56096
2007-07-27 12:00:00,2.8090813
2007-07-28 12:00:00,2.6994364
2007-07-29 12:00:00,2.3386264
2007-07-30 12:00:00,2.1678436
2007-07-31 12:00:00,3.0963442
2007-08-01 12:00:00,3.439231
2007-08-02 12:00:00,4.0386496
2007-08-03 12:00:00,4.593274
2007-08-04 12:00:00,4.9467397
2007-08-05 12:00:00,5.7666283
2007-08-06 12:00:00,6.224313
2007-08-07 12:00:00,5.302755
2007-08-08 12:00:00,3.8246758
2007-08-09 12:00:00,3.438155
2007-08-10 12:00:00,4.0576553
2007-08-11 12:00:00,4.953245
2007-08-12 12:00:00,5.2532277
2007-08-13 12:00:00,4.6958694
2007-08-14 12:00:00,3.9481843
2007-08-15 12:00:00,3.616303
2007-08-16 12:00:00,3.6462297
2007-08-17 12:00:00,4.0640273
2007-08-18 12:00:00,4.229658
2007-08-19 12:00:00,3.7359009
2007-08-20 12:00:00,3.145403
2007-08-21 12:00:00,2.9037068
2007-08-22 12:00:00,2.7134197
2007-08-23 12:00:00,2.402146
2007-08-24 12:00:00,2.621147
2007-08-25 12:00:00,2.9404683
2007-08-26 12:00:00,2.969194
2007-08-27 12:00:00,2.842703
2007-08-28 12:00:00,2.5595505
2007-08-29 12:00:00,2.4806478
2007-08-30 12:00:00,2.5718775
2007-08-31 12:00:00,2.4208028
2007-09-01 12:00:00,3.034635
2007-09-02 12:00:00,3.6639864
2007-09-03 12:00:00,3.9583118
2007-09-04 12:00:00,4.108747
2007-09-05 12:00:00,4.2987976
2007-09-06 12:00:00,4.653197
2007-09-07 12:00:00,3.911658
2007-09-08 12:00:00,3.2313538
2007-09-09 12:00:00,2.9754448
2007-09-10 12:00:00,2.9362245
2007-09-11 12:00:00,2.937334
2007-09-12 12:00:00,2.7764966
2007-09-13 12:00:00,2.400856
2007-09-14 12:00:00,2.668866
2007-09-15 12:00:00,2.2524605
2007-09-16 12:00:00,2.1473396
2007-09-17 12:00:00,2.1672797
2007-09-18 12:00:00,2.4548998
2007-09-19 12:00:00,3.0168521
2007-09-20 12:00:00,3.5496585
2007-09-21 12:00:00,4.801264
2007-09-22 12:00:00,5.8882613
2007-09-23 12:00:00,5.6173162
2007-09-24 12:00:00,4.083685
2007-09-25 12:00:00,2.7950168
2007-09-26 12:00:00,2.3443289
2007-09-27 12:00:00,2.6209588
2007-09-28 12:00:00,2.899986
2007-09-29 12:00:00,2.4048247
2007-09-30 12:00:00,1.9353662
2007-10-01 12:00:00,2.0807586
2007-10-02 12:00:00,1.8673042
2007-10-03 12:00:00,2.2021384
2007-10-04 12:00:00,2.4080014
2007-10-05 12:00:00,2.942306
2007-10-06 12:00:00,3.6065407
2007-10-07 12:00:00,3.853918
2007-10-08 12:00:00,3.5059223
2007-10-09 12:00:00,2.1408024
2007-10-10 12:00:00,1.7689996
2007-10-11 12:00:00,1.7735686
2007-10-12 12:00:00,1.5897273
2007-10-13 12:00:00,1.8427855
2007-10-14 12:00:00,2.4413795
2007-10-15 12:00:00,2.3296878
2007-10-16 12:00:00,1.6941949
2007-10-17 12:00:00,1.6166879
2007-10-18 12:00:00,1.498263
2007-10-19 12:00:00,1.6178238
2007-10-20 12:00:00,1.6362028
2007-10-21 12:00:00,1.9038494
2007-10-22 12:00:00,2.4154305
2007-10-23 12:00:00,2.85034
2007-10-24 12:00:00,2.994304
2007-10-25 12:00:00,2.8959928
2007-10-26 12:00:00,2.7124784
2007-10-27 12:00:00,2.7746444
2007-10-28 12:00:00,2.7690477
2007-10-29 12:00:00,3.1112552
2007-10-30 12:00:00,2.464972
2007-10-31 12:00:00,2.2265973
2007-11-01 12:00:00,1.9929879
2007-11-02 12:00:00,1.6083236
2007-11-03 12:00:00,1.719836
2007-11-04 12:00:00,1.5983188
2007-11-05 12:00:00,1.366189
2007-11-06 12:00:00,1.6795871
2007-11-07 12:00:00,2.1379488
2007-11-08 12:00:00,2.1042702
2007-11-09 12:00:00,2.0249357
2007-11-10 12:00:00,2.2174299
2007-11-11 12:00:00,2.7681198
2007-11-12 12:00:00,3.176024
2007-11-13 12:00:00,3.6519914
2007-11-14 12:00:00,4.8582306
2007-11-15 12:00:00,4.4435034
2007-11-16 12:00:00,1.8006822
2007-11-17 12:00:00,2.5886192
2007-11-18 12:00:00,2.9057622
2007-11-19 12:00:00,2.9014175
2007-11-20 12:00:00,2.891246
2007-11-21 12:00:00,2.800546
2007-11-22 12:00:00,2.9456234
2007-11-23 12:00:00,2.9376512
2007-11-24 12:00:00,2.8982077
2007-11-25 12:00:00,2.6690373
2007-11-26 12:00:00,2.6507115
2007-11-27 12:00:00,2.1559148
2007-11-28 12:00:00,1.7142093
2007-11-29 12:00:00,1.9366202
2007-11-30 12:00:00,2.1997318
2007-12-01 12:00:00,2.0944889
2007-12-02 12:00:00,2.282387
2007-12-03 12:00:00,2.547385
2007-12-04 12:00:00,3.1588361
2007-12-05 12:00:00,3.635262
2007-12-06 12:00:00,3.4434652
2007-12-07 12:00:00,2.5130615
2007-12-08 12:00:00,2.481807
2007-12-09 12:00:00,2.7612655
2007-12-10 12:00:00,2.6549332
2007-12-11 12:00:00,3.0033453
2007-12-12 12:00:00,3.0193183
2007-12-13 12:00:00,2.9305203
2007-12-14 12:00:00,3.188502
2007-12-15 12:00:00,3.594521
2007-12-16 12:00:00,3.9297543
2007-12-17 12:00:00,3.9634988
2007-12-18 12:00:00,3.8105888
2007-12-19 12:00:00,3.0932784
2007-12-20 12:00:00,3.040295
2007-12-21 12:00:00,2.776651
2007-12-22 12:00:00,2.5870316
2007-12-23 12:00:00,2.1619005
2007-12-24 12:00:00,1.9588661
2007-12-25 12:00:00,2.096869
2007-12-26 12:00:00,2.307271
2007-12-27 12:00:00,2.3011734
2007-12-28 12:00:00,2.0842755
2007-12-29 12:00:00,2.6103227
2007-12-30 12:00:00,2.8504403
2007-12-31 12:00:00,3.1743765
2008-01-01 12:00:00,3.0762894
2008-01-02 12:00:00,2.9643855
2008-01-03 12:00:00,3.0765038
2008-01-04 12:00:00,3.0201993
2008-01-05 12:00:00,3.1865916
2008-01-06 12:00:00,3.024075
2008-01-07 12:00:00,2.9500487
2008-01-08 12:00:00,2.8344958
2008-01-09 12:00:00,2.6009498
2008-01-10 12:00:00,2.3474498
2008-01-11 12:00:00,2.4469285
2008-01-12 12:00:00,2.5431588
2008-01-13 12:00:00,2.5484064
2008-01-14 12:00:00,2.7060661
2008-01-15 12:00:00,2.6933038
2008-01-16 12:00:00,2.5352209
2008-01-17 12:00:00,2.2151196
2008-01-18 12:00:00,2.0194364
2008-01-19 12:00:00,2.187726
2008-01-20 12:00:00,2.2774072
2008-01-21 12:00:00,2.0900035
2008-01-22 12:00:00,2.4886327
2008-01-23 12:00:00,2.3186452
2008-01-24 12:00:00,2.2342045
2008-01-25 12:00:00,2.1920254
2008-01-26 12:00:00,2.7096937
2008-01-27 12:00:00,3.2102764
2008-01-28 12:00:00,3.1976237
2008-01-29 12:00:00,2.4873943
2008-01-30 12:00:00,2.5308306
2008-01-31 12:00:00,2.2831233
2008-02-01 12:00:00,3.3232946
2008-02-02 12:00:00,3.256628
2008-02-03 12:00:00,3.0316625
2008-02-04 12:00:00,2.5697093
2008-02-05 12:00:00,2.5238307
2008-02-06 12:00:00,2.218036
2008-02-07 12:00:00,2.1585643
2008-02-08 12:00:00,2.1998496
2008-02-09 12:00:00,2.1371725
2008-02-10 12:00:00,2.2846692
2008-02-11 12:00:00,2.7274575
2008-02-12 12:00:00,2.9917552
2008-02-13 12:00:00,2.8586075
2008-02-14 12:00:00,3.3324575
2008-02-15 12:00:00,3.1165218
2008-02-16 12:00:00,2.710315
2008-02-17 12:00:00,2.3474052
2008-02-18 12:00:00,2.4843526
2008-02-19 12:00:00,2.6134677
2008-02-20 12:00:00,2.202218
2008-02-21 12:00:00,2.5823817
2008-02-22 12:00:00,2.6679475
2008-02-23 12:00:00,2.067406
2008-02-24 12:00:00,2.364694
2008-02-25 12:00:00,2.38379
2008-02-26 12:00:00,2.2995353
2008-02-27 12:00:00,2.85859
2008-02-28 12:00:00,2.6882615
2008-02-29 12:00:00,2.2294426
2008-03-01 12:00:00,2.3276713
2008-03-02 12:00:00,2.2552278
2008-03-03 12:00:00,2.3997145
2008-03-04 12:00:00,2.6345239
2008-03-05 12:00:00,2.4363875
2008-03-06 12:00:00,2.3216927
2008-03-07 12:00:00,2.3966722
2008-03-08 12:00:00,2.456809
2008-03-09 12:00:00,2.4796584
2008-03-10 12:00:00,2.2615902
2008-03-11 12:00:00,2.40261
2008-03-12 12:00:00,2.361884
2008-03-13 12:00:00,2.2356145
2008-03-14 12:00:00,2.194265
2008-03-15 12:00:00,2.2549884
2008-03-16 12:00:00,2.5569723
2008-03-17 12:00:00,2.5126672
2008-03-18 12:00:00,2.569734
2008-03-19 12:00:00,2.7173233
2008-03-20 12:00:00,3.1043837
2008-03-21 12:00:00,2.7484086
2008-03-22 12:00:00,2.6700532
2008-03-23 12:00:00,2.1576307
2008-03-24 12:00:00,2.3425941
2008-03-25 12:00:00,2.191867
2008-03-26 12:00:00,2.3569188
2008-03-27 12:00:00,2.4835563
2008-03-28 12:00:00,2.6419775
2008-03-29 12:00:00,2.670377
2008-03-30 12:00:00,2.638094
2008-03-31 12:00:00,2.3742056
2008-04-01 12:00:00,2.2097929
2008-04-02 12:00:00,2.6098912
2008-04-03 12:00:00,2.732579
2008-04-04 12:00:00,2.41645
2008-04-05 12:00:00,2.4314244
2008-04-06 12:00:00,2.8509521
2008-04-07 12:00:00,2.7409513
2008-04-08 12:00:00,2.688251
2008-04-09 12:00:00,2.5993688
2008-04-10 12:00:00,2.8613293
2008-04-11 12:00:00,3.0321531
2008-04-12 12:00:00,2.7646644
2008-04-13 12:00:00,3.0691624
2008-04-14 12:00:00,2.8970416
2008-04-15 12:00:00,3.2570076
2008-04-16 12:00:00,3.5154867
2008-04-17 12:00:00,3.5551634
2008-04-18 12:00:00,3.486163
2008-04-19 12:00:00,3.007002
2008-04-20 12:00:00,2.9624608
2008-04-21 12:00:00,2.5538318
2008-04-22 12:00:00,2.6375618
2008-04-23 12:00:00,2.326239
2008-04-24 12:00:00,2.5695326
2008-04-25 12:00:00,2.5350718
2008-04-26 12:00:00,2.9982395
2008-04-27 12:00:00,3.2073011
2008-04-28 12:00:00,3.2582443
2008-04-29 12:00:00,3.0695002
2008-04-30 12:00:00,3.340408
2008-05-01 12:00:00,4.116842
2008-05-02 12:00:00,4.251292
2008-05-03 12:00:00,4.119096
2008-05-04 12:00:00,3.6371372
2008-05-05 12:00:00,3.6772015
2008-05-06 12:00:00,3.334451
2008-05-07 12:00:00,3.0855062
2008-05-08 12:00:00,3.367975
2008-05-09 12:00:00,3.3265471
2008-05-10 12:00:00,2.9225874
2008-05-11 12:00:00,3.0009298
2008-05-12 12:00:00,2.9318526
2008-05-13 12:00:00,3.0701537
2008-05-14 12:00:00,3.0867763
2008-05-15 12:00:00,3.248622
2008-05-16 12:00:00,3.8129625
2008-05-17 12:00:00,4.176174
2008-05-18 12:00:00,3.9551609
2008-05-19 12:00:00,3.3857849
2008-05-20 12:00:00,3.1200774
2008-05-21 12:00:00,3.192458
2008-05-22 12:00:00,3.1321065
2008-05-23 12:00:00,2.9165738
2008-05-24 12:00:00,3.312153
2008-05-25 12:00:00,3.3511493
2008-05-26 12:00:00,3.3082833
2008-05-27 12:00:00,3.4779205
2008-05-28 12:00:00,3.7528973
2008-05-29 12:00:00,3.655203
2008-05-30 12:00:00,3.2656574
2008-05-31 12:00:00,3.2136605
2008-06-01 12:00:00,3.2456844
2008-06-02 12:00:00,3.0280247
2008-06-03 12:00:00,2.9163256
2008-06-04 12:00:00,3.1263871
2008-06-05 12:00:00,3.5859952
2008-06-06 12:00:00,3.4111779
2008-06-07 12:00:00,3.0696383
2008-06-08 12:00:00,3.5215826
2008-06-09 12:00:00,3.5340781
2008-06-10 12:00:00,3.3718672
2008-06-11 12:00:00,3.4160545
2008-06-12 12:00:00,3.862659
2008-06-13 12:00:00,4.62943
2008-06-14 12:00:00,4.9728274
2008-06-15 12:00:00,5.0524893
2008-06-16 12:00:00,5.6883464
2008-06-17 12:00:00,5.259916
2008-06-18 12:00:00,4.774392
2008-06-19 12:00:00,4.1274467
2008-06-20 12:00:00,3.8356175
2008-06-21 12:00:00,3.977217
2008-06-22 12:00:00,3.965633
2008-06-23 12:00:00,3.8020358
2008-06-24 12:00:00,3.6155574
2008-06-25 12:00:00,4.0361056
2008-06-26 12:00:00,4.0995436
2008-06-27 12:00:00,4.1874943
2008-06-28 12:00:00,4.733891
2008-06-29 12:00:00,4.4643064
2008-06-30 12:00:00,4.2096143
2008-07-01 12:00:00,4.273848
2008-07-02 12:00:00,3.734325
2008-07-03 12:00:00,4.3592873
2008-07-04 12:00:00,4.466489
2008-07-05 12:00:00,4.5292335
2008-07-06 12:00:00,4.5642066
2008-07-07 12:00:00,4.4543443
2008-07-08 12:00:00,4.3357615
2008-07-09 12:00:00,4.3974676
2008-07-10 12:00:00,4.2603393
2008-07-11 12:00:00,3.9453125
2008-07-12 12:00:00,3.4705625
2008-07-13 12:00:00,3.457572
2008-07-14 12:00:00,3.3928628
2008-07-15 12:00:00,3.5696614
2008-07-16 12:00:00,3.2689753
2008-07-17 12:00:00,3.1900978
2008-07-18 12:00:00,2.8444977
2008-07-19 12:00:00,3.133203
2008-07-20 12:00:00,2.8154683
2008-07-21 12:00:00,2.9487412
2008-07-22 12:00:00,3.459492
2008-07-23 12:00:00,3.4078934
2008-07-24 12:00:00,3.522116
2008-07-25 12:00:00,3.6880012
2008-07-26 12:00:00,3.914594
2008-07-27 12:00:00,4.6708164
2008-07-28 12:00:00,5.4434214
2008-07-29 12:00:00,4.9632
2008-07-30 12:00:00,4.28041
2008-07-31 12:00:00,3.9411063
2008-08-01 12:00:00,3.4556727
2008-08-02 12:00:00,3.4615602
2008-08-03 12:00:00,3.6977496
2008-08-04 12:00:00,4.3183913
2008-08-05 12:00:00,4.484403
2008-08-06 12:00:00,4.4126973
2008-08-07 12:00:00,4.203859
2008-08-08 12:00:00,5.0647836
2008-08-09 12:00:00,6.066537
2008-08-10 12:00:00,5.656235
2008-08-11 12:00:00,4.7959847
2008-08-12 12:00:00,4.157996
2008-08-13 12:00:00,3.857273
2008-08-14 12:00:00,3.840914
2008-08-15 12:00:00,4.2120323
2008-08-16 12:00:00,4.460366
2008-08-17 12:00:00,4.2326055
2008-08-18 12:00:00,3.7537656
2008-08-19 12:00:00,3.5654848
2008-08-20 12:00:00,3.2097387
2008-08-21 12:00:00,3.4123728
2008-08-22 12:00:00,2.6709328
2008-08-23 12:00:00,2.4850864
2008-08-24 12:00:00,2.7629108
2008-08-25 12:00:00,3.0092397
2008-08-26 12:00:00,2.624129
2008-08-27 12:00:00,2.9412827
2008-08-28 12:00:00,3.1746576
2008-08-29 12:00:00,2.9652984
2008-08-30 12:00:00,2.566525
2008-08-31 12:00:00,1.9028476
2008-09-01 12:00:00,1.9158577
2008-09-02 12:00:00,2.029967
2008-09-03 12:00:00,2.4151258
2008-09-04 12:00:00,2.7166767
2008-09-05 12:00:00,2.7194433
2008-09-06 12:00:00,2.316866
2008-09-07 12:00:00,2.0534146
2008-09-08 12:00:00,2.541488
2008-09-09 12:00:00,2.9185615
2008-09-10 12:00:00,2.996588
2008-09-11 12:00:00,3.0436544
2008-09-12 12:00:00,2.8061273
2008-09-13 12:00:00,3.0658798
2008-09-14 12:00:00,3.372566
2008-09-15 12:00:00,4.773089
2008-09-16 12:00:00,5.351492
2008-09-17 12:00:00,5.1653156
2008-09-18 12:00:00,4.0657187
2008-09-19 12:00:00,3.3272626
2008-09-20 12:00:00,3.4272363
2008-09-21 12:00:00,3.4461582
2008-09-22 12:00:00,3.4148371
2008-09-23 12:00:00,3.0935106
2008-09-24 12:00:00,3.7477133
2008-09-25 12:00:00,4.1033974
2008-09-26 12:00:00,3.555245
2008-09-27 12:00:00,3.0880635
2008-09-28 12:00:00,2.7944753
2008-09-29 12:00:00,2.0024781
2008-09-30 12:00:00,1.8290732
2008-10-01 12:00:00,1.5621885
2008-10-02 12:00:00,1.404773
2008-10-03 12:00:00,1.5819507
2008-10-04 12:00:00,2.1268737
2008-10-05 12:00:00,2.3519623
2008-10-06 12:00:00,1.9935143
2008-10-07 12:00:00,2.5040936
2008-10-08 12:00:00,2.0347316
2008-10-09 12:00:00,1.4299736
2008-10-10 12:00:00,1.7220925
2008-10-11 12:00:00,2.048667
2008-10-12 12:00:00,1.6497152
2008-10-13 12:00:00,1.2967184
2008-10-14 12:00:00,1.6404095
2008-10-15 12:00:00,2.1654286
2008-10-16 12:00:00,2.3660738
2008-10-17 12:00:00,2.4854653
2008-10-18 12:00:00,2.425152
2008-10-19 12:00:00,2.499089
2008-10-20 12:00:00,2.2759027
2008-10-21 12:00:00,2.0770323
2008-10-22 12:00:00,2.2378676
2008-10-23 12:00:00,2.344594
2008-10-24 12:00:00,3.0501873
2008-10-25 12:00:00,4.2076
2008-10-26 12:00:00,4.584173
2008-10-27 12:00:00,2.044977
2008-10-28 12:00:00,2.3095703
2008-10-29 12:00:00,1.9613563
2008-10-30 12:00:00,2.1696925
2008-10-31 12:00:00,2.375388
2008-11-01 12:00:00,2.3230052
2008-11-02 12:00:00,1.8326976
2008-11-03 12:00:00,1.8521886
2008-11-04 12:00:00,1.8233391
2008-11-05 12:00:00,1.8344784
2008-11-06 12:00:00,2.004217
2008-11-07 12:00:00,2.4378734
2008-11-08 12:00:00,2.7585464
2008-11-09 12:00:00,2.739973
2008-11-10 12:00:00,2.6363482
2008-11-11 12:00:00,2.8206725
2008-11-12 12:00:00,3.1832273
2008-11-13 12:00:00,3.4644215
2008-11-14 12:00:00,3.652463
2008-11-15 12:00:00,3.5613961
2008-11-16 12:00:00,2.4690459
2008-11-17 12:00:00,2.7363973
2008-11-18 12:00:00,2.9007392
2008-11-19 12:00:00,2.7737098
2008-11-20 12:00:00,2.4923127
2008-11-21 12:00:00,2.3835578
2008-11-22 12:00:00,2.8561
2008-11-23 12:00:00,3.4919353
2008-11-24 12:00:00,3.0254583
2008-11-25 12:00:00,3.1098285
2008-11-26 12:00:00,3.114275
2008-11-27 12:00:00,3.329508
2008-11-28 12:00:00,2.9291964
2008-11-29 12:00:00,2.5863385
2008-11-30 12:00:00,2.237467
2008-12-01 12:00:00,2.0498762
2008-12-02 12:00:00,1.8348936
2008-12-03 12:00:00,2.055004
2008-12-04 12:00:00,2.566411
2008-12-05 12:00:00,2.6569471
2008-12-06 12:00:00,2.2042837
2008-12-07 12:00:00,1.9319482
2008-12-08 12:00:00,2.450227
2008-12-09 12:00:00,1.9386153
2008-12-10 12:00:00,1.8157167
2008-12-11 12:00:00,2.2655315
2008-12-12 12:00:00,2.5297527
2008-12-13 12:00:00,2.8865378
2008-12-14 12:00:00,2.9172187
2008-12-15 12:00:00,2.8232512
2008-12-16 12:00:00,2.4888327
2008-12-17 12:00:00,2.9484048
2008-12-18 12:00:00,2.4032547
2008-12-19 12:00:00,2.01388
2008-12-20 12:00:00,1.8744663
2008-12-21 12:00:00,2.0005963
2008-12-22 12:00:00,2.5343134
2008-12-23 12:00:00,2.9411533
2008-12-24 12:00:00,2.7896194
2008-12-25 12:00:00,2.4535735
2008-12-26 12:00:00,2.27091
2008-12-27 12:00:00,2.4693763
2008-12-28 12:00:00,2.5741951
2008-12-29 12:00:00,2.4631083
2008-12-30 12:00:00,2.6570816
2008-12-31 12:00:00,2.38144
2009-01-01 12:00:00,2.8622336
2009-01-02 12:00:00,2.9181058
2009-01-03 12:00:00,2.9341881
2009-01-04 12:00:00,2.4808652
2009-01-05 12:00:00,2.3044035
2009-01-06 12:00:00,2.2446008
2009-01-07 12:00:00,2.2826123
2009-01-08 12:00:00,2.5801263
2009-01-09 12:00:00,2.940025
2009-01-10 12:00:00,2.5307875
2009-01-11 12:00:00,2.424771
2009-01-12 12:00:00,3.0853753
2009-01-13 12:00:00,3.1317675
2009-01-14 12:00:00,2.7523031
2009-01-15 12:00:00,2.6860254
2009-01-16 12:00:00,2.2195234
2009-01-17 12:00:00,2.2702858
2009-01-18 12:00:00,2.0635395
2009-01-19 12:00:00,2.4530187
2009-01-20 12:00:00,2.5984366
2009-01-21 12:00:00,2.2941809
2009-01-22 12:00:00,2.1545792
2009-01-23 12:00:00,2.0123196
2009-01-24 12:00:00,2.0024147
2009-01-25 12:00:00,2.0739243
2009-01-26 12:00:00,2.3714602
2009-01-27 12:00:00,2.6334307
2009-01-28 12:00:00,2.3352215
2009-01-29 12:00:00,2.5629313
2009-01-30 12:00:00,2.6194496
2009-01-31 12:00:00,2.3555584
2009-02-01 12:00:00,2.4651806
2009-02-02 12:00:00,2.4064047
2009-02-03 12:00:00,2.4122233
2009-02-04 12:00:00,2.5094874
2009-02-05 12:00:00,2.6103866
2009-02-06 12:00:00,2.3539906
2009-02-07 12:00:00,2.2483866
2009-02-08 12:00:00,2.525304
2009-02-09 12:00:00,2.8268142
2009-02-10 12:00:00,2.3948681
2009-02-11 12:00:00,2.3189087
2009-02-12 12:00:00,2.8802378
2009-02-13 12:00:00,2.2912111
2009-02-14 12:00:00,2.7298717
2009-02-15 12:00:00,2.6208346
2009-02-16 12:00:00,2.9771888
2009-02-17 12:00:00,3.0027542
2009-02-18 12:00:00,2.8105245
2009-02-19 12:00:00,2.5931718
2009-02-20 12:00:00,2.787754
2009-02-21 12:00:00,2.8147213
2009-02-22 12:00:00,2.6578026
2009-02-23 12:00:00,2.624436
2009-02-24 12:00:00,3.277141
2009-02-25 12:00:00,3.1377714
2009-02-26 12:00:00,2.4852915
2009-02-27 12:00:00,2.9013934
2009-02-28 12:00:00,2.7980452
2009-03-01 12:00:00,2.4107304
2009-03-02 12:00:00,2.3040123
2009-03-03 12:00:00,2.675131
2009-03-04 12:00:00,3.0497031
2009-03-05 12:00:00,3.451135
2009-03-06 12:00:00,2.8523927
2009-03-07 12:00:00,2.3955343
2009-03-08 12:00:00,2.669917
2009-03-09 12:00:00,2.4086778
2009-03-10 12:00:00,2.626091
2009-03-11 12:00:00,2.5457547
2009-03-12 12:00:00,2.4615993
2009-03-13 12:00:00,2.9529514
2009-03-14 12:00:00,2.4954042
2009-03-15 12:00:00,2.1403742
2009-03-16 12:00:00,1.751223
2009-03-17 12:00:00,2.0167317
2009-03-18 12:00:00,2.2937026
2009-03-19 12:00:00,2.223255
2009-03-20 12:00:00,2.6665368
2009-03-21 12:00:00,2.8823168
2009-03-22 12:00:00,2.2628393
2009-03-23 12:00:00,2.5525005
2009-03-24 12:00:00,2.6615734
2009-03-25 12:00:00,2.689593
2009-03-26 12:00:00,2.7937183
2009-03-27 12:00:00,2.6042671
2009-03-28 12:00:00,2.606854
2009-03-29 12:00:00,3.2122521
2009-03-30 12:00:00,3.0483265
2009-03-31 12:00:00,3.4248478
2009-04-01 12:00:00,2.8534198
2009-04-02 12:00:00,2.7345529
2009-04-03 12:00:00,2.9477143
2009-04-04 12:00:00,3.2813172
2009-04-05 12:00:00,3.4272592
2009-04-06 12:00:00,3.312763
2009-04-07 12:00:00,2.8451867
2009-04-08 12:00:00,2.6892567
2009-04-09 12:00:00,2.304782
2009-04-10 12:00:00,2.3940296
2009-04-11 12:00:00,2.4845827
2009-04-12 12:00:00,2.6696186
2009-04-13 12:00:00,2.8637855
2009-04-14 12:00:00,2.8867888
2009-04-15 12:00:00,3.7606077
2009-04-16 12:00:00,4.089358
2009-04-17 12:00:00,4.682825
2009-04-18 12:00:00,4.6680613
2009-04-19 12:00:00,4.462167
2009-04-20 12:00:00,4.702065
2009-04-21 12:00:00,4.686564
2009-04-22 12:00:00,4.8140635
2009-04-23 12:00:00,3.9843826
2009-04-24 12:00:00,3.517099
2009-04-25 12:00:00,3.250306
2009-04-26 12:00:00,2.916391
2009-04-27 12:00:00,3.1545708
2009-04-28 12:00:00,3.4706233
2009-04-29 12:00:00,3.912067
2009-04-30 12:00:00,4.089338
2009-05-01 12:00:00,4.1005335
2009-05-02 12:00:00,3.5615175
2009-05-03 12:00:00,3.2711556
2009-05-04 12:00:00,2.978623
2009-05-05 12:00:00,2.839773
2009-05-06 12:00:00,3.2498076
2009-05-07 12:00:00,3.4733052
2009-05-08 12:00:00,3.8258753
2009-05-09 12:00:00,4.1272044
2009-05-10 12:00:00,3.7535224
2009-05-11 12:00:00,3.350275
2009-05-12 12:00:00,3.3292737
2009-05-13 12:00:00,3.4101572
2009-05-14 12:00:00,2.8243868
2009-05-15 12:00:00,2.661556
2009-05-16 12:00:00,2.6759748
2009-05-17 12:00:00,3.0210648
2009-05-18 12:00:00,2.833789
2009-05-19 12:00:00,2.6424398
2009-05-20 12:00:00,2.3969042
2009-05-21 12:00:00,2.6856737
2009-05-22 12:00:00,3.4550028
2009-05-23 12:00:00,4.5996695
2009-05-24 12:00:00,6.099928
2009-05-25 12:00:00,6.368626
2009-05-26 12:00:00,3.8216827
2009-05-27 12:00:00,3.228686
2009-05-28 12:00:00,2.905803
2009-05-29 12:00:00,2.4170008
2009-05-30 12:00:00,2.8079386
2009-05-31 12:00:00,3.805365
2009-06-01 12:00:00,4.23398
2009-06-02 12:00:00,3.981304
2009-06-03 12:00:00,3.7339072
2009-06-04 12:00:00,3.6749446
2009-06-05 12:00:00,4.3067064
2009-06-06 12:00:00,5.014632
2009-06-07 12:00:00,5.010008
2009-06-08 12:00:00,4.360973
2009-06-09 12:00:00,3.9144666
2009-06-10 12:00:00,3.5982318
2009-06-11 12:00:00,3.7060208
2009-06-12 12:00:00,3.6188877
2009-06-13 12:00:00,3.431622
2009-06-14 12:00:00,3.4506478
2009-06-15 12:00:00,3.6915474
2009-06-16 12:00:00,3.154829
2009-06-17 12:00:00,3.2780502
2009-06-18 12:00:00,4.0382524
2009-06-19 12:00:00,3.8887753
2009-06-20 12:00:00,4.155909
2009-06-21 12:00:00,4.0692253
2009-06-22 12:00:00,4.0733547
2009-06-23 12:00:00,3.5335557
2009-06-24 12:00:00,3.8225796
2009-06-25 12:00:00,4.219295
2009-06-26 12:00:00,3.9747324
2009-06-27 12:00:00,4.158363
2009-06-28 12:00:00,4.160154
2009-06-29 12:00:00,4.2899246
2009-06-30 12:00:00,4.073778
2009-07-01 12:00:00,4.1195726
2009-07-02 12:00:00,4.068726
2009-07-03 12:00:00,3.7473779
2009-07-04 12:00:00,4.190461
2009-07-05 12:00:00,4.3914495
2009-07-06 12:00:00,4.8523674
2009-07-07 12:00:00,4.8694577
2009-07-08 12:00:00,5.122505
2009-07-09 12:00:00,4.990083
2009-07-10 12:00:00,4.215812
2009-07-11 12:00:00,4.405113
2009-07-12 12:00:00,4.189935
2009-07-13 12:00:00,5.389305
2009-07-14 12:00:00,5.9064007
2009-07-15 12:00:00,5.742266
2009-07-16 12:00:00,4.490539
2009-07-17 12:00:00,4.122672
2009-07-18 12:00:00,4.53113
2009-07-19 12:00:00,5.296984
2009-07-20 12:00:00,5.310217
2009-07-21 12:00:00,5.0142136
2009-07-22 12:00:00,4.2381687
2009-07-23 12:00:00,3.6327636
2009-07-24 12:00:00,3.6986494
2009-07-25 12:00:00,4.4745564
2009-07-26 12:00:00,5.0207653
2009-07-27 12:00:00,5.033117
2009-07-28 12:00:00,4.623897
2009-07-29 12:00:00,4.687822
2009-07-30 12:00:00,4.6164856
2009-07-31 12:00:00,4.517409
2009-08-01 12:00:00,3.4381819
2009-08-02 12:00:00,3.4528286
2009-08-03 12:00:00,3.658037
2009-08-04 12:00:00,4.14475
2009-08-05 12:00:00,3.8433309
2009-08-06 12:00:00,3.520086
2009-08-07 12:00:00,3.6581385
2009-08-08 12:00:00,3.8817859
2009-08-09 12:00:00,3.8408659
2009-08-10 12:00:00,3.9225342
2009-08-11 12:00:00,3.3494995
2009-08-12 12:00:00,2.9723887
2009-08-13 12:00:00,2.8542714
2009-08-14 12:00:00,3.2787843
2009-08-15 12:00:00,3.2897942
2009-08-16 12:00:00,2.5079293
2009-08-17 12:00:00,2.3368104
2009-08-18 12:00:00,2.5576756
2009-08-19 12:00:00,3.3267076
2009-08-20 12:00:00,3.091695
2009-08-21 12:00:00,3.330532
2009-08-22 12:00:00,3.5887527
2009-08-23 12:00:00,3.1324656
2009-08-24 12:00:00,3.3412147
2009-08-25 12:00:00,4.3146863
2009-08-26 12:00:00,4.5828247
2009-08-27 12:00:00,3.9332817
2009-08-28 12:00:00,3.1280165
2009-08-29 12:00:00,2.0833242
2009-08-30 12:00:00,1.64903
2009-08-31 12:00:00,2.1552336
2009-09-01 12:00:00,2.3922985
2009-09-02 12:00:00,3.1267152
2009-09-03 12:00:00,3.7797916
2009-09-04 12:00:00,4.5736766
2009-09-05 12:00:00,5.602632
2009-09-06 12:00:00,5.1838512
2009-09-07 12:00:00,4.7646513
2009-09-08 12:00:00,4.4122663
2009-09-09 12:00:00,3.5756233
2009-09-10 12:00:00,2.6340327
2009-09-11 12:00:00,1.891636
2009-09-12 12:00:00,2.1936004
2009-09-13 12:00:00,2.3121653
2009-09-14 12:00:00,2.6226137
2009-09-15 12:00:00,2.3671825
2009-09-16 12:00:00,2.045338
2009-09-17 12:00:00,2.3212433
2009-09-18 12:00:00,2.4975293
2009-09-19 12:00:00,2.0786161
2009-09-20 12:00:00,2.4241788
2009-09-21 12:00:00,2.496434
2009-09-22 12:00:00,2.8662412
2009-09-23 12:00:00,2.9726162
2009-09-24 12:00:00,2.6449318
2009-09-25 12:00:00,1.8940519
2009-09-26 12:00:00,2.1588063
2009-09-27 12:00:00,2.4891806
2009-09-28 12:00:00,3.105916
2009-09-29 12:00:00,3.6505182
2009-09-30 12:00:00,3.4436553
2009-10-01 12:00:00,3.1933558
2009-10-02 12:00:00,2.7928512
2009-10-03 12:00:00,3.2245123
2009-10-04 12:00:00,3.3188722
2009-10-05 12:00:00,3.5015724
2009-10-06 12:00:00,3.4067466
2009-10-07 12:00:00,3.3191257
2009-10-08 12:00:00,3.150436
2009-10-09 12:00:00,2.3071172
2009-10-10 12:00:00,1.8591906
2009-10-11 12:00:00,1.6658025
2009-10-12 12:00:00,1.8058375
2009-10-13 12:00:00,1.7293568
2009-10-14 12:00:00,1.7253357
2009-10-15 12:00:00,1.5082997
2009-10-16 12:00:00,1.6069784
2009-10-17 12:00:00,1.9816347
2009-10-18 12:00:00,2.001979
2009-10-19 12:00:00,2.3686829
2009-10-20 12:00:00,2.3936148
2009-10-21 12:00:00,2.381818
2009-10-22 12:00:00,2.2039464
2009-10-23 12:00:00,1.7970626
2009-10-24 12:00:00,1.8527075
2009-10-25 12:00:00,2.3545291
2009-10-26 12:00:00,2.4665692
2009-10-27 12:00:00,2.1780343
2009-10-28 12:00:00,2.5199354
2009-10-29 12:00:00,2.584168
2009-10-30 12:00:00,2.461692
2009-10-31 12:00:00,2.391127
2009-11-01 12:00:00,2.548209
2009-11-02 12:00:00,3.365248
2009-11-03 12:00:00,3.3917277
2009-11-04 12:00:00,3.3158453
2009-11-05 12:00:00,2.803872
2009-11-06 12:00:00,2.4461331
2009-11-07 12:00:00,2.4578466
2009-11-08 12:00:00,2.4148867
2009-11-09 12:00:00,2.2606776
2009-11-10 12:00:00,2.266087
2009-11-11 12:00:00,2.3139815
2009-11-12 12:00:00,2.296143
2009-11-13 12:00:00,2.0492003
2009-11-14 12:00:00,2.0442386
2009-11-15 12:00:00,2.346697
2009-11-16 12:00:00,2.3460252
2009-11-17 12:00:00,2.0654125
2009-11-18 12:00:00,1.7711512
2009-11-19 12:00:00,1.8269771
2009-11-20 12:00:00,2.118001
2009-11-21 12:00:00,2.570978
2009-11-22 12:00:00,2.8258812
2009-11-23 12:00:00,2.5229654
2009-11-24 12:00:00,2.5616372
2009-11-25 12:00:00,2.414065
2009-11-26 12:00:00,2.4050875
2009-11-27 12:00:00,2.8065176
2009-11-28 12:00:00,2.5804033
2009-11-29 12:00:00,2.5272682
2009-11-30 12:00:00,2.5966542
2009-12-01 12:00:00,2.422455
2009-12-02 12:00:00,2.636062
2009-12-03 12:00:00,2.6808114
2009-12-04 12:00:00,2.3169856
2009-12-05 12:00:00,2.1971884
2009-12-06 12:00:00,1.988657
2009-12-07 12:00:00,2.290404
2009-12-08 12:00:00,2.4781353
2009-12-09 12:00:00,2.8731444
2009-12-10 12:00:00,2.7459972
2009-12-11 12:00:00,2.7777877
2009-12-12 12:00:00,2.6038861
2009-12-13 12:00:00,2.5614166
2009-12-14 12:00:00,2.557905
2009-12-15 12:00:00,2.847124
2009-12-16 12:00:00,2.5626686
2009-12-17 12:00:00,2.3503833
2009-12-18 12:00:00,2.4887347
2009-12-19 12:00:00,2.6982677
2009-12-20 12:00:00,3.4427242
2009-12-21 12:00:00,3.253899
2009-12-22 12:00:00,3.0365353
2009-12-23 12:00:00,2.9976366
2009-12-24 12:00:00,3.4244268
2009-12-25 12:00:00,3.218266
2009-12-26 12:00:00,2.9022338
2009-12-27 12:00:00,2.8656652
2009-12-28 12:00:00,2.8900175
2009-12-29 12:00:00,2.9876716
2009-12-30 12:00:00,2.149161
2009-12-31 12:00:00,2.3334315
2010-01-01 12:00:00,3.9819195
2010-01-02 12:00:00,3.544263
2010-01-03 12:00:00,2.7846577
2010-01-04 12:00:00,2.4643116
2010-01-05 12:00:00,3.0761707
2010-01-06 12:00:00,3.2927322
2010-01-07 12:00:00,3.0205193
2010-01-08 12:00:00,2.5643702
2010-01-09 12:00:00,2.6520708
2010-01-10 12:00:00,2.7560482
2010-01-11 12:00:00,2.7719219
2010-01-12 12:00:00,2.704645
2010-01-13 12:00:00,2.6810873
2010-01-14 12:00:00,2.756193
2010-01-15 12:00:00,3.2875493
2010-01-16 12:00:00,3.1561406
2010-01-17 12:00:00,2.8451037
2010-01-18 12:00:00,2.658746
2010-01-19 12:00:00,2.8799644
2010-01-20 12:00:00,3.3066213
2010-01-21 12:00:00,3.057334
2010-01-22 12:00:00,2.9697497
2010-01-23 12:00:00,2.821191
2010-01-24 12:00:00,2.6309328
2010-01-25 12:00:00,2.4896889
2010-01-26 12:00:00,2.870179
2010-01-27 12:00:00,3.0610282
2010-01-28 12:00:00,3.1130695
2010-01-29 12:00:00,2.9708426
2010-01-30 12:00:00,2.7648795
2010-01-31 12:00:00,2.8897192
2010-02-01 12:00:00,2.9166708
2010-02-02 12:00:00,2.801171
2010-02-03 12:00:00,2.8314857
2010-02-04 12:00:00,2.9570043
2010-02-05 12:00:00,3.057304
2010-02-06 12:00:00,3.1118178
2010-02-07 12:00:00,2.5192254
2010-02-08 12:00:00,2.1625574
2010-02-09 12:00:00,2.181489
2010-02-10 12:00:00,2.226612
2010-02-11 12:00:00,2.5643759
2010-02-12 12:00:00,2.5545254
2010-02-13 12:00:00,2.4710002
2010-02-14 12:00:00,2.3940258
2010-02-15 12:00:00,2.5271244
2010-02-16 12:00:00,2.426
2010-02-17 12:00:00,2.4619985
2010-02-18 12:00:00,2.4184146
2010-02-19 12:00:00,2.4327064
2010-02-20 12:00:00,2.4965813
2010-02-21 12:00:00,2.4764478
2010-02-22 12:00:00,2.50001
2010-02-23 12:00:00,2.6437194
2010-02-24 12:00:00,3.1163948
2010-02-25 12:00:00,2.3098412
2010-02-26 12:00:00,2.4352105
2010-02-27 12:00:00,2.6302931
2010-02-28 12:00:00,2.71386
2010-03-01 12:00:00,2.9195006
2010-03-02 12:00:00,3.062581
2010-03-03 12:00:00,3.3048763
2010-03-04 12:00:00,3.422836
2010-03-05 12:00:00,3.7782736
2010-03-06 12:00:00,3.2629797
2010-03-07 12:00:00,2.8078985
2010-03-08 12:00:00,2.595052
2010-03-09 12:00:00,2.5785143
2010-03-10 12:00:00,2.5028899
2010-03-11 12:00:00,2.408249
2010-03-12 12:00:00,2.737104
2010-03-13 12:00:00,2.8693166
2010-03-14 12:00:00,2.9609327
2010-03-15 12:00:00,2.7538106
2010-03-16 12:00:00,2.3780603
2010-03-17 12:00:00,2.5196812
2010-03-18 12:00:00,2.4788725
2010-03-19 12:00:00,2.270813
2010-03-20 12:00:00,2.7070606
2010-03-21 12:00:00,2.9572406
2010-03-22 12:00:00,3.7304628
2010-03-23 12:00:00,3.798987
2010-03-24 12:00:00,3.5318787
2010-03-25 12:00:00,3.4575524
2010-03-26 12:00:00,3.3659358
2010-03-27 12:00:00,3.3094506
2010-03-28 12:00:00,3.2457848
2010-03-29 12:00:00,3.70702
2010-03-30 12:00:00,4.251524
2010-03-31 12:00:00,4.618171
2010-04-01 12:00:00,4.136401
2010-04-02 12:00:00,3.6429648
2010-04-03 12:00:00,3.2594295
2010-04-04 12:00:00,3.134918
2010-04-05 12:00:00,3.1266458
2010-04-06 12:00:00,3.3650496
2010-04-07 12:00:00,2.8530552
2010-04-08 12:00:00,3.3247333
2010-04-09 12:00:00,3.770029
2010-04-10 12:00:00,4.3004007
2010-04-11 12:00:00,3.9647837
2010-04-12 12:00:00,4.3490424
2010-04-13 12:00:00,4.2077103
2010-04-14 12:00:00,3.5978668
2010-04-15 12:00:00,2.9770522
2010-04-16 12:00:00,3.5049083
2010-04-17 12:00:00,4.0002775
2010-04-18 12:00:00,4.3575754
2010-04-19 12:00:00,4.9835587
2010-04-20 12:00:00,4.999296
2010-04-21 12:00:00,4.5138507
2010-04-22 12:00:00,3.7312446
2010-04-23 12:00:00,4.006457
2010-04-24 12:00:00,3.6756268
2010-04-25 12:00:00,3.5714614
2010-04-26 12:00:00,3.2262552
2010-04-27 12:00:00,3.2063332
2010-04-28 12:00:00,3.29075
2010-04-29 12:00:00,3.0547705
2010-04-30 12:00:00,2.8821998
2010-05-01 12:00:00,2.9503503
2010-05-02 12:00:00,2.5905082
2010-05-03 12:00:00,3.034945
2010-05-04 12:00:00,2.943988
2010-05-05 12:00:00,2.927485
2010-05-06 12:00:00,2.7165432
2010-05-07 12:00:00,2.7189794
2010-05-08 12:00:00,3.0510197
2010-05-09 12:00:00,4.0377316
2010-05-10 12:00:00,3.560562
2010-05-11 12:00:00,3.7482963
2010-05-12 12:00:00,4.0204663
2010-05-13 12:00:00,3.630656
2010-05-14 12:00:00,3.993844
2010-05-15 12:00:00,3.4461858
2010-05-16 12:00:00,3.1380444
2010-05-17 12:00:00,3.6653364
2010-05-18 12:00:00,4.3011174
2010-05-19 12:00:00,4.3273396
2010-05-20 12:00:00,4.238374
2010-05-21 12:00:00,4.273919
2010-05-22 12:00:00,3.8236976
2010-05-23 12:00:00,4.067499
2010-05-24 12:00:00,4.2471585
2010-05-25 12:00:00,5.0105376
2010-05-26 12:00:00,4.544337
2010-05-27 12:00:00,4.0142307
2010-05-28 12:00:00,3.1687942
2010-05-29 12:00:00,3.4864469
2010-05-30 12:00:00,3.7189822
2010-05-31 12:00:00,3.932994
2010-06-01 12:00:00,3.932763
2010-06-02 12:00:00,4.025073
2010-06-03 12:00:00,3.8867273
2010-06-04 12:00:00,3.7551804
2010-06-05 12:00:00,3.8779802
2010-06-06 12:00:00,3.7870326
2010-06-07 12:00:00,3.1695447
2010-06-08 12:00:00,2.9427543
2010-06-09 12:00:00,3.242595
2010-06-10 12:00:00,3.3243847
2010-06-11 12:00:00,3.6270049
2010-06-12 12:00:00,4.3907404
2010-06-13 12:00:00,4.714129
2010-06-14 12:00:00,5.2131004
2010-06-15 12:00:00,5.026912
2010-06-16 12:00:00,4.4818277
2010-06-17 12:00:00,4.382624
2010-06-18 12:00:00,4.0940695
2010-06-19 12:00:00,3.98667
2010-06-20 12:00:00,3.9542632
2010-06-21 12:00:00,3.7236137
2010-06-22 12:00:00,3.8953028
2010-06-23 12:00:00,3.7821586
2010-06-24 12:00:00,4.4357505
2010-06-25 12:00:00,4.3028374
2010-06-26 12:00:00,3.9660635
2010-06-27 12:00:00,3.736257
2010-06-28 12:00:00,3.6451497
2010-06-29 12:00:00,3.4693449
2010-06-30 12:00:00,3.339777
2010-07-01 12:00:00,3.3477616
2010-07-02 12:00:00,3.8212137
2010-07-03 12:00:00,3.391787
2010-07-04 12:00:00,3.0628324
2010-07-05 12:00:00,3.1701965
2010-07-06 12:00:00,3.787809
2010-07-07 12:00:00,3.711578
2010-07-08 12:00:00,3.641637
2010-07-09 12:00:00,4.192003
2010-07-10 12:00:00,4.354447
2010-07-11 12:00:00,4.508089
2010-07-12 12:00:00,4.206123
2010-07-13 12:00:00,3.214013
2010-07-14 12:00:00,2.731631
2010-07-15 12:00:00,2.5830436
2010-07-16 12:00:00,3.0259705
2010-07-17 12:00:00,3.1089897
2010-07-18 12:00:00,2.7227185
2010-07-19 12:00:00,2.9621534
2010-07-20 12:00:00,3.3602269
2010-07-21 12:00:00,3.836081
2010-07-22 12:00:00,3.990029
2010-07-23 12:00:00,4.603513
2010-07-24 12:00:00,5.788683
2010-07-25 12:00:00,5.810854
2010-07-26 12:00:00,4.4046493
2010-07-27 12:00:00,2.9581926
2010-07-28 12:00:00,3.5154192
2010-07-29 12:00:00,3.8713672
2010-07-30 12:00:00,4.3823366
2010-07-31 12:00:00,3.829013
2010-08-01 12:00:00,3.191474
2010-08-02 12:00:00,3.299124
2010-08-03 12:00:00,3.8486683
2010-08-04 12:00:00,4.4785323
2010-08-05 12:00:00,4.6916065
2010-08-06 12:00:00,4.1143365
2010-08-07 12:00:00,3.3819401
2010-08-08 12:00:00,2.981861
2010-08-09 12:00:00,2.6073067
2010-08-10 12:00:00,1.9089092
2010-08-11 12:00:00,2.2773755
2010-08-12 12:00:00,2.9847693
2010-08-13 12:00:00,3.0859919
2010-08-14 12:00:00,3.260912
2010-08-15 12:00:00,2.928429
2010-08-16 12:00:00,2.6213555
2010-08-17 12:00:00,2.3545535
2010-08-18 12:00:00,2.5926487
2010-08-19 12:00:00,2.223219
2010-08-20 12:00:00,2.0448196
2010-08-21 12:00:00,2.61168
2010-08-22 12:00:00,2.1343207
2010-08-23 12:00:00,1.958367
2010-08-24 12:00:00,2.6213546
2010-08-25 12:00:00,3.3157978
2010-08-26 12:00:00,3.514333
2010-08-27 12:00:00,3.201194
2010-08-28 12:00:00,3.2396224
2010-08-29 12:00:00,3.763385
2010-08-30 12:00:00,4.1777864
2010-08-31 12:00:00,4.038383
2010-09-01 12:00:00,3.0603993
2010-09-02 12:00:00,2.4831958
2010-09-03 12:00:00,3.3252468
2010-09-04 12:00:00,3.904449
2010-09-05 12:00:00,4.500902
2010-09-06 12:00:00,3.9561646
2010-09-07 12:00:00,4.179451
2010-09-08 12:00:00,3.5639908
2010-09-09 12:00:00,2.9835517
2010-09-10 12:00:00,2.6914556
2010-09-11 12:00:00,2.3584359
2010-09-12 12:00:00,2.2036018
2010-09-13 12:00:00,2.3099945
2010-09-14 12:00:00,2.8310502
2010-09-15 12:00:00,3.1657104
2010-09-16 12:00:00,3.0408921
2010-09-17 12:00:00,3.3220115
2010-09-18 12:00:00,3.598857
2010-09-19 12:00:00,2.5856352
2010-09-20 12:00:00,2.0015318
2010-09-21 12:00:00,1.7623918
2010-09-22 12:00:00,1.8436233
2010-09-23 12:00:00,1.9473243
2010-09-24 12:00:00,2.284994
2010-09-25 12:00:00,1.8820288
2010-09-26 12:00:00,1.7953515
2010-09-27 12:00:00,1.9518526
2010-09-28 12:00:00,1.7157191
2010-09-29 12:00:00,1.3191242
2010-09-30 12:00:00,1.4275283
2010-10-01 12:00:00,1.6715318
2010-10-02 12:00:00,1.7914548
2010-10-03 12:00:00,2.1425407
2010-10-04 12:00:00,2.7888467
2010-10-05 12:00:00,3.733382
2010-10-06 12:00:00,4.1451783
2010-10-07 12:00:00,4.320792
2010-10-08 12:00:00,3.5251894
2010-10-09 12:00:00,2.9918213
2010-10-10 12:00:00,2.2963812
2010-10-11 12:00:00,1.9834975
2010-10-12 12:00:00,2.7950137
2010-10-13 12:00:00,3.6982284
2010-10-14 12:00:00,4.374304
2010-10-15 12:00:00,3.9571817
2010-10-16 12:00:00,2.9656427
2010-10-17 12:00:00,2.4382293
2010-10-18 12:00:00,2.1186943
2010-10-19 12:00:00,2.269887
2010-10-20 12:00:00,2.4182308
2010-10-21 12:00:00,2.9906614
2010-10-22 12:00:00,3.0484073
2010-10-23 12:00:00,2.3272464
2010-10-24 12:00:00,1.5201653
2010-10-25 12:00:00,1.5186965
2010-10-26 12:00:00,1.6178945
2010-10-27 12:00:00,1.7183075
2010-10-28 12:00:00,2.1698189
2010-10-29 12:00:00,2.7620673
2010-10-30 12:00:00,3.0220172
2010-10-31 12:00:00,2.5351374
2010-11-01 12:00:00,2.4304879
2010-11-02 12:00:00,2.3123171
2010-11-03 12:00:00,2.530774
2010-11-04 12:00:00,2.9036305
2010-11-05 12:00:00,3.124565
2010-11-06 12:00:00,3.5523622
2010-11-07 12:00:00,3.4192793
2010-11-08 12:00:00,2.783377
2010-11-09 12:00:00,2.4268887
2010-11-10 12:00:00,1.7286786
2010-11-11 12:00:00,1.4968377
2010-11-12 12:00:00,1.5953318
2010-11-13 12:00:00,1.5310757
2010-11-14 12:00:00,2.2356293
2010-11-15 12:00:00,2.4991012
2010-11-16 12:00:00,2.349863
2010-11-17 12:00:00,2.2496972
2010-11-18 12:00:00,2.3158937
2010-11-19 12:00:00,1.7822285
2010-11-20 12:00:00,1.8313287
2010-11-21 12:00:00,1.9108309
2010-11-22 12:00:00,2.6831472
2010-11-23 12:00:00,2.5327435
2010-11-24 12:00:00,2.416329
2010-11-25 12:00:00,2.3622396
2010-11-26 12:00:00,2.1811676
2010-11-27 12:00:00,1.9663516
2010-11-28 12:00:00,2.2289848
2010-11-29 12:00:00,2.7107751
2010-11-30 12:00:00,3.2227516
2010-12-01 12:00:00,3.3700328
2010-12-02 12:00:00,3.2500982
2010-12-03 12:00:00,3.1075475
2010-12-04 12:00:00,3.3262677
2010-12-05 12:00:00,3.7545311
2010-12-06 12:00:00,4.003751
2010-12-07 12:00:00,3.2291305
2010-12-08 12:00:00,2.8552864
2010-12-09 12:00:00,2.5307024
2010-12-10 12:00:00,2.4739785
2010-12-11 12:00:00,2.650723
2010-12-12 12:00:00,2.3851461
2010-12-13 12:00:00,2.177114
2010-12-14 12:00:00,2.2913947
2010-12-15 12:00:00,3.3352928
2010-12-16 12:00:00,2.942055
2010-12-17 12:00:00,2.742734
2010-12-18 12:00:00,2.9434412
2010-12-19 12:00:00,3.473549
2010-12-20 12:00:00,3.8201652
2010-12-21 12:00:00,3.2171357
2010-12-22 12:00:00,2.5302043
2010-12-23 12:00:00,2.4597466
2010-12-24 12:00:00,2.6556442
2010-12-25 12:00:00,2.91171
2010-12-26 12:00:00,3.0711915
2010-12-27 12:00:00,2.8030553
2010-12-28 12:00:00,2.7241988
2010-12-29 12:00:00,2.536333
2010-12-30 12:00:00,2.0828338
2010-12-31 12:00:00,1.9209229
2011-01-01 12:00:00,1.837464
2011-01-02 12:00:00,3.038135
2011-01-03 12:00:00,3.713051
2011-01-04 12:00:00,3.0533493
2011-01-05 12:00:00,2.4057524
2011-01-06 12:00:00,3.0782917
2011-01-07 12:00:00,3.2433786
2011-01-08 12:00:00,3.053892
2011-01-09 12:00:00,2.3936963
2011-01-10 12:00:00,3.1289675
2011-01-11 12:00:00,3.137398
2011-01-12 12:00:00,2.7234788
2011-01-13 12:00:00,2.8602495
2011-01-14 12:00:00,2.8360083
2011-01-15 12:00:00,2.670432
2011-01-16 12:00:00,2.4467576
2011-01-17 12:00:00,2.2479515
2011-01-18 12:00:00,2.0816429
2011-01-19 12:00:00,2.146791
2011-01-20 12:00:00,2.351719
2011-01-21 12:00:00,2.6129148
2011-01-22 12:00:00,2.8422635
2011-01-23 12:00:00,2.92026
2011-01-24 12:00:00,2.664982
2011-01-25 12:00:00,2.9107528
2011-01-26 12:00:00,2.9191725
2011-01-27 12:00:00,2.715459
2011-01-28 12:00:00,3.348695
2011-01-29 12:00:00,3.084909
2011-01-30 12:00:00,2.721765
2011-01-31 12:00:00,2.528347
2011-02-01 12:00:00,3.1028268
2011-02-02 12:00:00,3.0157633
2011-02-03 12:00:00,2.774132
2011-02-04 12:00:00,2.3454196
2011-02-05 12:00:00,2.2221928
2011-02-06 12:00:00,2.3574762
2011-02-07 12:00:00,2.3545208
2011-02-08 12:00:00,2.3711557
2011-02-09 12:00:00,2.4370065
2011-02-10 12:00:00,2.4948013
2011-02-11 12:00:00,2.6143093
2011-02-12 12:00:00,2.319716
2011-02-13 12:00:00,2.2429826
2011-02-14 12:00:00,2.3290439
2011-02-15 12:00:00,2.5201924
2011-02-16 12:00:00,2.6196785
2011-02-17 12:00:00,2.415918
2011-02-18 12:00:00,2.0817106
2011-02-19 12:00:00,2.5359743
2011-02-20 12:00:00,2.5524898
2011-02-21 12:00:00,2.9625566
2011-02-22 12:00:00,3.6512878
2011-02-23 12:00:00,3.2104173
2011-02-24 12:00:00,2.823424
2011-02-25 12:00:00,2.5335798
2011-02-26 12:00:00,2.8248417
2011-02-27 12:00:00,3.3102133
2011-02-28 12:00:00,3.8475916
2011-03-01 12:00:00,3.2611759
2011-03-02 12:00:00,2.7963567
2011-03-03 12:00:00,2.4751716
2011-03-04 12:00:00,2.56
2011-03-05 12:00:00,2.598773
2011-03-06 12:00:00,2.4461195
2011-03-07 12:00:00,3.014478
2011-03-08 12:00:00,2.715518
2011-03-09 12:00:00,2.5324738
2011-03-10 12:00:00,2.2356846
2011-03-11 12:00:00,2.460294
2011-03-12 12:00:00,2.8673327
2011-03-13 12:00:00,2.3889072
2011-03-14 12:00:00,2.3328583
2011-03-15 12:00:00,2.624036
2011-03-16 12:00:00,2.9903507
2011-03-17 12:00:00,3.161304
2011-03-18 12:00:00,3.135117
2011-03-19 12:00:00,3.401215
2011-03-20 12:00:00,3.787963
2011-03-21 12:00:00,3.5547028
2011-03-22 12:00:00,2.8551893
2011-03-23 12:00:00,2.5314176
2011-03-24 12:00:00,2.5135474
2011-03-25 12:00:00,2.391486
2011-03-26 12:00:00,2.3969278
2011-03-27 12:00:00,2.5785143
2011-03-28 12:00:00,2.799981
2011-03-29 12:00:00,2.9333706
2011-03-30 12:00:00,3.4297328
2011-03-31 12:00:00,2.819908
2011-04-01 12:00:00,2.8567321
2011-04-02 12:00:00,2.6837301
2011-04-03 12:00:00,3.0712228
2011-04-04 12:00:00,2.9126616
2011-04-05 12:00:00,2.3550384
2011-04-06 12:00:00,2.3758972
2011-04-07 12:00:00,2.5710597
2011-04-08 12:00:00,2.6203768
2011-04-09 12:00:00,2.2018845
2011-04-10 12:00:00,1.8352251
2011-04-11 12:00:00,2.0903833
2011-04-12 12:00:00,2.2228205
2011-04-13 12:00:00,2.3696928
2011-04-14 12:00:00,2.4440382
2011-04-15 12:00:00,2.451583
2011-04-16 12:00:00,2.528253
2011-04-17 12:00:00,2.6204314
2011-04-18 12:00:00,2.8806958
2011-04-19 12:00:00,2.6862366
2011-04-20 12:00:00,2.3544848
2011-04-21 12:00:00,2.5935674
2011-04-22 12:00:00,2.4425077
2011-04-23 12:00:00,2.3911402
2011-04-24 12:00:00,2.5828428
2011-04-25 12:00:00,2.4314773
2011-04-26 12:00:00,1.9976323
2011-04-27 12:00:00,1.7840757
2011-04-28 12:00:00,2.2140944
2011-04-29 12:00:00,1.9141482
2011-04-30 12:00:00,1.883484
2011-05-01 12:00:00,2.5210607
2011-05-02 12:00:00,2.822005
2011-05-03 12:00:00,3.0278587
2011-05-04 12:00:00,2.4684043
2011-05-05 12:00:00,2.5799315
2011-05-06 12:00:00,2.586041
2011-05-07 12:00:00,2.5887566
2011-05-08 12:00:00,2.3792803
2011-05-09 12:00:00,3.6435149
2011-05-10 12:00:00,4.299047
2011-05-11 12:00:00,4.0656443
2011-05-12 12:00:00,3.8237472
2011-05-13 12:00:00,3.638999
2011-05-14 12:00:00,3.6601384
2011-05-15 12:00:00,3.4647295
2011-05-16 12:00:00,2.8393917
2011-05-17 12:00:00,3.0135117
2011-05-18 12:00:00,3.8837373
2011-05-19 12:00:00,4.1673594
2011-05-20 12:00:00,4.2346487
2011-05-21 12:00:00,4.8797445
2011-05-22 12:00:00,3.978821
2011-05-23 12:00:00,3.5334477
2011-05-24 12:00:00,3.7444623
2011-05-25 12:00:00,3.4513135
2011-05-26 12:00:00,3.016473
2011-05-27 12:00:00,2.8733351
2011-05-28 12:00:00,2.768439
2011-05-29 12:00:00,3.0510712
2011-05-30 12:00:00,3.5440388
2011-05-31 12:00:00,3.4799001
2011-06-01 12:00:00,2.8941696
2011-06-02 12:00:00,2.637838
2011-06-03 12:00:00,2.4011679
2011-06-04 12:00:00,2.3834732
2011-06-05 12:00:00,2.6211655
2011-06-06 12:00:00,3.134956
2011-06-07 12:00:00,3.683111
2011-06-08 12:00:00,4.3425236
2011-06-09 12:00:00,4.5020466
2011-06-10 12:00:00,4.295268
2011-06-11 12:00:00,3.8912807
2011-06-12 12:00:00,3.8870368
2011-06-13 12:00:00,4.2470794
2011-06-14 12:00:00,4.3474746
2011-06-15 12:00:00,5.685814
2011-06-16 12:00:00,6.0190268
2011-06-17 12:00:00,5.569511
2011-06-18 12:00:00,5.240826
2011-06-19 12:00:00,4.711587
2011-06-20 12:00:00,4.7497053
2011-06-21 12:00:00,4.093887
2011-06-22 12:00:00,4.123667
2011-06-23 12:00:00,4.095885
2011-06-24 12:00:00,3.8970978
2011-06-25 12:00:00,3.9276192
2011-06-26 12:00:00,4.0110903
2011-06-27 12:00:00,3.9305508
2011-06-28 12:00:00,3.8227956
2011-06-29 12:00:00,3.8522887
2011-06-30 12:00:00,3.6492121
2011-07-01 12:00:00,3.8646157
2011-07-02 12:00:00,3.7048752
2011-07-03 12:00:00,3.1547542
2011-07-04 12:00:00,2.911642
2011-07-05 12:00:00,3.5712452
2011-07-06 12:00:00,4.3278723
2011-07-07 12:00:00,3.9274597
2011-07-08 12:00:00,3.559413
2011-07-09 12:00:00,3.674975
2011-07-10 12:00:00,3.1391606
2011-07-11 12:00:00,2.5632331
2011-07-12 12:00:00,2.905725
2011-07-13 12:00:00,4.0612755
2011-07-14 12:00:00,4.176338
2011-07-15 12:00:00,3.971487
2011-07-16 12:00:00,4.0785832
2011-07-17 12:00:00,4.209192
2011-07-18 12:00:00,4.706394
2011-07-19 12:00:00,4.8979135
2011-07-20 12:00:00,5.661538
2011-07-21 12:00:00,5.806249
2011-07-22 12:00:00,4.809085
2011-07-23 12:00:00,3.0864742
2011-07-24 12:00:00,2.1639917
2011-07-25 12:00:00,2.2706957
2011-07-26 12:00:00,2.3554878
2011-07-27 12:00:00,2.3447654
2011-07-28 12:00:00,2.2319655
2011-07-29 12:00:00,2.3206809
2011-07-30 12:00:00,2.6114743
2011-07-31 12:00:00,2.8870027
2011-08-01 12:00:00,2.8217309
2011-08-02 12:00:00,3.6516075
2011-08-03 12:00:00,4.839041
2011-08-04 12:00:00,4.840643
2011-08-05 12:00:00,4.5749393
2011-08-06 12:00:00,4.4085836
2011-08-07 12:00:00,4.4409347
2011-08-08 12:00:00,4.571426
2011-08-09 12:00:00,3.9012442
2011-08-10 12:00:00,3.9579659
2011-08-11 12:00:00,4.048309
2011-08-12 12:00:00,4.5848227
2011-08-13 12:00:00,3.8386135
2011-08-14 12:00:00,2.6391108
2011-08-15 12:00:00,2.500971
2011-08-16 12:00:00,2.8266556
2011-08-17 12:00:00,2.3734467
2011-08-18 12:00:00,2.2834153
2011-08-19 12:00:00,2.5200922
2011-08-20 12:00:00,2.5252247
2011-08-21 12:00:00,3.104113
2011-08-22 12:00:00,2.9588232
2011-08-23 12:00:00,3.2154343
2011-08-24 12:00:00,3.0797439
2011-08-25 12:00:00,3.082117
2011-08-26 12:00:00,3.4830253
2011-08-27 12:00:00,3.4671853
2011-08-28 12:00:00,3.7527876
2011-08-29 12:00:00,3.707417
2011-08-30 12:00:00,3.8247716
2011-08-31 12:00:00,4.0552406
2011-09-01 12:00:00,4.303005
2011-09-02 12:00:00,3.9824872
2011-09-03 12:00:00,3.7342339
2011-09-04 12:00:00,3.4466655
2011-09-05 12:00:00,4.0138164
2011-09-06 12:00:00,4.541659
2011-09-07 12:00:00,4.6308775
2011-09-08 12:00:00,4.2542825
2011-09-09 12:00:00,3.7464077
2011-09-10 12:00:00,2.9075668
2011-09-11 12:00:00,1.8588172
2011-09-12 12:00:00,1.6775348
2011-09-13 12:00:00,2.8663607
2011-09-14 12:00:00,3.3826258
2011-09-15 12:00:00,3.631535
2011-09-16 12:00:00,3.5321133
2011-09-17 12:00:00,3.9103885
2011-09-18 12:00:00,3.2594144
2011-09-19 12:00:00,2.8472576
2011-09-20 12:00:00,3.6873312
2011-09-21 12:00:00,4.2427654
2011-09-22 12:00:00,4.2354007
2011-09-23 12:00:00,4.1748443
2011-09-24 12:00:00,3.8347
2011-09-25 12:00:00,3.3470128
2011-09-26 12:00:00,2.801743
2011-09-27 12:00:00,2.2508063
2011-09-28 12:00:00,2.0292728
2011-09-29 12:00:00,2.0482054
2011-09-30 12:00:00,2.2766736
2011-10-01 12:00:00,2.4936078
2011-10-02 12:00:00,2.3345103
2011-10-03 12:00:00,1.7724832
2011-10-04 12:00:00,1.5314461
2011-10-05 12:00:00,1.3127638
2011-10-06 12:00:00,1.2828376
2011-10-07 12:00:00,1.2624693
2011-10-08 12:00:00,1.2783177
2011-10-09 12:00:00,1.4194897
2011-10-10 12:00:00,1.5439059
2011-10-11 12:00:00,1.8804572
2011-10-12 12:00:00,1.5458633
2011-10-13 12:00:00,1.4933094
2011-10-14 12:00:00,1.4202776
2011-10-15 12:00:00,1.3420122
2011-10-16 12:00:00,1.8576466
2011-10-17 12:00:00,2.5436432
2011-10-18 12:00:00,2.9788868
2011-10-19 12:00:00,2.7089534
2011-10-20 12:00:00,1.7331996
2011-10-21 12:00:00,1.6434077
2011-10-22 12:00:00,1.5295237
2011-10-23 12:00:00,1.752618
2011-10-24 12:00:00,2.3372636
2011-10-25 12:00:00,1.8873276
2011-10-26 12:00:00,1.9695067
2011-10-27 12:00:00,2.1179225
2011-10-28 12:00:00,2.5677884
2011-10-29 12:00:00,2.511217
2011-10-30 12:00:00,2.394824
2011-10-31 12:00:00,2.2876978
2011-11-01 12:00:00,2.194984
2011-11-02 12:00:00,2.3680747
2011-11-03 12:00:00,2.614865
2011-11-04 12:00:00,2.232257
2011-11-05 12:00:00,2.2112722
2011-11-06 12:00:00,2.1736312
2011-11-07 12:00:00,2.4959702
2011-11-08 12:00:00,2.5296512
2011-11-09 12:00:00,2.4938412
2011-11-10 12:00:00,2.1108167
2011-11-11 12:00:00,1.9330204
2011-11-12 12:00:00,2.0414083
2011-11-13 12:00:00,2.244137
2011-11-14 12:00:00,2.55269
2011-11-15 12:00:00,2.5934083
2011-11-16 12:00:00,2.1946807
2011-11-17 12:00:00,2.785246
2011-11-18 12:00:00,2.6345906
2011-11-19 12:00:00,2.2700608
2011-11-20 12:00:00,2.0774765
2011-11-21 12:00:00,2.4694316
2011-11-22 12:00:00,3.0282447
2011-11-23 12:00:00,3.1566718
2011-11-24 12:00:00,3.121653
2011-11-25 12:00:00,3.1415625
2011-11-26 12:00:00,2.8767302
2011-11-27 12:00:00,2.9822164
2011-11-28 12:00:00,2.3556702
2011-11-29 12:00:00,2.18243
2011-11-30 12:00:00,2.1804705
2011-12-01 12:00:00,1.9614594
2011-12-02 12:00:00,1.8643813
2011-12-03 12:00:00,1.7491114
2011-12-04 12:00:00,1.8916736
2011-12-05 12:00:00,2.3013873
2011-12-06 12:00:00,2.6745222
2011-12-07 12:00:00,2.8385367
2011-12-08 12:00:00,2.7466304
2011-12-09 12:00:00,2.8065012
2011-12-10 12:00:00,2.348494
2011-12-11 12:00:00,2.3411665
2011-12-12 12:00:00,2.7935185
2011-12-13 12:00:00,2.799675
2011-12-14 12:00:00,3.0978644
2011-12-15 12:00:00,2.9922
2011-12-16 12:00:00,3.1437278
2011-12-17 12:00:00,3.1827598
2011-12-18 12:00:00,3.250992
2011-12-19 12:00:00,2.9539886
2011-12-20 12:00:00,3.0530977
2011-12-21 12:00:00,3.3945396
2011-12-22 12:00:00,3.2673013
2011-12-23 12:00:00,3.0847971
2011-12-24 12:00:00,3.2112486
2011-12-25 12:00:00,3.2827768
2011-12-26 12:00:00,3.6169548
2011-12-27 12:00:00,3.9850748
2011-12-28 12:00:00,3.566468
2011-12-29 12:00:00,3.0544367
2011-12-30 12:00:00,2.8484907
2011-12-31 12:00:00,2.810697
2012-01-01 12:00:00,2.1370564
2012-01-02 12:00:00,2.5145051
2012-01-03 12:00:00,2.0152013
2012-01-04 12:00:00,1.8064301
2012-01-05 12:00:00,2.0612977
2012-01-06 12:00:00,2.1003866
2012-01-07 12:00:00,2.2637737
2012-01-08 12:00:00,2.2526083
2012-01-09 12:00:00,2.0238297
2012-01-10 12:00:00,2.2794328
2012-01-11 12:00:00,2.8639417
2012-01-12 12:00:00,3.4547677
2012-01-13 12:00:00,3.839224
2012-01-14 12:00:00,3.424813
2012-01-15 12:00:00,3.1211305
2012-01-16 12:00:00,2.419234
2012-01-17 12:00:00,2.4019766
2012-01-18 12:00:00,2.2197807
2012-01-19 12:00:00,2.3121023
2012-01-20 12:00:00,2.2395563
2012-01-21 12:00:00,2.7368646
2012-01-22 12:00:00,3.171294
2012-01-23 12:00:00,2.943955
2012-01-24 12:00:00,2.9101727
2012-01-25 12:00:00,2.7902014
2012-01-26 12:00:00,2.593906
2012-01-27 12:00:00,2.7236767
2012-01-28 12:00:00,2.9225118
2012-01-29 12:00:00,3.1597722
2012-01-30 12:00:00,3.441542
2012-01-31 12:00:00,3.5343053
2012-02-01 12:00:00,3.7208977
2012-02-02 12:00:00,3.6030977
2012-02-03 12:00:00,3.199924
2012-02-04 12:00:00,2.5036786
2012-02-05 12:00:00,2.7341404
2012-02-06 12:00:00,2.584197
2012-02-07 12:00:00,2.5451605
2012-02-08 12:00:00,2.603972
2012-02-09 12:00:00,2.2719135
2012-02-10 12:00:00,2.7330768
2012-02-11 12:00:00,2.7446544
2012-02-12 12:00:00,2.8954072
2012-02-13 12:00:00,2.9769366
2012-02-14 12:00:00,2.3969839
2012-02-15 12:00:00,2.4666724
2012-02-16 12:00:00,2.6855068
2012-02-17 12:00:00,2.8300364
2012-02-18 12:00:00,2.8144069
2012-02-19 12:00:00,2.6034915
2012-02-20 12:00:00,2.4786067
2012-02-21 12:00:00,2.5062258
2012-02-22 12:00:00,2.6375666
2012-02-23 12:00:00,2.6343813
2012-02-24 12:00:00,2.5602543
2012-02-25 12:00:00,2.409229
2012-02-26 12:00:00,2.6797693
2012-02-27 12:00:00,2.5020564
2012-02-28 12:00:00,3.1043897
2012-02-29 12:00:00,3.3525908
2012-03-01 12:00:00,2.8252177
2012-03-02 12:00:00,3.4308302
2012-03-03 12:00:00,3.3583488
2012-03-04 12:00:00,2.115948
2012-03-05 12:00:00,2.6687815
2012-03-06 12:00:00,3.1045566
2012-03-07 12:00:00,3.184913
2012-03-08 12:00:00,2.8916688
2012-03-09 12:00:00,2.673608
2012-03-10 12:00:00,2.6375468
2012-03-11 12:00:00,2.7624626
2012-03-12 12:00:00,2.6280456
2012-03-13 12:00:00,2.2852554
2012-03-14 12:00:00,2.6039855
2012-03-15 12:00:00,2.5812159
2012-03-16 12:00:00,2.8179603
2012-03-17 12:00:00,3.0598083
2012-03-18 12:00:00,2.8930821
2012-03-19 12:00:00,3.2085633
2012-03-20 12:00:00,3.1603525
2012-03-21 12:00:00,3.287981
2012-03-22 12:00:00,3.2534025
2012-03-23 12:00:00,2.7133873
2012-03-24 12:00:00,2.6687334
2012-03-25 12:00:00,2.4451995
2012-03-26 12:00:00,2.4871287
2012-03-27 12:00:00,2.676827
2012-03-28 12:00:00,2.577065
2012-03-29 12:00:00,3.17291
2012-03-30 12:00:00,2.971896
2012-03-31 12:00:00,2.5201426
2012-04-01 12:00:00,1.9523461
2012-04-02 12:00:00,2.1609557
2012-04-03 12:00:00,2.3336353
2012-04-04 12:00:00,3.0369036
2012-04-05 12:00:00,2.9082386
2012-04-06 12:00:00,2.5997798
2012-04-07 12:00:00,2.4979475
2012-04-08 12:00:00,3.3005426
2012-04-09 12:00:00,3.4193814
2012-04-10 12:00:00,3.4860795
2012-04-11 12:00:00,3.0933888
2012-04-12 12:00:00,3.2271457
2012-04-13 12:00:00,2.821372
2012-04-14 12:00:00,2.4447105
2012-04-15 12:00:00,2.9817147
2012-04-16 12:00:00,3.0677927
2012-04-17 12:00:00,3.0222795
2012-04-18 12:00:00,3.1531537
2012-04-19 12:00:00,3.0666103
2012-04-20 12:00:00,3.3848886
2012-04-21 12:00:00,3.139781
2012-04-22 12:00:00,3.7961164
2012-04-23 12:00:00,3.2761803
2012-04-24 12:00:00,3.1154332
2012-04-25 12:00:00,2.8775525
2012-04-26 12:00:00,3.3078134
2012-04-27 12:00:00,3.60803
2012-04-28 12:00:00,3.6397746
2012-04-29 12:00:00,3.4731727
2012-04-30 12:00:00,3.4576976
2012-05-01 12:00:00,3.4357016
2012-05-02 12:00:00,3.207271
2012-05-03 12:00:00,3.134078
2012-05-04 12:00:00,2.7613056
2012-05-05 12:00:00,2.3370235
2012-05-06 12:00:00,2.4744883
2012-05-07 12:00:00,2.8982158
2012-05-08 12:00:00,3.1287475
2012-05-09 12:00:00,2.923227
2012-05-10 12:00:00,2.9910593
2012-05-11 12:00:00,3.340716
2012-05-12 12:00:00,3.7113926
2012-05-13 12:00:00,3.6760082
2012-05-14 12:00:00,3.8778415
2012-05-15 12:00:00,3.8182275
2012-05-16 12:00:00,3.1542392
2012-05-17 12:00:00,3.4700122
2012-05-18 12:00:00,3.3889906
2012-05-19 12:00:00,3.6550264
2012-05-20 12:00:00,3.1781175
2012-05-21 12:00:00,3.1709788
2012-05-22 12:00:00,3.277519
2012-05-23 12:00:00,3.90734
2012-05-24 12:00:00,3.8696408
2012-05-25 12:00:00,3.4219506
2012-05-26 12:00:00,3.656159
2012-05-27 12:00:00,3.537467
2012-05-28 12:00:00,3.4805655
2012-05-29 12:00:00,3.019459
2012-05-30 12:00:00,3.8610873
2012-05-31 12:00:00,3.9523604
2012-06-01 12:00:00,4.406257
2012-06-02 12:00:00,4.463263
2012-06-03 12:00:00,4.4829683
2012-06-04 12:00:00,4.4051657
2012-06-05 12:00:00,4.251662
2012-06-06 12:00:00,3.8044333
2012-06-07 12:00:00,3.3948648
2012-06-08 12:00:00,3.3882155
2012-06-09 12:00:00,3.756889
2012-06-10 12:00:00,3.8287718
2012-06-11 12:00:00,3.6490335
2012-06-12 12:00:00,4.310044
2012-06-13 12:00:00,4.5546603
2012-06-14 12:00:00,4.7552905
2012-06-15 12:00:00,4.77045
2012-06-16 12:00:00,4.651509
2012-06-17 12:00:00,4.069089
2012-06-18 12:00:00,5.267069
2012-06-19 12:00:00,5.318093
2012-06-20 12:00:00,5.294473
2012-06-21 12:00:00,5.6618276
2012-06-22 12:00:00,4.9017906
2012-06-23 12:00:00,4.9138074
2012-06-24 12:00:00,5.437658
2012-06-25 12:00:00,5.193987
2012-06-26 12:00:00,5.197378
2012-06-27 12:00:00,4.4081845
2012-06-28 12:00:00,4.047543
2012-06-29 12:00:00,3.533305
2012-06-30 12:00:00,3.6179783
2012-07-01 12:00:00,4.288969
2012-07-02 12:00:00,4.6099477
2012-07-03 12:00:00,4.4778643
2012-07-04 12:00:00,3.6286187
2012-07-05 12:00:00,3.3461206
2012-07-06 12:00:00,3.7599442
2012-07-07 12:00:00,4.0771556
2012-07-08 12:00:00,4.1175637
2012-07-09 12:00:00,3.925106
2012-07-10 12:00:00,3.056146
2012-07-11 12:00:00,2.7104075
2012-07-12 12:00:00,2.801768
2012-07-13 12:00:00,3.052026
2012-07-14 12:00:00,3.5769157
2012-07-15 12:00:00,3.929507
2012-07-16 12:00:00,3.988896
2012-07-17 12:00:00,4.457357
2012-07-18 12:00:00,4.988135
2012-07-19 12:00:00,4.501796
2012-07-20 12:00:00,4.603605
2012-07-21 12:00:00,4.825405
2012-07-22 12:00:00,4.7023883
2012-07-23 12:00:00,4.4749336
2012-07-24 12:00:00,4.2308292
2012-07-25 12:00:00,4.644145
2012-07-26 12:00:00,4.784144
2012-07-27 12:00:00,4.804368
2012-07-28 12:00:00,5.0341763
2012-07-29 12:00:00,4.897901
2012-07-30 12:00:00,5.6610065
2012-07-31 12:00:00,5.3494177
2012-08-01 12:00:00,4.9112697
2012-08-02 12:00:00,4.78509
2012-08-03 12:00:00,5.31975
2012-08-04 12:00:00,5.48489
2012-08-05 12:00:00,5.1014466
2012-08-06 12:00:00,4.8272715
2012-08-07 12:00:00,4.4906583
2012-08-08 12:00:00,4.2724924
2012-08-09 12:00:00,3.9401412
2012-08-10 12:00:00,4.5168767
2012-08-11 12:00:00,4.9768715
2012-08-12 12:00:00,4.5400343
2012-08-13 12:00:00,4.2385526
2012-08-14 12:00:00,4.1508904
2012-08-15 12:00:00,3.6307511
2012-08-16 12:00:00,3.4615667
2012-08-17 12:00:00,3.6092575
2012-08-18 12:00:00,4.0726895
2012-08-19 12:00:00,3.9576602
2012-08-20 12:00:00,3.584313
2012-08-21 12:00:00,3.3293226
2012-08-22 12:00:00,3.2853742
2012-08-23 12:00:00,3.019046
2012-08-24 12:00:00,2.5379097
2012-08-25 12:00:00,2.9950578
2012-08-26 12:00:00,3.3350933
2012-08-27 12:00:00,3.2965133
2012-08-28 12:00:00,2.470033
2012-08-29 12:00:00,2.9176843
2012-08-30 12:00:00,3.6592362
2012-08-31 12:00:00,3.8743272
2012-09-01 12:00:00,3.6442614
2012-09-02 12:00:00,3.6283293
2012-09-03 12:00:00,4.624766
2012-09-04 12:00:00,4.929539
2012-09-05 12:00:00,3.5478706
2012-09-06 12:00:00,2.689842
2012-09-07 12:00:00,2.1665428
2012-09-08 12:00:00,3.0666757
2012-09-09 12:00:00,4.0103636
2012-09-10 12:00:00,3.7079735
2012-09-11 12:00:00,3.6772919
2012-09-12 12:00:00,3.5246673
2012-09-13 12:00:00,3.477567
2012-09-14 12:00:00,3.4240751
2012-09-15 12:00:00,3.329584
2012-09-16 12:00:00,3.2467701
2012-09-17 12:00:00,2.9029148
2012-09-18 12:00:00,2.6444914
2012-09-19 12:00:00,2.6427894
2012-09-20 12:00:00,2.8642247
2012-09-21 12:00:00,2.7486959
2012-09-22 12:00:00,2.9283867
2012-09-23 12:00:00,2.959889
2012-09-24 12:00:00,2.2814507
2012-09-25 12:00:00,1.5325886
2012-09-26 12:00:00,1.6046535
2012-09-27 12:00:00,1.7376089
2012-09-28 12:00:00,2.4094918
2012-09-29 12:00:00,2.7729628
2012-09-30 12:00:00,2.894522
2012-10-01 12:00:00,3.0783167
2012-10-02 12:00:00,3.3895006
2012-10-03 12:00:00,3.6771991
2012-10-04 12:00:00,3.7002032
2012-10-05 12:00:00,2.9894087
2012-10-06 12:00:00,2.5864427
2012-10-07 12:00:00,2.5840113
2012-10-08 12:00:00,2.2362595
2012-10-09 12:00:00,2.0735996
2012-10-10 12:00:00,2.4718535
2012-10-11 12:00:00,2.3173027
2012-10-12 12:00:00,1.9551651
2012-10-13 12:00:00,1.8712842
2012-10-14 12:00:00,1.4973955
2012-10-15 12:00:00,1.7166022
2012-10-16 12:00:00,1.8633517
2012-10-17 12:00:00,2.0955582
2012-10-18 12:00:00,2.2243187
2012-10-19 12:00:00,2.2474897
2012-10-20 12:00:00,2.3940685
2012-10-21 12:00:00,2.6051567
2012-10-22 12:00:00,2.534774
2012-10-23 12:00:00,2.6037514
2012-10-24 12:00:00,2.4184244
2012-10-25 12:00:00,2.3187516
2012-10-26 12:00:00,2.8857236
2012-10-27 12:00:00,3.0175848
2012-10-28 12:00:00,3.040024
2012-10-29 12:00:00,2.6758294
2012-10-30 12:00:00,2.5165894
2012-10-31 12:00:00,2.9616694
2012-11-01 12:00:00,2.094618
2012-11-02 12:00:00,2.3915231
2012-11-03 12:00:00,2.173722
2012-11-04 12:00:00,1.9018615
2012-11-05 12:00:00,1.8274928
2012-11-06 12:00:00,1.5273129
2012-11-07 12:00:00,1.708924
2012-11-08 12:00:00,1.7541848
2012-11-09 12:00:00,2.3789241
2012-11-10 12:00:00,2.8739367
2012-11-11 12:00:00,2.8211455
2012-11-12 12:00:00,2.9050202
2012-11-13 12:00:00,2.984183
2012-11-14 12:00:00,3.0192478
2012-11-15 12:00:00,3.4551167
2012-11-16 12:00:00,3.7020075
2012-11-17 12:00:00,3.6047533
2012-11-18 12:00:00,3.1510015
2012-11-19 12:00:00,2.8178918
2012-11-20 12:00:00,2.771056
2012-11-21 12:00:00,2.231115
2012-11-22 12:00:00,2.4673655
2012-11-23 12:00:00,2.724947
2012-11-24 12:00:00,2.6526766
2012-11-25 12:00:00,2.8055887
2012-11-26 12:00:00,3.0439632
2012-11-27 12:00:00,2.9649813
2012-11-28 12:00:00,2.985678
2012-11-29 12:00:00,2.6518173
2012-11-30 12:00:00,2.6414657
2012-12-01 12:00:00,2.9846401
2012-12-02 12:00:00,3.3710532
2012-12-03 12:00:00,3.0541105
2012-12-04 12:00:00,2.854909
2012-12-05 12:00:00,2.6685252
2012-12-06 12:00:00,2.3657775
2012-12-07 12:00:00,1.9341558
2012-12-08 12:00:00,2.0024834
2012-12-09 12:00:00,1.8165153
2012-12-10 12:00:00,2.1221914
2012-12-11 12:00:00,2.0023692
2012-12-12 12:00:00,2.043018
2012-12-13 12:00:00,2.2976913
2012-12-14 12:00:00,2.9137638
2012-12-15 12:00:00,3.1987422
2012-12-16 12:00:00,3.386424
2012-12-17 12:00:00,3.219878
2012-12-18 12:00:00,2.8342323
2012-12-19 12:00:00,2.6483643
2012-12-20 12:00:00,2.784691
2012-12-21 12:00:00,3.2333457
2012-12-22 12:00:00,3.3281727
2012-12-23 12:00:00,3.3346143
2012-12-24 12:00:00,2.6496344
2012-12-25 12:00:00,2.8274941
2012-12-26 12:00:00,3.6014316
2012-12-27 12:00:00,3.40314
2012-12-28 12:00:00,2.8009417
2012-12-29 12:00:00,2.8441846
2012-12-30 12:00:00,2.7036483
2012-12-31 12:00:00,2.7336597
2013-01-01 12:00:00,2.9341319
2013-01-02 12:00:00,2.542136
2013-01-03 12:00:00,2.2775009
2013-01-04 12:00:00,2.7375755
2013-01-05 12:00:00,2.829691
2013-01-06 12:00:00,2.6720555
2013-01-07 12:00:00,2.3651671
2013-01-08 12:00:00,3.0235522
2013-01-09 12:00:00,3.4660587
2013-01-10 12:00:00,3.0820363
2013-01-11 12:00:00,2.782785
2013-01-12 12:00:00,2.5965748
2013-01-13 12:00:00,2.098585
2013-01-14 12:00:00,2.3141468
2013-01-15 12:00:00,2.5358963
2013-01-16 12:00:00,2.5651836
2013-01-17 12:00:00,2.7443092
2013-01-18 12:00:00,2.5299814
2013-01-19 12:00:00,2.3154325
2013-01-20 12:00:00,2.3548927
2013-01-21 12:00:00,3.0144303
2013-01-22 12:00:00,3.4004288
2013-01-23 12:00:00,3.437925
2013-01-24 12:00:00,3.3997078
2013-01-25 12:00:00,3.6120298
2013-01-26 12:00:00,3.6589859
2013-01-27 12:00:00,3.1426487
2013-01-28 12:00:00,2.8239381
2013-01-29 12:00:00,2.4116805
2013-01-30 12:00:00,2.6002266
2013-01-31 12:00:00,2.7063937
2013-02-01 12:00:00,2.7175415
2013-02-02 12:00:00,2.604428
2013-02-03 12:00:00,2.5457191
2013-02-04 12:00:00,2.858973
2013-02-05 12:00:00,2.8460624
2013-02-06 12:00:00,2.3281481
2013-02-07 12:00:00,2.4285781
2013-02-08 12:00:00,2.9394414
2013-02-09 12:00:00,3.435661
2013-02-10 12:00:00,3.4537566
2013-02-11 12:00:00,3.1752744
2013-02-12 12:00:00,3.3147223
2013-02-13 12:00:00,2.9691393
2013-02-14 12:00:00,2.7277381
2013-02-15 12:00:00,2.801011
2013-02-16 12:00:00,3.1101685
2013-02-17 12:00:00,2.591177
2013-02-18 12:00:00,2.980818
2013-02-19 12:00:00,3.4692292
2013-02-20 12:00:00,3.429521
2013-02-21 12:00:00,3.4482067
2013-02-22 12:00:00,3.1257458
2013-02-23 12:00:00,2.6142623
2013-02-24 12:00:00,2.6054087
2013-02-25 12:00:00,2.6992793
2013-02-26 12:00:00,3.0738354
2013-02-27 12:00:00,3.051412
2013-02-28 12:00:00,2.9119265
2013-03-01 12:00:00,3.1900506
2013-03-02 12:00:00,3.0036128
2013-03-03 12:00:00,2.7475915
2013-03-04 12:00:00,2.5033042
2013-03-05 12:00:00,2.4749997
2013-03-06 12:00:00,2.6321135
2013-03-07 12:00:00,2.2902656
2013-03-08 12:00:00,2.5288117
2013-03-09 12:00:00,2.6876817
2013-03-10 12:00:00,2.7788265
2013-03-11 12:00:00,2.9949858
2013-03-12 12:00:00,3.059069
2013-03-13 12:00:00,2.5635016
2013-03-14 12:00:00,2.5152962
2013-03-15 12:00:00,1.978517
2013-03-16 12:00:00,2.0037358
2013-03-17 12:00:00,2.575893
2013-03-18 12:00:00,2.7731194
2013-03-19 12:00:00,2.7202525
2013-03-20 12:00:00,2.731646
2013-03-21 12:00:00,2.6941404
2013-03-22 12:00:00,2.9443438
2013-03-23 12:00:00,2.5687876
2013-03-24 12:00:00,2.7046783
2013-03-25 12:00:00,3.3918495
2013-03-26 12:00:00,3.2122724
2013-03-27 12:00:00,2.9179528
2013-03-28 12:00:00,3.180352
2013-03-29 12:00:00,2.9234488
2013-03-30 12:00:00,3.1106455
2013-03-31 12:00:00,2.8622816
2013-04-01 12:00:00,2.8209727
2013-04-02 12:00:00,2.7622812
2013-04-03 12:00:00,2.9994054
2013-04-04 12:00:00,4.072556
2013-04-05 12:00:00,3.5163348
2013-04-06 12:00:00,3.2429361
2013-04-07 12:00:00,3.264602
2013-04-08 12:00:00,3.2152662
2013-04-09 12:00:00,3.1688457
2013-04-10 12:00:00,3.4298635
2013-04-11 12:00:00,3.2469893
2013-04-12 12:00:00,2.727416
2013-04-13 12:00:00,2.9744265
2013-04-14 12:00:00,2.863363
2013-04-15 12:00:00,3.205425
2013-04-16 12:00:00,3.9487858
2013-04-17 12:00:00,3.6065955
2013-04-18 12:00:00,3.342835
2013-04-19 12:00:00,3.2636986
2013-04-20 12:00:00,3.2367864
2013-04-21 12:00:00,2.565072
2013-04-22 12:00:00,2.4509234
2013-04-23 12:00:00,2.3981526
2013-04-24 12:00:00,2.376771
2013-04-25 12:00:00,2.299051
2013-04-26 12:00:00,2.7408895
2013-04-27 12:00:00,3.3705254
2013-04-28 12:00:00,2.9021628
2013-04-29 12:00:00,3.1142285
2013-04-30 12:00:00,3.2120795
2013-05-01 12:00:00,4.1648455
2013-05-02 12:00:00,4.0761003
2013-05-03 12:00:00,3.6756532
2013-05-04 12:00:00,3.3484566
2013-05-05 12:00:00,3.0822089
2013-05-06 12:00:00,3.6877916
2013-05-07 12:00:00,2.9866962
2013-05-08 12:00:00,3.80505
2013-05-09 12:00:00,3.3097734
2013-05-10 12:00:00,3.5342386
2013-05-11 12:00:00,3.2900405
2013-05-12 12:00:00,3.1512504
2013-05-13 12:00:00,3.7624924
2013-05-14 12:00:00,3.5368094
2013-05-15 12:00:00,4.3529105
2013-05-16 12:00:00,3.65704
2013-05-17 12:00:00,3.4116888
2013-05-18 12:00:00,3.7199986
2013-05-19 12:00:00,3.8134236
2013-05-20 12:00:00,4.011184
2013-05-21 12:00:00,4.09254
2013-05-22 12:00:00,4.3672156
2013-05-23 12:00:00,4.265463
2013-05-24 12:00:00,4.4127045
2013-05-25 12:00:00,4.2546983
2013-05-26 12:00:00,3.7609932
2013-05-27 12:00:00,3.5973427
2013-05-28 12:00:00,4.239554
2013-05-29 12:00:00,4.942838
2013-05-30 12:00:00,5.18935
2013-05-31 12:00:00,3.9771678
2013-06-01 12:00:00,2.5890574
2013-06-02 12:00:00,1.990754
2013-06-03 12:00:00,2.2584538
2013-06-04 12:00:00,2.1684487
2013-06-05 12:00:00,2.6000085
2013-06-06 12:00:00,3.2616713
2013-06-07 12:00:00,3.625607
2013-06-08 12:00:00,3.7189705
2013-06-09 12:00:00,3.4440963
2013-06-10 12:00:00,3.1843953
2013-06-11 12:00:00,2.8462477
2013-06-12 12:00:00,4.2156577
2013-06-13 12:00:00,4.749615
2013-06-14 12:00:00,4.407227
2013-06-15 12:00:00,3.5139966
2013-06-16 12:00:00,2.6698472
2013-06-17 12:00:00,2.6911352
2013-06-18 12:00:00,2.994661
2013-06-19 12:00:00,3.2243578
2013-06-20 12:00:00,3.3807373
2013-06-21 12:00:00,3.75579
2013-06-22 12:00:00,3.800252
2013-06-23 12:00:00,4.462424
2013-06-24 12:00:00,5.5284376
2013-06-25 12:00:00,5.4020104
2013-06-26 12:00:00,4.857316
2013-06-27 12:00:00,4.8359375
2013-06-28 12:00:00,5.1970735
2013-06-29 12:00:00,4.7787986
2013-06-30 12:00:00,4.6773953
2013-07-01 12:00:00,4.2952447
2013-07-02 12:00:00,4.01037
2013-07-03 12:00:00,4.0591826
2013-07-04 12:00:00,3.4207559
2013-07-05 12:00:00,3.189473
2013-07-06 12:00:00,2.4180968
2013-07-07 12:00:00,2.8110104
2013-07-08 12:00:00,3.4016373
2013-07-09 12:00:00,3.6786678
2013-07-10 12:00:00,4.4476295
2013-07-11 12:00:00,5.319314
2013-07-12 12:00:00,5.0519032
2013-07-13 12:00:00,4.047245
2013-07-14 12:00:00,4.022995
2013-07-15 12:00:00,3.973165
2013-07-16 12:00:00,4.612385
2013-07-17 12:00:00,4.76396
2013-07-18 12:00:00,4.7744784
2013-07-19 12:00:00,4.8096356
2013-07-20 12:00:00,4.728315
2013-07-21 12:00:00,4.4832134
2013-07-22 12:00:00,5.130966
2013-07-23 12:00:00,4.7963076
2013-07-24 12:00:00,5.457545
2013-07-25 12:00:00,5.840935
2013-07-26 12:00:00,5.618677
2013-07-27 12:00:00,4.8157506
2013-07-28 12:00:00,4.912737
2013-07-29 12:00:00,4.6917915
2013-07-30 12:00:00,5.4690094
2013-07-31 12:00:00,5.0883408
2013-08-01 12:00:00,4.435593
2013-08-02 12:00:00,3.3205535
2013-08-03 12:00:00,2.4937353
2013-08-04 12:00:00,3.2152696
2013-08-05 12:00:00,4.174735
2013-08-06 12:00:00,3.6214802
2013-08-07 12:00:00,2.909419
2013-08-08 12:00:00,2.7505522
2013-08-09 12:00:00,2.7101767
2013-08-10 12:00:00,2.484015
2013-08-11 12:00:00,2.0489905
2013-08-12 12:00:00,2.1155715
2013-08-13 12:00:00,2.248816
2013-08-14 12:00:00,2.3223953
2013-08-15 12:00:00,3.593536
2013-08-16 12:00:00,4.123838
2013-08-17 12:00:00,4.656117
2013-08-18 12:00:00,4.7234554
2013-08-19 12:00:00,5.4392643
2013-08-20 12:00:00,5.7677183
2013-08-21 12:00:00,4.8927517
2013-08-22 12:00:00,4.257091
2013-08-23 12:00:00,3.7831943
2013-08-24 12:00:00,3.4697702
2013-08-25 12:00:00,3.8154855
2013-08-26 12:00:00,3.5345762
2013-08-27 12:00:00,3.8078551
2013-08-28 12:00:00,3.404744
2013-08-29 12:00:00,3.4713044
2013-08-30 12:00:00,3.3331847
2013-08-31 12:00:00,3.4231806
2013-09-01 12:00:00,3.075558
2013-09-02 12:00:00,3.0331454
2013-09-03 12:00:00,3.7002647
2013-09-04 12:00:00,3.4342964
2013-09-05 12:00:00,3.0727885
2013-09-06 12:00:00,2.1085675
2013-09-07 12:00:00,2.474868
2013-09-08 12:00:00,2.2180798
2013-09-09 12:00:00,1.7846226
2013-09-10 12:00:00,1.3534067
2013-09-11 12:00:00,1.7227541
2013-09-12 12:00:00,1.686477
2013-09-13 12:00:00,1.4889629
2013-09-14 12:00:00,1.795259
2013-09-15 12:00:00,2.5501893
2013-09-16 12:00:00,3.2390451
2013-09-17 12:00:00,3.3544667
2013-09-18 12:00:00,3.248448
2013-09-19 12:00:00,3.2685204
2013-09-20 12:00:00,3.6473825
2013-09-21 12:00:00,3.029638
2013-09-22 12:00:00,2.9653091
2013-09-23 12:00:00,2.563862
2013-09-24 12:00:00,2.4761772
2013-09-25 12:00:00,2.626778
2013-09-26 12:00:00,2.8685071
2013-09-27 12:00:00,2.778747
2013-09-28 12:00:00,2.6816347
2013-09-29 12:00:00,3.1692367
2013-09-30 12:00:00,3.169195
2013-10-01 12:00:00,2.904616
2013-10-02 12:00:00,2.6035547
2013-10-03 12:00:00,2.6865735
2013-10-04 12:00:00,2.7268128
2013-10-05 12:00:00,2.8970299
2013-10-06 12:00:00,2.2162712
2013-10-07 12:00:00,2.0333598
2013-10-08 12:00:00,2.3153737
2013-10-09 12:00:00,2.776061
2013-10-10 12:00:00,3.8812628
2013-10-11 12:00:00,4.997836
2013-10-12 12:00:00,6.12556
2013-10-13 12:00:00,4.7308345
2013-10-14 12:00:00,2.7988164
2013-10-15 12:00:00,1.7975342
2013-10-16 12:00:00,1.5836183
2013-10-17 12:00:00,1.7273282
2013-10-18 12:00:00,1.5434028
2013-10-19 12:00:00,1.8855782
2013-10-20 12:00:00,2.0626843
2013-10-21 12:00:00,2.595178
2013-10-22 12:00:00,3.326341
2013-10-23 12:00:00,3.074904
2013-10-24 12:00:00,2.6399016
2013-10-25 12:00:00,2.5492945
2013-10-26 12:00:00,2.7145438
2013-10-27 12:00:00,2.8738837
2013-10-28 12:00:00,2.2741432
2013-10-29 12:00:00,2.0210242
2013-10-30 12:00:00,1.901965
2013-10-31 12:00:00,2.2728631
2013-11-01 12:00:00,2.3823607
2013-11-02 12:00:00,2.550667
2013-11-03 12:00:00,2.7911475
2013-11-04 12:00:00,2.7213526
2013-11-05 12:00:00,2.9882941
2013-11-06 12:00:00,2.9755883
2013-11-07 12:00:00,2.7871647
2013-11-08 12:00:00,2.7655823
2013-11-09 12:00:00,3.0309649
2013-11-10 12:00:00,3.1639924
2013-11-11 12:00:00,2.9802794
2013-11-12 12:00:00,2.7690167
2013-11-13 12:00:00,2.8936408
2013-11-14 12:00:00,2.8858027
2013-11-15 12:00:00,2.90168
2013-11-16 12:00:00,2.9877024
2013-11-17 12:00:00,2.9255579
2013-11-18 12:00:00,3.0050368
2013-11-19 12:00:00,3.1575878
2013-11-20 12:00:00,3.1581972
2013-11-21 12:00:00,3.1558049
2013-11-22 12:00:00,2.5549417
2013-11-23 12:00:00,2.5955155
2013-11-24 12:00:00,2.7408178
2013-11-25 12:00:00,2.6870027
2013-11-26 12:00:00,2.9851801
2013-11-27 12:00:00,3.0283365
2013-11-28 12:00:00,2.2141893
2013-11-29 12:00:00,2.1284683
2013-11-30 12:00:00,2.4719095
2013-12-01 12:00:00,2.6199033
2013-12-02 12:00:00,2.7393835
2013-12-03 12:00:00,2.632713
2013-12-04 12:00:00,2.7385938
2013-12-05 12:00:00,2.919912
2013-12-06 12:00:00,3.0336213
2013-12-07 12:00:00,2.7589033
2013-12-08 12:00:00,3.109215
2013-12-09 12:00:00,3.9200656
2013-12-10 12:00:00,3.4367375
2013-12-11 12:00:00,3.1023095
2013-12-12 12:00:00,2.927458
2013-12-13 12:00:00,2.7865877
2013-12-14 12:00:00,2.3093863
2013-12-15 12:00:00,3.2126937
2013-12-16 12:00:00,3.3909302
2013-12-17 12:00:00,2.242541
2013-12-18 12:00:00,1.949012
2013-12-19 12:00:00,1.7188655
2013-12-20 12:00:00,1.8242489
2013-12-21 12:00:00,2.3931277
2013-12-22 12:00:00,2.6119616
2013-12-23 12:00:00,2.4183354
2013-12-24 12:00:00,2.9438264
2013-12-25 12:00:00,3.0489545
2013-12-26 12:00:00,2.918444
2013-12-27 12:00:00,2.722947
2013-12-28 12:00:00,2.5490775
2013-12-29 12:00:00,2.6212037
2013-12-30 12:00:00,3.235713
2013-12-31 12:00:00,3.115679
2014-01-01 12:00:00,3.1507905
2014-01-02 12:00:00,3.3580077
2014-01-03 12:00:00,3.5271423
2014-01-04 12:00:00,2.9539216
2014-01-05 12:00:00,2.5730402
2014-01-06 12:00:00,2.7175229
2014-01-07 12:00:00,3.2480493
2014-01-08 12:00:00,3.3524334
2014-01-09 12:00:00,2.8583295
2014-01-10 12:00:00,2.586528
2014-01-11 12:00:00,1.9331911
2014-01-12 12:00:00,2.6126966
2014-01-13 12:00:00,2.9882407
2014-01-14 12:00:00,2.385569
2014-01-15 12:00:00,2.1700451
2014-01-16 12:00:00,2.5342977
2014-01-17 12:00:00,2.913965
2014-01-18 12:00:00,2.5569131
2014-01-19 12:00:00,2.465598
2014-01-20 12:00:00,3.2346215
2014-01-21 12:00:00,2.9403007
2014-01-22 12:00:00,2.6269271
2014-01-23 12:00:00,2.1531563
2014-01-24 12:00:00,2.7016742
2014-01-25 12:00:00,3.0785623
2014-01-26 12:00:00,3.3385708
2014-01-27 12:00:00,3.1829097
2014-01-28 12:00:00,3.1267817
2014-01-29 12:00:00,3.027736
2014-01-30 12:00:00,2.9741948
2014-01-31 12:00:00,3.1090894
2014-02-01 12:00:00,3.2982662
2014-02-02 12:00:00,3.182882
2014-02-03 12:00:00,2.8189063
2014-02-04 12:00:00,2.5619566
2014-02-05 12:00:00,2.6285672
2014-02-06 12:00:00,2.604369
2014-02-07 12:00:00,2.552888
2014-02-08 12:00:00,3.0730858
2014-02-09 12:00:00,2.6543887
2014-02-10 12:00:00,2.4408476
2014-02-11 12:00:00,2.647967
2014-02-12 12:00:00,2.3385048
2014-02-13 12:00:00,2.6223464
2014-02-14 12:00:00,2.3678398
2014-02-15 12:00:00,2.1873817
2014-02-16 12:00:00,2.8484251
2014-02-17 12:00:00,3.1406045
2014-02-18 12:00:00,3.5331693
2014-02-19 12:00:00,2.8217046
2014-02-20 12:00:00,2.243671
2014-02-21 12:00:00,2.2713761
2014-02-22 12:00:00,2.520241
2014-02-23 12:00:00,2.5058367
2014-02-24 12:00:00,2.612058
2014-02-25 12:00:00,2.6298375
2014-02-26 12:00:00,2.5827122
2014-02-27 12:00:00,2.7138395
2014-02-28 12:00:00,3.4743116
2014-03-01 12:00:00,2.8853695
2014-03-02 12:00:00,2.7222455
2014-03-03 12:00:00,2.881397
2014-03-04 12:00:00,2.476203
2014-03-05 12:00:00,2.5497267
2014-03-06 12:00:00,2.8319778
2014-03-07 12:00:00,3.054629
2014-03-08 12:00:00,3.1837146
2014-03-09 12:00:00,2.873472
2014-03-10 12:00:00,2.5838625
2014-03-11 12:00:00,2.586462
2014-03-12 12:00:00,2.3974235
2014-03-13 12:00:00,2.5821106
2014-03-14 12:00:00,2.2575643
2014-03-15 12:00:00,2.5233476
2014-03-16 12:00:00,2.5599458
2014-03-17 12:00:00,2.4338388
2014-03-18 12:00:00,2.476556
2014-03-19 12:00:00,2.7991056
2014-03-20 12:00:00,2.488769
2014-03-21 12:00:00,2.6678066
2014-03-22 12:00:00,3.2803602
2014-03-23 12:00:00,2.441676
2014-03-24 12:00:00,2.446084
2014-03-25 12:00:00,2.3129814
2014-03-26 12:00:00,2.445312
2014-03-27 12:00:00,3.010682
2014-03-28 12:00:00,2.8894672
2014-03-29 12:00:00,2.852186
2014-03-30 12:00:00,2.9813724
2014-03-31 12:00:00,3.299924
2014-04-01 12:00:00,2.829888
2014-04-02 12:00:00,2.9732673
2014-04-03 12:00:00,2.945517
2014-04-04 12:00:00,2.8447928
2014-04-05 12:00:00,3.2081897
2014-04-06 12:00:00,3.2644598
2014-04-07 12:00:00,3.8269975
2014-04-08 12:00:00,4.022887
2014-04-09 12:00:00,3.1755095
2014-04-10 12:00:00,2.5586154
2014-04-11 12:00:00,2.3601177
2014-04-12 12:00:00,2.558483
2014-04-13 12:00:00,2.6585422
2014-04-14 12:00:00,2.6199884
2014-04-15 12:00:00,2.6299963
2014-04-16 12:00:00,2.9511967
2014-04-17 12:00:00,2.720375
2014-04-18 12:00:00,2.5084782
2014-04-19 12:00:00,2.5213542
2014-04-20 12:00:00,2.4748912
2014-04-21 12:00:00,2.088102
2014-04-22 12:00:00,2.5808132
2014-04-23 12:00:00,2.7837188
2014-04-24 12:00:00,3.4234488
2014-04-25 12:00:00,2.9213297
2014-04-26 12:00:00,2.9912453
2014-04-27 12:00:00,3.227921
2014-04-28 12:00:00,3.1524932
2014-04-29 12:00:00,3.4215238
2014-04-30 12:00:00,2.9575212
2014-05-01 12:00:00,3.6725895
2014-05-02 12:00:00,3.2623806
2014-05-03 12:00:00,2.9111123
2014-05-04 12:00:00,3.1482522
2014-05-05 12:00:00,2.4710028
2014-05-06 12:00:00,2.5840096
2014-05-07 12:00:00,3.0788732
2014-05-08 12:00:00,3.680034
2014-05-09 12:00:00,4.3746347
2014-05-10 12:00:00,3.7357283
2014-05-11 12:00:00,3.831964
2014-05-12 12:00:00,3.393617
2014-05-13 12:00:00,3.1750162
2014-05-14 12:00:00,3.3784916
2014-05-15 12:00:00,2.9575853
2014-05-16 12:00:00,2.478354
2014-05-17 12:00:00,2.2965286
2014-05-18 12:00:00,2.619901
2014-05-19 12:00:00,2.7096362
2014-05-20 12:00:00,3.1665974
2014-05-21 12:00:00,3.8087504
2014-05-22 12:00:00,3.4695897
2014-05-23 12:00:00,3.3285506
2014-05-24 12:00:00,3.564347
2014-05-25 12:00:00,4.1426134
2014-05-26 12:00:00,3.6784055
2014-05-27 12:00:00,3.7638347
2014-05-28 12:00:00,3.70047
2014-05-29 12:00:00,3.2008722
2014-05-30 12:00:00,3.415864
2014-05-31 12:00:00,2.7889738
2014-06-01 12:00:00,3.177631
2014-06-02 12:00:00,2.8369372
2014-06-03 12:00:00,2.802258
2014-06-04 12:00:00,2.5258315
2014-06-05 12:00:00,2.4603496
2014-06-06 12:00:00,2.795283
2014-06-07 12:00:00,2.8621325
2014-06-08 12:00:00,3.6543849
2014-06-09 12:00:00,3.9268064
2014-06-10 12:00:00,3.8481739
2014-06-11 12:00:00,3.763218
2014-06-12 12:00:00,3.5817266
2014-06-13 12:00:00,3.5488133
2014-06-14 12:00:00,3.8536582
2014-06-15 12:00:00,3.1123247
2014-06-16 12:00:00,3.4047592
2014-06-17 12:00:00,3.280943
2014-06-18 12:00:00,4.0206423
2014-06-19 12:00:00,4.8434315
2014-06-20 12:00:00,4.850142
2014-06-21 12:00:00,4.6682906
2014-06-22 12:00:00,4.301139
2014-06-23 12:00:00,4.0609922
2014-06-24 12:00:00,3.7106464
2014-06-25 12:00:00,3.579817
2014-06-26 12:00:00,3.6653645
2014-06-27 12:00:00,3.4685366
2014-06-28 12:00:00,4.0104814
2014-06-29 12:00:00,3.99907
2014-06-30 12:00:00,3.7363307
2014-07-01 12:00:00,4.097207
2014-07-02 12:00:00,4.0348444
2014-07-03 12:00:00,4.111292
2014-07-04 12:00:00,3.1412332
2014-07-05 12:00:00,3.243637
2014-07-06 12:00:00,3.1066833
2014-07-07 12:00:00,3.3157272
2014-07-08 12:00:00,3.3949122
2014-07-09 12:00:00,3.128374
2014-07-10 12:00:00,3.6911027
2014-07-11 12:00:00,4.1582866
2014-07-12 12:00:00,4.1436343
2014-07-13 12:00:00,4.103201
2014-07-14 12:00:00,4.3737926
2014-07-15 12:00:00,5.2438307
2014-07-16 12:00:00,4.455138
2014-07-17 12:00:00,4.317787
2014-07-18 12:00:00,4.5859585
2014-07-19 12:00:00,5.5493464
2014-07-20 12:00:00,6.1938124
2014-07-21 12:00:00,6.027764
2014-07-22 12:00:00,4.847699
2014-07-23 12:00:00,3.791165
2014-07-24 12:00:00,3.2924066
2014-07-25 12:00:00,3.2483315
2014-07-26 12:00:00,3.270178
2014-07-27 12:00:00,4.5299363
2014-07-28 12:00:00,4.6607065
2014-07-29 12:00:00,4.427443
2014-07-30 12:00:00,4.3279343
2014-07-31 12:00:00,3.8478205
2014-08-01 12:00:00,4.0779457
2014-08-02 12:00:00,4.6613336
2014-08-03 12:00:00,5.3058615
2014-08-04 12:00:00,5.311646
2014-08-05 12:00:00,5.0087113
2014-08-06 12:00:00,4.0810533
2014-08-07 12:00:00,3.857016
2014-08-08 12:00:00,3.9058
2014-08-09 12:00:00,3.8310852
2014-08-10 12:00:00,4.101956
2014-08-11 12:00:00,4.200586
2014-08-12 12:00:00,4.017639
2014-08-13 12:00:00,3.9359982
2014-08-14 12:00:00,3.406701
2014-08-15 12:00:00,3.3873534
2014-08-16 12:00:00,3.1011376
2014-08-17 12:00:00,2.5078542
2014-08-18 12:00:00,2.2250016
2014-08-19 12:00:00,2.2890935
2014-08-20 12:00:00,2.1351438
2014-08-21 12:00:00,2.7979312
2014-08-22 12:00:00,2.8882256
2014-08-23 12:00:00,2.8471723
2014-08-24 12:00:00,2.68171
2014-08-25 12:00:00,2.4171336
2014-08-26 12:00:00,2.4915931
2014-08-27 12:00:00,2.9447992
2014-08-28 12:00:00,3.619199
2014-08-29 12:00:00,4.311064
2014-08-30 12:00:00,4.423485
2014-08-31 12:00:00,4.471106
2014-09-01 12:00:00,4.5065503
2014-09-02 12:00:00,3.592405
2014-09-03 12:00:00,3.4014533
2014-09-04 12:00:00,3.8913925
2014-09-05 12:00:00,4.228274
2014-09-06 12:00:00,4.7507753
2014-09-07 12:00:00,4.2953877
2014-09-08 12:00:00,3.6295738
2014-09-09 12:00:00,3.191537
2014-09-10 12:00:00,2.7470217
2014-09-11 12:00:00,2.6392379
2014-09-12 12:00:00,2.7502947
2014-09-13 12:00:00,2.6999116
2014-09-14 12:00:00,2.3815143
2014-09-15 12:00:00,2.437767
2014-09-16 12:00:00,2.5639026
2014-09-17 12:00:00,2.944204
2014-09-18 12:00:00,3.696879
2014-09-19 12:00:00,4.0785894
2014-09-20 12:00:00,4.153649
2014-09-21 12:00:00,3.6181202
2014-09-22 12:00:00,3.282521
2014-09-23 12:00:00,2.733634
2014-09-24 12:00:00,2.103581
2014-09-25 12:00:00,2.2161696
2014-09-26 12:00:00,2.1371202
2014-09-27 12:00:00,1.718895
2014-09-28 12:00:00,2.0002737
2014-09-29 12:00:00,1.8597487
2014-09-30 12:00:00,1.4065617
2014-10-01 12:00:00,1.356096
2014-10-02 12:00:00,1.1874629
2014-10-03 12:00:00,1.4477335
2014-10-04 12:00:00,1.468889
2014-10-05 12:00:00,1.4635649
2014-10-06 12:00:00,1.7671018
2014-10-07 12:00:00,2.2702768
2014-10-08 12:00:00,2.9477644
2014-10-09 12:00:00,3.6424012
2014-10-10 12:00:00,4.584139
2014-10-11 12:00:00,4.7884293
2014-10-12 12:00:00,4.999471
2014-10-13 12:00:00,3.960037
2014-10-14 12:00:00,2.1916807
2014-10-15 12:00:00,1.6083483
2014-10-16 12:00:00,1.6216695
2014-10-17 12:00:00,1.8445563
2014-10-18 12:00:00,1.7672291
2014-10-19 12:00:00,1.9035236
2014-10-20 12:00:00,2.2094347
2014-10-21 12:00:00,2.0813353
2014-10-22 12:00:00,2.1557593
2014-10-23 12:00:00,1.655845
2014-10-24 12:00:00,1.7588929
2014-10-25 12:00:00,1.7204946
2014-10-26 12:00:00,2.0243661
2014-10-27 12:00:00,2.1438396
2014-10-28 12:00:00,2.5416396
2014-10-29 12:00:00,2.5307941
2014-10-30 12:00:00,2.6807988
2014-10-31 12:00:00,2.4474373
2014-11-01 12:00:00,2.6562424
2014-11-02 12:00:00,2.5505419
2014-11-03 12:00:00,2.610271
2014-11-04 12:00:00,3.295829
2014-11-05 12:00:00,3.7505002
2014-11-06 12:00:00,3.5330935
2014-11-07 12:00:00,3.1724632
2014-11-08 12:00:00,2.797193
2014-11-09 12:00:00,2.0973692
2014-11-10 12:00:00,1.9267482
2014-11-11 12:00:00,1.950768
2014-11-12 12:00:00,2.239188
2014-11-13 12:00:00,2.2910607
2014-11-14 12:00:00,2.386855
2014-11-15 12:00:00,2.2233753
2014-11-16 12:00:00,2.293165
2014-11-17 12:00:00,2.416603
2014-11-18 12:00:00,2.5010612
2014-11-19 12:00:00,2.3608067
2014-11-20 12:00:00,2.5897794
2014-11-21 12:00:00,2.3377836
2014-11-22 12:00:00,2.0037
2014-11-23 12:00:00,2.266297
2014-11-24 12:00:00,2.7163975
2014-11-25 12:00:00,2.5576375
2014-11-26 12:00:00,2.2178464
2014-11-27 12:00:00,2.4893825
2014-11-28 12:00:00,2.6203299
2014-11-29 12:00:00,2.9654124
2014-11-30 12:00:00,2.889279
2014-12-01 12:00:00,2.5697238
2014-12-02 12:00:00,2.349481
2014-12-03 12:00:00,2.1780472
2014-12-04 12:00:00,2.1118653
2014-12-05 12:00:00,2.0755455
2014-12-06 12:00:00,2.2833476
2014-12-07 12:00:00,2.3473663
2014-12-08 12:00:00,2.4832678
2014-12-09 12:00:00,2.6366637
2014-12-10 12:00:00,2.4073787
2014-12-11 12:00:00,2.7997344
2014-12-12 12:00:00,3.211454
2014-12-13 12:00:00,2.714035
2014-12-14 12:00:00,2.3453252
2014-12-15 12:00:00,2.5236056
2014-12-16 12:00:00,2.990122
2014-12-17 12:00:00,3.5820632
2014-12-18 12:00:00,3.6690803
2014-12-19 12:00:00,3.338971
2014-12-20 12:00:00,2.5777557
2014-12-21 12:00:00,2.8193963
2014-12-22 12:00:00,2.6539922
2014-12-23 12:00:00,2.668482
2014-12-24 12:00:00,2.8973022
2014-12-25 12:00:00,2.8413398
2014-12-26 12:00:00,3.3480473
2014-12-27 12:00:00,3.4311302
2014-12-28 12:00:00,3.288145
2014-12-29 12:00:00,3.2313883
2014-12-30 12:00:00,3.591531
2014-12-31 12:00:00,4.258174
2015-01-01 12:00:00,3.6575959
2015-01-02 12:00:00,2.2577748
2015-01-03 12:00:00,1.7399708
2015-01-04 12:00:00,2.1931384
2015-01-05 12:00:00,2.8403902
2015-01-06 12:00:00,2.9310534
2015-01-07 12:00:00,2.7080052
2015-01-08 12:00:00,2.3104296
2015-01-09 12:00:00,2.9320958
2015-01-10 12:00:00,2.7484412
2015-01-11 12:00:00,3.3340409
2015-01-12 12:00:00,3.0322037
2015-01-13 12:00:00,3.0179758
2015-01-14 12:00:00,3.1248088
2015-01-15 12:00:00,3.2129507
2015-01-16 12:00:00,3.0100503
2015-01-17 12:00:00,2.8569205
2015-01-18 12:00:00,2.7048843
2015-01-19 12:00:00,2.4277246
2015-01-20 12:00:00,2.8579473
2015-01-21 12:00:00,2.5841167
2015-01-22 12:00:00,2.2772832
2015-01-23 12:00:00,2.2439442
2015-01-24 12:00:00,2.8290024
2015-01-25 12:00:00,2.9541037
2015-01-26 12:00:00,2.794895
2015-01-27 12:00:00,2.478813
2015-01-28 12:00:00,2.6232002
2015-01-29 12:00:00,2.5321612
2015-01-30 12:00:00,2.8295312
2015-01-31 12:00:00,3.2812471
2015-02-01 12:00:00,3.1886942
2015-02-02 12:00:00,3.1703024
2015-02-03 12:00:00,3.100145
2015-02-04 12:00:00,2.8463178
2015-02-05 12:00:00,2.7934504
2015-02-06 12:00:00,2.8191252
2015-02-07 12:00:00,2.8455772
2015-02-08 12:00:00,2.669071
2015-02-09 12:00:00,2.7772365
2015-02-10 12:00:00,2.9191206
2015-02-11 12:00:00,2.919906
2015-02-12 12:00:00,2.5011575
2015-02-13 12:00:00,2.546352
2015-02-14 12:00:00,2.0230925
2015-02-15 12:00:00,2.2316823
2015-02-16 12:00:00,2.3013127
2015-02-17 12:00:00,2.2352378
2015-02-18 12:00:00,2.5468714
2015-02-19 12:00:00,2.232949
2015-02-20 12:00:00,2.5276651
2015-02-21 12:00:00,2.4943306
2015-02-22 12:00:00,2.2752912
2015-02-23 12:00:00,2.287241
2015-02-24 12:00:00,2.4156475
2015-02-25 12:00:00,2.6720397
2015-02-26 12:00:00,2.8084605
2015-02-27 12:00:00,2.401757
2015-02-28 12:00:00,2.6357965
2015-03-01 12:00:00,2.318797
2015-03-02 12:00:00,2.7586787
2015-03-03 12:00:00,2.4850848
2015-03-04 12:00:00,2.9539602
2015-03-05 12:00:00,2.698672
2015-03-06 12:00:00,3.1167095
2015-03-07 12:00:00,3.0358572
2015-03-08 12:00:00,2.7322469
2015-03-09 12:00:00,2.7587435
2015-03-10 12:00:00,2.6506464
2015-03-11 12:00:00,2.9132183
2015-03-12 12:00:00,2.9917629
2015-03-13 12:00:00,2.588555
2015-03-14 12:00:00,2.678962
2015-03-15 12:00:00,2.8749535
2015-03-16 12:00:00,2.8821418
2015-03-17 12:00:00,2.7044265
2015-03-18 12:00:00,2.5620751
2015-03-19 12:00:00,2.644386
2015-03-20 12:00:00,2.9392273
2015-03-21 12:00:00,2.8460572
2015-03-22 12:00:00,2.5871773
2015-03-23 12:00:00,2.6692247
2015-03-24 12:00:00,2.5294747
2015-03-25 12:00:00,2.4310067
2015-03-26 12:00:00,2.0672011
2015-03-27 12:00:00,2.1826224
2015-03-28 12:00:00,2.4182363
2015-03-29 12:00:00,2.4926105
2015-03-30 12:00:00,2.5535858
2015-03-31 12:00:00,2.613031
2015-04-01 12:00:00,3.1503205
2015-04-02 12:00:00,3.8908288
2015-04-03 12:00:00,3.3916585
2015-04-04 12:00:00,3.5419617
2015-04-05 12:00:00,3.5242276
2015-04-06 12:00:00,2.9887717
2015-04-07 12:00:00,2.861594
2015-04-08 12:00:00,2.7825341
2015-04-09 12:00:00,2.598635
2015-04-10 12:00:00,2.6929994
2015-04-11 12:00:00,2.4623513
2015-04-12 12:00:00,2.3767579
2015-04-13 12:00:00,1.7882473
2015-04-14 12:00:00,1.9114383
2015-04-15 12:00:00,1.9926424
2015-04-16 12:00:00,2.3295033
2015-04-17 12:00:00,2.3823807
2015-04-18 12:00:00,2.9927976
2015-04-19 12:00:00,2.8867311
2015-04-20 12:00:00,3.001475
2015-04-21 12:00:00,3.9317832
2015-04-22 12:00:00,3.7960634
2015-04-23 12:00:00,3.0457292
2015-04-24 12:00:00,2.7785552
2015-04-25 12:00:00,2.6377263
2015-04-26 12:00:00,2.027688
2015-04-27 12:00:00,2.1380997
2015-04-28 12:00:00,2.7400916
2015-04-29 12:00:00,3.1588135
2015-04-30 12:00:00,3.1152074
2015-05-01 12:00:00,3.2617047
2015-05-02 12:00:00,3.2245913
2015-05-03 12:00:00,2.8618317
2015-05-04 12:00:00,2.5968282
2015-05-05 12:00:00,2.7106657
2015-05-06 12:00:00,2.9082634
2015-05-07 12:00:00,3.0244606
2015-05-08 12:00:00,3.0813775
2015-05-09 12:00:00,3.148275
2015-05-10 12:00:00,2.6856916
2015-05-11 12:00:00,2.631212
2015-05-12 12:00:00,2.5457263
2015-05-13 12:00:00,2.8709614
2015-05-14 12:00:00,2.814185
2015-05-15 12:00:00,2.6536534
2015-05-16 12:00:00,2.887745
2015-05-17 12:00:00,3.0359862
2015-05-18 12:00:00,3.3983693
2015-05-19 12:00:00,4.031145
2015-05-20 12:00:00,3.899262
2015-05-21 12:00:00,3.9906971
2015-05-22 12:00:00,4.0395455
2015-05-23 12:00:00,4.233368
2015-05-24 12:00:00,3.8038883
2015-05-25 12:00:00,3.9710548
2015-05-26 12:00:00,3.5072672
2015-05-27 12:00:00,3.7909644
2015-05-28 12:00:00,3.568892
2015-05-29 12:00:00,3.5895803
2015-05-30 12:00:00,3.117888
2015-05-31 12:00:00,3.5024621
2015-06-01 12:00:00,3.2100036
2015-06-02 12:00:00,2.7281122
2015-06-03 12:00:00,2.6666708
2015-06-04 12:00:00,2.573713
2015-06-05 12:00:00,3.3971622
2015-06-06 12:00:00,3.595442
2015-06-07 12:00:00,3.5958526
2015-06-08 12:00:00,3.9244568
2015-06-09 12:00:00,3.9648337
2015-06-10 12:00:00,3.8594284
2015-06-11 12:00:00,3.7943802
2015-06-12 12:00:00,3.3806586
2015-06-13 12:00:00,3.4791749
2015-06-14 12:00:00,3.2434115
2015-06-15 12:00:00,2.9718997
2015-06-16 12:00:00,3.0989487
2015-06-17 12:00:00,3.3456938
2015-06-18 12:00:00,4.333656
2015-06-19 12:00:00,5.0606904
2015-06-20 12:00:00,6.0348735
2015-06-21 12:00:00,6.1775374
2015-06-22 12:00:00,5.9398932
2015-06-23 12:00:00,5.583344
2015-06-24 12:00:00,5.672142
2015-06-25 12:00:00,5.6767282
2015-06-26 12:00:00,5.4602647
2015-06-27 12:00:00,4.630746
2015-06-28 12:00:00,3.6209223
2015-06-29 12:00:00,3.6206107
2015-06-30 12:00:00,3.591086
2015-07-01 12:00:00,3.7182324
2015-07-02 12:00:00,4.150265
2015-07-03 12:00:00,4.2838235
2015-07-04 12:00:00,3.998471
2015-07-05 12:00:00,3.5534675
2015-07-06 12:00:00,3.3617148
2015-07-07 12:00:00,3.4974475
2015-07-08 12:00:00,4.128403
2015-07-09 12:00:00,4.39229
2015-07-10 12:00:00,4.2447147
2015-07-11 12:00:00,3.3455844
2015-07-12 12:00:00,2.4304316
2015-07-13 12:00:00,2.6595712
2015-07-14 12:00:00,3.1079888
2015-07-15 12:00:00,3.6588848
2015-07-16 12:00:00,3.3678813
2015-07-17 12:00:00,3.9172466
2015-07-18 12:00:00,3.5357263
2015-07-19 12:00:00,3.4950461
2015-07-20 12:00:00,3.6995122
2015-07-21 12:00:00,3.7128756
2015-07-22 12:00:00,4.437766
2015-07-23 12:00:00,4.6383085
2015-07-24 12:00:00,4.140942
2015-07-25 12:00:00,4.3967724
2015-07-26 12:00:00,5.337594
2015-07-27 12:00:00,5.44326
2015-07-28 12:00:00,5.475381
2015-07-29 12:00:00,5.7300816
2015-07-30 12:00:00,6.1575933
2015-07-31 12:00:00,5.145309
2015-08-01 12:00:00,4.497585
2015-08-02 12:00:00,3.8032684
2015-08-03 12:00:00,4.0045447
2015-08-04 12:00:00,3.8117914
2015-08-05 12:00:00,3.6877377
2015-08-06 12:00:00,3.131374
2015-08-07 12:00:00,2.7040148
2015-08-08 12:00:00,2.711908
2015-08-09 12:00:00,2.4191217
2015-08-10 12:00:00,2.6416225
2015-08-11 12:00:00,3.053106
2015-08-12 12:00:00,3.6428256
2015-08-13 12:00:00,3.7979512
2015-08-14 12:00:00,3.5868936
2015-08-15 12:00:00,3.5590558
2015-08-16 12:00:00,3.7228715
2015-08-17 12:00:00,3.861411
2015-08-18 12:00:00,3.7054286
2015-08-19 12:00:00,4.121129
2015-08-20 12:00:00,3.7813222
2015-08-21 12:00:00,3.2875803
2015-08-22 12:00:00,3.6280603
2015-08-23 12:00:00,3.6629498
2015-08-24 12:00:00,3.1769164
2015-08-25 12:00:00,3.1250882
2015-08-26 12:00:00,3.8958116
2015-08-27 12:00:00,4.6408095
2015-08-28 12:00:00,4.1091876
2015-08-29 12:00:00,3.9629412
2015-08-30 12:00:00,3.8595238
2015-08-31 12:00:00,4.056935
2015-09-01 12:00:00,3.7096784
2015-09-02 12:00:00,3.101628
2015-09-03 12:00:00,2.8093185
2015-09-04 12:00:00,2.8119333
2015-09-05 12:00:00,2.9205666
2015-09-06 12:00:00,3.0694227
2015-09-07 12:00:00,3.1426578
2015-09-08 12:00:00,2.9540255
2015-09-09 12:00:00,2.4075317
2015-09-10 12:00:00,2.150921
2015-09-11 12:00:00,2.4307125
2015-09-12 12:00:00,2.4331384
2015-09-13 12:00:00,3.0345666
2015-09-14 12:00:00,3.550173
2015-09-15 12:00:00,4.204013
2015-09-16 12:00:00,3.4538589
2015-09-17 12:00:00,2.3932943
2015-09-18 12:00:00,2.7008607
2015-09-19 12:00:00,3.8620794
2015-09-20 12:00:00,4.3988
2015-09-21 12:00:00,3.4430501
2015-09-22 12:00:00,2.918701
2015-09-23 12:00:00,3.107289
2015-09-24 12:00:00,3.196172
2015-09-25 12:00:00,2.4197428
2015-09-26 12:00:00,1.9915127
2015-09-27 12:00:00,1.2687519
2015-09-28 12:00:00,1.4853855
2015-09-29 12:00:00,1.8961679
2015-09-30 12:00:00,1.8707632
2015-10-01 12:00:00,1.4622793
2015-10-02 12:00:00,1.5506389
2015-10-03 12:00:00,1.4488689
2015-10-04 12:00:00,1.5094296
2015-10-05 12:00:00,1.9071188
2015-10-06 12:00:00,2.4722073
2015-10-07 12:00:00,3.0056517
2015-10-08 12:00:00,3.3550444
2015-10-09 12:00:00,3.321127
2015-10-10 12:00:00,2.6137946
2015-10-11 12:00:00,2.0826898
2015-10-12 12:00:00,2.2293205
2015-10-13 12:00:00,1.8307729
2015-10-14 12:00:00,1.8257667
2015-10-15 12:00:00,1.3716431
2015-10-16 12:00:00,1.6393642
2015-10-17 12:00:00,1.8404794
2015-10-18 12:00:00,1.8749228
2015-10-19 12:00:00,1.9681307
2015-10-20 12:00:00,1.91758
2015-10-21 12:00:00,1.6614046
2015-10-22 12:00:00,1.8201799
2015-10-23 12:00:00,1.8827279
2015-10-24 12:00:00,2.379065
2015-10-25 12:00:00,2.1628199
2015-10-26 12:00:00,2.157217
2015-10-27 12:00:00,2.2440276
2015-10-28 12:00:00,2.242901
2015-10-29 12:00:00,2.4801135
2015-10-30 12:00:00,3.0100377
2015-10-31 12:00:00,2.7856274
2015-11-01 12:00:00,2.4388742
2015-11-02 12:00:00,1.9271824
2015-11-03 12:00:00,1.8328226
2015-11-04 12:00:00,1.9128221
2015-11-05 12:00:00,2.1028628
2015-11-06 12:00:00,2.5631204
2015-11-07 12:00:00,3.1104035
2015-11-08 12:00:00,3.2299063
2015-11-09 12:00:00,2.8876252
2015-11-10 12:00:00,2.3823886
2015-11-11 12:00:00,2.2802906
2015-11-12 12:00:00,2.8297722
2015-11-13 12:00:00,2.6618097
2015-11-14 12:00:00,2.277977
2015-11-15 12:00:00,2.3992524
2015-11-16 12:00:00,2.5482893
2015-11-17 12:00:00,2.963159
2015-11-18 12:00:00,3.0998597
2015-11-19 12:00:00,2.9262283
2015-11-20 12:00:00,3.0519745
2015-11-21 12:00:00,3.0030653
2015-11-22 12:00:00,2.8941379
2015-11-23 12:00:00,2.7986147
2015-11-24 12:00:00,2.5188456
2015-11-25 12:00:00,2.4365447
2015-11-26 12:00:00,2.1390269
2015-11-27 12:00:00,2.1729321
2015-11-28 12:00:00,2.9489942
2015-11-29 12:00:00,2.9977305
2015-11-30 12:00:00,2.562476
2015-12-01 12:00:00,2.4167109
2015-12-02 12:00:00,2.4983609
2015-12-03 12:00:00,2.8738658
2015-12-04 12:00:00,2.6855876
2015-12-05 12:00:00,2.827797
2015-12-06 12:00:00,2.1881008
2015-12-07 12:00:00,2.3484333
2015-12-08 12:00:00,2.4281797
2015-12-09 12:00:00,2.5982497
2015-12-10 12:00:00,2.14175
2015-12-11 12:00:00,2.0202687
2015-12-12 12:00:00,1.9206513
2015-12-13 12:00:00,1.9007058
2015-12-14 12:00:00,1.6997015
2015-12-15 12:00:00,1.952601
2015-12-16 12:00:00,2.573865
2015-12-17 12:00:00,2.4580579
2015-12-18 12:00:00,2.2120674
2015-12-19 12:00:00,2.5363545
2015-12-20 12:00:00,2.562737
2015-12-21 12:00:00,2.504897
2015-12-22 12:00:00,2.705758
2015-12-23 12:00:00,2.6018002
2015-12-24 12:00:00,2.5754235
2015-12-25 12:00:00,3.4588625
2015-12-26 12:00:00,3.5118258
2015-12-27 12:00:00,2.8032875
2015-12-28 12:00:00,2.4259632
2015-12-29 12:00:00,2.1522162
2015-12-30 12:00:00,2.0066938
2015-12-31 12:00:00,2.5490322
2016-01-01 12:00:00,2.8262062
2016-01-02 12:00:00,2.3617172
2016-01-03 12:00:00,2.1544385
2016-01-04 12:00:00,2.4706838
2016-01-05 12:00:00,2.2268639
2016-01-06 12:00:00,2.469626
2016-01-07 12:00:00,2.6734712
2016-01-08 12:00:00,2.4790561
2016-01-09 12:00:00,2.255544
2016-01-10 12:00:00,2.2305949
2016-01-11 12:00:00,2.3402898
2016-01-12 12:00:00,2.4585564
2016-01-13 12:00:00,2.2233028
2016-01-14 12:00:00,2.6599357
2016-01-15 12:00:00,2.5214808
2016-01-16 12:00:00,2.4894152
2016-01-17 12:00:00,2.4165905
2016-01-18 12:00:00,2.4992983
2016-01-19 12:00:00,2.3403177
2016-01-20 12:00:00,1.8042037
2016-01-21 12:00:00,2.901571
2016-01-22 12:00:00,3.4517274
2016-01-23 12:00:00,3.5956888
2016-01-24 12:00:00,3.3560753
2016-01-25 12:00:00,2.9352317
2016-01-26 12:00:00,2.6907382
2016-01-27 12:00:00,2.4288466
2016-01-28 12:00:00,2.2148898
2016-01-29 12:00:00,2.3209846
2016-01-30 12:00:00,2.2041774
2016-01-31 12:00:00,2.3530288
2016-02-01 12:00:00,2.334612
2016-02-02 12:00:00,2.6374297
2016-02-03 12:00:00,2.026585
2016-02-04 12:00:00,2.5630376
2016-02-05 12:00:00,2.6385713
2016-02-06 12:00:00,2.5227306
2016-02-07 12:00:00,2.3755693
2016-02-08 12:00:00,2.398422
2016-02-09 12:00:00,2.008454
2016-02-10 12:00:00,2.0975678
2016-02-11 12:00:00,2.4584897
2016-02-12 12:00:00,2.3798232
2016-02-13 12:00:00,2.388746
2016-02-14 12:00:00,2.4248176
2016-02-15 12:00:00,2.1863732
2016-02-16 12:00:00,2.4072263
2016-02-17 12:00:00,2.3564823
2016-02-18 12:00:00,2.267914
2016-02-19 12:00:00,2.3775873
2016-02-20 12:00:00,2.6349044
2016-02-21 12:00:00,3.316047
2016-02-22 12:00:00,2.7035635
2016-02-23 12:00:00,2.5407336
2016-02-24 12:00:00,2.4452507
2016-02-25 12:00:00,2.3545089
2016-02-26 12:00:00,2.1658301
2016-02-27 12:00:00,1.9467299
2016-02-28 12:00:00,2.1277614
2016-02-29 12:00:00,2.212686
2016-03-01 12:00:00,2.115951
2016-03-02 12:00:00,2.1288238
2016-03-03 12:00:00,2.2379336
2016-03-04 12:00:00,2.3607655
2016-03-05 12:00:00,2.2262182
2016-03-06 12:00:00,2.2133641
2016-03-07 12:00:00,2.1102297
2016-03-08 12:00:00,2.3198442
2016-03-09 12:00:00,2.5638504
2016-03-10 12:00:00,2.412574
2016-03-11 12:00:00,2.6467154
2016-03-12 12:00:00,3.0615962
2016-03-13 12:00:00,2.640832
2016-03-14 12:00:00,2.6048372
2016-03-15 12:00:00,2.678546
2016-03-16 12:00:00,2.4897606
2016-03-17 12:00:00,2.2952945
2016-03-18 12:00:00,2.5243583
2016-03-19 12:00:00,2.9515977
2016-03-20 12:00:00,3.1716197
2016-03-21 12:00:00,3.3216887
2016-03-22 12:00:00,3.284099
2016-03-23 12:00:00,2.9962478
2016-03-24 12:00:00,2.460989
2016-03-25 12:00:00,2.7872572
2016-03-26 12:00:00,2.6820872
2016-03-27 12:00:00,3.2466667
2016-03-28 12:00:00,2.8035483
2016-03-29 12:00:00,2.8780115
2016-03-30 12:00:00,2.7697954
2016-03-31 12:00:00,3.011483
2016-04-01 12:00:00,2.9788625
2016-04-02 12:00:00,3.0232632
2016-04-03 12:00:00,3.1694956
2016-04-04 12:00:00,3.3839223
2016-04-05 12:00:00,3.814612
2016-04-06 12:00:00,3.5565672
2016-04-07 12:00:00,3.1431804
2016-04-08 12:00:00,2.931772
2016-04-09 12:00:00,3.498375
2016-04-10 12:00:00,3.6911068
2016-04-11 12:00:00,4.0084333
2016-04-12 12:00:00,4.4064584
2016-04-13 12:00:00,4.34132
2016-04-14 12:00:00,3.8355775
2016-04-15 12:00:00,3.992864
2016-04-16 12:00:00,4.5561085
2016-04-17 12:00:00,3.9393613
2016-04-18 12:00:00,3.6820128
2016-04-19 12:00:00,3.7170377
2016-04-20 12:00:00,3.9892275
2016-04-21 12:00:00,4.846475
2016-04-22 12:00:00,4.942252
2016-04-23 12:00:00,5.330177
2016-04-24 12:00:00,4.2767434
2016-04-25 12:00:00,3.7693295
2016-04-26 12:00:00,3.5067167
2016-04-27 12:00:00,3.6313145
2016-04-28 12:00:00,3.5263574
2016-04-29 12:00:00,3.6131718
2016-04-30 12:00:00,3.5989912
2016-05-01 12:00:00,3.9674585
2016-05-02 12:00:00,3.5943482
2016-05-03 12:00:00,3.4809058
2016-05-04 12:00:00,3.0718498
2016-05-05 12:00:00,2.6893847
2016-05-06 12:00:00,2.8514261
2016-05-07 12:00:00,2.9985852
2016-05-08 12:00:00,2.7290897
2016-05-09 12:00:00,2.5362768
2016-05-10 12:00:00,2.845049
2016-05-11 12:00:00,2.7714221
2016-05-12 12:00:00,3.4609182
2016-05-13 12:00:00,3.2527184
2016-05-14 12:00:00,3.2123425
2016-05-15 12:00:00,3.2451792
2016-05-16 12:00:00,3.2956657
2016-05-17 12:00:00,4.181971
2016-05-18 12:00:00,4.1976037
2016-05-19 12:00:00,4.4236465
2016-05-20 12:00:00,5.0116835
2016-05-21 12:00:00,5.312104
2016-05-22 12:00:00,4.698219
2016-05-23 12:00:00,3.7437437
2016-05-24 12:00:00,3.5250194
2016-05-25 12:00:00,3.9132965
2016-05-26 12:00:00,3.082659
2016-05-27 12:00:00,3.21301
2016-05-28 12:00:00,3.1815548
2016-05-29 12:00:00,2.7498567
2016-05-30 12:00:00,2.922718
2016-05-31 12:00:00,2.772394
2016-06-01 12:00:00,2.6564999
2016-06-02 12:00:00,2.7177184
2016-06-03 12:00:00,3.1274316
2016-06-04 12:00:00,3.071723
2016-06-05 12:00:00,3.2241747
2016-06-06 12:00:00,3.5349574
2016-06-07 12:00:00,4.014477
2016-06-08 12:00:00,4.647231
2016-06-09 12:00:00,5.106203
2016-06-10 12:00:00,5.163219
2016-06-11 12:00:00,4.8379183
2016-06-12 12:00:00,4.2275524
2016-06-13 12:00:00,4.262512
2016-06-14 12:00:00,3.577792
2016-06-15 12:00:00,3.2919347
2016-06-16 12:00:00,3.0028563
2016-06-17 12:00:00,3.6088333
2016-06-18 12:00:00,3.6659768
2016-06-19 12:00:00,2.980079
2016-06-20 12:00:00,2.564293
2016-06-21 12:00:00,2.6483467
2016-06-22 12:00:00,2.0834432
2016-06-23 12:00:00,2.1891584
2016-06-24 12:00:00,2.4487946
2016-06-25 12:00:00,2.8054862
2016-06-26 12:00:00,3.2930458
2016-06-27 12:00:00,3.8211074
2016-06-28 12:00:00,4.040587
2016-06-29 12:00:00,4.3384027
2016-06-30 12:00:00,4.6474853
2016-07-01 12:00:00,5.0066185
2016-07-02 12:00:00,5.126266
2016-07-03 12:00:00,4.982697
2016-07-04 12:00:00,5.1930375
2016-07-05 12:00:00,5.004846
2016-07-06 12:00:00,4.6698985
2016-07-07 12:00:00,4.284892
2016-07-08 12:00:00,5.0641737
2016-07-09 12:00:00,5.1437154
2016-07-10 12:00:00,5.0384097
2016-07-11 12:00:00,4.622841
2016-07-12 12:00:00,4.230865
2016-07-13 12:00:00,3.4767203
2016-07-14 12:00:00,3.642101
2016-07-15 12:00:00,4.1816096
2016-07-16 12:00:00,3.618813
2016-07-17 12:00:00,3.3138285
2016-07-18 12:00:00,2.940904
2016-07-19 12:00:00,3.1506565
2016-07-20 12:00:00,2.5391724
2016-07-21 12:00:00,3.1704595
2016-07-22 12:00:00,3.1185782
2016-07-23 12:00:00,3.5622144
2016-07-24 12:00:00,3.101386
2016-07-25 12:00:00,2.992064
2016-07-26 12:00:00,2.6900644
2016-07-27 12:00:00,2.3103402
2016-07-28 12:00:00,2.5775821
2016-07-29 12:00:00,2.6602683
2016-07-30 12:00:00,3.1974173
2016-07-31 12:00:00,3.6513448
2016-08-01 12:00:00,4.0908413
2016-08-02 12:00:00,4.660903
2016-08-03 12:00:00,4.6282845
2016-08-04 12:00:00,4.9467564
2016-08-05 12:00:00,4.769444
2016-08-06 12:00:00,4.3870564
2016-08-07 12:00:00,3.9923668
2016-08-08 12:00:00,3.9026916
2016-08-09 12:00:00,4.6960135
2016-08-10 12:00:00,4.482614
2016-08-11 12:00:00,4.2826962
2016-08-12 12:00:00,4.3279276
2016-08-13 12:00:00,4.0896907
2016-08-14 12:00:00,4.2828856
2016-08-15 12:00:00,4.6441755
2016-08-16 12:00:00,5.135587
2016-08-17 12:00:00,5.1766734
2016-08-18 12:00:00,4.102426
2016-08-19 12:00:00,3.4800982
2016-08-20 12:00:00,3.2705598
2016-08-21 12:00:00,3.168177
2016-08-22 12:00:00,2.9628215
2016-08-23 12:00:00,2.2610664
2016-08-24 12:00:00,1.762882
2016-08-25 12:00:00,2.0636103
2016-08-26 12:00:00,2.6071196
2016-08-27 12:00:00,2.55978
2016-08-28 12:00:00,2.2208595
2016-08-29 12:00:00,2.2293034
2016-08-30 12:00:00,3.03607
2016-08-31 12:00:00,3.9971588
2016-09-01 12:00:00,3.7469747
2016-09-02 12:00:00,4.410832
2016-09-03 12:00:00,4.389362
2016-09-04 12:00:00,4.285618
2016-09-05 12:00:00,4.0577626
2016-09-06 12:00:00,3.2394216
2016-09-07 12:00:00,2.9040458
2016-09-08 12:00:00,2.807388
2016-09-09 12:00:00,2.9679117
2016-09-10 12:00:00,3.1072342
2016-09-11 12:00:00,2.787419
2016-09-12 12:00:00,2.784459
2016-09-13 12:00:00,2.841764
2016-09-14 12:00:00,2.954781
2016-09-15 12:00:00,2.635215
2016-09-16 12:00:00,2.5568871
2016-09-17 12:00:00,2.5588896
2016-09-18 12:00:00,2.11819
2016-09-19 12:00:00,1.89594
2016-09-20 12:00:00,2.300455
2016-09-21 12:00:00,3.228751
2016-09-22 12:00:00,2.4941742
2016-09-23 12:00:00,2.7847824
2016-09-24 12:00:00,2.9509213
2016-09-25 12:00:00,2.6044183
2016-09-26 12:00:00,2.3199806
2016-09-27 12:00:00,2.5750701
2016-09-28 12:00:00,2.511806
2016-09-29 12:00:00,2.5799031
2016-09-30 12:00:00,2.6203973
2016-10-01 12:00:00,2.3333712
2016-10-02 12:00:00,1.7057863
2016-10-03 12:00:00,1.8352035
2016-10-04 12:00:00,1.9761724
2016-10-05 12:00:00,2.0460804
2016-10-06 12:00:00,2.1894772
2016-10-07 12:00:00,2.5617738
2016-10-08 12:00:00,3.0202599
2016-10-09 12:00:00,3.5087605
2016-10-10 12:00:00,3.280676
2016-10-11 12:00:00,2.8890836
2016-10-12 12:00:00,1.9366105
2016-10-13 12:00:00,1.7448153
2016-10-14 12:00:00,1.8362404
2016-10-15 12:00:00,1.9939281
2016-10-16 12:00:00,2.185665
2016-10-17 12:00:00,2.0612044
2016-10-18 12:00:00,2.0917447
2016-10-19 12:00:00,2.1206348
2016-10-20 12:00:00,2.1998932
2016-10-21 12:00:00,2.606777
2016-10-22 12:00:00,2.9105468
2016-10-23 12:00:00,3.014919
2016-10-24 12:00:00,3.3973782
2016-10-25 12:00:00,3.038453
2016-10-26 12:00:00,2.9753602
2016-10-27 12:00:00,2.125352
2016-10-28 12:00:00,1.7314159
2016-10-29 12:00:00,2.1305912
2016-10-30 12:00:00,2.0673213
2016-10-31 12:00:00,2.099027
2016-11-01 12:00:00,2.4355428
2016-11-02 12:00:00,2.8436854
2016-11-03 12:00:00,3.192749
2016-11-04 12:00:00,3.7544408
2016-11-05 12:00:00,4.047523
2016-11-06 12:00:00,3.108143
2016-11-07 12:00:00,2.507702
2016-11-08 12:00:00,2.3010955
2016-11-09 12:00:00,2.0509045
2016-11-10 12:00:00,1.7535211
2016-11-11 12:00:00,1.8793187
2016-11-12 12:00:00,2.0225894
2016-11-13 12:00:00,2.3522263
2016-11-14 12:00:00,2.7374928
2016-11-15 12:00:00,2.7171469
2016-11-16 12:00:00,3.1331444
2016-11-17 12:00:00,3.0803013
2016-11-18 12:00:00,2.951067
2016-11-19 12:00:00,2.411683
2016-11-20 12:00:00,2.6678898
2016-11-21 12:00:00,2.4521465
2016-11-22 12:00:00,2.3282495
2016-11-23 12:00:00,2.3600502
2016-11-24 12:00:00,2.4117525
2016-11-25 12:00:00,2.3152444
2016-11-26 12:00:00,1.9258196
2016-11-27 12:00:00,1.7232459
2016-11-28 12:00:00,1.905484
2016-11-29 12:00:00,2.2766218
2016-11-30 12:00:00,2.7277153
2016-12-01 12:00:00,2.5572588
2016-12-02 12:00:00,2.1678693
2016-12-03 12:00:00,2.8610547
2016-12-04 12:00:00,3.3247678
2016-12-05 12:00:00,3.2796586
2016-12-06 12:00:00,3.5143754
2016-12-07 12:00:00,3.1378121
2016-12-08 12:00:00,3.101052
2016-12-09 12:00:00,3.3670783
2016-12-10 12:00:00,3.5954027
2016-12-11 12:00:00,3.0935514
2016-12-12 12:00:00,2.6838574
2016-12-13 12:00:00,2.8524811
2016-12-14 12:00:00,3.1112282
2016-12-15 12:00:00,3.2631009
2016-12-16 12:00:00,2.976718
2016-12-17 12:00:00,2.3323505
2016-12-18 12:00:00,2.6674147
2016-12-19 12:00:00,2.5880628
2016-12-20 12:00:00,2.5477347
2016-12-21 12:00:00,2.414071
2016-12-22 12:00:00,1.9503968
2016-12-23 12:00:00,1.8571174
2016-12-24 12:00:00,1.7809998
2016-12-25 12:00:00,1.9890921
2016-12-26 12:00:00,2.272015
2016-12-27 12:00:00,3.3187788
2016-12-28 12:00:00,2.6308517
2016-12-29 12:00:00,2.3826911
2016-12-30 12:00:00,2.541681
2016-12-31 12:00:00,2.5836256
2017-01-01 12:00:00,2.9427423
2017-01-02 12:00:00,2.5118146
2017-01-03 12:00:00,2.7672288
2017-01-04 12:00:00,3.116531
2017-01-05 12:00:00,3.173488
2017-01-06 12:00:00,3.344942
2017-01-07 12:00:00,2.8709786
2017-01-08 12:00:00,2.937094
2017-01-09 12:00:00,2.7846324
2017-01-10 12:00:00,2.6367228
2017-01-11 12:00:00,2.8592856
2017-01-12 12:00:00,3.0413203
2017-01-13 12:00:00,3.5750778
2017-01-14 12:00:00,3.3981717
2017-01-15 12:00:00,2.9915383
2017-01-16 12:00:00,2.860089
2017-01-17 12:00:00,2.9275374
2017-01-18 12:00:00,3.5070856
2017-01-19 12:00:00,3.4594014
2017-01-20 12:00:00,3.6707363
2017-01-21 12:00:00,3.5798979
2017-01-22 12:00:00,3.1997972
2017-01-23 12:00:00,3.1863525
2017-01-24 12:00:00,3.2017076
2017-01-25 12:00:00,2.8278644
2017-01-26 12:00:00,2.3873782
2017-01-27 12:00:00,2.3092449
2017-01-28 12:00:00,2.637135
2017-01-29 12:00:00,2.7688925
2017-01-30 12:00:00,2.6103919
2017-01-31 12:00:00,2.578635
2017-02-01 12:00:00,2.4419484
2017-02-02 12:00:00,2.907755
2017-02-03 12:00:00,2.8586812
2017-02-04 12:00:00,2.2844589
2017-02-05 12:00:00,2.13411
2017-02-06 12:00:00,2.532453
2017-02-07 12:00:00,2.445727
2017-02-08 12:00:00,2.5758705
2017-02-09 12:00:00,2.4885318
2017-02-10 12:00:00,2.3046865
2017-02-11 12:00:00,2.5768616
2017-02-12 12:00:00,2.5942318
2017-02-13 12:00:00,2.6357334
2017-02-14 12:00:00,2.8536298
2017-02-15 12:00:00,2.611173
2017-02-16 12:00:00,2.4226878
2017-02-17 12:00:00,2.2111619
2017-02-18 12:00:00,2.0906532
2017-02-19 12:00:00,2.370405
2017-02-20 12:00:00,2.9814126
2017-02-21 12:00:00,3.0398724
2017-02-22 12:00:00,2.7581959
2017-02-23 12:00:00,2.5925872
2017-02-24 12:00:00,2.541991
2017-02-25 12:00:00,2.6585689
2017-02-26 12:00:00,2.5422502
2017-02-27 12:00:00,2.6335242
2017-02-28 12:00:00,2.7797003
2017-03-01 12:00:00,2.5445857
2017-03-02 12:00:00,2.507365
2017-03-03 12:00:00,2.5040975
2017-03-04 12:00:00,2.7207637
2017-03-05 12:00:00,3.1446576
2017-03-06 12:00:00,2.3873098
2017-03-07 12:00:00,2.4331353
2017-03-08 12:00:00,2.7154315
2017-03-09 12:00:00,2.9429789
2017-03-10 12:00:00,3.1518223
2017-03-11 12:00:00,3.5728967
2017-03-12 12:00:00,3.1021507
2017-03-13 12:00:00,2.6390207
2017-03-14 12:00:00,2.7683156
2017-03-15 12:00:00,3.0715375
2017-03-16 12:00:00,2.8876598
2017-03-17 12:00:00,2.9023278
2017-03-18 12:00:00,3.2118044
2017-03-19 12:00:00,3.167409
2017-03-20 12:00:00,2.9583201
2017-03-21 12:00:00,2.3939738
2017-03-22 12:00:00,2.804357
2017-03-23 12:00:00,2.5482898
2017-03-24 12:00:00,2.8689482
2017-03-25 12:00:00,3.0918992
2017-03-26 12:00:00,2.7395248
2017-03-27 12:00:00,2.8448656
2017-03-28 12:00:00,3.3556366
2017-03-29 12:00:00,3.586007
2017-03-30 12:00:00,3.774344
2017-03-31 12:00:00,3.4241705
2017-04-01 12:00:00,3.8081226
2017-04-02 12:00:00,4.1480355
2017-04-03 12:00:00,3.4296103
2017-04-04 12:00:00,3.5033646
2017-04-05 12:00:00,3.497757
2017-04-06 12:00:00,3.220297
2017-04-07 12:00:00,2.9982686
2017-04-08 12:00:00,2.8713872
2017-04-09 12:00:00,2.9842157
2017-04-10 12:00:00,2.8770418
2017-04-11 12:00:00,2.5840423
2017-04-12 12:00:00,2.4888268
2017-04-13 12:00:00,2.4527144
2017-04-14 12:00:00,2.9767048
2017-04-15 12:00:00,4.006498
2017-04-16 12:00:00,4.0834475
2017-04-17 12:00:00,2.6205857
2017-04-18 12:00:00,3.1209614
2017-04-19 12:00:00,3.977012
2017-04-20 12:00:00,3.9749138
2017-04-21 12:00:00,4.1100073
2017-04-22 12:00:00,4.048001
2017-04-23 12:00:00,3.9237118
2017-04-24 12:00:00,4.1706467
2017-04-25 12:00:00,4.179298
2017-04-26 12:00:00,3.4989843
2017-04-27 12:00:00,3.2665825
2017-04-28 12:00:00,3.2385492
2017-04-29 12:00:00,3.0565166
2017-04-30 12:00:00,3.3254452
2017-05-01 12:00:00,2.7238371
2017-05-02 12:00:00,2.5175264
2017-05-03 12:00:00,2.905559
2017-05-04 12:00:00,2.9278367
2017-05-05 12:00:00,3.382608
2017-05-06 12:00:00,3.0846772
2017-05-07 12:00:00,2.9346454
2017-05-08 12:00:00,2.833165
2017-05-09 12:00:00,3.0189147
2017-05-10 12:00:00,2.4229407
2017-05-11 12:00:00,2.5917678
2017-05-12 12:00:00,2.237652
2017-05-13 12:00:00,2.5923817
2017-05-14 12:00:00,3.032432
2017-05-15 12:00:00,3.05715
2017-05-16 12:00:00,3.3584657
2017-05-17 12:00:00,2.7630935
2017-05-18 12:00:00,2.8897998
2017-05-19 12:00:00,2.687518
2017-05-20 12:00:00,3.1202197
2017-05-21 12:00:00,3.0347755
2017-05-22 12:00:00,3.1020894
2017-05-23 12:00:00,2.8516936
2017-05-24 12:00:00,2.5624056
2017-05-25 12:00:00,2.75889
2017-05-26 12:00:00,2.7757115
2017-05-27 12:00:00,2.8814518
2017-05-28 12:00:00,3.4702585
2017-05-29 12:00:00,4.4787655
2017-05-30 12:00:00,4.2159896
2017-05-31 12:00:00,3.6391578
2017-06-01 12:00:00,3.6869302
2017-06-02 12:00:00,3.4377687
2017-06-03 12:00:00,3.6152008
2017-06-04 12:00:00,3.6319215
2017-06-05 12:00:00,3.1906528
2017-06-06 12:00:00,2.1278794
2017-06-07 12:00:00,2.4800181
2017-06-08 12:00:00,2.8885043
2017-06-09 12:00:00,3.2747452
2017-06-10 12:00:00,4.296994
2017-06-11 12:00:00,5.1973085
2017-06-12 12:00:00,4.887168
2017-06-13 12:00:00,4.4251685
2017-06-14 12:00:00,4.353229
2017-06-15 12:00:00,4.7744703
2017-06-16 12:00:00,4.0652566
2017-06-17 12:00:00,4.0835056
2017-06-18 12:00:00,4.3530436
2017-06-19 12:00:00,4.4618587
2017-06-20 12:00:00,4.1664762
2017-06-21 12:00:00,4.072153
2017-06-22 12:00:00,3.9030268
2017-06-23 12:00:00,3.6375432
2017-06-24 12:00:00,4.0003915
2017-06-25 12:00:00,4.2248483
2017-06-26 12:00:00,4.069038
2017-06-27 12:00:00,4.0534925
2017-06-28 12:00:00,4.073006
2017-06-29 12:00:00,4.014909
2017-06-30 12:00:00,4.468451
2017-07-01 12:00:00,4.541899
2017-07-02 12:00:00,4.7825007
2017-07-03 12:00:00,4.628012
2017-07-04 12:00:00,4.7173915
2017-07-05 12:00:00,4.1367455
2017-07-06 12:00:00,3.5593348
2017-07-07 12:00:00,3.5460298
2017-07-08 12:00:00,3.7608154
2017-07-09 12:00:00,3.56394
2017-07-10 12:00:00,3.4466498
2017-07-11 12:00:00,3.3432584
2017-07-12 12:00:00,3.2614436
2017-07-13 12:00:00,3.6018763
2017-07-14 12:00:00,3.952959
2017-07-15 12:00:00,3.8704157
2017-07-16 12:00:00,4.0808773
2017-07-17 12:00:00,4.7109356
2017-07-18 12:00:00,5.6819577
2017-07-19 12:00:00,5.4509726
2017-07-20 12:00:00,4.6742887
2017-07-21 12:00:00,4.137055
2017-07-22 12:00:00,4.495467
2017-07-23 12:00:00,4.630555
2017-07-24 12:00:00,4.682118
2017-07-25 12:00:00,3.839723
2017-07-26 12:00:00,3.6972833
2017-07-27 12:00:00,3.1028695
2017-07-28 12:00:00,2.6358602
2017-07-29 12:00:00,2.9267561
2017-07-30 12:00:00,2.74941
2017-07-31 12:00:00,2.8119242
2017-08-01 12:00:00,3.242529
2017-08-02 12:00:00,3.6355426
2017-08-03 12:00:00,3.6147792
2017-08-04 12:00:00,3.212199
2017-08-05 12:00:00,3.2696247
2017-08-06 12:00:00,3.464316
2017-08-07 12:00:00,3.467321
2017-08-08 12:00:00,3.5945303
2017-08-09 12:00:00,4.151648
2017-08-10 12:00:00,4.181836
2017-08-11 12:00:00,4.2560215
2017-08-12 12:00:00,3.5431921
2017-08-13 12:00:00,3.284563
2017-08-14 12:00:00,2.658604
2017-08-15 12:00:00,3.1691873
2017-08-16 12:00:00,2.9845955
2017-08-17 12:00:00,3.2833867
2017-08-18 12:00:00,3.9603634
2017-08-19 12:00:00,3.8192918
2017-08-20 12:00:00,3.0018203
2017-08-21 12:00:00,2.6269307
2017-08-22 12:00:00,2.4964118
2017-08-23 12:00:00,2.6536005
2017-08-24 12:00:00,3.2509642
2017-08-25 12:00:00,3.8038075
2017-08-26 12:00:00,3.4644186
2017-08-27 12:00:00,3.527165
2017-08-28 12:00:00,4.1625905
2017-08-29 12:00:00,3.2192783
2017-08-30 12:00:00,2.6751156
2017-08-31 12:00:00,2.5273335
2017-09-01 12:00:00,3.1008432
2017-09-02 12:00:00,3.3353782
2017-09-03 12:00:00,2.78201
2017-09-04 12:00:00,2.172897
2017-09-05 12:00:00,2.2630434
2017-09-06 12:00:00,1.9980898
2017-09-07 12:00:00,2.2255666
2017-09-08 12:00:00,2.3339934
2017-09-09 12:00:00,2.4105039
2017-09-10 12:00:00,2.1075935
2017-09-11 12:00:00,2.1785767
2017-09-12 12:00:00,2.2337706
2017-09-13 12:00:00,2.4887335
2017-09-14 12:00:00,2.2633855
2017-09-15 12:00:00,1.9553927
2017-09-16 12:00:00,1.9393439
2017-09-17 12:00:00,3.427162
2017-09-18 12:00:00,3.917484
2017-09-19 12:00:00,3.7591915
2017-09-20 12:00:00,3.3055744
2017-09-21 12:00:00,2.753352
2017-09-22 12:00:00,2.3917568
2017-09-23 12:00:00,1.8429381
2017-09-24 12:00:00,1.817311
2017-09-25 12:00:00,1.6858374
2017-09-26 12:00:00,1.7396215
2017-09-27 12:00:00,2.054911
2017-09-28 12:00:00,2.6284564
2017-09-29 12:00:00,2.5221043
2017-09-30 12:00:00,2.3806129
2017-10-01 12:00:00,2.4707725
2017-10-02 12:00:00,2.1885688
2017-10-03 12:00:00,1.810546
2017-10-04 12:00:00,1.4118578
2017-10-05 12:00:00,2.040634
2017-10-06 12:00:00,2.549778
2017-10-07 12:00:00,2.3409386
2017-10-08 12:00:00,2.0297005
2017-10-09 12:00:00,1.9327865
2017-10-10 12:00:00,1.7268788
2017-10-11 12:00:00,1.6722655
2017-10-12 12:00:00,1.5339024
2017-10-13 12:00:00,1.7393632
2017-10-14 12:00:00,1.8608837
2017-10-15 12:00:00,2.172502
2017-10-16 12:00:00,2.6087863
2017-10-17 12:00:00,3.190306
2017-10-18 12:00:00,3.6932664
2017-10-19 12:00:00,4.2560735
2017-10-20 12:00:00,4.712242
2017-10-21 12:00:00,4.331385
2017-10-22 12:00:00,2.459032
2017-10-23 12:00:00,1.5884231
2017-10-24 12:00:00,1.7264222
2017-10-25 12:00:00,1.9501926
2017-10-26 12:00:00,1.9873152
2017-10-27 12:00:00,2.0702214
2017-10-28 12:00:00,2.3353305
2017-10-29 12:00:00,2.479892
2017-10-30 12:00:00,2.9412546
2017-10-31 12:00:00,2.4578388
2017-11-01 12:00:00,2.5629425
2017-11-02 12:00:00,2.7072165
2017-11-03 12:00:00,2.8750315
2017-11-04 12:00:00,2.8790815
2017-11-05 12:00:00,2.7580771
2017-11-06 12:00:00,2.7659569
2017-11-07 12:00:00,2.8651435
2017-11-08 12:00:00,2.9361792
2017-11-09 12:00:00,2.8662665
2017-11-10 12:00:00,2.9478197
2017-11-11 12:00:00,2.8209226
2017-11-12 12:00:00,2.418153
2017-11-13 12:00:00,2.9930835
2017-11-14 12:00:00,3.0534418
2017-11-15 12:00:00,3.2777014
2017-11-16 12:00:00,2.649333
2017-11-17 12:00:00,1.7793039
2017-11-18 12:00:00,1.8158072
2017-11-19 12:00:00,2.3288789
2017-11-20 12:00:00,2.8535686
2017-11-21 12:00:00,3.2901049
2017-11-22 12:00:00,2.9360647
2017-11-23 12:00:00,3.0914822
2017-11-24 12:00:00,2.7439494
2017-11-25 12:00:00,2.703121
2017-11-26 12:00:00,2.8840675
2017-11-27 12:00:00,2.5630848
2017-11-28 12:00:00,2.754086
2017-11-29 12:00:00,3.1094356
2017-11-30 12:00:00,2.9403288
2017-12-01 12:00:00,2.8258564
2017-12-02 12:00:00,2.8275235
2017-12-03 12:00:00,2.999178
2017-12-04 12:00:00,2.8348184
2017-12-05 12:00:00,3.0872715
2017-12-06 12:00:00,3.0442402
2017-12-07 12:00:00,3.7461154
2017-12-08 12:00:00,4.0276575
2017-12-09 12:00:00,3.1814601
2017-12-10 12:00:00,2.1979148
2017-12-11 12:00:00,1.7950453
2017-12-12 12:00:00,2.0946636
2017-12-13 12:00:00,2.6194189
2017-12-14 12:00:00,2.8675983
2017-12-15 12:00:00,3.226609
2017-12-16 12:00:00,3.3104146
2017-12-17 12:00:00,3.0860422
2017-12-18 12:00:00,2.9455202
2017-12-19 12:00:00,2.9996526
2017-12-20 12:00:00,2.9770765
2017-12-21 12:00:00,2.638106
2017-12-22 12:00:00,2.5609791
2017-12-23 12:00:00,2.6577106
2017-12-24 12:00:00,2.9979806
2017-12-25 12:00:00,2.6401844
2017-12-26 12:00:00,3.0928235
2017-12-27 12:00:00,3.2622063
2017-12-28 12:00:00,2.834337
2017-12-29 12:00:00,3.097349
2017-12-30 12:00:00,2.9029326
2017-12-31 12:00:00,3.0130103
2018-01-01 12:00:00,3.2990458
2018-01-02 12:00:00,2.7117949
2018-01-03 12:00:00,3.2155824
2018-01-04 12:00:00,3.198309
2018-01-05 12:00:00,2.9824235
2018-01-06 12:00:00,2.9520516
2018-01-07 12:00:00,3.4609525
2018-01-08 12:00:00,3.7801044
2018-01-09 12:00:00,3.427382
2018-01-10 12:00:00,2.9743338
2018-01-11 12:00:00,2.6344287
2018-01-12 12:00:00,2.2179706
2018-01-13 12:00:00,1.9376827
2018-01-14 12:00:00,2.4571533
2018-01-15 12:00:00,2.454074
2018-01-16 12:00:00,2.6073792
2018-01-17 12:00:00,2.676697
2018-01-18 12:00:00,2.8980935
2018-01-19 12:00:00,2.6462524
2018-01-20 12:00:00,2.5268314
2018-01-21 12:00:00,3.0539281
2018-01-22 12:00:00,2.7725255
2018-01-23 12:00:00,2.3766859
2018-01-24 12:00:00,2.391788
2018-01-25 12:00:00,2.6898742
2018-01-26 12:00:00,2.840677
2018-01-27 12:00:00,3.0269074
2018-01-28 12:00:00,3.4197702
2018-01-29 12:00:00,3.217615
2018-01-30 12:00:00,3.0396965
2018-01-31 12:00:00,2.5809186
2018-02-01 12:00:00,2.182598
2018-02-02 12:00:00,1.84475
2018-02-03 12:00:00,2.0060933
2018-02-04 12:00:00,2.242974
2018-02-05 12:00:00,2.3581293
2018-02-06 12:00:00,2.377897
2018-02-07 12:00:00,2.4444647
2018-02-08 12:00:00,2.043236
2018-02-09 12:00:00,2.0381227
2018-02-10 12:00:00,2.1735215
2018-02-11 12:00:00,2.8703399
2018-02-12 12:00:00,2.8088965
2018-02-13 12:00:00,2.7798686
2018-02-14 12:00:00,3.203261
2018-02-15 12:00:00,3.3248568
2018-02-16 12:00:00,2.9480984
2018-02-17 12:00:00,2.328967
2018-02-18 12:00:00,2.338356
2018-02-19 12:00:00,2.5275419
2018-02-20 12:00:00,2.6073906
2018-02-21 12:00:00,2.5888746
2018-02-22 12:00:00,2.378831
2018-02-23 12:00:00,2.3563914
2018-02-24 12:00:00,2.4201307
2018-02-25 12:00:00,2.4289415
2018-02-26 12:00:00,2.4784763
2018-02-27 12:00:00,2.45036
2018-02-28 12:00:00,2.1766317
2018-03-01 12:00:00,2.3451898
2018-03-02 12:00:00,2.577627
2018-03-03 12:00:00,3.0818017
2018-03-04 12:00:00,2.6461935
2018-03-05 12:00:00,2.6372356
2018-03-06 12:00:00,2.3303607
2018-03-07 12:00:00,2.6979802
2018-03-08 12:00:00,2.9347425
2018-03-09 12:00:00,2.7418888
2018-03-10 12:00:00,2.5955403
2018-03-11 12:00:00,2.256266
2018-03-12 12:00:00,2.6723652
2018-03-13 12:00:00,2.3724923
2018-03-14 12:00:00,2.8475516
2018-03-15 12:00:00,3.3801634
2018-03-16 12:00:00,2.4372714
2018-03-17 12:00:00,2.1762383
2018-03-18 12:00:00,2.318488
2018-03-19 12:00:00,2.5130527
2018-03-20 12:00:00,2.6692374
2018-03-21 12:00:00,2.736082
2018-03-22 12:00:00,2.7588575
2018-03-23 12:00:00,2.5205317
2018-03-24 12:00:00,2.2312977
2018-03-25 12:00:00,2.4517448
2018-03-26 12:00:00,2.8474433
2018-03-27 12:00:00,2.971023
2018-03-28 12:00:00,3.126721
2018-03-29 12:00:00,3.1221054
2018-03-30 12:00:00,3.587257
2018-03-31 12:00:00,3.125856
2018-04-01 12:00:00,2.8536925
2018-04-02 12:00:00,2.2660534
2018-04-03 12:00:00,2.2242613
2018-04-04 12:00:00,2.4230628
2018-04-05 12:00:00,2.6523888
2018-04-06 12:00:00,2.6728935
2018-04-07 12:00:00,2.6377633
2018-04-08 12:00:00,2.602431
2018-04-09 12:00:00,2.2957773
2018-04-10 12:00:00,2.352994
2018-04-11 12:00:00,2.5130267
2018-04-12 12:00:00,2.6027288
2018-04-13 12:00:00,2.551057
2018-04-14 12:00:00,2.7119918
2018-04-15 12:00:00,2.567999
2018-04-16 12:00:00,2.569332
2018-04-17 12:00:00,3.2439678
2018-04-18 12:00:00,3.3434136
2018-04-19 12:00:00,3.2016585
2018-04-20 12:00:00,3.6182752
2018-04-21 12:00:00,3.3311644
2018-04-22 12:00:00,3.2653828
2018-04-23 12:00:00,3.0191517
2018-04-24 12:00:00,3.1009989
2018-04-25 12:00:00,3.508041
2018-04-26 12:00:00,3.285692
2018-04-27 12:00:00,2.4436557
2018-04-28 12:00:00,2.6964784
2018-04-29 12:00:00,3.0252264
2018-04-30 12:00:00,3.123038
2018-05-01 12:00:00,2.9796388
2018-05-02 12:00:00,2.7952423
2018-05-03 12:00:00,1.9877155
2018-05-04 12:00:00,2.6876817
2018-05-05 12:00:00,3.3060396
2018-05-06 12:00:00,3.2866719
2018-05-07 12:00:00,3.4224184
2018-05-08 12:00:00,3.573764
2018-05-09 12:00:00,3.4501703
2018-05-10 12:00:00,3.4597936
2018-05-11 12:00:00,3.3343987
2018-05-12 12:00:00,2.7720673
2018-05-13 12:00:00,3.0415738
2018-05-14 12:00:00,2.267806
2018-05-15 12:00:00,2.5689077
2018-05-16 12:00:00,2.8349564
2018-05-17 12:00:00,2.7305346
2018-05-18 12:00:00,2.9232886
2018-05-19 12:00:00,2.9557855
2018-05-20 12:00:00,2.8002696
2018-05-21 12:00:00,2.6199498
2018-05-22 12:00:00,2.53444
2018-05-23 12:00:00,3.0144048
2018-05-24 12:00:00,2.8117301
2018-05-25 12:00:00,2.868741
2018-05-26 12:00:00,3.0572584
2018-05-27 12:00:00,2.505006
2018-05-28 12:00:00,3.6285336
2018-05-29 12:00:00,4.168901
2018-05-30 12:00:00,3.4581537
2018-05-31 12:00:00,2.731658
2018-06-01 12:00:00,2.5810409
2018-06-02 12:00:00,2.8083367
2018-06-03 12:00:00,2.9844532
2018-06-04 12:00:00,2.6476288
2018-06-05 12:00:00,2.9029226
2018-06-06 12:00:00,3.0867715
2018-06-07 12:00:00,3.5621338
2018-06-08 12:00:00,4.313117
2018-06-09 12:00:00,4.9953623
2018-06-10 12:00:00,5.4278116
2018-06-11 12:00:00,6.0728827
2018-06-12 12:00:00,6.0083117
2018-06-13 12:00:00,5.927223
2018-06-14 12:00:00,4.903987
2018-06-15 12:00:00,4.3170805
2018-06-16 12:00:00,3.744694
2018-06-17 12:00:00,3.3895693
2018-06-18 12:00:00,3.5834603
2018-06-19 12:00:00,3.3308985
2018-06-20 12:00:00,3.4353945
2018-06-21 12:00:00,3.6902616
2018-06-22 12:00:00,3.857277
2018-06-23 12:00:00,3.9275203
2018-06-24 12:00:00,4.065469
2018-06-25 12:00:00,4.1262946
2018-06-26 12:00:00,3.5214021
2018-06-27 12:00:00,4.104667
2018-06-28 12:00:00,3.5328712
2018-06-29 12:00:00,3.2200148
2018-06-30 12:00:00,3.6652365
2018-07-01 12:00:00,3.8058116
2018-07-02 12:00:00,4.2172647
2018-07-03 12:00:00,4.1228433
2018-07-04 12:00:00,4.214188
2018-07-05 12:00:00,3.2293906
2018-07-06 12:00:00,4.013035
2018-07-07 12:00:00,4.3918037
2018-07-08 12:00:00,4.562982
2018-07-09 12:00:00,4.451202
2018-07-10 12:00:00,4.4589577
2018-07-11 12:00:00,4.8185873
2018-07-12 12:00:00,4.470812
2018-07-13 12:00:00,4.1227365
2018-07-14 12:00:00,4.954118
2018-07-15 12:00:00,5.3853745
2018-07-16 12:00:00,5.205094
2018-07-17 12:00:00,4.2725577
2018-07-18 12:00:00,3.6428227
2018-07-19 12:00:00,4.0960984
2018-07-20 12:00:00,5.0003653
2018-07-21 12:00:00,5.7185388
2018-07-22 12:00:00,4.9291835
2018-07-23 12:00:00,4.354764
2018-07-24 12:00:00,3.9918694
2018-07-25 12:00:00,4.1602945
2018-07-26 12:00:00,4.2823653
2018-07-27 12:00:00,3.93625
2018-07-28 12:00:00,3.77167
2018-07-29 12:00:00,3.8445756
2018-07-30 12:00:00,4.319502
2018-07-31 12:00:00,4.678788
2018-08-01 12:00:00,4.417425
2018-08-02 12:00:00,4.3088775
2018-08-03 12:00:00,4.1543384
2018-08-04 12:00:00,3.4130628
2018-08-05 12:00:00,3.66951
2018-08-06 12:00:00,3.5386078
2018-08-07 12:00:00,4.6737905
2018-08-08 12:00:00,4.036637
2018-08-09 12:00:00,3.3548417
2018-08-10 12:00:00,3.7674434
2018-08-11 12:00:00,3.8880296
2018-08-12 12:00:00,4.314701
2018-08-13 12:00:00,4.288808
2018-08-14 12:00:00,4.5510745
2018-08-15 12:00:00,5.0894475
2018-08-16 12:00:00,4.226552
2018-08-17 12:00:00,3.4170153
2018-08-18 12:00:00,3.2186112
2018-08-19 12:00:00,4.163248
2018-08-20 12:00:00,4.5639668
2018-08-21 12:00:00,4.0638423
2018-08-22 12:00:00,3.6488433
2018-08-23 12:00:00,3.6779287
2018-08-24 12:00:00,4.1272798
2018-08-25 12:00:00,4.1134577
2018-08-26 12:00:00,4.677221
2018-08-27 12:00:00,4.574602
2018-08-28 12:00:00,4.578711
2018-08-29 12:00:00,3.9985242
2018-08-30 12:00:00,3.6830251
2018-08-31 12:00:00,3.9319963
2018-09-01 12:00:00,4.0985928
2018-09-02 12:00:00,3.720837
2018-09-03 12:00:00,3.5375981
2018-09-04 12:00:00,3.882712
2018-09-05 12:00:00,4.8662553
2018-09-06 12:00:00,4.7992625
2018-09-07 12:00:00,3.8602655
2018-09-08 12:00:00,2.2962074
2018-09-09 12:00:00,2.154515
2018-09-10 12:00:00,2.3622186
2018-09-11 12:00:00,2.526816
2018-09-12 12:00:00,3.3513954
2018-09-13 12:00:00,2.8822932
2018-09-14 12:00:00,2.358906
2018-09-15 12:00:00,1.6224085
2018-09-16 12:00:00,1.5430102
2018-09-17 12:00:00,1.6712079
2018-09-18 12:00:00,1.8206174
2018-09-19 12:00:00,3.841507
2018-09-20 12:00:00,5.6559834
2018-09-21 12:00:00,4.2300944
2018-09-22 12:00:00,2.2634451
2018-09-23 12:00:00,1.7721177
2018-09-24 12:00:00,1.7613254
2018-09-25 12:00:00,1.8782036
2018-09-26 12:00:00,1.6341339
2018-09-27 12:00:00,1.6039675
2018-09-28 12:00:00,1.547217
2018-09-29 12:00:00,1.6430439
2018-09-30 12:00:00,1.5107404
2018-10-01 12:00:00,1.4398948
2018-10-02 12:00:00,1.4499257
2018-10-03 12:00:00,1.3747109
2018-10-04 12:00:00,1.373384
2018-10-05 12:00:00,1.4090658
2018-10-06 12:00:00,1.8914618
2018-10-07 12:00:00,2.575339
2018-10-08 12:00:00,3.2359412
2018-10-09 12:00:00,3.9893246
2018-10-10 12:00:00,4.882683
2018-10-11 12:00:00,4.5685444
2018-10-12 12:00:00,3.535394
2018-10-13 12:00:00,2.6278944
2018-10-14 12:00:00,1.8451127
2018-10-15 12:00:00,1.9367955
2018-10-16 12:00:00,2.27141
2018-10-17 12:00:00,1.7401792
2018-10-18 12:00:00,1.914782
2018-10-19 12:00:00,1.8127465
2018-10-20 12:00:00,1.9894626
2018-10-21 12:00:00,2.125131
2018-10-22 12:00:00,1.9831114
2018-10-23 12:00:00,2.1119866
2018-10-24 12:00:00,2.1073842
2018-10-25 12:00:00,2.4950638
2018-10-26 12:00:00,2.3917384
2018-10-27 12:00:00,2.6618488
2018-10-28 12:00:00,3.1238127
2018-10-29 12:00:00,3.028469
2018-10-30 12:00:00,2.874681
2018-10-31 12:00:00,2.5805037
2018-11-01 12:00:00,2.2621236
2018-11-02 12:00:00,2.1948097
2018-11-03 12:00:00,1.9410737
2018-11-04 12:00:00,2.0910416
2018-11-05 12:00:00,2.122317
2018-11-06 12:00:00,2.0928361
2018-11-07 12:00:00,2.4179451
2018-11-08 12:00:00,2.488503
2018-11-09 12:00:00,2.6108415
2018-11-10 12:00:00,2.8568425
2018-11-11 12:00:00,3.0499897
2018-11-12 12:00:00,3.185394
2018-11-13 12:00:00,2.5624912
2018-11-14 12:00:00,2.7027028
2018-11-15 12:00:00,2.6353796
2018-11-16 12:00:00,2.2403781
2018-11-17 12:00:00,2.0443683
2018-11-18 12:00:00,2.4116385
2018-11-19 12:00:00,2.7667615
2018-11-20 12:00:00,2.6564689
2018-11-21 12:00:00,3.1157556
2018-11-22 12:00:00,2.832188
2018-11-23 12:00:00,2.4074845
2018-11-24 12:00:00,2.4417684
2018-11-25 12:00:00,2.2120874
2018-11-26 12:00:00,2.0039349
2018-11-27 12:00:00,2.3939254
2018-11-28 12:00:00,2.650343
2018-11-29 12:00:00,2.3764899
2018-11-30 12:00:00,2.483901
2018-12-01 12:00:00,2.4927545
2018-12-02 12:00:00,2.686933
2018-12-03 12:00:00,3.2301307
2018-12-04 12:00:00,3.2069175
2018-12-05 12:00:00,2.8634703
2018-12-06 12:00:00,2.6503475
2018-12-07 12:00:00,2.7703621
2018-12-08 12:00:00,3.0342464
2018-12-09 12:00:00,2.8660119
2018-12-10 12:00:00,2.7976904
2018-12-11 12:00:00,2.367359
2018-12-12 12:00:00,2.8638928
2018-12-13 12:00:00,2.831724
2018-12-14 12:00:00,3.6189077
2018-12-15 12:00:00,4.3105946
2018-12-16 12:00:00,4.1821404
2018-12-17 12:00:00,3.8531342
2018-12-18 12:00:00,2.9595492
2018-12-19 12:00:00,3.070079
2018-12-20 12:00:00,2.8950865
2018-12-21 12:00:00,2.8898134
2018-12-22 12:00:00,3.3963232
2018-12-23 12:00:00,2.8998554
2018-12-24 12:00:00,2.602043
2018-12-25 12:00:00,2.5525222
2018-12-26 12:00:00,2.722648
2018-12-27 12:00:00,2.6599607
2018-12-28 12:00:00,3.159338
2018-12-29 12:00:00,3.7594678
2018-12-30 12:00:00,3.1663609
2018-12-31 12:00:00,2.4866593
2019-01-01 12:00:00,2.6887326
2019-01-02 12:00:00,2.6313355
2019-01-03 12:00:00,2.8965666
2019-01-04 12:00:00,3.3703904
2019-01-05 12:00:00,3.4309485
2019-01-06 12:00:00,3.0198462
2019-01-07 12:00:00,2.7524676
2019-01-08 12:00:00,2.647453
2019-01-09 12:00:00,2.3858182
2019-01-10 12:00:00,2.8877163
2019-01-11 12:00:00,2.875224
2019-01-12 12:00:00,2.9750595
2019-01-13 12:00:00,3.0230398
2019-01-14 12:00:00,2.8092318
2019-01-15 12:00:00,3.2927806
2019-01-16 12:00:00,2.9681857
2019-01-17 12:00:00,2.1812763
2019-01-18 12:00:00,2.510623
2019-01-19 12:00:00,3.0453677
2019-01-20 12:00:00,2.8886442
2019-01-21 12:00:00,2.762965
2019-01-22 12:00:00,2.5789344
2019-01-23 12:00:00,2.538967
2019-01-24 12:00:00,2.4669251
2019-01-25 12:00:00,2.6256335
2019-01-26 12:00:00,2.5351727
2019-01-27 12:00:00,2.6853025
2019-01-28 12:00:00,2.918353
2019-01-29 12:00:00,3.3259308
2019-01-30 12:00:00,3.5377922
2019-01-31 12:00:00,2.8220363
2019-02-01 12:00:00,2.187603
2019-02-02 12:00:00,2.4593425
2019-02-03 12:00:00,3.1520603
2019-02-04 12:00:00,3.3847456
2019-02-05 12:00:00,2.945752
2019-02-06 12:00:00,2.5184379
2019-02-07 12:00:00,2.4339776
2019-02-08 12:00:00,2.042539
2019-02-09 12:00:00,2.1294975
2019-02-10 12:00:00,3.508063
2019-02-11 12:00:00,3.2791817
2019-02-12 12:00:00,3.157715
2019-02-13 12:00:00,2.8255208
2019-02-14 12:00:00,2.7321107
2019-02-15 12:00:00,2.462918
2019-02-16 12:00:00,3.2217817
2019-02-17 12:00:00,2.599653
2019-02-18 12:00:00,1.9744197
2019-02-19 12:00:00,2.1070125
2019-02-20 12:00:00,2.411341
2019-02-21 12:00:00,2.5844607
2019-02-22 12:00:00,2.464655
2019-02-23 12:00:00,2.404793
2019-02-24 12:00:00,2.3730922
2019-02-25 12:00:00,3.276405
2019-02-26 12:00:00,2.5325992
2019-02-27 12:00:00,2.4352233
2019-02-28 12:00:00,2.4014394
2019-03-01 12:00:00,3.308401
2019-03-02 12:00:00,3.4975953
2019-03-03 12:00:00,2.7980847
2019-03-04 12:00:00,2.7972615
2019-03-05 12:00:00,3.5050166
2019-03-06 12:00:00,3.0204592
2019-03-07 12:00:00,2.6126738
2019-03-08 12:00:00,2.4251816
2019-03-09 12:00:00,2.4304342
2019-03-10 12:00:00,2.8271973
2019-03-11 12:00:00,2.515071
2019-03-12 12:00:00,2.769977
2019-03-13 12:00:00,2.5964303
2019-03-14 12:00:00,2.3462057
2019-03-15 12:00:00,2.093615
2019-03-16 12:00:00,2.2885313
2019-03-17 12:00:00,2.6481266
2019-03-18 12:00:00,2.8923118
2019-03-19 12:00:00,2.5598097
2019-03-20 12:00:00,2.5830007
2019-03-21 12:00:00,2.7063303
2019-03-22 12:00:00,3.1014905
2019-03-23 12:00:00,2.726534
2019-03-24 12:00:00,2.5908995
2019-03-25 12:00:00,2.426828
2019-03-26 12:00:00,2.4663649
2019-03-27 12:00:00,2.3768425
2019-03-28 12:00:00,2.4912803
2019-03-29 12:00:00,2.686065
2019-03-30 12:00:00,3.1127899
2019-03-31 12:00:00,3.599601
2019-04-01 12:00:00,3.3039658
2019-04-02 12:00:00,3.3060772
2019-04-03 12:00:00,3.0186887
2019-04-04 12:00:00,3.2620103
2019-04-05 12:00:00,3.482292
2019-04-06 12:00:00,2.9182281
2019-04-07 12:00:00,2.8737397
2019-04-08 12:00:00,3.0131636
2019-04-09 12:00:00,2.9397275
2019-04-10 12:00:00,2.8574078
2019-04-11 12:00:00,2.960971
2019-04-12 12:00:00,2.8208742
2019-04-13 12:00:00,2.9615877
2019-04-14 12:00:00,3.0043726
2019-04-15 12:00:00,3.2127495
2019-04-16 12:00:00,3.1967714
2019-04-17 12:00:00,2.9184442
2019-04-18 12:00:00,2.6803703
2019-04-19 12:00:00,2.8251567
2019-04-20 12:00:00,2.6710854
2019-04-21 12:00:00,2.8572996
2019-04-22 12:00:00,2.4425738
2019-04-23 12:00:00,2.365207
2019-04-24 12:00:00,2.410867
2019-04-25 12:00:00,2.7728
2019-04-26 12:00:00,3.0704334
2019-04-27 12:00:00,3.594894
2019-04-28 12:00:00,3.3495216
2019-04-29 12:00:00,3.399124
2019-04-30 12:00:00,4.1976957
2019-05-01 12:00:00,4.621063
2019-05-02 12:00:00,5.0196495
2019-05-03 12:00:00,5.445283
2019-05-04 12:00:00,4.277794
2019-05-05 12:00:00,3.726069
2019-05-06 12:00:00,3.5410492
2019-05-07 12:00:00,3.8841846
2019-05-08 12:00:00,3.8454015
2019-05-09 12:00:00,4.0998
2019-05-10 12:00:00,3.99766
2019-05-11 12:00:00,3.9150746
2019-05-12 12:00:00,3.7745779
2019-05-13 12:00:00,3.4642892
2019-05-14 12:00:00,3.3717065
2019-05-15 12:00:00,3.4630675
2019-05-16 12:00:00,3.596534
2019-05-17 12:00:00,3.9645176
2019-05-18 12:00:00,4.0037403
2019-05-19 12:00:00,3.4588318
2019-05-20 12:00:00,3.5006623
2019-05-21 12:00:00,3.691097
2019-05-22 12:00:00,3.8717794
2019-05-23 12:00:00,3.740078
2019-05-24 12:00:00,4.111147
2019-05-25 12:00:00,4.2317157
2019-05-26 12:00:00,3.4585812
2019-05-27 12:00:00,3.4703772
2019-05-28 12:00:00,3.498
2019-05-29 12:00:00,3.5091126
2019-05-30 12:00:00,3.3503234
2019-05-31 12:00:00,3.5038638
2019-06-01 12:00:00,2.965814
2019-06-02 12:00:00,2.9471598
2019-06-03 12:00:00,2.854289
2019-06-04 12:00:00,3.1499107
2019-06-05 12:00:00,3.8822756
2019-06-06 12:00:00,3.7160242
2019-06-07 12:00:00,3.437637
2019-06-08 12:00:00,2.937051
2019-06-09 12:00:00,3.111593
2019-06-10 12:00:00,4.012847
2019-06-11 12:00:00,4.1284714
2019-06-12 12:00:00,4.262712
2019-06-13 12:00:00,3.9503865
2019-06-14 12:00:00,4.1278667
2019-06-15 12:00:00,4.7168603
2019-06-16 12:00:00,4.5850315
2019-06-17 12:00:00,4.467214
2019-06-18 12:00:00,3.512767
2019-06-19 12:00:00,3.544384
2019-06-20 12:00:00,3.487412
2019-06-21 12:00:00,3.3178163
2019-06-22 12:00:00,3.118766
2019-06-23 12:00:00,2.632909
2019-06-24 12:00:00,2.695654
2019-06-25 12:00:00,2.8922706
2019-06-26 12:00:00,3.62593
2019-06-27 12:00:00,3.8701258
2019-06-28 12:00:00,3.8455608
2019-06-29 12:00:00,4.142604
2019-06-30 12:00:00,4.668211
2019-07-01 12:00:00,5.265452
2019-07-02 12:00:00,5.2651186
2019-07-03 12:00:00,4.8063526
2019-07-04 12:00:00,4.917513
2019-07-05 12:00:00,5.85692
2019-07-06 12:00:00,6.182522
2019-07-07 12:00:00,5.307649
2019-07-08 12:00:00,5.0433593
2019-07-09 12:00:00,4.942926
2019-07-10 12:00:00,4.796181
2019-07-11 12:00:00,4.585266
2019-07-12 12:00:00,4.2937646
2019-07-13 12:00:00,4.5889206
2019-07-14 12:00:00,4.0687947
2019-07-15 12:00:00,3.7818549
2019-07-16 12:00:00,3.1713226
2019-07-17 12:00:00,2.5938396
2019-07-18 12:00:00,2.5352209
2019-07-19 12:00:00,2.8888574
2019-07-20 12:00:00,2.6777885
2019-07-21 12:00:00,2.503556
2019-07-22 12:00:00,2.9532862
2019-07-23 12:00:00,3.6488674
2019-07-24 12:00:00,3.9619265
2019-07-25 12:00:00,4.402653
2019-07-26 12:00:00,4.880098
2019-07-27 12:00:00,4.7708335
2019-07-28 12:00:00,5.123414
2019-07-29 12:00:00,5.217829
2019-07-30 12:00:00,4.5961523
2019-07-31 12:00:00,4.425215
2019-08-01 12:00:00,4.6672616
2019-08-02 12:00:00,5.700876
2019-08-03 12:00:00,5.554718
2019-08-04 12:00:00,5.1575613
2019-08-05 12:00:00,5.204606
2019-08-06 12:00:00,6.325734
2019-08-07 12:00:00,6.7916255
2019-08-08 12:00:00,5.4448237
2019-08-09 12:00:00,3.3756404
2019-08-10 12:00:00,3.1664357
2019-08-11 12:00:00,3.0634212
2019-08-12 12:00:00,3.945742
2019-08-13 12:00:00,4.824324
2019-08-14 12:00:00,3.7848852
2019-08-15 12:00:00,2.8807952
2019-08-16 12:00:00,2.9494529
2019-08-17 12:00:00,2.8248546
2019-08-18 12:00:00,3.03396
2019-08-19 12:00:00,3.0466707
2019-08-20 12:00:00,3.3856802
2019-08-21 12:00:00,3.208775
2019-08-22 12:00:00,3.257456
2019-08-23 12:00:00,3.2548254
2019-08-24 12:00:00,3.7275894
2019-08-25 12:00:00,3.8988938
2019-08-26 12:00:00,4.384073
2019-08-27 12:00:00,3.6378062
2019-08-28 12:00:00,3.128715
2019-08-29 12:00:00,2.6494803
2019-08-30 12:00:00,2.4421055
2019-08-31 12:00:00,3.0470576
2019-09-01 12:00:00,3.770747
2019-09-02 12:00:00,4.1431446
2019-09-03 12:00:00,4.4001546
2019-09-04 12:00:00,4.501263
2019-09-05 12:00:00,4.7510967
2019-09-06 12:00:00,5.1159725
2019-09-07 12:00:00,5.2717633
2019-09-08 12:00:00,4.7867775
2019-09-09 12:00:00,4.1269865
2019-09-10 12:00:00,4.4500318
2019-09-11 12:00:00,4.675214
2019-09-12 12:00:00,4.1749682
2019-09-13 12:00:00,3.3504822
2019-09-14 12:00:00,2.7134135
2019-09-15 12:00:00,2.3234887
2019-09-16 12:00:00,1.7967206
2019-09-17 12:00:00,2.3789275
2019-09-18 12:00:00,2.1377432
2019-09-19 12:00:00,1.9312228
2019-09-20 12:00:00,1.3049448
2019-09-21 12:00:00,1.6940869
2019-09-22 12:00:00,2.4361296
2019-09-23 12:00:00,2.9606082
2019-09-24 12:00:00,3.4489095
2019-09-25 12:00:00,2.4599693
2019-09-26 12:00:00,1.9763955
2019-09-27 12:00:00,1.8470734
2019-09-28 12:00:00,1.5892066
2019-09-29 12:00:00,1.8443675
2019-09-30 12:00:00,2.5598052
2019-10-01 12:00:00,2.467621
2019-10-02 12:00:00,2.3916948
2019-10-03 12:00:00,1.9934622
2019-10-04 12:00:00,2.0860777
2019-10-05 12:00:00,1.6301695
2019-10-06 12:00:00,1.4674335
2019-10-07 12:00:00,1.5007486
2019-10-08 12:00:00,1.6513886
2019-10-09 12:00:00,1.605245
2019-10-10 12:00:00,1.7278246
2019-10-11 12:00:00,1.4745401
2019-10-12 12:00:00,1.5178049
2019-10-13 12:00:00,1.7591004
2019-10-14 12:00:00,2.209115
2019-10-15 12:00:00,2.3869548
2019-10-16 12:00:00,1.7173913
2019-10-17 12:00:00,1.8648177
2019-10-18 12:00:00,2.2071261
2019-10-19 12:00:00,2.0871034
2019-10-20 12:00:00,1.9948826
2019-10-21 12:00:00,1.8706
2019-10-22 12:00:00,1.8758677
2019-10-23 12:00:00,2.3866732
2019-10-24 12:00:00,2.725892
2019-10-25 12:00:00,2.5779061
2019-10-26 12:00:00,1.5179046
2019-10-27 12:00:00,1.9589138
2019-10-28 12:00:00,2.7341027
2019-10-29 12:00:00,2.558982
2019-10-30 12:00:00,1.9474797
2019-10-31 12:00:00,1.9122418
2019-11-01 12:00:00,2.2228475
2019-11-02 12:00:00,2.3578918
2019-11-03 12:00:00,2.0939307
2019-11-04 12:00:00,2.218779
2019-11-05 12:00:00,2.6051295
2019-11-06 12:00:00,3.3876169
2019-11-07 12:00:00,4.325696
2019-11-08 12:00:00,4.8686132
2019-11-09 12:00:00,4.273599
2019-11-10 12:00:00,2.7421842
2019-11-11 12:00:00,2.0602932
2019-11-12 12:00:00,2.496324
2019-11-13 12:00:00,2.8365605
2019-11-14 12:00:00,2.7632093
2019-11-15 12:00:00,2.3110204
2019-11-16 12:00:00,2.2891467
2019-11-17 12:00:00,2.2571893
2019-11-18 12:00:00,2.368048
2019-11-19 12:00:00,2.6534183
2019-11-20 12:00:00,2.8691864
2019-11-21 12:00:00,2.7418363
2019-11-22 12:00:00,2.300592
2019-11-23 12:00:00,2.2134058
2019-11-24 12:00:00,2.2133048
2019-11-25 12:00:00,2.5680733
2019-11-26 12:00:00,2.8014061
2019-11-27 12:00:00,2.9675689
2019-11-28 12:00:00,2.9321883
2019-11-29 12:00:00,2.5558405
2019-11-30 12:00:00,2.8203437
2019-12-01 12:00:00,3.0712261
2019-12-02 12:00:00,3.088404
2019-12-03 12:00:00,3.120977
2019-12-04 12:00:00,3.5047407
2019-12-05 12:00:00,3.2862523
2019-12-06 12:00:00,3.1765428
2019-12-07 12:00:00,2.9506788
2019-12-08 12:00:00,2.626582
2019-12-09 12:00:00,2.4304295
2019-12-10 12:00:00,2.1307116
2019-12-11 12:00:00,2.283654
2019-12-12 12:00:00,2.654889
2019-12-13 12:00:00,2.2642133
2019-12-14 12:00:00,2.664449
2019-12-15 12:00:00,2.7832966
2019-12-16 12:00:00,2.8701587
2019-12-17 12:00:00,3.3859766
2019-12-18 12:00:00,3.6322784
2019-12-19 12:00:00,3.116993
2019-12-20 12:00:00,2.61841
2019-12-21 12:00:00,2.6970942
2019-12-22 12:00:00,2.9527109
2019-12-23 12:00:00,3.0090663
2019-12-24 12:00:00,3.198293
2019-12-25 12:00:00,2.9772608
2019-12-26 12:00:00,2.2204573
2019-12-27 12:00:00,2.426388
2019-12-28 12:00:00,3.6850164
2019-12-29 12:00:00,3.1094804
2019-12-30 12:00:00,2.8218102
2019-12-31 12:00:00,2.759841
2020-01-01 12:00:00,3.1412678
2020-01-02 12:00:00,3.0100782
2020-01-03 12:00:00,2.3076186
2020-01-04 12:00:00,2.1811442
2020-01-05 12:00:00,2.776942
2020-01-06 12:00:00,3.7552886
2020-01-07 12:00:00,2.9341688
2020-01-08 12:00:00,2.5116835
2020-01-09 12:00:00,2.4534166
2020-01-10 12:00:00,3.369141
2020-01-11 12:00:00,3.6744385
2020-01-12 12:00:00,2.8675227
2020-01-13 12:00:00,2.4024818
2020-01-14 12:00:00,2.2557092
2020-01-15 12:00:00,2.5447469
2020-01-16 12:00:00,2.4606013
2020-01-17 12:00:00,2.3312638
2020-01-18 12:00:00,2.4974737
2020-01-19 12:00:00,2.4604037
2020-01-20 12:00:00,2.7431827
2020-01-21 12:00:00,3.3502877
2020-01-22 12:00:00,3.114451
2020-01-23 12:00:00,2.556951
2020-01-24 12:00:00,2.9512665
2020-01-25 12:00:00,2.7177067
2020-01-26 12:00:00,2.4216597
2020-01-27 12:00:00,2.531487
2020-01-28 12:00:00,2.4704742
2020-01-29 12:00:00,2.496863
2020-01-30 12:00:00,2.3065991
2020-01-31 12:00:00,2.612679
2020-02-01 12:00:00,2.845102
2020-02-02 12:00:00,3.1834538
2020-02-03 12:00:00,3.4214666
2020-02-04 12:00:00,2.9511714
2020-02-05 12:00:00,2.4465141
2020-02-06 12:00:00,2.768172
2020-02-07 12:00:00,2.9250174
2020-02-08 12:00:00,2.9422266
2020-02-09 12:00:00,3.5937514
2020-02-10 12:00:00,3.5078375
2020-02-11 12:00:00,3.3831725
2020-02-12 12:00:00,3.1252983
2020-02-13 12:00:00,2.5755494
2020-02-14 12:00:00,2.673501
2020-02-15 12:00:00,2.2204108
2020-02-16 12:00:00,2.242649
2020-02-17 12:00:00,2.4028668
2020-02-18 12:00:00,2.324361
2020-02-19 12:00:00,2.3445997
2020-02-20 12:00:00,2.6049013
2020-02-21 12:00:00,2.704641
2020-02-22 12:00:00,2.6764934
2020-02-23 12:00:00,2.2486467
2020-02-24 12:00:00,2.3396842
2020-02-25 12:00:00,2.4748275
2020-02-26 12:00:00,2.4216738
2020-02-27 12:00:00,2.727901
2020-02-28 12:00:00,2.8435915
2020-02-29 12:00:00,2.3960824
2020-03-01 12:00:00,2.315756
2020-03-02 12:00:00,2.1392746
2020-03-03 12:00:00,2.043731
2020-03-04 12:00:00,2.0811737
2020-03-05 12:00:00,2.328723
2020-03-06 12:00:00,2.745286
2020-03-07 12:00:00,2.4127684
2020-03-08 12:00:00,2.5779746
2020-03-09 12:00:00,2.7530005
2020-03-10 12:00:00,2.7371542
2020-03-11 12:00:00,2.584966
2020-03-12 12:00:00,2.5386262
2020-03-13 12:00:00,2.5570953
2020-03-14 12:00:00,2.8610203
2020-03-15 12:00:00,2.6715448
2020-03-16 12:00:00,2.5683887
2020-03-17 12:00:00,2.488837
2020-03-18 12:00:00,2.5242808
2020-03-19 12:00:00,2.4776688
2020-03-20 12:00:00,2.4432583
2020-03-21 12:00:00,2.4105794
2020-03-22 12:00:00,2.5597582
2020-03-23 12:00:00,2.2763934
2020-03-24 12:00:00,2.4342923
2020-03-25 12:00:00,2.6882563
2020-03-26 12:00:00,2.3339508
2020-03-27 12:00:00,2.8657532
2020-03-28 12:00:00,2.8429432
2020-03-29 12:00:00,2.6776624
2020-03-30 12:00:00,2.6397526
2020-03-31 12:00:00,2.620973
2020-04-01 12:00:00,2.9436646
2020-04-02 12:00:00,2.9828165
2020-04-03 12:00:00,2.6123073
2020-04-04 12:00:00,2.6960783
2020-04-05 12:00:00,2.8800955
2020-04-06 12:00:00,2.8367317
2020-04-07 12:00:00,2.8642857
2020-04-08 12:00:00,2.6881304
2020-04-09 12:00:00,2.5920374
2020-04-10 12:00:00,2.3785093
2020-04-11 12:00:00,2.5563297
2020-04-12 12:00:00,2.7133324
2020-04-13 12:00:00,2.740192
2020-04-14 12:00:00,2.4658446
2020-04-15 12:00:00,2.8081563
2020-04-16 12:00:00,2.9844186
2020-04-17 12:00:00,3.1817453
2020-04-18 12:00:00,3.194831
2020-04-19 12:00:00,2.9481196
2020-04-20 12:00:00,2.7747326
2020-04-21 12:00:00,2.99311
2020-04-22 12:00:00,2.5168133
2020-04-23 12:00:00,2.7827735
2020-04-24 12:00:00,3.455618
2020-04-25 12:00:00,2.7908545
2020-04-26 12:00:00,2.5409071
2020-04-27 12:00:00,2.0816433
2020-04-28 12:00:00,2.0134757
2020-04-29 12:00:00,2.1459148
2020-04-30 12:00:00,2.1108315
2020-05-01 12:00:00,2.1894608
2020-05-02 12:00:00,2.639234
2020-05-03 12:00:00,2.4621701
2020-05-04 12:00:00,2.2264798
2020-05-05 12:00:00,2.6734211
2020-05-06 12:00:00,2.4756825
2020-05-07 12:00:00,2.7888844
2020-05-08 12:00:00,2.9381952
2020-05-09 12:00:00,2.4439878
2020-05-10 12:00:00,2.4095726
2020-05-11 12:00:00,2.0629594
2020-05-12 12:00:00,2.0013952
2020-05-13 12:00:00,2.0825071
2020-05-14 12:00:00,2.5829082
2020-05-15 12:00:00,2.7576752
2020-05-16 12:00:00,2.7790058
2020-05-17 12:00:00,3.3537233
2020-05-18 12:00:00,4.5743146
2020-05-19 12:00:00,6.7146044
2020-05-20 12:00:00,6.048193
2020-05-21 12:00:00,4.019381
2020-05-22 12:00:00,3.408768
2020-05-23 12:00:00,3.1837425
2020-05-24 12:00:00,3.5006404
2020-05-25 12:00:00,4.2161446
2020-05-26 12:00:00,4.1210456
2020-05-27 12:00:00,4.2902703
2020-05-28 12:00:00,3.1584072
2020-05-29 12:00:00,3.0629463
2020-05-30 12:00:00,2.8108888
2020-05-31 12:00:00,2.6593885
2020-06-01 12:00:00,2.5566366
2020-06-02 12:00:00,2.885015
2020-06-03 12:00:00,2.7269762
2020-06-04 12:00:00,3.308649
2020-06-05 12:00:00,3.4685664
2020-06-06 12:00:00,2.931479
2020-06-07 12:00:00,2.7660763
2020-06-08 12:00:00,2.7051075
2020-06-09 12:00:00,2.5070162
2020-06-10 12:00:00,3.5041206
2020-06-11 12:00:00,4.2196317
2020-06-12 12:00:00,4.385774
2020-06-13 12:00:00,3.8021147
2020-06-14 12:00:00,3.4860942
2020-06-15 12:00:00,3.845312
2020-06-16 12:00:00,4.654306
2020-06-17 12:00:00,4.8273053
2020-06-18 12:00:00,4.3164597
2020-06-19 12:00:00,3.60531
2020-06-20 12:00:00,3.9670238
2020-06-21 12:00:00,4.4474993
2020-06-22 12:00:00,3.9201567
2020-06-23 12:00:00,2.832097
2020-06-24 12:00:00,2.3404708
2020-06-25 12:00:00,2.6130955
2020-06-26 12:00:00,3.182194
2020-06-27 12:00:00,3.381095
2020-06-28 12:00:00,2.9912913
2020-06-29 12:00:00,2.6249018
2020-06-30 12:00:00,3.131681
2020-07-01 12:00:00,3.42757
2020-07-02 12:00:00,3.521687
2020-07-03 12:00:00,3.6990464
2020-07-04 12:00:00,4.5412316
2020-07-05 12:00:00,4.9945354
2020-07-06 12:00:00,4.5157743
2020-07-07 12:00:00,3.3916607
2020-07-08 12:00:00,3.304661
2020-07-09 12:00:00,3.6070518
2020-07-10 12:00:00,4.107724
2020-07-11 12:00:00,4.0035553
2020-07-12 12:00:00,3.3528392
2020-07-13 12:00:00,3.3657653
2020-07-14 12:00:00,3.4200923
2020-07-15 12:00:00,3.9035523
2020-07-16 12:00:00,3.710921
2020-07-17 12:00:00,3.417063
2020-07-18 12:00:00,3.098041
2020-07-19 12:00:00,3.4279785
2020-07-20 12:00:00,3.6728854
2020-07-21 12:00:00,3.4443645
2020-07-22 12:00:00,3.6718135
2020-07-23 12:00:00,3.2749271
2020-07-24 12:00:00,2.7478237
2020-07-25 12:00:00,2.5127814
2020-07-26 12:00:00,2.2997987
2020-07-27 12:00:00,1.8302099
2020-07-28 12:00:00,2.460113
2020-07-29 12:00:00,3.0776932
2020-07-30 12:00:00,2.194832
2020-07-31 12:00:00,2.6498942
2020-08-01 12:00:00,2.786875
2020-08-02 12:00:00,3.1585248
2020-08-03 12:00:00,3.870382
2020-08-04 12:00:00,5.247538
2020-08-05 12:00:00,5.6393514
2020-08-06 12:00:00,4.253951
2020-08-07 12:00:00,2.96723
2020-08-08 12:00:00,3.0529573
2020-08-09 12:00:00,3.8934033
2020-08-10 12:00:00,4.027806
2020-08-11 12:00:00,4.251988
2020-08-12 12:00:00,3.9913359
2020-08-13 12:00:00,4.8084016
2020-08-14 12:00:00,5.527919
2020-08-15 12:00:00,6.0189657
2020-08-16 12:00:00,5.4269056
2020-08-17 12:00:00,4.7724714
2020-08-18 12:00:00,4.6046553
2020-08-19 12:00:00,4.959659
2020-08-20 12:00:00,5.320168
2020-08-21 12:00:00,4.2066674
2020-08-22 12:00:00,3.7228398
2020-08-23 12:00:00,3.8137162
2020-08-24 12:00:00,4.206739
2020-08-25 12:00:00,4.159863
2020-08-26 12:00:00,4.414781
2020-08-27 12:00:00,4.081213
2020-08-28 12:00:00,3.800435
2020-08-29 12:00:00,3.0308733
2020-08-30 12:00:00,2.4525816
2020-08-31 12:00:00,2.03231
2020-09-01 12:00:00,1.5001959
2020-09-02 12:00:00,1.8524917
2020-09-03 12:00:00,1.6366062
2020-09-04 12:00:00,1.5863441
2020-09-05 12:00:00,1.6887797
2020-09-06 12:00:00,2.4141502
2020-09-07 12:00:00,2.1209085
2020-09-08 12:00:00,1.991041
2020-09-09 12:00:00,2.29201
2020-09-10 12:00:00,2.4101186
2020-09-11 12:00:00,2.2365315
2020-09-12 12:00:00,2.3133485
2020-09-13 12:00:00,2.7783036
2020-09-14 12:00:00,2.707675
2020-09-15 12:00:00,2.923901
2020-09-16 12:00:00,2.9384623
2020-09-17 12:00:00,2.549975
2020-09-18 12:00:00,1.6551621
2020-09-19 12:00:00,1.9731007
2020-09-20 12:00:00,3.7993717
2020-09-21 12:00:00,5.12934
2020-09-22 12:00:00,4.395336
2020-09-23 12:00:00,3.592003
2020-09-24 12:00:00,3.4102726
2020-09-25 12:00:00,4.081331
2020-09-26 12:00:00,3.5589945
2020-09-27 12:00:00,2.7658334
2020-09-28 12:00:00,1.7914174
2020-09-29 12:00:00,1.8432248
2020-09-30 12:00:00,3.0435758
2020-10-01 12:00:00,2.9542253
2020-10-02 12:00:00,2.5114143
2020-10-03 12:00:00,2.6216435
2020-10-04 12:00:00,2.2833688
2020-10-05 12:00:00,2.3779898
2020-10-06 12:00:00,2.1959045
2020-10-07 12:00:00,1.5175382
2020-10-08 12:00:00,1.4171073
2020-10-09 12:00:00,1.6351756
2020-10-10 12:00:00,2.6102397
2020-10-11 12:00:00,2.976822
2020-10-12 12:00:00,3.3847027
2020-10-13 12:00:00,3.1086645
2020-10-14 12:00:00,2.6094275
2020-10-15 12:00:00,1.6449103
2020-10-16 12:00:00,1.5913564
2020-10-17 12:00:00,2.1741176
2020-10-18 12:00:00,2.3192666
2020-10-19 12:00:00,2.6772733
2020-10-20 12:00:00,3.2067955
2020-10-21 12:00:00,3.421898
2020-10-22 12:00:00,3.76452
2020-10-23 12:00:00,3.4068935
2020-10-24 12:00:00,1.6985276
2020-10-25 12:00:00,1.5883291
2020-10-26 12:00:00,1.8142911
2020-10-27 12:00:00,1.9664435
2020-10-28 12:00:00,2.0918674
2020-10-29 12:00:00,2.3978481
2020-10-30 12:00:00,2.6438656
2020-10-31 12:00:00,2.3199873
2020-11-01 12:00:00,2.1107469
2020-11-02 12:00:00,1.8902345
2020-11-03 12:00:00,1.702938
2020-11-04 12:00:00,1.4348959
2020-11-05 12:00:00,2.2896576
2020-11-06 12:00:00,3.1102264
2020-11-07 12:00:00,3.0947804
2020-11-08 12:00:00,2.9096158
2020-11-09 12:00:00,2.5129285
2020-11-10 12:00:00,2.6949084
2020-11-11 12:00:00,3.0497942
2020-11-12 12:00:00,3.069389
2020-11-13 12:00:00,3.024473
2020-11-14 12:00:00,3.087654
2020-11-15 12:00:00,2.8373437
2020-11-16 12:00:00,2.3346927
2020-11-17 12:00:00,2.4843824
2020-11-18 12:00:00,2.644002
2020-11-19 12:00:00,2.311345
2020-11-20 12:00:00,2.1775563
2020-11-21 12:00:00,2.2290628
2020-11-22 12:00:00,3.1580925
2020-11-23 12:00:00,3.6059043
2020-11-24 12:00:00,3.2977896
2020-11-25 12:00:00,3.4408278
2020-11-26 12:00:00,3.411976
2020-11-27 12:00:00,3.4578228
2020-11-28 12:00:00,2.993915
2020-11-29 12:00:00,3.066356
2020-11-30 12:00:00,3.1114058
2020-12-01 12:00:00,3.0016243
2020-12-02 12:00:00,2.7888472
2020-12-03 12:00:00,2.5109982
2020-12-04 12:00:00,2.4383278
2020-12-05 12:00:00,2.5159094
2020-12-06 12:00:00,2.5626693
2020-12-07 12:00:00,2.907171
2020-12-08 12:00:00,2.6095643
2020-12-09 12:00:00,2.1456437
2020-12-10 12:00:00,2.117821
2020-12-11 12:00:00,2.3354692
2020-12-12 12:00:00,2.206364
2020-12-13 12:00:00,2.4298348
2020-12-14 12:00:00,3.0045073
2020-12-15 12:00:00,3.24668
2020-12-16 12:00:00,3.0619872
2020-12-17 12:00:00,3.2819176
2020-12-18 12:00:00,3.623688
2020-12-19 12:00:00,3.6131983
2020-12-20 12:00:00,3.3009777
2020-12-21 12:00:00,2.5711606
2020-12-22 12:00:00,2.4479477
2020-12-23 12:00:00,2.4838874
2020-12-24 12:00:00,2.7632031
2020-12-25 12:00:00,3.0945346
2020-12-26 12:00:00,3.3048892
2020-12-27 12:00:00,3.04762
2020-12-28 12:00:00,2.9279397
2020-12-29 12:00:00,3.0871308
2020-12-30 12:00:00,3.4085343
2020-12-31 12:00:00,3.119185
2021-01-01 12:00:00,2.9479034
2021-01-02 12:00:00,2.7863975
2021-01-03 12:00:00,2.660814
2021-01-04 12:00:00,2.6744823
2021-01-05 12:00:00,2.687524
2021-01-06 12:00:00,2.1321964
2021-01-07 12:00:00,2.3707302
2021-01-08 12:00:00,2.6939793
2021-01-09 12:00:00,2.5246813
2021-01-10 12:00:00,2.375127
2021-01-11 12:00:00,2.5599356
2021-01-12 12:00:00,2.6723473
2021-01-13 12:00:00,2.336192
2021-01-14 12:00:00,2.4716036
2021-01-15 12:00:00,2.1675036
2021-01-16 12:00:00,1.9426751
2021-01-17 12:00:00,2.695914
2021-01-18 12:00:00,2.4536657
2021-01-19 12:00:00,2.2439852
2021-01-20 12:00:00,2.1362047
2021-01-21 12:00:00,2.1660833
2021-01-22 12:00:00,2.3801465
2021-01-23 12:00:00,2.2434936
2021-01-24 12:00:00,2.3849185
2021-01-25 12:00:00,2.7118988
2021-01-26 12:00:00,3.0507674
2021-01-27 12:00:00,3.2388005
2021-01-28 12:00:00,3.1353884
2021-01-29 12:00:00,2.8219934
2021-01-30 12:00:00,2.564381
2021-01-31 12:00:00,3.2171004
2021-02-01 12:00:00,3.4253411
2021-02-02 12:00:00,3.2995737
2021-02-03 12:00:00,3.048139
2021-02-04 12:00:00,2.6746383
2021-02-05 12:00:00,2.5622828
2021-02-06 12:00:00,2.8224912
2021-02-07 12:00:00,3.3223681
2021-02-08 12:00:00,3.493592
2021-02-09 12:00:00,2.7264054
2021-02-10 12:00:00,2.0847871
2021-02-11 12:00:00,2.2624576
2021-02-12 12:00:00,2.4596007
2021-02-13 12:00:00,2.3606067
2021-02-14 12:00:00,2.3920984
2021-02-15 12:00:00,2.3971143
2021-02-16 12:00:00,2.3830564
2021-02-17 12:00:00,2.7037501
2021-02-18 12:00:00,2.4106362
2021-02-19 12:00:00,2.6794508
2021-02-20 12:00:00,3.098698
2021-02-21 12:00:00,2.862471
2021-02-22 12:00:00,2.6031487
2021-02-23 12:00:00,2.3797774
2021-02-24 12:00:00,2.4937308
2021-02-25 12:00:00,2.8344471
2021-02-26 12:00:00,2.950534
2021-02-27 12:00:00,2.4952507
2021-02-28 12:00:00,2.4973888
2021-03-01 12:00:00,2.4086468
2021-03-02 12:00:00,2.639225
2021-03-03 12:00:00,2.176395
2021-03-04 12:00:00,2.331385
2021-03-05 12:00:00,2.816968
2021-03-06 12:00:00,2.7554936
2021-03-07 12:00:00,2.3363028
2021-03-08 12:00:00,2.4265945
2021-03-09 12:00:00,2.6244586
2021-03-10 12:00:00,2.6228426
2021-03-11 12:00:00,2.5554843
2021-03-12 12:00:00,2.6240995
2021-03-13 12:00:00,3.0787485
2021-03-14 12:00:00,2.7864015
2021-03-15 12:00:00,2.4747229
2021-03-16 12:00:00,2.6808076
2021-03-17 12:00:00,2.5960248
2021-03-18 12:00:00,2.5718129
2021-03-19 12:00:00,2.7164621
2021-03-20 12:00:00,2.701508
2021-03-21 12:00:00,2.3937566
2021-03-22 12:00:00,2.324887
2021-03-23 12:00:00,2.18809
2021-03-24 12:00:00,2.244043
2021-03-25 12:00:00,2.2236161
2021-03-26 12:00:00,2.2980857
2021-03-27 12:00:00,2.1870852
2021-03-28 12:00:00,2.4252775
2021-03-29 12:00:00,3.0285215
2021-03-30 12:00:00,4.1164546
2021-03-31 12:00:00,4.26746
2021-04-01 12:00:00,3.2823513
2021-04-02 12:00:00,2.215429
2021-04-03 12:00:00,2.279003
2021-04-04 12:00:00,2.4819207
2021-04-05 12:00:00,2.431849
2021-04-06 12:00:00,2.3072588
2021-04-07 12:00:00,2.6106653
2021-04-08 12:00:00,2.9713373
2021-04-09 12:00:00,2.5258052
2021-04-10 12:00:00,2.311086
2021-04-11 12:00:00,2.1489177
2021-04-12 12:00:00,2.1944926
2021-04-13 12:00:00,2.2316134
2021-04-14 12:00:00,2.5664773
2021-04-15 12:00:00,2.8391562
2021-04-16 12:00:00,2.3630593
2021-04-17 12:00:00,2.2935135
2021-04-18 12:00:00,2.4554589
2021-04-19 12:00:00,2.709015
2021-04-20 12:00:00,2.8511193
2021-04-21 12:00:00,3.0556443
2021-04-22 12:00:00,3.009368
2021-04-23 12:00:00,2.8382702
2021-04-24 12:00:00,2.7539437
2021-04-25 12:00:00,2.9398634
2021-04-26 12:00:00,3.2519283
2021-04-27 12:00:00,2.9994683
2021-04-28 12:00:00,2.432654
2021-04-29 12:00:00,2.5156403
2021-04-30 12:00:00,2.5130768
2021-05-01 12:00:00,2.413318
2021-05-02 12:00:00,2.3112497
2021-05-03 12:00:00,2.2639604
2021-05-04 12:00:00,2.3876653
2021-05-05 12:00:00,2.1194847
2021-05-06 12:00:00,2.4170303
2021-05-07 12:00:00,2.376177
2021-05-08 12:00:00,2.1264634
2021-05-09 12:00:00,2.169901
2021-05-10 12:00:00,2.217125
2021-05-11 12:00:00,2.727731
2021-05-12 12:00:00,2.8822074
2021-05-13 12:00:00,2.639143
2021-05-14 12:00:00,2.8004885
2021-05-15 12:00:00,2.6740975
2021-05-16 12:00:00,2.8872647
2021-05-17 12:00:00,2.6624372
2021-05-18 12:00:00,3.1571515
2021-05-19 12:00:00,3.008874
2021-05-20 12:00:00,3.1283028
2021-05-21 12:00:00,3.0400364
2021-05-22 12:00:00,2.6607637
2021-05-23 12:00:00,4.028273
2021-05-24 12:00:00,5.961109
2021-05-25 12:00:00,6.706519
2021-05-26 12:00:00,5.8044953
2021-05-27 12:00:00,4.3473606
2021-05-28 12:00:00,3.3463938
2021-05-29 12:00:00,2.8516078
2021-05-30 12:00:00,2.9506497
2021-05-31 12:00:00,3.0824637
2021-06-01 12:00:00,3.0958595
2021-06-02 12:00:00,2.339835
2021-06-03 12:00:00,2.6928492
2021-06-04 12:00:00,3.1184032
2021-06-05 12:00:00,3.3808465
2021-06-06 12:00:00,3.3393056
2021-06-07 12:00:00,3.8740346
2021-06-08 12:00:00,3.79798
2021-06-09 12:00:00,3.983687
2021-06-10 12:00:00,3.9197645
2021-06-11 12:00:00,4.6745667
2021-06-12 12:00:00,4.4916596
2021-06-13 12:00:00,4.5486984
2021-06-14 12:00:00,5.1619587
2021-06-15 12:00:00,4.757739
2021-06-16 12:00:00,4.9204707
2021-06-17 12:00:00,4.6621757
2021-06-18 12:00:00,4.9349337
2021-06-19 12:00:00,4.5732846
2021-06-20 12:00:00,4.0199904
2021-06-21 12:00:00,3.5294378
2021-06-22 12:00:00,3.425479
2021-06-23 12:00:00,4.282465
2021-06-24 12:00:00,4.052325
2021-06-25 12:00:00,3.366201
2021-06-26 12:00:00,3.1532922
2021-06-27 12:00:00,3.2330768
2021-06-28 12:00:00,3.3914025
2021-06-29 12:00:00,3.9703221
2021-06-30 12:00:00,4.1053824
2021-07-01 12:00:00,4.467288
2021-07-02 12:00:00,4.010274
2021-07-03 12:00:00,3.4258218
2021-07-04 12:00:00,2.993526
2021-07-05 12:00:00,2.5206654
2021-07-06 12:00:00,3.365769
2021-07-07 12:00:00,3.1536653
2021-07-08 12:00:00,2.8778481
2021-07-09 12:00:00,2.898304
2021-07-10 12:00:00,2.7115264
2021-07-11 12:00:00,3.3750064
2021-07-12 12:00:00,3.5644326
2021-07-13 12:00:00,3.6403615
2021-07-14 12:00:00,3.3895717
2021-07-15 12:00:00,2.4687588
2021-07-16 12:00:00,2.366383
2021-07-17 12:00:00,2.5795717
2021-07-18 12:00:00,3.3772454
2021-07-19 12:00:00,3.699181
2021-07-20 12:00:00,3.6973076
2021-07-21 12:00:00,4.6394043
2021-07-22 12:00:00,5.592614
2021-07-23 12:00:00,5.70769
2021-07-24 12:00:00,4.6214404
2021-07-25 12:00:00,4.6293697
2021-07-26 12:00:00,4.928851
2021-07-27 12:00:00,5.300892
2021-07-28 12:00:00,5.4331913
2021-07-29 12:00:00,5.479837
2021-07-30 12:00:00,5.081136
2021-07-31 12:00:00,4.591159
2021-08-01 12:00:00,4.471675
2021-08-02 12:00:00,4.19396
2021-08-03 12:00:00,3.9771576
2021-08-04 12:00:00,4.279261
2021-08-05 12:00:00,3.9944289
2021-08-06 12:00:00,4.018628
2021-08-07 12:00:00,3.812067
2021-08-08 12:00:00,3.3150723
2021-08-09 12:00:00,3.1361594
2021-08-10 12:00:00,3.526849
2021-08-11 12:00:00,3.2928681
2021-08-12 12:00:00,3.073724
2021-08-13 12:00:00,2.9250433
2021-08-14 12:00:00,3.0289025
2021-08-15 12:00:00,3.2398996
2021-08-16 12:00:00,3.8963196
2021-08-17 12:00:00,4.2104807
2021-08-18 12:00:00,3.8964026
2021-08-19 12:00:00,3.1147194
2021-08-20 12:00:00,2.7580247
2021-08-21 12:00:00,2.5519533
2021-08-22 12:00:00,2.7337382
2021-08-23 12:00:00,3.1917403
2021-08-24 12:00:00,3.4242423
2021-08-25 12:00:00,3.4747407
2021-08-26 12:00:00,2.9101646
2021-08-27 12:00:00,2.8620632
2021-08-28 12:00:00,3.2980359
2021-08-29 12:00:00,3.1877115
2021-08-30 12:00:00,2.9471273
2021-08-31 12:00:00,2.3479602
2021-09-01 12:00:00,1.6328508
2021-09-02 12:00:00,1.4347616
2021-09-03 12:00:00,2.2131567
2021-09-04 12:00:00,2.7247164
2021-09-05 12:00:00,3.4457326
2021-09-06 12:00:00,4.6444154
2021-09-07 12:00:00,3.9031942
2021-09-08 12:00:00,2.9817586
2021-09-09 12:00:00,2.5038538
2021-09-10 12:00:00,3.1965075
2021-09-11 12:00:00,4.4856534
2021-09-12 12:00:00,4.712496
2021-09-13 12:00:00,4.95095
2021-09-14 12:00:00,4.1333947
2021-09-15 12:00:00,3.1087382
2021-09-16 12:00:00,2.8506238
2021-09-17 12:00:00,2.872951
2021-09-18 12:00:00,2.6928213
2021-09-19 12:00:00,2.2285824
2021-09-20 12:00:00,2.4308746
2021-09-21 12:00:00,2.728034
2021-09-22 12:00:00,2.8463006
2021-09-23 12:00:00,2.7597215
2021-09-24 12:00:00,2.3734252
2021-09-25 12:00:00,2.8054478
2021-09-26 12:00:00,3.0686579
2021-09-27 12:00:00,3.0159347
2021-09-28 12:00:00,2.988003
2021-09-29 12:00:00,2.0080974
2021-09-30 12:00:00,1.7908083
2021-10-01 12:00:00,2.0594957
2021-10-02 12:00:00,1.9705461
2021-10-03 12:00:00,2.1267889
2021-10-04 12:00:00,2.04635
2021-10-05 12:00:00,1.7585343
2021-10-06 12:00:00,1.7824196
2021-10-07 12:00:00,1.5476302
2021-10-08 12:00:00,1.7599901
2021-10-09 12:00:00,1.437811
2021-10-10 12:00:00,1.4847463
2021-10-11 12:00:00,1.538941
2021-10-12 12:00:00,1.5659478
2021-10-13 12:00:00,1.8176928
2021-10-14 12:00:00,2.1046684
2021-10-15 12:00:00,2.3018274
2021-10-16 12:00:00,2.704964
2021-10-17 12:00:00,3.025839
2021-10-18 12:00:00,3.2216344
2021-10-19 12:00:00,2.9254243
2021-10-20 12:00:00,2.3196404
2021-10-21 12:00:00,2.187682
2021-10-22 12:00:00,1.611478
2021-10-23 12:00:00,1.6633935
2021-10-24 12:00:00,1.886213
2021-10-25 12:00:00,2.1733787
2021-10-26 12:00:00,2.3329725
2021-10-27 12:00:00,2.3240907
2021-10-28 12:00:00,2.1644511
2021-10-29 12:00:00,2.18597
2021-10-30 12:00:00,2.0383365
2021-10-31 12:00:00,2.09668
2021-11-01 12:00:00,2.1225367
2021-11-02 12:00:00,2.1386313
2021-11-03 12:00:00,2.212707
2021-11-04 12:00:00,2.4029148
2021-11-05 12:00:00,2.5975835
2021-11-06 12:00:00,2.9586816
2021-11-07 12:00:00,2.8245027
2021-11-08 12:00:00,2.7045465
2021-11-09 12:00:00,2.7371268
2021-11-10 12:00:00,3.0167973
2021-11-11 12:00:00,2.859045
2021-11-12 12:00:00,2.4988089
2021-11-13 12:00:00,2.3291562
2021-11-14 12:00:00,2.0125527
2021-11-15 12:00:00,2.0759995
2021-11-16 12:00:00,2.843091
2021-11-17 12:00:00,3.3456967
2021-11-18 12:00:00,2.8362124
2021-11-19 12:00:00,2.2940767
2021-11-20 12:00:00,2.2384582
2021-11-21 12:00:00,2.3762565
2021-11-22 12:00:00,2.2975564
2021-11-23 12:00:00,2.4485512
2021-11-24 12:00:00,2.5865545
2021-11-25 12:00:00,2.43115
2021-11-26 12:00:00,2.67745
2021-11-27 12:00:00,2.9504843
2021-11-28 12:00:00,2.8239772
2021-11-29 12:00:00,3.1643798
2021-11-30 12:00:00,3.0343108
2021-12-01 12:00:00,3.0047452
2021-12-02 12:00:00,3.2824368
2021-12-03 12:00:00,3.618609
2021-12-04 12:00:00,3.6895037
2021-12-05 12:00:00,3.062836
2021-12-06 12:00:00,2.5503829
2021-12-07 12:00:00,2.4533002
2021-12-08 12:00:00,2.5314023
2021-12-09 12:00:00,2.94611
2021-12-10 12:00:00,2.7290962
2021-12-11 12:00:00,3.151551
2021-12-12 12:00:00,3.6078582
2021-12-13 12:00:00,3.467001
2021-12-14 12:00:00,3.1530302
2021-12-15 12:00:00,3.0965219
2021-12-16 12:00:00,3.2848604
2021-12-17 12:00:00,2.9303021
2021-12-18 12:00:00,3.0248067
2021-12-19 12:00:00,2.994449
2021-12-20 12:00:00,2.9191282
2021-12-21 12:00:00,2.3674903
2021-12-22 12:00:00,2.0183291
2021-12-23 12:00:00,1.920667
2021-12-24 12:00:00,1.9415457
2021-12-25 12:00:00,1.9815167
2021-12-26 12:00:00,2.1818612
2021-12-27 12:00:00,2.1801353
2021-12-28 12:00:00,2.9416196
2021-12-29 12:00:00,2.715258
2021-12-30 12:00:00,3.7205229
2021-12-31 12:00:00,3.7046359
2022-01-01 12:00:00,3.4131327
2022-01-02 12:00:00,2.978563
2022-01-03 12:00:00,2.5378869
2022-01-04 12:00:00,2.881561
2022-01-05 12:00:00,2.6763024
2022-01-06 12:00:00,2.6334698
2022-01-07 12:00:00,2.5511239
2022-01-08 12:00:00,2.3444173
2022-01-09 12:00:00,1.9447994
2022-01-10 12:00:00,2.043224
2022-01-11 12:00:00,2.0654638
2022-01-12 12:00:00,2.2253509
2022-01-13 12:00:00,2.629865
2022-01-14 12:00:00,2.7116039
2022-01-15 12:00:00,2.6530824
2022-01-16 12:00:00,3.4875164
2022-01-17 12:00:00,3.119878
2022-01-18 12:00:00,2.0730367
2022-01-19 12:00:00,2.1792336
2022-01-20 12:00:00,2.0563593
2022-01-21 12:00:00,2.3073525
2022-01-22 12:00:00,1.8778585
2022-01-23 12:00:00,2.0862818
2022-01-24 12:00:00,1.9734961
2022-01-25 12:00:00,1.8874582
2022-01-26 12:00:00,1.8978682
2022-01-27 12:00:00,3.0566807
2022-01-28 12:00:00,3.4141335
2022-01-29 12:00:00,3.1120298
2022-01-30 12:00:00,2.6042457
2022-01-31 12:00:00,2.426197
2022-02-01 12:00:00,2.529477
2022-02-02 12:00:00,2.1838324
2022-02-03 12:00:00,2.5048616
2022-02-04 12:00:00,2.99939
2022-02-05 12:00:00,2.5178506
2022-02-06 12:00:00,3.0839827
2022-02-07 12:00:00,2.7618792
2022-02-08 12:00:00,3.0493104
2022-02-09 12:00:00,3.3106701
2022-02-10 12:00:00,2.6429615
2022-02-11 12:00:00,3.1396577
2022-02-12 12:00:00,3.8132398
2022-02-13 12:00:00,3.1788776
2022-02-14 12:00:00,3.0511224
2022-02-15 12:00:00,3.041448
2022-02-16 12:00:00,3.159437
2022-02-17 12:00:00,3.2468321
2022-02-18 12:00:00,3.1437814
2022-02-19 12:00:00,2.7761376
2022-02-20 12:00:00,3.3941114
2022-02-21 12:00:00,2.5488834
2022-02-22 12:00:00,2.1775148
2022-02-23 12:00:00,2.3457162
2022-02-24 12:00:00,2.4748538
2022-02-25 12:00:00,2.43828
2022-02-26 12:00:00,2.7736244
2022-02-27 12:00:00,2.679584
2022-02-28 12:00:00,2.568298
2022-03-01 12:00:00,2.9994957
2022-03-02 12:00:00,3.1576686
2022-03-03 12:00:00,3.1881664
2022-03-04 12:00:00,3.195683
2022-03-05 12:00:00,2.9758797
2022-03-06 12:00:00,2.897495
2022-03-07 12:00:00,2.7972167
2022-03-08 12:00:00,2.3434095
2022-03-09 12:00:00,2.56534
2022-03-10 12:00:00,2.6119518
2022-03-11 12:00:00,2.8482006
2022-03-12 12:00:00,2.7853966
2022-03-13 12:00:00,2.6089551
2022-03-14 12:00:00,2.4707267
2022-03-15 12:00:00,2.4109747
2022-03-16 12:00:00,2.6377373
2022-03-17 12:00:00,2.5974379
2022-03-18 12:00:00,2.4836192
2022-03-19 12:00:00,2.429478
2022-03-20 12:00:00,2.6509953
2022-03-21 12:00:00,2.635963
2022-03-22 12:00:00,2.8235505
2022-03-23 12:00:00,2.7556703
2022-03-24 12:00:00,3.17512
2022-03-25 12:00:00,3.3007622
2022-03-26 12:00:00,3.46691
2022-03-27 12:00:00,2.9518394
2022-03-28 12:00:00,3.3389022
2022-03-29 12:00:00,3.3892782
2022-03-30 12:00:00,3.0015419
2022-03-31 12:00:00,3.0801272
2022-04-01 12:00:00,3.2428806
2022-04-02 12:00:00,3.1693702
2022-04-03 12:00:00,2.9297576
2022-04-04 12:00:00,3.0593224
2022-04-05 12:00:00,2.4593816
2022-04-06 12:00:00,2.2577546
2022-04-07 12:00:00,2.372957
2022-04-08 12:00:00,2.6285155
2022-04-09 12:00:00,2.8225515
2022-04-10 12:00:00,3.0641718
2022-04-11 12:00:00,3.4399066
2022-04-12 12:00:00,3.0103996
2022-04-13 12:00:00,3.4196837
2022-04-14 12:00:00,3.7762458
2022-04-15 12:00:00,3.7996244
2022-04-16 12:00:00,3.40989
2022-04-17 12:00:00,3.3450065
2022-04-18 12:00:00,2.9718623
2022-04-19 12:00:00,2.9227204
2022-04-20 12:00:00,2.8060951
2022-04-21 12:00:00,2.8361797
2022-04-22 12:00:00,2.524357
2022-04-23 12:00:00,2.9591146
2022-04-24 12:00:00,3.0729501
2022-04-25 12:00:00,2.9973135
2022-04-26 12:00:00,3.2049816
2022-04-27 12:00:00,2.868838
2022-04-28 12:00:00,3.4850998
2022-04-29 12:00:00,3.1549587
2022-04-30 12:00:00,3.257552
2022-05-01 12:00:00,3.2205584
2022-05-02 12:00:00,2.7647023
2022-05-03 12:00:00,2.9536726
2022-05-04 12:00:00,2.2586982
2022-05-05 12:00:00,2.083429
2022-05-06 12:00:00,2.06217
2022-05-07 12:00:00,2.3191786
2022-05-08 12:00:00,3.9492412
2022-05-09 12:00:00,4.751272
2022-05-10 12:00:00,4.2918053
2022-05-11 12:00:00,3.8230379
2022-05-12 12:00:00,3.211318
2022-05-13 12:00:00,3.7806711
2022-05-14 12:00:00,3.7664025
2022-05-15 12:00:00,3.7966862
2022-05-16 12:00:00,3.3833811
2022-05-17 12:00:00,3.3757398
2022-05-18 12:00:00,3.178139
2022-05-19 12:00:00,3.6272483
2022-05-20 12:00:00,4.2237854
2022-05-21 12:00:00,4.4818544
2022-05-22 12:00:00,3.5143247
2022-05-23 12:00:00,3.087172
2022-05-24 12:00:00,3.2615736
2022-05-25 12:00:00,3.1700013
2022-05-26 12:00:00,4.0000806
2022-05-27 12:00:00,3.7360735
2022-05-28 12:00:00,3.6658318
2022-05-29 12:00:00,3.4283602
2022-05-30 12:00:00,3.3854988
2022-05-31 12:00:00,3.4401743
2022-06-01 12:00:00,3.4249144
2022-06-02 12:00:00,3.5497036
2022-06-03 12:00:00,3.7954197
2022-06-04 12:00:00,3.732206
2022-06-05 12:00:00,3.5166497
2022-06-06 12:00:00,3.23651
2022-06-07 12:00:00,4.0017624
2022-06-08 12:00:00,4.091096
2022-06-09 12:00:00,4.401048
2022-06-10 12:00:00,4.0205107
2022-06-11 12:00:00,3.8373013
2022-06-12 12:00:00,3.5151691
2022-06-13 12:00:00,3.1200843
2022-06-14 12:00:00,3.3943136
2022-06-15 12:00:00,3.2302234
2022-06-16 12:00:00,3.5006423
2022-06-17 12:00:00,3.58146
2022-06-18 12:00:00,3.8888977
2022-06-19 12:00:00,3.8175683
2022-06-20 12:00:00,3.5956094
2022-06-21 12:00:00,3.2870724
2022-06-22 12:00:00,3.0590355
2022-06-23 12:00:00,3.0599866
2022-06-24 12:00:00,3.1120543
2022-06-25 12:00:00,3.198813
2022-06-26 12:00:00,3.099535
2022-06-27 12:00:00,3.1263328
2022-06-28 12:00:00,3.2707584
2022-06-29 12:00:00,3.3579311
2022-06-30 12:00:00,3.2815995
2022-07-01 12:00:00,2.607363
2022-07-02 12:00:00,2.7752693
2022-07-03 12:00:00,3.3248656
2022-07-04 12:00:00,3.1703587
2022-07-05 12:00:00,4.0841694
2022-07-06 12:00:00,3.767277
2022-07-07 12:00:00,3.703445
2022-07-08 12:00:00,4.0062094
2022-07-09 12:00:00,4.454224
2022-07-10 12:00:00,4.98867
2022-07-11 12:00:00,5.204319
2022-07-12 12:00:00,5.5207443
2022-07-13 12:00:00,5.3234496
2022-07-14 12:00:00,4.782282
2022-07-15 12:00:00,4.1817074
2022-07-16 12:00:00,4.0833387
2022-07-17 12:00:00,4.409828
2022-07-18 12:00:00,4.368844
2022-07-19 12:00:00,4.077916
2022-07-20 12:00:00,3.5065322
2022-07-21 12:00:00,3.2853417
2022-07-22 12:00:00,3.4241474
2022-07-23 12:00:00,3.4985123
2022-07-24 12:00:00,2.7104313
2022-07-25 12:00:00,2.1737738
2022-07-26 12:00:00,1.9255115
2022-07-27 12:00:00,1.7228737
2022-07-28 12:00:00,1.6512097
2022-07-29 12:00:00,1.9187386
2022-07-30 12:00:00,2.283412
2022-07-31 12:00:00,1.9713938
2022-08-01 12:00:00,1.8211474
2022-08-02 12:00:00,1.8541064
2022-08-03 12:00:00,2.3456879
2022-08-04 12:00:00,2.9695368
2022-08-05 12:00:00,3.2126017
2022-08-06 12:00:00,3.5354362
2022-08-07 12:00:00,4.795963
2022-08-08 12:00:00,5.6781535
2022-08-09 12:00:00,5.769322
2022-08-10 12:00:00,5.246999
2022-08-11 12:00:00,4.334547
2022-08-12 12:00:00,4.0230913
2022-08-13 12:00:00,5.0330467
2022-08-14 12:00:00,5.3661265
2022-08-15 12:00:00,4.2725873
2022-08-16 12:00:00,3.166712
2022-08-17 12:00:00,4.054571
2022-08-18 12:00:00,4.103108
2022-08-19 12:00:00,4.706545
2022-08-20 12:00:00,4.2549934
2022-08-21 12:00:00,3.9246404
2022-08-22 12:00:00,3.2821815
2022-08-23 12:00:00,2.2208786
2022-08-24 12:00:00,2.1536999
2022-08-25 12:00:00,1.8974668
2022-08-26 12:00:00,2.6041107
2022-08-27 12:00:00,2.6413183
2022-08-28 12:00:00,1.9945673
2022-08-29 12:00:00,1.6048448
2022-08-30 12:00:00,1.4549892
2022-08-31 12:00:00,1.7753485
2022-09-01 12:00:00,1.8732269
2022-09-02 12:00:00,1.6992598
2022-09-03 12:00:00,2.4339938
2022-09-04 12:00:00,2.5403678
2022-09-05 12:00:00,2.0241044
2022-09-06 12:00:00,1.6778224
2022-09-07 12:00:00,2.358566
2022-09-08 12:00:00,3.3097694
2022-09-09 12:00:00,3.610974
2022-09-10 12:00:00,4.558276
2022-09-11 12:00:00,4.8919077
2022-09-12 12:00:00,4.3325863
2022-09-13 12:00:00,3.8091657
2022-09-14 12:00:00,3.3939965
2022-09-15 12:00:00,3.878474
2022-09-16 12:00:00,3.384534
2022-09-17 12:00:00,2.9913836
2022-09-18 12:00:00,3.2767336
2022-09-19 12:00:00,4.048516
2022-09-20 12:00:00,3.9859169
2022-09-21 12:00:00,3.1562018
2022-09-22 12:00:00,2.721687
2022-09-23 12:00:00,2.3414598
2022-09-24 12:00:00,1.572314
2022-09-25 12:00:00,1.5246152
2022-09-26 12:00:00,1.7670926
2022-09-27 12:00:00,1.6085374
2022-09-28 12:00:00,1.58674
2022-09-29 12:00:00,1.7816786
2022-09-30 12:00:00,2.0483317
2022-10-01 12:00:00,2.6007462
2022-10-02 12:00:00,2.7508795
2022-10-03 12:00:00,3.184046
2022-10-04 12:00:00,3.1173193
2022-10-05 12:00:00,3.2757962
2022-10-06 12:00:00,2.629923
2022-10-07 12:00:00,2.3464518
2022-10-08 12:00:00,2.5399976
2022-10-09 12:00:00,2.3098938
2022-10-10 12:00:00,1.6493187
2022-10-11 12:00:00,1.8998237
2022-10-12 12:00:00,1.657363
2022-10-13 12:00:00,1.8739741
2022-10-14 12:00:00,1.6412646
2022-10-15 12:00:00,1.8613352
2022-10-16 12:00:00,2.3871417
2022-10-17 12:00:00,2.0870109
2022-10-18 12:00:00,2.2930093
2022-10-19 12:00:00,2.3734145
2022-10-20 12:00:00,2.7153337
2022-10-21 12:00:00,2.9196966
2022-10-22 12:00:00,3.8210912
2022-10-23 12:00:00,4.687646
2022-10-24 12:00:00,4.808568
2022-10-25 12:00:00,1.5849655
2022-10-26 12:00:00,2.2111218
2022-10-27 12:00:00,2.6228316
2022-10-28 12:00:00,2.8985257
2022-10-29 12:00:00,2.503792
2022-10-30 12:00:00,2.3141756
2022-10-31 12:00:00,2.5268767
2022-11-01 12:00:00,2.1135817
2022-11-02 12:00:00,2.1969109
2022-11-03 12:00:00,2.1504254
2022-11-04 12:00:00,2.3095164
2022-11-05 12:00:00,2.1706874
2022-11-06 12:00:00,2.2335668
2022-11-07 12:00:00,2.2441618
2022-11-08 12:00:00,2.6576843
2022-11-09 12:00:00,2.6512692
2022-11-10 12:00:00,2.6787975
2022-11-11 12:00:00,2.63391
2022-11-12 12:00:00,2.9094334
2022-11-13 12:00:00,2.9871116
2022-11-14 12:00:00,2.7673976
2022-11-15 12:00:00,2.5915823
2022-11-16 12:00:00,2.6867783
2022-11-17 12:00:00,3.0930595
2022-11-18 12:00:00,3.857113
2022-11-19 12:00:00,3.2384222
2022-11-20 12:00:00,2.929444
2022-11-21 12:00:00,3.0217173
2022-11-22 12:00:00,3.1104078
2022-11-23 12:00:00,3.0230114
2022-11-24 12:00:00,2.8493419
2022-11-25 12:00:00,2.6194618
2022-11-26 12:00:00,2.1853552
2022-11-27 12:00:00,2.1945627
2022-11-28 12:00:00,2.2001748
2022-11-29 12:00:00,2.1114802
2022-11-30 12:00:00,2.2502034
2022-12-01 12:00:00,2.584331
2022-12-02 12:00:00,2.6717827
2022-12-03 12:00:00,2.85679
2022-12-04 12:00:00,3.0691848
2022-12-05 12:00:00,3.210691
2022-12-06 12:00:00,3.145514
2022-12-07 12:00:00,3.1729436
2022-12-08 12:00:00,3.2064784
2022-12-09 12:00:00,2.929988
2022-12-10 12:00:00,2.7593281
2022-12-11 12:00:00,2.6381264
2022-12-12 12:00:00,2.6484575
2022-12-13 12:00:00,2.4322603
2022-12-14 12:00:00,2.224042
2022-12-15 12:00:00,2.4843931
2022-12-16 12:00:00,2.968071
2022-12-17 12:00:00,2.9250379
2022-12-18 12:00:00,3.0556302
2022-12-19 12:00:00,2.6580608
2022-12-20 12:00:00,2.7327454
2022-12-21 12:00:00,3.080033
2022-12-22 12:00:00,2.886878
2022-12-23 12:00:00,3.413314
2022-12-24 12:00:00,2.8749685
2022-12-25 12:00:00,2.3912756
2022-12-26 12:00:00,1.93124
2022-12-27 12:00:00,1.8738879
2022-12-28 12:00:00,1.900247
2022-12-29 12:00:00,2.0376124
2022-12-30 12:00:00,2.1681893
2022-12-31 12:00:00,2.2579446
2023-01-01 12:00:00,2.7458193
2023-01-02 12:00:00,2.8000464
2023-01-03 12:00:00,3.0818322
2023-01-04 12:00:00,3.318046
2023-01-05 12:00:00,3.89743
2023-01-06 12:00:00,3.5121045
2023-01-07 12:00:00,3.0145063
2023-01-08 12:00:00,2.7218564
2023-01-09 12:00:00,2.7612805
2023-01-10 12:00:00,2.7314122
2023-01-11 12:00:00,2.4992464
2023-01-12 12:00:00,2.1981108
2023-01-13 12:00:00,2.3014839
2023-01-14 12:00:00,2.1922853
2023-01-15 12:00:00,2.245589
2023-01-16 12:00:00,2.3482404
2023-01-17 12:00:00,2.2883105
2023-01-18 12:00:00,2.4340189
2023-01-19 12:00:00,2.936627
2023-01-20 12:00:00,3.0746908
2023-01-21 12:00:00,2.8095992
2023-01-22 12:00:00,3.0917087
2023-01-23 12:00:00,2.9271586
2023-01-24 12:00:00,2.7728682
2023-01-25 12:00:00,2.5349739
2023-01-26 12:00:00,2.5115306
2023-01-27 12:00:00,2.856225
2023-01-28 12:00:00,3.1052322
2023-01-29 12:00:00,3.170134
2023-01-30 12:00:00,2.859913
2023-01-31 12:00:00,2.6379309
2023-02-01 12:00:00,3.1331303
2023-02-02 12:00:00,3.483517
2023-02-03 12:00:00,3.2604017
2023-02-04 12:00:00,2.86677
2023-02-05 12:00:00,2.7491775
2023-02-06 12:00:00,2.555399
2023-02-07 12:00:00,2.3425941
2023-02-08 12:00:00,2.3881173
2023-02-09 12:00:00,2.2824764
2023-02-10 12:00:00,2.5386188
2023-02-11 12:00:00,2.465387
2023-02-12 12:00:00,2.7820666
2023-02-13 12:00:00,2.919937
2023-02-14 12:00:00,2.3786006
2023-02-15 12:00:00,2.3082364
2023-02-16 12:00:00,2.3270965
2023-02-17 12:00:00,2.0402014
2023-02-18 12:00:00,1.9322011
2023-02-19 12:00:00,2.0963564
2023-02-20 12:00:00,2.2437143
2023-02-21 12:00:00,2.1612594
2023-02-22 12:00:00,2.493442
2023-02-23 12:00:00,2.566198
2023-02-24 12:00:00,2.450241
2023-02-25 12:00:00,2.5809298
2023-02-26 12:00:00,2.4019542
2023-02-27 12:00:00,2.3462074
2023-02-28 12:00:00,2.4106681
2023-03-01 12:00:00,2.6533787
2023-03-02 12:00:00,2.5339272
2023-03-03 12:00:00,2.534094
2023-03-04 12:00:00,2.6947362
2023-03-05 12:00:00,2.4076
2023-03-06 12:00:00,2.248696
2023-03-07 12:00:00,2.4013908
2023-03-08 12:00:00,2.7081928
2023-03-09 12:00:00,2.6744142
2023-03-10 12:00:00,2.6691704
2023-03-11 12:00:00,2.8379424
2023-03-12 12:00:00,2.418829
2023-03-13 12:00:00,2.3966548
2023-03-14 12:00:00,2.1210747
2023-03-15 12:00:00,2.1240082
2023-03-16 12:00:00,2.1034052
2023-03-17 12:00:00,2.1702769
2023-03-18 12:00:00,1.996225
2023-03-19 12:00:00,2.6863759
2023-03-20 12:00:00,2.6835706
2023-03-21 12:00:00,2.0570138
2023-03-22 12:00:00,2.1021702
2023-03-23 12:00:00,2.5072238
2023-03-24 12:00:00,2.245522
2023-03-25 12:00:00,2.489308
2023-03-26 12:00:00,2.7603273
2023-03-27 12:00:00,2.6066673
2023-03-28 12:00:00,2.4471595
2023-03-29 12:00:00,2.6121285
2023-03-30 12:00:00,2.8850543
2023-03-31 12:00:00,2.5874538
2023-04-01 12:00:00,2.975548
2023-04-02 12:00:00,3.4313796
2023-04-03 12:00:00,2.7287269
2023-04-04 12:00:00,3.2078493
2023-04-05 12:00:00,2.8154721
2023-04-06 12:00:00,2.3811746
2023-04-07 12:00:00,2.615302
2023-04-08 12:00:00,2.5844085
2023-04-09 12:00:00,2.5867715
2023-04-10 12:00:00,2.5972557
2023-04-11 12:00:00,2.6077235
2023-04-12 12:00:00,2.878057
2023-04-13 12:00:00,2.7514808
2023-04-14 12:00:00,2.7547736
2023-04-15 12:00:00,2.9848125
2023-04-16 12:00:00,2.919687
2023-04-17 12:00:00,2.8151927
2023-04-18 12:00:00,2.949611
2023-04-19 12:00:00,3.699082
2023-04-20 12:00:00,4.051631
2023-04-21 12:00:00,3.3732436
2023-04-22 12:00:00,2.9446473
2023-04-23 12:00:00,2.5022352
2023-04-24 12:00:00,2.169321
2023-04-25 12:00:00,2.4050055
2023-04-26 12:00:00,2.5193143
2023-04-27 12:00:00,2.3136356
2023-04-28 12:00:00,2.3775342
2023-04-29 12:00:00,2.651481
2023-04-30 12:00:00,2.5275476
2023-05-01 12:00:00,3.1717024
2023-05-02 12:00:00,1.9149045
2023-05-03 12:00:00,1.7856755
2023-05-04 12:00:00,2.2754838
2023-05-05 12:00:00,2.576661
2023-05-06 12:00:00,2.4249494
2023-05-07 12:00:00,2.4763963
2023-05-08 12:00:00,2.681503
2023-05-09 12:00:00,2.271154
2023-05-10 12:00:00,2.7464972
2023-05-11 12:00:00,3.484349
2023-05-12 12:00:00,4.581689
2023-05-13 12:00:00,5.8068666
2023-05-14 12:00:00,4.975272
2023-05-15 12:00:00,3.951952
2023-05-16 12:00:00,3.8950946
2023-05-17 12:00:00,3.6580052
2023-05-18 12:00:00,3.3940136
2023-05-19 12:00:00,3.4348023
2023-05-20 12:00:00,3.1206617
2023-05-21 12:00:00,3.3782637
2023-05-22 12:00:00,3.5095692
2023-05-23 12:00:00,3.4182734
2023-05-24 12:00:00,3.783552
2023-05-25 12:00:00,3.9142084
2023-05-26 12:00:00,3.4423943
2023-05-27 12:00:00,2.5433488
2023-05-28 12:00:00,2.440953
2023-05-29 12:00:00,2.0505066
2023-05-30 12:00:00,2.8343773
2023-05-31 12:00:00,3.0039146
2023-06-01 12:00:00,3.0016267
2023-06-02 12:00:00,2.7829974
2023-06-03 12:00:00,2.412654
2023-06-04 12:00:00,2.756318
2023-06-05 12:00:00,2.807912
2023-06-06 12:00:00,2.7494302
2023-06-07 12:00:00,3.456174
2023-06-08 12:00:00,3.6344433
2023-06-09 12:00:00,3.9548635
2023-06-10 12:00:00,3.8830342
2023-06-11 12:00:00,4.0778017
2023-06-12 12:00:00,3.8898742
2023-06-13 12:00:00,4.209014
2023-06-14 12:00:00,4.5696135
2023-06-15 12:00:00,4.2884283
2023-06-16 12:00:00,3.9262118
2023-06-17 12:00:00,3.636356
2023-06-18 12:00:00,4.0798745
2023-06-19 12:00:00,3.3650804
2023-06-20 12:00:00,4.146015
2023-06-21 12:00:00,4.1136417
2023-06-22 12:00:00,4.0729795
2023-06-23 12:00:00,4.3265324
2023-06-24 12:00:00,4.11274
2023-06-25 12:00:00,4.4978037
2023-06-26 12:00:00,4.4163013
2023-06-27 12:00:00,4.077866
2023-06-28 12:00:00,3.4852188
2023-06-29 12:00:00,3.3249373
2023-06-30 12:00:00,2.9303718
2023-07-01 12:00:00,3.0368376
2023-07-02 12:00:00,2.9682724
2023-07-03 12:00:00,3.2267747
2023-07-04 12:00:00,3.3715541
2023-07-05 12:00:00,4.239985
2023-07-06 12:00:00,4.2276
2023-07-07 12:00:00,3.9436622
2023-07-08 12:00:00,3.2581687
2023-07-09 12:00:00,2.495368
2023-07-10 12:00:00,3.0020478
2023-07-11 12:00:00,3.4290752
2023-07-12 12:00:00,3.9523823
2023-07-13 12:00:00,4.005332
2023-07-14 12:00:00,3.7155013
2023-07-15 12:00:00,3.9374254
2023-07-16 12:00:00,4.1353664
2023-07-17 12:00:00,4.4670014
2023-07-18 12:00:00,4.896616
2023-07-19 12:00:00,4.9170165
2023-07-20 12:00:00,4.498301
2023-07-21 12:00:00,4.1969204
2023-07-22 12:00:00,3.9686594
2023-07-23 12:00:00,3.4156702
2023-07-24 12:00:00,3.9847367
2023-07-25 12:00:00,4.868264
2023-07-26 12:00:00,5.333344
2023-07-27 12:00:00,4.9492917
2023-07-28 12:00:00,4.733825
2023-07-29 12:00:00,4.0747166
2023-07-30 12:00:00,4.1889853
2023-07-31 12:00:00,5.081764
2023-08-01 12:00:00,5.7677264
2023-08-02 12:00:00,5.993193
2023-08-03 12:00:00,5.2536736
2023-08-04 12:00:00,4.829843
2023-08-05 12:00:00,4.5746117
2023-08-06 12:00:00,4.982486
2023-08-07 12:00:00,5.136956
2023-08-08 12:00:00,4.4093165
2023-08-09 12:00:00,3.541455
2023-08-10 12:00:00,3.121043
2023-08-11 12:00:00,3.1504087
2023-08-12 12:00:00,3.658809
2023-08-13 12:00:00,2.8822608
2023-08-14 12:00:00,2.7616193
2023-08-15 12:00:00,3.206032
2023-08-16 12:00:00,3.417093
2023-08-17 12:00:00,3.633681
2023-08-18 12:00:00,4.2043705
2023-08-19 12:00:00,3.5776565
2023-08-20 12:00:00,2.76858
2023-08-21 12:00:00,2.7554512
2023-08-22 12:00:00,3.2737453
2023-08-23 12:00:00,3.8978515
2023-08-24 12:00:00,4.2664046
2023-08-25 12:00:00,4.0822153
2023-08-26 12:00:00,4.2666817
2023-08-27 12:00:00,3.8764265
2023-08-28 12:00:00,2.9607596
2023-08-29 12:00:00,2.277894
2023-08-30 12:00:00,1.8909768
2023-08-31 12:00:00,1.9449874
2023-09-01 12:00:00,2.4914138
2023-09-02 12:00:00,2.664824
2023-09-03 12:00:00,2.5933542
2023-09-04 12:00:00,2.7786458
2023-09-05 12:00:00,3.4332318
2023-09-06 12:00:00,4.1210113
2023-09-07 12:00:00,4.183051
2023-09-08 12:00:00,3.79002
2023-09-09 12:00:00,3.2313702
2023-09-10 12:00:00,3.2411547
2023-09-11 12:00:00,3.3606052
2023-09-12 12:00:00,3.7955174
2023-09-13 12:00:00,4.6572156
2023-09-14 12:00:00,4.615468
2023-09-15 12:00:00,3.7604449
2023-09-16 12:00:00,2.7436643
2023-09-17 12:00:00,2.1314569
2023-09-18 12:00:00,3.3113487
2023-09-19 12:00:00,3.7073574
2023-09-20 12:00:00,3.6880698
2023-09-21 12:00:00,3.3955908
2023-09-22 12:00:00,3.1723979
2023-09-23 12:00:00,2.8402681
2023-09-24 12:00:00,2.4707563
2023-09-25 12:00:00,1.8613418
2023-09-26 12:00:00,1.6487697
2023-09-27 12:00:00,1.5806283
2023-09-28 12:00:00,1.8077716
2023-09-29 12:00:00,2.8335657
2023-09-30 12:00:00,4.270957
2023-10-01 12:00:00,4.003483
2023-10-02 12:00:00,4.014055
2023-10-03 12:00:00,4.083999
2023-10-04 12:00:00,3.8135169
2023-10-05 12:00:00,3.119803
2023-10-06 12:00:00,2.9856343
2023-10-07 12:00:00,2.557272
2023-10-08 12:00:00,2.7564363
2023-10-09 12:00:00,2.266961
2023-10-10 12:00:00,1.6351664
2023-10-11 12:00:00,1.512245
2023-10-12 12:00:00,1.5790579
2023-10-13 12:00:00,1.4881339
2023-10-14 12:00:00,1.8007483
2023-10-15 12:00:00,2.0748231
2023-10-16 12:00:00,1.961041
2023-10-17 12:00:00,2.0305219
2023-10-18 12:00:00,1.8642801
2023-10-19 12:00:00,2.14357
2023-10-20 12:00:00,2.7475545
2023-10-21 12:00:00,2.6997015
2023-10-22 12:00:00,3.0023766
2023-10-23 12:00:00,3.5392337
2023-10-24 12:00:00,2.8785064
2023-10-25 12:00:00,1.6083562
2023-10-26 12:00:00,1.9301913
2023-10-27 12:00:00,2.0515647
2023-10-28 12:00:00,2.183138
2023-10-29 12:00:00,2.2631598
2023-10-30 12:00:00,2.4950407
2023-10-31 12:00:00,2.553347
2023-11-01 12:00:00,2.083741
2023-11-02 12:00:00,1.9020932
2023-11-03 12:00:00,1.8835477
2023-11-04 12:00:00,1.7536951
2023-11-05 12:00:00,2.2851558
2023-11-06 12:00:00,2.5649488
2023-11-07 12:00:00,2.5863886
2023-11-08 12:00:00,2.6268003
2023-11-09 12:00:00,2.633797
2023-11-10 12:00:00,2.6561236
2023-11-11 12:00:00,2.5453112
2023-11-12 12:00:00,2.738214
2023-11-13 12:00:00,2.7665608
2023-11-14 12:00:00,2.7478878
2023-11-15 12:00:00,3.1955106
2023-11-16 12:00:00,3.9579086
2023-11-17 12:00:00,3.0973165
2023-11-18 12:00:00,2.5310166
2023-11-19 12:00:00,2.833405
2023-11-20 12:00:00,2.3288875
2023-11-21 12:00:00,2.427186
2023-11-22 12:00:00,2.7124512
2023-11-23 12:00:00,2.6063812
2023-11-24 12:00:00,2.6784072
2023-11-25 12:00:00,3.1711433
2023-11-26 12:00:00,3.032747
2023-11-27 12:00:00,2.7716582
2023-11-28 12:00:00,2.64499
2023-11-29 12:00:00,2.567036
2023-11-30 12:00:00,2.8424702
2023-12-01 12:00:00,2.9785016
2023-12-02 12:00:00,3.159901
2023-12-03 12:00:00,3.3980253
2023-12-04 12:00:00,3.00824
2023-12-05 12:00:00,3.1743574
2023-12-06 12:00:00,2.3937218
2023-12-07 12:00:00,2.0109737
2023-12-08 12:00:00,2.1417131
2023-12-09 12:00:00,3.0335596
2023-12-10 12:00:00,3.0274568
2023-12-11 12:00:00,2.9477584
2023-12-12 12:00:00,2.271827
2023-12-13 12:00:00,2.776946
2023-12-14 12:00:00,3.3170989
2023-12-15 12:00:00,3.3977497
2023-12-16 12:00:00,2.972888
2023-12-17 12:00:00,2.765641
2023-12-18 12:00:00,2.8801627
2023-12-19 12:00:00,3.2769961
2023-12-20 12:00:00,2.841311
2023-12-21 12:00:00,2.3100119
2023-12-22 12:00:00,2.2883742
2023-12-23 12:00:00,2.626625
2023-12-24 12:00:00,2.5186198
2023-12-25 12:00:00,2.386813
2023-12-26 12:00:00,2.537661
2023-12-27 12:00:00,2.6235042
2023-12-28 12:00:00,2.578691
2023-12-29 12:00:00,2.7636306
2023-12-30 12:00:00,2.4628332
2023-12-31 12:00:00,2.5666504
2024-01-01 12:00:00,2.375879
2024-01-02 12:00:00,2.8048685
2024-01-03 12:00:00,2.8229923
2024-01-04 12:00:00,2.794636
2024-01-05 12:00:00,3.077068
2024-01-06 12:00:00,3.1024876
2024-01-07 12:00:00,3.479012
2024-01-08 12:00:00,3.483522
2024-01-09 12:00:00,3.333436
2024-01-10 12:00:00,2.9523013
2024-01-11 12:00:00,3.1436243
2024-01-12 12:00:00,3.2338398
2024-01-13 12:00:00,3.0591772
2024-01-14 12:00:00,2.435794
2024-01-15 12:00:00,2.1991787
2024-01-16 12:00:00,2.3722544
2024-01-17 12:00:00,2.6287062
2024-01-18 12:00:00,2.2986066
2024-01-19 12:00:00,2.8499417
2024-01-20 12:00:00,2.740261
2024-01-21 12:00:00,2.1005495
2024-01-22 12:00:00,2.8205013
2024-01-23 12:00:00,2.5791647
2024-01-24 12:00:00,2.3393335
2024-01-25 12:00:00,2.7872963
2024-01-26 12:00:00,3.1414428
2024-01-27 12:00:00,3.1690428
2024-01-28 12:00:00,2.8865683
2024-01-29 12:00:00,2.5468616
2024-01-30 12:00:00,2.546468
2024-01-31 12:00:00,2.0743716
2024-02-01 12:00:00,2.0664895
2024-02-02 12:00:00,1.9734628
2024-02-03 12:00:00,2.4269524
2024-02-04 12:00:00,2.4786866
2024-02-05 12:00:00,2.4544747
2024-02-06 12:00:00,2.502371
2024-02-07 12:00:00,2.4370997
2024-02-08 12:00:00,3.2228098
2024-02-09 12:00:00,3.7183862
2024-02-10 12:00:00,3.2495778
2024-02-11 12:00:00,2.7497163
2024-02-12 12:00:00,2.7895641
2024-02-13 12:00:00,2.7368295
2024-02-14 12:00:00,2.6597986
2024-02-15 12:00:00,2.7048829
2024-02-16 12:00:00,2.958092
2024-02-17 12:00:00,2.5253904
2024-02-18 12:00:00,2.469932
2024-02-19 12:00:00,2.4130785
2024-02-20 12:00:00,2.7854073
2024-02-21 12:00:00,2.5882714
2024-02-22 12:00:00,3.0237286
2024-02-23 12:00:00,2.1700153
2024-02-24 12:00:00,2.6538033
2024-02-25 12:00:00,3.0765622
2024-02-26 12:00:00,3.3150487
2024-02-27 12:00:00,3.024631
2024-02-28 12:00:00,2.5648906
2024-02-29 12:00:00,2.626426
2024-03-01 12:00:00,2.7600033
2024-03-02 12:00:00,2.5365343
2024-03-03 12:00:00,2.6730075
2024-03-04 12:00:00,2.6330116
2024-03-05 12:00:00,2.8090472
2024-03-06 12:00:00,2.9412706
2024-03-07 12:00:00,2.9738002
2024-03-08 12:00:00,3.205241
2024-03-09 12:00:00,3.3643005
2024-03-10 12:00:00,2.9427094
2024-03-11 12:00:00,2.6794252
2024-03-12 12:00:00,3.15245
2024-03-13 12:00:00,3.0293493
2024-03-14 12:00:00,2.8866863
2024-03-15 12:00:00,2.5920296
2024-03-16 12:00:00,2.5631006
2024-03-17 12:00:00,2.2424636
2024-03-18 12:00:00,2.2567003
2024-03-19 12:00:00,2.6640344
2024-03-20 12:00:00,3.612402
2024-03-21 12:00:00,3.4497166
2024-03-22 12:00:00,2.4433265
2024-03-23 12:00:00,2.7482488
2024-03-24 12:00:00,2.5549936
2024-03-25 12:00:00,2.7343423
2024-03-26 12:00:00,2.5250008
2024-03-27 12:00:00,2.7251768
2024-03-28 12:00:00,2.630576
2024-03-29 12:00:00,3.0958586
2024-03-30 12:00:00,3.0683422
2024-03-31 12:00:00,3.3662283
2024-04-01 12:00:00,3.4661677
2024-04-02 12:00:00,3.2793057
2024-04-03 12:00:00,3.2415628
2024-04-04 12:00:00,3.4080927
2024-04-05 12:00:00,3.3015335
2024-04-06 12:00:00,2.965452
2024-04-07 12:00:00,2.8740456
2024-04-08 12:00:00,3.4847732
2024-04-09 12:00:00,2.5831516
2024-04-10 12:00:00,2.1892931
2024-04-11 12:00:00,3.0162742
2024-04-12 12:00:00,2.5214226
2024-04-13 12:00:00,2.2778168
2024-04-14 12:00:00,2.3481812
2024-04-15 12:00:00,2.6917775
2024-04-16 12:00:00,3.107009
2024-04-17 12:00:00,3.5646925
2024-04-18 12:00:00,3.559747
2024-04-19 12:00:00,4.0552263
2024-04-20 12:00:00,4.2545323
2024-04-21 12:00:00,3.8163645
2024-04-22 12:00:00,3.5573344
2024-04-23 12:00:00,2.6700525
2024-04-24 12:00:00,2.846266
2024-04-25 12:00:00,2.924836
2024-04-26 12:00:00,3.2901194
2024-04-27 12:00:00,3.3385534
2024-04-28 12:00:00,3.5029876
2024-04-29 12:00:00,3.5445297
2024-04-30 12:00:00,4.315419
2024-05-01 12:00:00,3.965216
2024-05-02 12:00:00,4.438156
2024-05-03 12:00:00,3.5802517
2024-05-04 12:00:00,3.4682946
2024-05-05 12:00:00,3.9304702
2024-05-06 12:00:00,3.9016712
2024-05-07 12:00:00,3.0372224
2024-05-08 12:00:00,2.5427353
2024-05-09 12:00:00,2.6506371
2024-05-10 12:00:00,2.4264224
2024-05-11 12:00:00,2.523695
2024-05-12 12:00:00,2.1350217
2024-05-13 12:00:00,2.1959436
2024-05-14 12:00:00,2.5796716
2024-05-15 12:00:00,2.5253263
2024-05-16 12:00:00,2.5283654
2024-05-17 12:00:00,2.7603066
2024-05-18 12:00:00,2.6565828
2024-05-19 12:00:00,2.82412
2024-05-20 12:00:00,2.6243544
2024-05-21 12:00:00,2.1514747
2024-05-22 12:00:00,2.8155746
2024-05-23 12:00:00,3.1397328
2024-05-24 12:00:00,4.098867
2024-05-25 12:00:00,4.9802547
2024-05-26 12:00:00,5.898157
2024-05-27 12:00:00,5.8211546
2024-05-28 12:00:00,4.864669
2024-05-29 12:00:00,4.2198215
2024-05-30 12:00:00,3.4045916
2024-05-31 12:00:00,2.7547958
2024-06-01 12:00:00,3.3955557
2024-06-02 12:00:00,3.4568915
2024-06-03 12:00:00,3.3825064
2024-06-04 12:00:00,3.5217426
2024-06-05 12:00:00,3.6840565
2024-06-06 12:00:00,3.698169
2024-06-07 12:00:00,4.5446296
2024-06-08 12:00:00,4.795084
2024-06-09 12:00:00,4.182226
2024-06-10 12:00:00,4.1516666
2024-06-11 12:00:00,4.43374
2024-06-12 12:00:00,4.732584
2024-06-13 12:00:00,4.818741
2024-06-14 12:00:00,4.143543
2024-06-15 12:00:00,4.1164794
2024-06-16 12:00:00,3.344875
2024-06-17 12:00:00,4.132477
2024-06-18 12:00:00,4.4191384
2024-06-19 12:00:00,4.305101
2024-06-20 12:00:00,3.9745011
2024-06-21 12:00:00,2.8742707
2024-06-22 12:00:00,3.1047003
2024-06-23 12:00:00,3.0881891
2024-06-24 12:00:00,3.3803322
2024-06-25 12:00:00,2.8427227
2024-06-26 12:00:00,3.611493
2024-06-27 12:00:00,4.415441
2024-06-28 12:00:00,4.542924
2024-06-29 12:00:00,4.748977
2024-06-30 12:00:00,5.0784216
2024-07-01 12:00:00,5.208895
2024-07-02 12:00:00,4.532265
2024-07-03 12:00:00,4.0232644
2024-07-04 12:00:00,3.8791826
2024-07-05 12:00:00,3.9719505
2024-07-06 12:00:00,3.476089
2024-07-07 12:00:00,2.9875214
2024-07-08 12:00:00,3.2645612
2024-07-09 12:00:00,3.5468562
2024-07-10 12:00:00,3.6283782
2024-07-11 12:00:00,3.8554146
2024-07-12 12:00:00,4.2197556
2024-07-13 12:00:00,3.9141884
2024-07-14 12:00:00,4.480777
2024-07-15 12:00:00,4.328412
2024-07-16 12:00:00,3.7408102
2024-07-17 12:00:00,3.6428213
2024-07-18 12:00:00,4.6106358
2024-07-19 12:00:00,5.760443
2024-07-20 12:00:00,5.6679974
2024-07-21 12:00:00,5.253651
2024-07-22 12:00:00,5.3122025
2024-07-23 12:00:00,5.6865025
2024-07-24 12:00:00,5.9317913
2024-07-25 12:00:00,5.9721
2024-07-26 12:00:00,5.6251354
2024-07-27 12:00:00,4.8672056
2024-07-28 12:00:00,4.5351295
2024-07-29 12:00:00,4.1075187
2024-07-30 12:00:00,3.816265
2024-07-31 12:00:00,4.5713058
2024-08-01 12:00:00,4.9050183
2024-08-02 12:00:00,5.000948
2024-08-03 12:00:00,4.261436
2024-08-04 12:00:00,3.3776066
2024-08-05 12:00:00,3.5544732
2024-08-06 12:00:00,3.4846346
2024-08-07 12:00:00,4.0162053
2024-08-08 12:00:00,3.6159568
2024-08-09 12:00:00,3.1715603
2024-08-10 12:00:00,3.1341014
2024-08-11 12:00:00,2.6302536
2024-08-12 12:00:00,2.5628746
2024-08-13 12:00:00,2.8571687
2024-08-14 12:00:00,2.9966686
2024-08-15 12:00:00,3.044936
2024-08-16 12:00:00,3.08254
2024-08-17 12:00:00,3.5384026
2024-08-18 12:00:00,3.2653959
2024-08-19 12:00:00,3.4057734
2024-08-20 12:00:00,3.4095755
2024-08-21 12:00:00,3.695692
2024-08-22 12:00:00,3.91857
2024-08-23 12:00:00,3.5725255
2024-08-24 12:00:00,4.148057
2024-08-25 12:00:00,3.9418259
2024-08-26 12:00:00,3.6098502
2024-08-27 12:00:00,2.7742102
2024-08-28 12:00:00,2.1549811
2024-08-29 12:00:00,3.0935917
2024-08-30 12:00:00,4.0225234
2024-08-31 12:00:00,4.0984316
2024-09-01 12:00:00,3.5229445
2024-09-02 12:00:00,2.8754513
2024-09-03 12:00:00,2.4685788
2024-09-04 12:00:00,2.8285813
2024-09-05 12:00:00,2.728926
2024-09-06 12:00:00,3.1042063
2024-09-07 12:00:00,3.8090258
2024-09-08 12:00:00,5.0283837
2024-09-09 12:00:00,5.0698066
2024-09-10 12:00:00,4.4157114
2024-09-11 12:00:00,4.16633
2024-09-12 12:00:00,3.9377093
2024-09-13 12:00:00,4.197775
2024-09-14 12:00:00,4.8303514
2024-09-15 12:00:00,4.8255415
2024-09-16 12:00:00,3.9107761
2024-09-17 12:00:00,2.8122382
2024-09-18 12:00:00,2.1270518
2024-09-19 12:00:00,1.7860949
2024-09-20 12:00:00,1.4901297
2024-09-21 12:00:00,1.8664786
2024-09-22 12:00:00,2.08338
2024-09-23 12:00:00,2.5746355
2024-09-24 12:00:00,3.2968616
2024-09-25 12:00:00,3.6882362
2024-09-26 12:00:00,3.3952394
2024-09-27 12:00:00,2.8962357
2024-09-28 12:00:00,2.1227667
2024-09-29 12:00:00,2.4811027
2024-09-30 12:00:00,2.9851232
2024-10-01 12:00:00,2.9485776
2024-10-02 12:00:00,3.426066
2024-10-03 12:00:00,3.1171505
2024-10-04 12:00:00,2.8294952
2024-10-05 12:00:00,2.0349371
2024-10-06 12:00:00,1.475017
2024-10-07 12:00:00,1.565397
2024-10-08 12:00:00,1.6335038
2024-10-09 12:00:00,1.6582052
2024-10-10 12:00:00,1.7483926
2024-10-11 12:00:00,1.7094501
2024-10-12 12:00:00,1.8993492
2024-10-13 12:00:00,2.1637592
2024-10-14 12:00:00,2.2522376
2024-10-15 12:00:00,2.322695
2024-10-16 12:00:00,2.236598
2024-10-17 12:00:00,1.7470608
2024-10-18 12:00:00,1.6491314
2024-10-19 12:00:00,2.128587
2024-10-20 12:00:00,2.375194
2024-10-21 12:00:00,2.9745934
2024-10-22 12:00:00,3.5135334
2024-10-23 12:00:00,5.0119004
2024-10-24 12:00:00,4.8899283
2024-10-25 12:00:00,3.8777378
2024-10-26 12:00:00,2.5314865
2024-10-27 12:00:00,2.1283169
2024-10-28 12:00:00,2.0222828
2024-10-29 12:00:00,1.5304108
2024-10-30 12:00:00,1.5361114
2024-10-31 12:00:00,1.7419549
2024-11-01 12:00:00,1.9469196
2024-11-02 12:00:00,2.2391343
2024-11-03 12:00:00,2.156019
2024-11-04 12:00:00,2.1384914
2024-11-05 12:00:00,2.3600311
2024-11-06 12:00:00,2.8015332
2024-11-07 12:00:00,3.0659723
2024-11-08 12:00:00,3.2673717
2024-11-09 12:00:00,3.3870351
2024-11-10 12:00:00,2.8947835
2024-11-11 12:00:00,2.1927757
2024-11-12 12:00:00,1.8460693
2024-11-13 12:00:00,2.480151
2024-11-14 12:00:00,2.9078982
2024-11-15 12:00:00,2.8673463
2024-11-16 12:00:00,2.8513894
2024-11-17 12:00:00,2.548077
2024-11-18 12:00:00,2.5979924
2024-11-19 12:00:00,2.5083659
2024-11-20 12:00:00,2.3630226
2024-11-21 12:00:00,2.371784
2024-11-22 12:00:00,2.5396826
2024-11-23 12:00:00,2.846449
2024-11-24 12:00:00,2.805833
2024-11-25 12:00:00,3.213073
2024-11-26 12:00:00,3.472639
2024-11-27 12:00:00,3.4664721
2024-11-28 12:00:00,3.5632312
2024-11-29 12:00:00,3.4074962
2024-11-30 12:00:00,3.3938406
2024-12-01 12:00:00,2.6763775
2024-12-02 12:00:00,2.6524608
2024-12-03 12:00:00,2.5170503
2024-12-04 12:00:00,2.7888472
2024-12-05 12:00:00,2.809226
2024-12-06 12:00:00,2.500589
2024-12-07 12:00:00,2.4944453
2024-12-08 12:00:00,2.4347484
2024-12-09 12:00:00,2.3726876
2024-12-10 12:00:00,3.166729
2024-12-11 12:00:00,3.9674423
2024-12-12 12:00:00,3.1537294
2024-12-13 12:00:00,3.2123265
2024-12-14 12:00:00,3.5933983
2024-12-15 12:00:00,3.4974387
2024-12-16 12:00:00,3.1038182
2024-12-17 12:00:00,2.903912
2024-12-18 12:00:00,2.8208447
2024-12-19 12:00:00,3.058104
2024-12-20 12:00:00,2.8607197
2024-12-21 12:00:00,3.5382373
2024-12-22 12:00:00,3.5938652
2024-12-23 12:00:00,3.3332798
2024-12-24 12:00:00,3.195338
2024-12-25 12:00:00,3.3754396
2024-12-26 12:00:00,3.43036
2024-12-27 12:00:00,3.2699714
2024-12-28 12:00:00,2.9792714
2024-12-29 12:00:00,2.8398385
2024-12-30 12:00:00,3.0220644
2024-12-31 12:00:00,3.31576
2025-01-01 12:00:00,2.746013
2025-01-02 12:00:00,2.636094
2025-01-03 12:00:00,2.4214678
2025-01-04 12:00:00,2.1822546
2025-01-05 12:00:00,2.2237492
2025-01-06 12:00:00,1.755582
2025-01-07 12:00:00,2.0559564
2025-01-08 12:00:00,2.834843
2025-01-09 12:00:00,3.2082388
2025-01-10 12:00:00,3.0746517
2025-01-11 12:00:00,3.0570061
2025-01-12 12:00:00,2.7171366
2025-01-13 12:00:00,2.363548
2025-01-14 12:00:00,3.1957846
2025-01-15 12:00:00,3.2849147
2025-01-16 12:00:00,2.8011749
2025-01-17 12:00:00,2.8891294
2025-01-18 12:00:00,2.9932973
2025-01-19 12:00:00,3.180929
2025-01-20 12:00:00,2.5916965
2025-01-21 12:00:00,2.3604696
2025-01-22 12:00:00,2.1966164
2025-01-23 12:00:00,2.5667791
2025-01-24 12:00:00,2.326065
2025-01-25 12:00:00,2.6123357
2025-01-26 12:00:00,2.75362
2025-01-27 12:00:00,2.2809978
2025-01-28 12:00:00,2.2755857
2025-01-29 12:00:00,2.6470413
2025-01-30 12:00:00,2.4277937
2025-01-31 12:00:00,2.209684
2025-02-01 12:00:00,2.1664827
2025-02-02 12:00:00,2.311271
2025-02-03 12:00:00,2.5531108
2025-02-04 12:00:00,2.3888545
2025-02-05 12:00:00,2.3840482
2025-02-06 12:00:00,2.4293277
2025-02-07 12:00:00,2.8506064
2025-02-08 12:00:00,2.8891826
2025-02-09 12:00:00,2.5711834
2025-02-10 12:00:00,2.5269608
2025-02-11 12:00:00,2.503664
2025-02-12 12:00:00,2.3908093
2025-02-13 12:00:00,2.673218
2025-02-14 12:00:00,2.4321952
2025-02-15 12:00:00,2.163895
2025-02-16 12:00:00,2.2323172
2025-02-17 12:00:00,2.3504755
2025-02-18 12:00:00,2.206509
2025-02-19 12:00:00,2.2968225
2025-02-20 12:00:00,2.2833967
2025-02-21 12:00:00,2.2722666
2025-02-22 12:00:00,2.3570948
2025-02-23 12:00:00,2.3525856
2025-02-24 12:00:00,2.9379506
2025-02-25 12:00:00,2.8092742
2025-02-26 12:00:00,2.8189268
2025-02-27 12:00:00,2.68796
2025-02-28 12:00:00,2.6607864
2025-03-01 12:00:00,2.527835
2025-03-02 12:00:00,2.6446495
2025-03-03 12:00:00,2.588534
2025-03-04 12:00:00,2.644286
2025-03-05 12:00:00,2.6092138
2025-03-06 12:00:00,2.6523764
2025-03-07 12:00:00,2.430278
2025-03-08 12:00:00,2.3627393
2025-03-09 12:00:00,2.699861
2025-03-10 12:00:00,2.7136905
2025-03-11 12:00:00,2.5084164
2025-03-12 12:00:00,2.8246703
2025-03-13 12:00:00,3.1869278
2025-03-14 12:00:00,2.756865
2025-03-15 12:00:00,2.770669
2025-03-16 12:00:00,3.239858
2025-03-17 12:00:00,3.2016754
2025-03-18 12:00:00,2.7989836
2025-03-19 12:00:00,2.8810482
2025-03-20 12:00:00,2.560984
2025-03-21 12:00:00,2.5240617
2025-03-22 12:00:00,2.6741297
2025-03-23 12:00:00,2.5955899
2025-03-24 12:00:00,2.7196379
2025-03-25 12:00:00,2.4486313
2025-03-26 12:00:00,2.8909135
2025-03-27 12:00:00,3.2313092
2025-03-28 12:00:00,3.270534
2025-03-29 12:00:00,2.7491283
2025-03-30 12:00:00,2.4056242
2025-03-31 12:00:00,2.659183
2025-04-01 12:00:00,2.699298
2025-04-02 12:00:00,2.4895792
2025-04-03 12:00:00,2.6385312
2025-04-04 12:00:00,2.3324742
2025-04-05 12:00:00,2.549341
2025-04-06 12:00:00,2.8682942
2025-04-07 12:00:00,3.4807985
2025-04-08 12:00:00,3.8620398
2025-04-09 12:00:00,2.997567
2025-04-10 12:00:00,3.1848552
2025-04-11 12:00:00,2.8138247
2025-04-12 12:00:00,2.127865
2025-04-13 12:00:00,1.7869567
2025-04-14 12:00:00,1.9030511
2025-04-15 12:00:00,1.8455961
2025-04-16 12:00:00,2.6626174
2025-04-17 12:00:00,2.8314607
2025-04-18 12:00:00,3.0492122
2025-04-19 12:00:00,2.6222103
2025-04-20 12:00:00,2.867434
2025-04-21 12:00:00,2.7763064
2025-04-22 12:00:00,3.42482
2025-04-23 12:00:00,3.7676287
2025-04-24 12:00:00,3.6769617
2025-04-25 12:00:00,3.1548855
2025-04-26 12:00:00,3.4026937
2025-04-27 12:00:00,2.6248593
2025-04-28 12:00:00,2.7389894
2025-04-29 12:00:00,2.6749547
2025-04-30 12:00:00,1.7988117
2025-05-01 12:00:00,2.00409
2025-05-02 12:00:00,1.6864508
2025-05-03 12:00:00,2.372397
2025-05-04 12:00:00,2.4270325
2025-05-05 12:00:00,2.2655118
2025-05-06 12:00:00,2.3720891
2025-05-07 12:00:00,2.548523
2025-05-08 12:00:00,2.5450013
2025-05-09 12:00:00,2.3354907
2025-05-10 12:00:00,2.8184216
2025-05-11 12:00:00,2.9677043
2025-05-12 12:00:00,2.3904154
2025-05-13 12:00:00,2.305916
2025-05-14 12:00:00,2.1898863
2025-05-15 12:00:00,2.4313402
2025-05-16 12:00:00,2.6769667
2025-05-17 12:00:00,2.928375
2025-05-18 12:00:00,2.8342957
2025-05-19 12:00:00,2.9079735
2025-05-20 12:00:00,2.9628441
2025-05-21 12:00:00,2.8244743
2025-05-22 12:00:00,2.2461886
2025-05-23 12:00:00,2.3050852
2025-05-24 12:00:00,2.5647414
2025-05-25 12:00:00,2.8278542
2025-05-26 12:00:00,3.5502331
2025-05-27 12:00:00,4.0601416
2025-05-28 12:00:00,4.9890685
2025-05-29 12:00:00,5.8624616
2025-05-30 12:00:00,5.1866937
2025-05-31 12:00:00,4.584049
2025-06-01 12:00:00,4.632011
2025-06-02 12:00:00,4.6292825
2025-06-03 12:00:00,3.7674963
2025-06-04 12:00:00,3.1914272
2025-06-05 12:00:00,2.3575857
2025-06-06 12:00:00,2.7226486
2025-06-07 12:00:00,2.5432427
2025-06-08 12:00:00,2.741465
2025-06-09 12:00:00,3.005314
2025-06-10 12:00:00,2.9089816
2025-06-11 12:00:00,2.6738675
2025-06-12 12:00:00,2.747196
2025-06-13 12:00:00,3.0812366
2025-06-14 12:00:00,4.0876856
2025-06-15 12:00:00,4.531634
2025-06-16 12:00:00,4.8815756
2025-06-17 12:00:00,4.8665957
2025-06-18 12:00:00,5.176901
2025-06-19 12:00:00,4.8144207
2025-06-20 12:00:00,4.3539686
2025-06-21 12:00:00,3.6152039
2025-06-22 12:00:00,3.58256
2025-06-23 12:00:00,4.3689117
2025-06-24 12:00:00,4.5861845
2025-06-25 12:00:00,4.519381
2025-06-26 12:00:00,4.3839297
2025-06-27 12:00:00,4.1962028
2025-06-28 12:00:00,4.893879
2025-06-29 12:00:00,4.8387923
2025-06-30 12:00:00,4.8467283
2025-07-01 12:00:00,5.064368
2025-07-02 12:00:00,4.8224187
2025-07-03 12:00:00,4.467139
2025-07-04 12:00:00,4.3287163
2025-07-05 12:00:00,4.4874783
2025-07-06 12:00:00,4.7955847
2025-07-07 12:00:00,5.1069303
2025-07-08 12:00:00,4.9644113
2025-07-09 12:00:00,4.603873
2025-07-10 12:00:00,4.073838
2025-07-11 12:00:00,3.7767663
2025-07-12 12:00:00,3.2782128
2025-07-13 12:00:00,3.4377522
2025-07-14 12:00:00,3.4842598
2025-07-15 12:00:00,3.367099
2025-07-16 12:00:00,2.9719706
2025-07-17 12:00:00,2.1626756
2025-07-18 12:00:00,2.2490206
2025-07-19 12:00:00,2.4487314
2025-07-20 12:00:00,2.1924572
2025-07-21 12:00:00,3.083906
2025-07-22 12:00:00,3.655039
2025-07-23 12:00:00,4.4137197
2025-07-24 12:00:00,5.3515406
2025-07-25 12:00:00,6.090918
2025-07-26 12:00:00,5.2849765
2025-07-27 12:00:00,4.582304
2025-07-28 12:00:00,3.9859195
2025-07-29 12:00:00,4.3628
2025-07-30 12:00:00,4.3060355
2025-07-31 12:00:00,4.2343507
2025-08-01 12:00:00,3.6101706
2025-08-02 12:00:00,3.2185886
2025-08-03 12:00:00,3.1132658
2025-08-04 12:00:00,2.1750906
2025-08-05 12:00:00,2.2097764
2025-08-06 12:00:00,2.518391
2025-08-07 12:00:00,2.993102
2025-08-08 12:00:00,2.421552
2025-08-09 12:00:00,2.7547407
2025-08-10 12:00:00,2.9753947
2025-08-11 12:00:00,2.83786
2025-08-12 12:00:00,2.6530318
2025-08-13 12:00:00,3.990106
2025-08-14 12:00:00,3.9228668
2025-08-15 12:00:00,3.769437
2025-08-16 12:00:00,3.134938
2025-08-17 12:00:00,4.2518377
2025-08-18 12:00:00,5.0125546
2025-08-19 12:00:00,4.842688
2025-08-20 12:00:00,4.241057
2025-08-21 12:00:00,3.9696593
2025-08-22 12:00:00,4.6155577
2025-08-23 12:00:00,4.4360013
2025-08-24 12:00:00,3.571792
2025-08-25 12:00:00,2.6351662
2025-08-26 12:00:00,3.7582514
2025-08-27 12:00:00,4.1977315
2025-08-28 12:00:00,3.751712
2025-08-29 12:00:00,3.345208
2025-08-30 12:00:00,2.6558025
2025-08-31 12:00:00,2.5118892
2025-09-01 12:00:00,2.7675729
2025-09-02 12:00:00,3.7482967
2025-09-03 12:00:00,3.706649
2025-09-04 12:00:00,2.7761765
2025-09-05 12:00:00,2.2858238
2025-09-06 12:00:00,2.0860636
2025-09-07 12:00:00,2.0096536
2025-09-08 12:00:00,2.129292
2025-09-09 12:00:00,2.4782057
2025-09-10 12:00:00,2.459798
2025-09-11 12:00:00,2.472568
2025-09-12 12:00:00,2.401337
2025-09-13 12:00:00,2.6043143
2025-09-14 12:00:00,2.3066826
2025-09-15 12:00:00,2.2213447
2025-09-16 12:00:00,2.0358417
2025-09-17 12:00:00,2.0947893
2025-09-18 12:00:00,1.8524094
2025-09-19 12:00:00,1.8736724
2025-09-20 12:00:00,1.8990119
2025-09-21 12:00:00,2.2420807
2025-09-22 12:00:00,2.850803
2025-09-23 12:00:00,3.4153082
2025-09-24 12:00:00,3.3011193
2025-09-25 12:00:00,3.0527625
2025-09-26 12:00:00,4.1825786
2025-09-27 12:00:00,3.5332108
2025-09-28 12:00:00,2.2685685
2025-09-29 12:00:00,1.9144382
2025-09-30 12:00:00,3.002226
2025-10-01 12:00:00,4.4850135
2025-10-02 12:00:00,4.737932
2025-10-03 12:00:00,3.4798589
2025-10-04 12:00:00,3.041926
2025-10-05 12:00:00,2.6192765
2025-10-06 12:00:00,2.2829907
2025-10-07 12:00:00,2.0712042
2025-10-08 12:00:00,2.2475042
2025-10-09 12:00:00,1.7971455
2025-10-10 12:00:00,1.6666027
2025-10-11 12:00:00,1.7066383
2025-10-12 12:00:00,1.6232084
2025-10-13 12:00:00,1.984479
2025-10-14 12:00:00,2.07768
2025-10-15 12:00:00,1.9953442
2025-10-16 12:00:00,1.8771874
2025-10-17 12:00:00,1.6159186
2025-10-18 12:00:00,1.5850189
2025-10-19 12:00:00,1.7887822
2025-10-20 12:00:00,2.384892
2025-10-21 12:00:00,2.5920484
2025-10-22 12:00:00,2.2752256
2025-10-23 12:00:00,2.2074
2025-10-24 12:00:00,2.1123621
2025-10-25 12:00:00,2.6348288
2025-10-26 12:00:00,2.9806616
2025-10-27 12:00:00,4.127543
2025-10-28 12:00:00,4.009055
2025-10-29 12:00:00,3.232011
2025-10-30 12:00:00,2.551664
2025-10-31 12:00:00,2.5829878
2025-11-01 12:00:00,2.4161866
2025-11-02 12:00:00,2.6971934
2025-11-03 12:00:00,2.7254393
2025-11-04 12:00:00,2.2573717
2025-11-05 12:00:00,1.8428472
2025-11-06 12:00:00,1.5552012
2025-11-07 12:00:00,2.335995
2025-11-08 12:00:00,2.6949177
2025-11-09 12:00:00,2.394569
2025-11-10 12:00:00,2.5228605
2025-11-11 12:00:00,2.5339425
2025-11-12 12:00:00,2.495108
2025-11-13 12:00:00,2.5628948
2025-11-14 12:00:00,2.718571
2025-11-15 12:00:00,2.8129299
2025-11-16 12:00:00,3.2790022
2025-11-17 12:00:00,3.1419325
2025-11-18 12:00:00,2.9418552
2025-11-19 12:00:00,2.939398
2025-11-20 12:00:00,3.0616255
2025-11-21 12:00:00,3.1443448
2025-11-22 12:00:00,2.9817414
2025-11-23 12:00:00,3.1391795
2025-11-24 12:00:00,3.3404703
2025-11-25 12:00:00,2.9299397
2025-11-26 12:00:00,2.8994074
2025-11-27 12:00:00,2.9522817
2025-11-28 12:00:00,2.6489234
2025-11-29 12:00:00,2.642431
2025-11-30 12:00:00,2.5880423
2025-12-01 12:00:00,2.4168801
2025-12-02 12:00:00,2.5693443
2025-12-03 12:00:00,3.018483
2025-12-04 12:00:00,3.093145
2025-12-05 12:00:00,3.0679283
2025-12-06 12:00:00,3.0456953
2025-12-07 12:00:00,2.948315
2025-12-08 12:00:00,2.6780605
2025-12-09 12:00:00,2.7232778
2025-12-10 12:00:00,3.0311859
2025-12-11 12:00:00,2.7717903
2025-12-12 12:00:00,2.4768949
2025-12-13 12:00:00,2.7765298
2025-12-14 12:00:00,2.854759
2025-12-15 12:00:00,2.8331296
2025-12-16 12:00:00,2.6179583
2025-12-17 12:00:00,2.62842
2025-12-18 12:00:00,2.353649
2025-12-19 12:00:00,1.7285233
2025-12-20 12:00:00,2.3126907
2025-12-21 12:00:00,2.4880824
2025-12-22 12:00:00,2.4309907
2025-12-23 12:00:00,2.4777784
2025-12-24 12:00:00,2.8319974
2025-12-25 12:00:00,2.9973571
2025-12-26 12:00:00,2.8995662
2025-12-27 12:00:00,2.6068044
2025-12-28 12:00:00,2.7691128
2025-12-29 12:00:00,2.9721859
2025-12-30 12:00:00,2.6460774
2025-12-31 12:00:00,2.772994
