Date,WindSpeed
2006-01-01 12:00:00,3.9380546
2006-01-02 12:00:00,3.6917124
2006-01-03 12:00:00,3.7139013
2006-01-04 12:00:00,3.3710628
2006-01-05 12:00:00,3.2668254
2006-01-06 12:00:00,3.8539877
2006-01-07 12:00:00,4.1059165
2006-01-08 12:00:00,4.7961893
2006-01-09 12:00:00,5.180598
2006-01-10 12:00:00,5.0439086
2006-01-11 12:00:00,4.3962445
2006-01-12 12:00:00,3.951565
2006-01-13 12:00:00,3.1592567
2006-01-14 12:00:00,3.763949
2006-01-15 12:00:00,3.581091
2006-01-16 12:00:00,3.2700522
2006-01-17 12:00:00,4.2210693
2006-01-18 12:00:00,5.103051
2006-01-19 12:00:00,3.8366745
2006-01-20 12:00:00,4.4168987
2006-01-21 12:00:00,5.3695335
2006-01-22 12:00:00,5.7303977
2006-01-23 12:00:00,5.7077765
2006-01-24 12:00:00,5.224815
2006-01-25 12:00:00,4.680818
2006-01-26 12:00:00,4.117764
2006-01-27 12:00:00,3.5987625
2006-01-28 12:00:00,4.430593
2006-01-29 12:00:00,4.3579087
2006-01-30 12:00:00,4.0968094
2006-01-31 12:00:00,4.9807553
2006-02-01 12:00:00,4.748165
2006-02-02 12:00:00,5.2511067
2006-02-03 12:00:00,4.7235384
2006-02-04 12:00:00,4.3300867
2006-02-05 12:00:00,5.0456305
2006-02-06 12:00:00,4.8589025
2006-02-07 12:00:00,4.0071564
2006-02-08 12:00:00,3.530638
2006-02-09 12:00:00,4.695265
2006-02-10 12:00:00,5.164791
2006-02-11 12:00:00,5.086212
2006-02-12 12:00:00,4.401537
2006-02-13 12:00:00,3.4839082
2006-02-14 12:00:00,3.1337192
2006-02-15 12:00:00,3.2788255
2006-02-16 12:00:00,2.3526773
2006-02-17 12:00:00,2.7760847
2006-02-18 12:00:00,3.7297585
2006-02-19 12:00:00,4.010094
2006-02-20 12:00:00,4.3390193
2006-02-21 12:00:00,4.484714
2006-02-22 12:00:00,4.5051594
2006-02-23 12:00:00,4.929369
2006-02-24 12:00:00,4.91199
2006-02-25 12:00:00,4.2046447
2006-02-26 12:00:00,3.3431175
2006-02-27 12:00:00,3.3318632
2006-02-28 12:00:00,3.0360582
2006-03-01 12:00:00,3.224168
2006-03-02 12:00:00,3.8882916
2006-03-03 12:00:00,2.9330058
2006-03-04 12:00:00,2.5913873
2006-03-05 12:00:00,4.0224624
2006-03-06 12:00:00,3.0311584
2006-03-07 12:00:00,3.0676389
2006-03-08 12:00:00,2.874566
2006-03-09 12:00:00,2.6861577
2006-03-10 12:00:00,2.2374067
2006-03-11 12:00:00,2.6991937
2006-03-12 12:00:00,3.1675692
2006-03-13 12:00:00,2.4098027
2006-03-14 12:00:00,2.5474374
2006-03-15 12:00:00,3.2847068
2006-03-16 12:00:00,4.2959585
2006-03-17 12:00:00,4.150876
2006-03-18 12:00:00,5.0145664
2006-03-19 12:00:00,4.0619884
2006-03-20 12:00:00,4.045559
2006-03-21 12:00:00,3.8303425
2006-03-22 12:00:00,4.5876536
2006-03-23 12:00:00,5.206834
2006-03-24 12:00:00,4.6634254
2006-03-25 12:00:00,5.3526487
2006-03-26 12:00:00,5.421756
2006-03-27 12:00:00,4.3210135
2006-03-28 12:00:00,3.3221073
2006-03-29 12:00:00,3.49333
2006-03-30 12:00:00,4.1903524
2006-03-31 12:00:00,3.7350888
2006-04-01 12:00:00,3.337402
2006-04-02 12:00:00,3.1531527
2006-04-03 12:00:00,3.2882822
2006-04-04 12:00:00,3.6136284
2006-04-05 12:00:00,3.9655974
2006-04-06 12:00:00,4.4907193
2006-04-07 12:00:00,3.7945333
2006-04-08 12:00:00,3.406055
2006-04-09 12:00:00,3.1075776
2006-04-10 12:00:00,3.7328618
2006-04-11 12:00:00,3.8015726
2006-04-12 12:00:00,2.8304462
2006-04-13 12:00:00,2.6838531
2006-04-14 12:00:00,1.6397498
2006-04-15 12:00:00,1.5363215
2006-04-16 12:00:00,2.1761827
2006-04-17 12:00:00,2.162673
2006-04-18 12:00:00,4.1166015
2006-04-19 12:00:00,3.2339957
2006-04-20 12:00:00,3.6262174
2006-04-21 12:00:00,4.5548744
2006-04-22 12:00:00,5.8888693
2006-04-23 12:00:00,6.1442866
2006-04-24 12:00:00,6.9618025
2006-04-25 12:00:00,7.184582
2006-04-26 12:00:00,7.3333173
2006-04-27 12:00:00,6.445712
2006-04-28 12:00:00,6.08147
2006-04-29 12:00:00,5.6877995
2006-04-30 12:00:00,4.573921
2006-05-01 12:00:00,4.193499
2006-05-02 12:00:00,3.9379818
2006-05-03 12:00:00,2.901534
2006-05-04 12:00:00,2.8422816
2006-05-05 12:00:00,3.2262268
2006-05-06 12:00:00,2.5595577
2006-05-07 12:00:00,2.5851324
2006-05-08 12:00:00,2.2681196
2006-05-09 12:00:00,2.2478087
2006-05-10 12:00:00,2.0160804
2006-05-11 12:00:00,2.6656733
2006-05-12 12:00:00,2.984685
2006-05-13 12:00:00,3.4005675
2006-05-14 12:00:00,4.169579
2006-05-15 12:00:00,4.7132206
2006-05-16 12:00:00,6.4079175
2006-05-17 12:00:00,6.6917524
2006-05-18 12:00:00,5.5161653
2006-05-19 12:00:00,6.3767595
2006-05-20 12:00:00,6.905881
2006-05-21 12:00:00,6.7620044
2006-05-22 12:00:00,6.332417
2006-05-23 12:00:00,5.5348086
2006-05-24 12:00:00,6.349664
2006-05-25 12:00:00,6.1018867
2006-05-26 12:00:00,5.8404684
2006-05-27 12:00:00,4.859585
2006-05-28 12:00:00,3.7731237
2006-05-29 12:00:00,4.165034
2006-05-30 12:00:00,4.437721
2006-05-31 12:00:00,2.6855226
2006-06-01 12:00:00,2.1641593
2006-06-02 12:00:00,2.9233503
2006-06-03 12:00:00,3.9796274
2006-06-04 12:00:00,5.0519395
2006-06-05 12:00:00,4.7929235
2006-06-06 12:00:00,4.441765
2006-06-07 12:00:00,5.1082006
2006-06-08 12:00:00,4.9923315
2006-06-09 12:00:00,5.319759
2006-06-10 12:00:00,4.002921
2006-06-11 12:00:00,3.437207
2006-06-12 12:00:00,3.3603303
2006-06-13 12:00:00,4.0286713
2006-06-14 12:00:00,3.61345
2006-06-15 12:00:00,4.824799
2006-06-16 12:00:00,5.959535
2006-06-17 12:00:00,6.1922903
2006-06-18 12:00:00,7.25077
2006-06-19 12:00:00,7.4441705
2006-06-20 12:00:00,7.2001977
2006-06-21 12:00:00,8.064817
2006-06-22 12:00:00,7.2666698
2006-06-23 12:00:00,5.8334913
2006-06-24 12:00:00,4.0483737
2006-06-25 12:00:00,5.134056
2006-06-26 12:00:00,5.3512726
2006-06-27 12:00:00,6.0699906
2006-06-28 12:00:00,6.815688
2006-06-29 12:00:00,6.202249
2006-06-30 12:00:00,6.058048
2006-07-01 12:00:00,7.2054334
2006-07-02 12:00:00,6.566068
2006-07-03 12:00:00,5.230531
2006-07-04 12:00:00,5.304226
2006-07-05 12:00:00,4.27974
2006-07-06 12:00:00,3.9671147
2006-07-07 12:00:00,5.381923
2006-07-08 12:00:00,6.062604
2006-07-09 12:00:00,7.0764837
2006-07-10 12:00:00,7.1074824
2006-07-11 12:00:00,7.072107
2006-07-12 12:00:00,7.397257
2006-07-13 12:00:00,6.8214436
2006-07-14 12:00:00,7.1149306
2006-07-15 12:00:00,7.4758916
2006-07-16 12:00:00,7.083102
2006-07-17 12:00:00,6.84795
2006-07-18 12:00:00,5.6142225
2006-07-19 12:00:00,5.4487658
2006-07-20 12:00:00,4.9108267
2006-07-21 12:00:00,5.1240506
2006-07-22 12:00:00,4.804974
2006-07-23 12:00:00,4.9698915
2006-07-24 12:00:00,5.342637
2006-07-25 12:00:00,6.431517
2006-07-26 12:00:00,6.1151805
2006-07-27 12:00:00,6.2841997
2006-07-28 12:00:00,6.458851
2006-07-29 12:00:00,5.059858
2006-07-30 12:00:00,4.336335
2006-07-31 12:00:00,5.162371
2006-08-01 12:00:00,5.040537
2006-08-02 12:00:00,5.1206713
2006-08-03 12:00:00,5.6489162
2006-08-04 12:00:00,5.029025
2006-08-05 12:00:00,3.6422172
2006-08-06 12:00:00,4.439673
2006-08-07 12:00:00,5.8804164
2006-08-08 12:00:00,5.9790115
2006-08-09 12:00:00,6.436406
2006-08-10 12:00:00,6.8624644
2006-08-11 12:00:00,5.8954597
2006-08-12 12:00:00,5.5931044
2006-08-13 12:00:00,6.081447
2006-08-14 12:00:00,6.628548
2006-08-15 12:00:00,6.3219695
2006-08-16 12:00:00,5.820146
2006-08-17 12:00:00,5.4560833
2006-08-18 12:00:00,4.740064
2006-08-19 12:00:00,3.4527056
2006-08-20 12:00:00,3.835547
2006-08-21 12:00:00,3.9388547
2006-08-22 12:00:00,4.0743566
2006-08-23 12:00:00,3.6212099
2006-08-24 12:00:00,3.896765
2006-08-25 12:00:00,5.0724163
2006-08-26 12:00:00,4.8875117
2006-08-27 12:00:00,4.312887
2006-08-28 12:00:00,5.2192183
2006-08-29 12:00:00,6.4145756
2006-08-30 12:00:00,5.5922318
2006-08-31 12:00:00,5.7697115
2006-09-01 12:00:00,5.2365165
2006-09-02 12:00:00,5.271187
2006-09-03 12:00:00,5.291033
2006-09-04 12:00:00,5.4693704
2006-09-05 12:00:00,5.209065
2006-09-06 12:00:00,5.090571
2006-09-07 12:00:00,4.9480953
2006-09-08 12:00:00,4.356645
2006-09-09 12:00:00,4.4773364
2006-09-10 12:00:00,5.477423
2006-09-11 12:00:00,6.1772995
2006-09-12 12:00:00,5.925615
2006-09-13 12:00:00,6.0270123
2006-09-14 12:00:00,5.8855853
2006-09-15 12:00:00,5.175229
2006-09-16 12:00:00,4.4662976
2006-09-17 12:00:00,4.416482
2006-09-18 12:00:00,4.7534385
2006-09-19 12:00:00,5.7282696
2006-09-20 12:00:00,4.1884475
2006-09-21 12:00:00,4.0273633
2006-09-22 12:00:00,3.7652612
2006-09-23 12:00:00,4.450667
2006-09-24 12:00:00,5.3075914
2006-09-25 12:00:00,4.4009395
2006-09-26 12:00:00,5.7043324
2006-09-27 12:00:00,6.989647
2006-09-28 12:00:00,6.9651113
2006-09-29 12:00:00,6.3959546
2006-09-30 12:00:00,5.6303744
2006-10-01 12:00:00,5.9050446
2006-10-02 12:00:00,5.627089
2006-10-03 12:00:00,5.9471507
2006-10-04 12:00:00,5.675907
2006-10-05 12:00:00,5.712024
2006-10-06 12:00:00,6.130891
2006-10-07 12:00:00,5.2967186
2006-10-08 12:00:00,4.503582
2006-10-09 12:00:00,4.5375037
2006-10-10 12:00:00,4.486008
2006-10-11 12:00:00,3.3650331
2006-10-12 12:00:00,3.513844
2006-10-13 12:00:00,3.4314492
2006-10-14 12:00:00,2.6221669
2006-10-15 12:00:00,2.8093486
2006-10-16 12:00:00,3.1222863
2006-10-17 12:00:00,3.2603195
2006-10-18 12:00:00,2.9313262
2006-10-19 12:00:00,2.8330703
2006-10-20 12:00:00,2.8980098
2006-10-21 12:00:00,2.1631808
2006-10-22 12:00:00,2.5188036
2006-10-23 12:00:00,3.0718834
2006-10-24 12:00:00,2.6795766
2006-10-25 12:00:00,2.9027457
2006-10-26 12:00:00,3.2392538
2006-10-27 12:00:00,2.6778498
2006-10-28 12:00:00,3.0338666
2006-10-29 12:00:00,2.95683
2006-10-30 12:00:00,3.1104841
2006-10-31 12:00:00,3.1428354
2006-11-01 12:00:00,2.5948446
2006-11-02 12:00:00,2.5425346
2006-11-03 12:00:00,3.0749886
2006-11-04 12:00:00,2.5868964
2006-11-05 12:00:00,2.3530586
2006-11-06 12:00:00,2.145285
2006-11-07 12:00:00,2.0681808
2006-11-08 12:00:00,1.9583408
2006-11-09 12:00:00,2.2578738
2006-11-10 12:00:00,2.2895045
2006-11-11 12:00:00,2.2309299
2006-11-12 12:00:00,2.6468644
2006-11-13 12:00:00,2.7887583
2006-11-14 12:00:00,2.557628
2006-11-15 12:00:00,3.2803535
2006-11-16 12:00:00,2.7974267
2006-11-17 12:00:00,3.4425607
2006-11-18 12:00:00,2.884731
2006-11-19 12:00:00,3.4685154
2006-11-20 12:00:00,3.0710742
2006-11-21 12:00:00,2.6043293
2006-11-22 12:00:00,2.7987254
2006-11-23 12:00:00,2.8579323
2006-11-24 12:00:00,2.8415027
2006-11-25 12:00:00,2.842605
2006-11-26 12:00:00,2.6950786
2006-11-27 12:00:00,2.9260411
2006-11-28 12:00:00,3.194156
2006-11-29 12:00:00,4.356047
2006-11-30 12:00:00,3.6499987
2006-12-01 12:00:00,4.0650306
2006-12-02 12:00:00,4.3000674
2006-12-03 12:00:00,3.5653503
2006-12-04 12:00:00,4.5040736
2006-12-05 12:00:00,3.938307
2006-12-06 12:00:00,4.1013927
2006-12-07 12:00:00,3.7224677
2006-12-08 12:00:00,3.6042926
2006-12-09 12:00:00,3.2216895
2006-12-10 12:00:00,3.028499
2006-12-11 12:00:00,3.219607
2006-12-12 12:00:00,3.5835443
2006-12-13 12:00:00,3.643967
2006-12-14 12:00:00,3.8464346
2006-12-15 12:00:00,3.9724684
2006-12-16 12:00:00,4.367523
2006-12-17 12:00:00,4.3589134
2006-12-18 12:00:00,4.142873
2006-12-19 12:00:00,5.291028
2006-12-20 12:00:00,4.995586
2006-12-21 12:00:00,5.862787
2006-12-22 12:00:00,5.714938
2006-12-23 12:00:00,4.8494525
2006-12-24 12:00:00,5.3543878
2006-12-25 12:00:00,5.1363697
2006-12-26 12:00:00,5.5148354
2006-12-27 12:00:00,4.813046
2006-12-28 12:00:00,5.399727
2006-12-29 12:00:00,5.7912736
2006-12-30 12:00:00,5.17001
2006-12-31 12:00:00,5.152671
2007-01-01 12:00:00,4.5846376
2007-01-02 12:00:00,5.129841
2007-01-03 12:00:00,5.768278
2007-01-04 12:00:00,5.9223475
2007-01-05 12:00:00,5.377488
2007-01-06 12:00:00,4.0678864
2007-01-07 12:00:00,4.240705
2007-01-08 12:00:00,4.364279
2007-01-09 12:00:00,4.2497735
2007-01-10 12:00:00,3.9089086
2007-01-11 12:00:00,3.8132942
2007-01-12 12:00:00,4.2399187
2007-01-13 12:00:00,4.5720005
2007-01-14 12:00:00,4.4997478
2007-01-15 12:00:00,4.5794387
2007-01-16 12:00:00,4.4711013
2007-01-17 12:00:00,5.0996037
2007-01-18 12:00:00,5.329068
2007-01-19 12:00:00,5.4989257
2007-01-20 12:00:00,6.3306503
2007-01-21 12:00:00,5.1199474
2007-01-22 12:00:00,5.794068
2007-01-23 12:00:00,5.4266896
2007-01-24 12:00:00,5.3989344
2007-01-25 12:00:00,4.829371
2007-01-26 12:00:00,3.7723808
2007-01-27 12:00:00,4.085471
2007-01-28 12:00:00,5.0394874
2007-01-29 12:00:00,5.336845
2007-01-30 12:00:00,5.0898523
2007-01-31 12:00:00,5.705717
2007-02-01 12:00:00,6.221414
2007-02-02 12:00:00,5.32364
2007-02-03 12:00:00,5.844547
2007-02-04 12:00:00,5.427251
2007-02-05 12:00:00,5.4408207
2007-02-06 12:00:00,4.0489345
2007-02-07 12:00:00,4.295995
2007-02-08 12:00:00,3.5379715
2007-02-09 12:00:00,5.283371
2007-02-10 12:00:00,4.8716006
2007-02-11 12:00:00,4.026498
2007-02-12 12:00:00,3.5233066
2007-02-13 12:00:00,2.700594
2007-02-14 12:00:00,2.4379566
2007-02-15 12:00:00,3.5263588
2007-02-16 12:00:00,4.410521
2007-02-17 12:00:00,3.4440856
2007-02-18 12:00:00,4.5869656
2007-02-19 12:00:00,4.3382344
2007-02-20 12:00:00,5.943046
2007-02-21 12:00:00,5.270727
2007-02-22 12:00:00,4.953467
2007-02-23 12:00:00,3.9664145
2007-02-24 12:00:00,2.314578
2007-02-25 12:00:00,3.2969513
2007-02-26 12:00:00,3.557044
2007-02-27 12:00:00,3.8790162
2007-02-28 12:00:00,3.6922429
2007-03-01 12:00:00,3.250052
2007-03-02 12:00:00,2.1765933
2007-03-03 12:00:00,4.091242
2007-03-04 12:00:00,3.9010646
2007-03-05 12:00:00,4.5322876
2007-03-06 12:00:00,4.006463
2007-03-07 12:00:00,3.471567
2007-03-08 12:00:00,3.9346232
2007-03-09 12:00:00,3.512722
2007-03-10 12:00:00,3.778301
2007-03-11 12:00:00,3.8627458
2007-03-12 12:00:00,3.7471378
2007-03-13 12:00:00,3.8125708
2007-03-14 12:00:00,2.8035169
2007-03-15 12:00:00,2.8018062
2007-03-16 12:00:00,2.6405015
2007-03-17 12:00:00,3.6558423
2007-03-18 12:00:00,3.057198
2007-03-19 12:00:00,3.2969363
2007-03-20 12:00:00,3.5778072
2007-03-21 12:00:00,3.7212281
2007-03-22 12:00:00,4.1421437
2007-03-23 12:00:00,3.037307
2007-03-24 12:00:00,4.0749407
2007-03-25 12:00:00,3.3787334
2007-03-26 12:00:00,3.0323544
2007-03-27 12:00:00,2.5931067
2007-03-28 12:00:00,2.8102758
2007-03-29 12:00:00,2.2569966
2007-03-30 12:00:00,2.1858785
2007-03-31 12:00:00,2.4068294
2007-04-01 12:00:00,2.5473778
2007-04-02 12:00:00,2.8587244
2007-04-03 12:00:00,2.9555504
2007-04-04 12:00:00,3.7315283
2007-04-05 12:00:00,4.233799
2007-04-06 12:00:00,3.1335158
2007-04-07 12:00:00,3.4495418
2007-04-08 12:00:00,3.3518598
2007-04-09 12:00:00,2.7460139
2007-04-10 12:00:00,2.8903055
2007-04-11 12:00:00,3.0103703
2007-04-12 12:00:00,3.4737797
2007-04-13 12:00:00,2.9044914
2007-04-14 12:00:00,2.7183135
2007-04-15 12:00:00,3.9772851
2007-04-16 12:00:00,2.57943
2007-04-17 12:00:00,2.8556817
2007-04-18 12:00:00,2.275966
2007-04-19 12:00:00,2.1522465
2007-04-20 12:00:00,1.9527159
2007-04-21 12:00:00,2.645328
2007-04-22 12:00:00,3.5903866
2007-04-23 12:00:00,3.7475562
2007-04-24 12:00:00,3.2774558
2007-04-25 12:00:00,2.6690025
2007-04-26 12:00:00,2.5529635
2007-04-27 12:00:00,2.8127944
2007-04-28 12:00:00,3.8225079
2007-04-29 12:00:00,4.9716744
2007-04-30 12:00:00,4.7018843
2007-05-01 12:00:00,4.501928
2007-05-02 12:00:00,4.867246
2007-05-03 12:00:00,6.8318033
2007-05-04 12:00:00,5.5691047
2007-05-05 12:00:00,4.682961
2007-05-06 12:00:00,4.656005
2007-05-07 12:00:00,4.822032
2007-05-08 12:00:00,5.2149377
2007-05-09 12:00:00,5.7070374
2007-05-10 12:00:00,6.334665
2007-05-11 12:00:00,7.320096
2007-05-12 12:00:00,6.3600283
2007-05-13 12:00:00,5.922473
2007-05-14 12:00:00,5.9936705
2007-05-15 12:00:00,5.523079
2007-05-16 12:00:00,4.853932
2007-05-17 12:00:00,5.1029415
2007-05-18 12:00:00,4.0602336
2007-05-19 12:00:00,3.7179675
2007-05-20 12:00:00,4.105896
2007-05-21 12:00:00,4.1415644
2007-05-22 12:00:00,3.4538772
2007-05-23 12:00:00,2.7088144
2007-05-24 12:00:00,2.231887
2007-05-25 12:00:00,3.0487268
2007-05-26 12:00:00,2.895156
2007-05-27 12:00:00,2.9204543
2007-05-28 12:00:00,4.2107625
2007-05-29 12:00:00,4.6123037
2007-05-30 12:00:00,4.3809767
2007-05-31 12:00:00,3.1835113
2007-06-01 12:00:00,3.0360703
2007-06-02 12:00:00,2.7566543
2007-06-03 12:00:00,3.799791
2007-06-04 12:00:00,3.938351
2007-06-05 12:00:00,4.981236
2007-06-06 12:00:00,3.9253647
2007-06-07 12:00:00,4.0029025
2007-06-08 12:00:00,4.068092
2007-06-09 12:00:00,4.5216436
2007-06-10 12:00:00,4.891771
2007-06-11 12:00:00,4.870177
2007-06-12 12:00:00,5.451923
2007-06-13 12:00:00,6.0546284
2007-06-14 12:00:00,6.5900292
2007-06-15 12:00:00,6.867152
2007-06-16 12:00:00,6.2087674
2007-06-17 12:00:00,4.743952
2007-06-18 12:00:00,5.9607387
2007-06-19 12:00:00,6.5790486
2007-06-20 12:00:00,6.7168036
2007-06-21 12:00:00,5.1345735
2007-06-22 12:00:00,3.365775
2007-06-23 12:00:00,3.277347
2007-06-24 12:00:00,2.8718398
2007-06-25 12:00:00,4.6705213
2007-06-26 12:00:00,6.2801585
2007-06-27 12:00:00,7.1620398
2007-06-28 12:00:00,6.79844
2007-06-29 12:00:00,5.7683268
2007-06-30 12:00:00,4.8810334
2007-07-01 12:00:00,5.4573593
2007-07-02 12:00:00,4.869182
2007-07-03 12:00:00,4.8908806
2007-07-04 12:00:00,4.447725
2007-07-05 12:00:00,5.819814
2007-07-06 12:00:00,6.4580593
2007-07-07 12:00:00,6.440315
2007-07-08 12:00:00,5.3430834
2007-07-09 12:00:00,5.561418
2007-07-10 12:00:00,5.419007
2007-07-11 12:00:00,6.0809164
2007-07-12 12:00:00,6.8107853
2007-07-13 12:00:00,6.320308
2007-07-14 12:00:00,6.2269936
2007-07-15 12:00:00,5.597828
2007-07-16 12:00:00,5.1158156
2007-07-17 12:00:00,5.6003537
2007-07-18 12:00:00,5.6597056
2007-07-19 12:00:00,6.286205
2007-07-20 12:00:00,5.1386695
2007-07-21 12:00:00,5.9167237
2007-07-22 12:00:00,5.264774
2007-07-23 12:00:00,4.6622
2007-07-24 12:00:00,3.5093682
2007-07-25 12:00:00,4.1397257
2007-07-26 12:00:00,4.3189836
2007-07-27 12:00:00,4.7301736
2007-07-28 12:00:00,4.394623
2007-07-29 12:00:00,4.9008093
2007-07-30 12:00:00,4.758322
2007-07-31 12:00:00,5.167621
2007-08-01 12:00:00,5.1354723
2007-08-02 12:00:00,4.641579
2007-08-03 12:00:00,4.275485
2007-08-04 12:00:00,5.4827137
2007-08-05 12:00:00,5.15839
2007-08-06 12:00:00,4.189265
2007-08-07 12:00:00,4.183849
2007-08-08 12:00:00,6.6253653
2007-08-09 12:00:00,6.4446754
2007-08-10 12:00:00,6.145643
2007-08-11 12:00:00,6.228919
2007-08-12 12:00:00,6.414974
2007-08-13 12:00:00,5.7847185
2007-08-14 12:00:00,5.367245
2007-08-15 12:00:00,5.397305
2007-08-16 12:00:00,4.9619226
2007-08-17 12:00:00,5.1095366
2007-08-18 12:00:00,5.512075
2007-08-19 12:00:00,6.2615275
2007-08-20 12:00:00,6.0631347
2007-08-21 12:00:00,5.5722446
2007-08-22 12:00:00,4.96704
2007-08-23 12:00:00,4.9741936
2007-08-24 12:00:00,4.5138597
2007-08-25 12:00:00,4.2269354
2007-08-26 12:00:00,3.7774308
2007-08-27 12:00:00,4.4057016
2007-08-28 12:00:00,4.6788473
2007-08-29 12:00:00,4.1940193
2007-08-30 12:00:00,4.586399
2007-08-31 12:00:00,5.237113
2007-09-01 12:00:00,5.9028583
2007-09-02 12:00:00,5.703232
2007-09-03 12:00:00,4.474825
2007-09-04 12:00:00,3.6107304
2007-09-05 12:00:00,3.9367354
2007-09-06 12:00:00,4.4014606
2007-09-07 12:00:00,4.228018
2007-09-08 12:00:00,4.7865834
2007-09-09 12:00:00,4.2312965
2007-09-10 12:00:00,3.4754622
2007-09-11 12:00:00,4.537558
2007-09-12 12:00:00,5.1659565
2007-09-13 12:00:00,5.7214837
2007-09-14 12:00:00,5.644844
2007-09-15 12:00:00,6.8665137
2007-09-16 12:00:00,6.8244753
2007-09-17 12:00:00,6.2556467
2007-09-18 12:00:00,5.512199
2007-09-19 12:00:00,5.271299
2007-09-20 12:00:00,5.488652
2007-09-21 12:00:00,5.771892
2007-09-22 12:00:00,5.639663
2007-09-23 12:00:00,4.330753
2007-09-24 12:00:00,4.5196276
2007-09-25 12:00:00,5.046086
2007-09-26 12:00:00,4.778663
2007-09-27 12:00:00,5.1395254
2007-09-28 12:00:00,4.9265695
2007-09-29 12:00:00,5.999796
2007-09-30 12:00:00,7.059151
2007-10-01 12:00:00,7.0643983
2007-10-02 12:00:00,5.907284
2007-10-03 12:00:00,5.906012
2007-10-04 12:00:00,6.153855
2007-10-05 12:00:00,6.0617385
2007-10-06 12:00:00,5.750851
2007-10-07 12:00:00,4.754519
2007-10-08 12:00:00,3.413073
2007-10-09 12:00:00,3.0725448
2007-10-10 12:00:00,4.2537766
2007-10-11 12:00:00,3.0625603
2007-10-12 12:00:00,3.0556917
2007-10-13 12:00:00,4.2766833
2007-10-14 12:00:00,4.0287995
2007-10-15 12:00:00,3.4528203
2007-10-16 12:00:00,3.5584154
2007-10-17 12:00:00,3.937931
2007-10-18 12:00:00,3.4915657
2007-10-19 12:00:00,4.468481
2007-10-20 12:00:00,5.055309
2007-10-21 12:00:00,5.280664
2007-10-22 12:00:00,5.7101874
2007-10-23 12:00:00,5.213924
2007-10-24 12:00:00,5.5316014
2007-10-25 12:00:00,5.274014
2007-10-26 12:00:00,5.5629635
2007-10-27 12:00:00,6.776559
2007-10-28 12:00:00,5.1307836
2007-10-29 12:00:00,4.7404566
2007-10-30 12:00:00,3.6372638
2007-10-31 12:00:00,3.184
2007-11-01 12:00:00,3.4119844
2007-11-02 12:00:00,3.9579453
2007-11-03 12:00:00,4.478694
2007-11-04 12:00:00,2.9102252
2007-11-05 12:00:00,3.167096
2007-11-06 12:00:00,4.3494654
2007-11-07 12:00:00,5.6441045
2007-11-08 12:00:00,5.463456
2007-11-09 12:00:00,6.1212063
2007-11-10 12:00:00,5.2002134
2007-11-11 12:00:00,5.3937225
2007-11-12 12:00:00,5.3208117
2007-11-13 12:00:00,5.180356
2007-11-14 12:00:00,3.6119785
2007-11-15 12:00:00,1.9980606
2007-11-16 12:00:00,3.3314054
2007-11-17 12:00:00,3.704562
2007-11-18 12:00:00,2.7309275
2007-11-19 12:00:00,2.83276
2007-11-20 12:00:00,3.2053347
2007-11-21 12:00:00,2.6120558
2007-11-22 12:00:00,2.132198
2007-11-23 12:00:00,3.7109017
2007-11-24 12:00:00,3.380885
2007-11-25 12:00:00,2.6903667
2007-11-26 12:00:00,2.5135212
2007-11-27 12:00:00,3.39633
2007-11-28 12:00:00,3.9599507
2007-11-29 12:00:00,4.377581
2007-11-30 12:00:00,4.289256
2007-12-01 12:00:00,4.9626374
2007-12-02 12:00:00,5.5037127
2007-12-03 12:00:00,6.1950803
2007-12-04 12:00:00,6.7115593
2007-12-05 12:00:00,6.2836056
2007-12-06 12:00:00,6.262033
2007-12-07 12:00:00,5.1348915
2007-12-08 12:00:00,4.875719
2007-12-09 12:00:00,5.3559437
2007-12-10 12:00:00,4.6323404
2007-12-11 12:00:00,5.2239575
2007-12-12 12:00:00,5.1702805
2007-12-13 12:00:00,4.83104
2007-12-14 12:00:00,4.223474
2007-12-15 12:00:00,4.19181
2007-12-16 12:00:00,3.3166816
2007-12-17 12:00:00,3.4084318
2007-12-18 12:00:00,4.1765246
2007-12-19 12:00:00,3.6287246
2007-12-20 12:00:00,4.167429
2007-12-21 12:00:00,3.2025127
2007-12-22 12:00:00,3.0517786
2007-12-23 12:00:00,4.2033267
2007-12-24 12:00:00,5.050054
2007-12-25 12:00:00,3.755585
2007-12-26 12:00:00,3.5643048
2007-12-27 12:00:00,4.726982
2007-12-28 12:00:00,5.078982
2007-12-29 12:00:00,4.1853805
2007-12-30 12:00:00,4.342366
2007-12-31 12:00:00,3.9168932
2008-01-01 12:00:00,3.8399081
2008-01-02 12:00:00,3.0024517
2008-01-03 12:00:00,3.0069108
2008-01-04 12:00:00,3.1656678
2008-01-05 12:00:00,3.2517135
2008-01-06 12:00:00,2.964944
2008-01-07 12:00:00,2.590372
2008-01-08 12:00:00,2.53696
2008-01-09 12:00:00,2.4318738
2008-01-10 12:00:00,2.2973247
2008-01-11 12:00:00,2.2618918
2008-01-12 12:00:00,2.3165324
2008-01-13 12:00:00,3.6066787
2008-01-14 12:00:00,4.073866
2008-01-15 12:00:00,4.7166953
2008-01-16 12:00:00,4.3252225
2008-01-17 12:00:00,5.0099525
2008-01-18 12:00:00,4.5395575
2008-01-19 12:00:00,3.9637864
2008-01-20 12:00:00,3.5623217
2008-01-21 12:00:00,4.57279
2008-01-22 12:00:00,5.3175426
2008-01-23 12:00:00,4.900463
2008-01-24 12:00:00,3.3520105
2008-01-25 12:00:00,3.06672
2008-01-26 12:00:00,3.7628064
2008-01-27 12:00:00,3.528971
2008-01-28 12:00:00,3.891732
2008-01-29 12:00:00,3.632282
2008-01-30 12:00:00,3.7407806
2008-01-31 12:00:00,3.5620396
2008-02-01 12:00:00,3.446537
2008-02-02 12:00:00,4.26587
2008-02-03 12:00:00,3.7624223
2008-02-04 12:00:00,3.934722
2008-02-05 12:00:00,4.6931806
2008-02-06 12:00:00,3.4737902
2008-02-07 12:00:00,3.0689476
2008-02-08 12:00:00,2.7689326
2008-02-09 12:00:00,3.1172059
2008-02-10 12:00:00,3.4400973
2008-02-11 12:00:00,4.999374
2008-02-12 12:00:00,4.492699
2008-02-13 12:00:00,4.025381
2008-02-14 12:00:00,4.71207
2008-02-15 12:00:00,4.3061743
2008-02-16 12:00:00,4.0517807
2008-02-17 12:00:00,4.525447
2008-02-18 12:00:00,4.1282244
2008-02-19 12:00:00,3.2176707
2008-02-20 12:00:00,3.524033
2008-02-21 12:00:00,4.6970234
2008-02-22 12:00:00,4.977444
2008-02-23 12:00:00,4.4620643
2008-02-24 12:00:00,3.478233
2008-02-25 12:00:00,2.9612896
2008-02-26 12:00:00,2.4924593
2008-02-27 12:00:00,2.3549829
2008-02-28 12:00:00,2.7020936
2008-02-29 12:00:00,2.4765348
2008-03-01 12:00:00,2.9632604
2008-03-02 12:00:00,3.2075574
2008-03-03 12:00:00,3.5659769
2008-03-04 12:00:00,3.4996285
2008-03-05 12:00:00,4.250164
2008-03-06 12:00:00,4.8084397
2008-03-07 12:00:00,5.2990136
2008-03-08 12:00:00,5.352031
2008-03-09 12:00:00,3.3998551
2008-03-10 12:00:00,3.1431155
2008-03-11 12:00:00,3.5327435
2008-03-12 12:00:00,3.5672853
2008-03-13 12:00:00,3.4742854
2008-03-14 12:00:00,3.5958588
2008-03-15 12:00:00,4.999495
2008-03-16 12:00:00,4.025151
2008-03-17 12:00:00,4.4840884
2008-03-18 12:00:00,3.5457647
2008-03-19 12:00:00,2.8889115
2008-03-20 12:00:00,2.9682457
2008-03-21 12:00:00,3.199587
2008-03-22 12:00:00,2.5945277
2008-03-23 12:00:00,2.1990454
2008-03-24 12:00:00,3.3675733
2008-03-25 12:00:00,3.7711592
2008-03-26 12:00:00,3.2253153
2008-03-27 12:00:00,3.71607
2008-03-28 12:00:00,3.3708577
2008-03-29 12:00:00,4.1542587
2008-03-30 12:00:00,3.8091738
2008-03-31 12:00:00,3.6333184
2008-04-01 12:00:00,2.5821574
2008-04-02 12:00:00,2.077885
2008-04-03 12:00:00,2.2841082
2008-04-04 12:00:00,1.813687
2008-04-05 12:00:00,2.2799253
2008-04-06 12:00:00,2.775734
2008-04-07 12:00:00,2.5644882
2008-04-08 12:00:00,2.635697
2008-04-09 12:00:00,3.6511528
2008-04-10 12:00:00,3.9235754
2008-04-11 12:00:00,3.5866244
2008-04-12 12:00:00,3.1602597
2008-04-13 12:00:00,2.5931666
2008-04-14 12:00:00,2.6230426
2008-04-15 12:00:00,3.073645
2008-04-16 12:00:00,3.6441908
2008-04-17 12:00:00,3.2884176
2008-04-18 12:00:00,4.094218
2008-04-19 12:00:00,4.1310735
2008-04-20 12:00:00,5.1168146
2008-04-21 12:00:00,4.4911447
2008-04-22 12:00:00,4.759387
2008-04-23 12:00:00,4.905193
2008-04-24 12:00:00,4.8880677
2008-04-25 12:00:00,4.7818537
2008-04-26 12:00:00,4.7322955
2008-04-27 12:00:00,5.494222
2008-04-28 12:00:00,5.654229
2008-04-29 12:00:00,5.169157
2008-04-30 12:00:00,5.0232935
2008-05-01 12:00:00,5.4639487
2008-05-02 12:00:00,5.3929477
2008-05-03 12:00:00,5.613979
2008-05-04 12:00:00,4.774057
2008-05-05 12:00:00,4.0521317
2008-05-06 12:00:00,4.7817216
2008-05-07 12:00:00,4.902644
2008-05-08 12:00:00,5.305771
2008-05-09 12:00:00,6.495075
2008-05-10 12:00:00,6.846965
2008-05-11 12:00:00,6.654169
2008-05-12 12:00:00,6.458715
2008-05-13 12:00:00,5.946033
2008-05-14 12:00:00,5.8312697
2008-05-15 12:00:00,5.584296
2008-05-16 12:00:00,5.610315
2008-05-17 12:00:00,5.4826636
2008-05-18 12:00:00,5.848297
2008-05-19 12:00:00,5.022554
2008-05-20 12:00:00,4.402775
2008-05-21 12:00:00,3.179043
2008-05-22 12:00:00,2.9744785
2008-05-23 12:00:00,3.570535
2008-05-24 12:00:00,3.6020901
2008-05-25 12:00:00,3.473598
2008-05-26 12:00:00,3.14029
2008-05-27 12:00:00,2.9589462
2008-05-28 12:00:00,3.7601836
2008-05-29 12:00:00,4.4846153
2008-05-30 12:00:00,3.5868707
2008-05-31 12:00:00,4.020724
2008-06-01 12:00:00,4.461899
2008-06-02 12:00:00,4.3311224
2008-06-03 12:00:00,3.6741576
2008-06-04 12:00:00,3.144057
2008-06-05 12:00:00,5.3410254
2008-06-06 12:00:00,5.2945924
2008-06-07 12:00:00,3.923618
2008-06-08 12:00:00,4.156153
2008-06-09 12:00:00,3.7743385
2008-06-10 12:00:00,4.340435
2008-06-11 12:00:00,5.704032
2008-06-12 12:00:00,5.384381
2008-06-13 12:00:00,5.613465
2008-06-14 12:00:00,5.7964272
2008-06-15 12:00:00,4.9152613
2008-06-16 12:00:00,4.049899
2008-06-17 12:00:00,3.5603423
2008-06-18 12:00:00,4.0464067
2008-06-19 12:00:00,3.1889396
2008-06-20 12:00:00,3.8009417
2008-06-21 12:00:00,4.80137
2008-06-22 12:00:00,5.5986423
2008-06-23 12:00:00,6.0784235
2008-06-24 12:00:00,6.0752234
2008-06-25 12:00:00,5.601591
2008-06-26 12:00:00,4.4273133
2008-06-27 12:00:00,4.4901133
2008-06-28 12:00:00,3.2672184
2008-06-29 12:00:00,3.7168152
2008-06-30 12:00:00,4.0259523
2008-07-01 12:00:00,3.6893692
2008-07-02 12:00:00,3.6627827
2008-07-03 12:00:00,5.152467
2008-07-04 12:00:00,4.575996
2008-07-05 12:00:00,4.8494678
2008-07-06 12:00:00,4.648677
2008-07-07 12:00:00,5.4451895
2008-07-08 12:00:00,6.0122924
2008-07-09 12:00:00,5.6319275
2008-07-10 12:00:00,3.9937377
2008-07-11 12:00:00,4.253843
2008-07-12 12:00:00,4.494051
2008-07-13 12:00:00,4.881141
2008-07-14 12:00:00,5.263217
2008-07-15 12:00:00,6.378332
2008-07-16 12:00:00,7.1703296
2008-07-17 12:00:00,7.2036867
2008-07-18 12:00:00,7.2872505
2008-07-19 12:00:00,6.4915977
2008-07-20 12:00:00,5.822023
2008-07-21 12:00:00,5.829741
2008-07-22 12:00:00,6.899887
2008-07-23 12:00:00,6.4768634
2008-07-24 12:00:00,6.671612
2008-07-25 12:00:00,6.655708
2008-07-26 12:00:00,6.5312448
2008-07-27 12:00:00,6.049268
2008-07-28 12:00:00,5.2281523
2008-07-29 12:00:00,4.654086
2008-07-30 12:00:00,4.3826075
2008-07-31 12:00:00,4.681461
2008-08-01 12:00:00,4.8571377
2008-08-02 12:00:00,5.4256864
2008-08-03 12:00:00,5.0487347
2008-08-04 12:00:00,5.5992875
2008-08-05 12:00:00,5.5774827
2008-08-06 12:00:00,6.193274
2008-08-07 12:00:00,7.1466885
2008-08-08 12:00:00,6.637571
2008-08-09 12:00:00,6.319028
2008-08-10 12:00:00,5.084649
2008-08-11 12:00:00,4.865127
2008-08-12 12:00:00,4.9658036
2008-08-13 12:00:00,3.8800833
2008-08-14 12:00:00,3.3225656
2008-08-15 12:00:00,4.3552003
2008-08-16 12:00:00,4.389929
2008-08-17 12:00:00,4.282466
2008-08-18 12:00:00,3.3878894
2008-08-19 12:00:00,3.6789565
2008-08-20 12:00:00,5.5503855
2008-08-21 12:00:00,5.442029
2008-08-22 12:00:00,5.8116055
2008-08-23 12:00:00,5.6208396
2008-08-24 12:00:00,5.277349
2008-08-25 12:00:00,5.3931465
2008-08-26 12:00:00,4.900723
2008-08-27 12:00:00,5.19209
2008-08-28 12:00:00,5.487495
2008-08-29 12:00:00,5.6853933
2008-08-30 12:00:00,4.4536715
2008-08-31 12:00:00,4.5371165
2008-09-01 12:00:00,3.9151275
2008-09-02 12:00:00,3.0571141
2008-09-03 12:00:00,4.1064234
2008-09-04 12:00:00,3.963255
2008-09-05 12:00:00,3.8351166
2008-09-06 12:00:00,4.6104097
2008-09-07 12:00:00,4.583914
2008-09-08 12:00:00,4.981296
2008-09-09 12:00:00,4.969703
2008-09-10 12:00:00,5.839096
2008-09-11 12:00:00,6.332502
2008-09-12 12:00:00,5.433157
2008-09-13 12:00:00,4.3002725
2008-09-14 12:00:00,4.9618835
2008-09-15 12:00:00,5.2103677
2008-09-16 12:00:00,4.688933
2008-09-17 12:00:00,4.1961236
2008-09-18 12:00:00,4.188398
2008-09-19 12:00:00,4.5617304
2008-09-20 12:00:00,4.0758133
2008-09-21 12:00:00,4.1296883
2008-09-22 12:00:00,3.2048473
2008-09-23 12:00:00,4.020463
2008-09-24 12:00:00,4.955008
2008-09-25 12:00:00,4.3559065
2008-09-26 12:00:00,4.336804
2008-09-27 12:00:00,5.7958875
2008-09-28 12:00:00,5.3227196
2008-09-29 12:00:00,5.827018
2008-09-30 12:00:00,4.790299
2008-10-01 12:00:00,3.6247013
2008-10-02 12:00:00,3.1171963
2008-10-03 12:00:00,2.798226
2008-10-04 12:00:00,2.5652018
2008-10-05 12:00:00,2.960185
2008-10-06 12:00:00,2.3139863
2008-10-07 12:00:00,2.4693356
2008-10-08 12:00:00,3.9591737
2008-10-09 12:00:00,3.8664765
2008-10-10 12:00:00,3.644385
2008-10-11 12:00:00,3.811376
2008-10-12 12:00:00,4.072963
2008-10-13 12:00:00,3.2475207
2008-10-14 12:00:00,3.4924572
2008-10-15 12:00:00,3.0333025
2008-10-16 12:00:00,3.2569785
2008-10-17 12:00:00,3.4295764
2008-10-18 12:00:00,3.9454403
2008-10-19 12:00:00,4.812337
2008-10-20 12:00:00,6.146384
2008-10-21 12:00:00,5.9998803
2008-10-22 12:00:00,4.8762136
2008-10-23 12:00:00,3.8719928
2008-10-24 12:00:00,3.6023066
2008-10-25 12:00:00,3.625155
2008-10-26 12:00:00,4.509779
2008-10-27 12:00:00,4.5278506
2008-10-28 12:00:00,4.4720664
2008-10-29 12:00:00,4.1770782
2008-10-30 12:00:00,4.1492915
2008-10-31 12:00:00,4.887353
2008-11-01 12:00:00,5.087271
2008-11-02 12:00:00,4.5154977
2008-11-03 12:00:00,3.515017
2008-11-04 12:00:00,2.57063
2008-11-05 12:00:00,2.6532798
2008-11-06 12:00:00,2.894628
2008-11-07 12:00:00,3.5567765
2008-11-08 12:00:00,4.3288884
2008-11-09 12:00:00,3.9097102
2008-11-10 12:00:00,3.92678
2008-11-11 12:00:00,4.982753
2008-11-12 12:00:00,5.7385244
2008-11-13 12:00:00,5.721326
2008-11-14 12:00:00,4.7569795
2008-11-15 12:00:00,4.1136174
2008-11-16 12:00:00,3.4992912
2008-11-17 12:00:00,3.116615
2008-11-18 12:00:00,2.733541
2008-11-19 12:00:00,3.055066
2008-11-20 12:00:00,3.7491093
2008-11-21 12:00:00,5.0625587
2008-11-22 12:00:00,5.067504
2008-11-23 12:00:00,5.4287043
2008-11-24 12:00:00,6.692592
2008-11-25 12:00:00,6.3119087
2008-11-26 12:00:00,5.5200524
2008-11-27 12:00:00,4.519426
2008-11-28 12:00:00,4.138809
2008-11-29 12:00:00,4.497241
2008-11-30 12:00:00,4.9909077
2008-12-01 12:00:00,4.6662393
2008-12-02 12:00:00,4.7469983
2008-12-03 12:00:00,5.1540565
2008-12-04 12:00:00,5.179983
2008-12-05 12:00:00,5.3247056
2008-12-06 12:00:00,4.404329
2008-12-07 12:00:00,4.253849
2008-12-08 12:00:00,3.6592698
2008-12-09 12:00:00,3.7316623
2008-12-10 12:00:00,3.9072685
2008-12-11 12:00:00,4.58574
2008-12-12 12:00:00,4.0927005
2008-12-13 12:00:00,3.8971343
2008-12-14 12:00:00,3.788731
2008-12-15 12:00:00,3.9157329
2008-12-16 12:00:00,3.6726174
2008-12-17 12:00:00,4.358204
2008-12-18 12:00:00,3.8867614
2008-12-19 12:00:00,4.547215
2008-12-20 12:00:00,5.50372
2008-12-21 12:00:00,4.6730595
2008-12-22 12:00:00,4.8525434
2008-12-23 12:00:00,4.8964047
2008-12-24 12:00:00,4.7919455
2008-12-25 12:00:00,3.8928206
2008-12-26 12:00:00,3.1607745
2008-12-27 12:00:00,5.260023
2008-12-28 12:00:00,5.1610165
2008-12-29 12:00:00,4.4613914
2008-12-30 12:00:00,5.114364
2008-12-31 12:00:00,5.809689
2009-01-01 12:00:00,5.391258
2009-01-02 12:00:00,4.6847744
2009-01-03 12:00:00,5.037858
2009-01-04 12:00:00,4.4802613
2009-01-05 12:00:00,4.081883
2009-01-06 12:00:00,3.5369778
2009-01-07 12:00:00,3.412913
2009-01-08 12:00:00,4.021539
2009-01-09 12:00:00,4.9393587
2009-01-10 12:00:00,6.0894294
2009-01-11 12:00:00,5.438965
2009-01-12 12:00:00,6.520149
2009-01-13 12:00:00,5.9849725
2009-01-14 12:00:00,5.575371
2009-01-15 12:00:00,6.211218
2009-01-16 12:00:00,6.1913667
2009-01-17 12:00:00,5.2737937
2009-01-18 12:00:00,4.829801
2009-01-19 12:00:00,4.9755635
2009-01-20 12:00:00,5.5325365
2009-01-21 12:00:00,5.482411
2009-01-22 12:00:00,6.136349
2009-01-23 12:00:00,4.4716053
2009-01-24 12:00:00,3.8700795
2009-01-25 12:00:00,3.183287
2009-01-26 12:00:00,3.192967
2009-01-27 12:00:00,3.7672858
2009-01-28 12:00:00,3.6912308
2009-01-29 12:00:00,4.6285806
2009-01-30 12:00:00,3.8806865
2009-01-31 12:00:00,4.030594
2009-02-01 12:00:00,3.702091
2009-02-02 12:00:00,4.89037
2009-02-03 12:00:00,4.224029
2009-02-04 12:00:00,5.0090237
2009-02-05 12:00:00,5.1366625
2009-02-06 12:00:00,4.8782897
2009-02-07 12:00:00,4.0267153
2009-02-08 12:00:00,4.4466257
2009-02-09 12:00:00,4.745513
2009-02-10 12:00:00,3.5740416
2009-02-11 12:00:00,3.695661
2009-02-12 12:00:00,4.4583764
2009-02-13 12:00:00,3.8637547
2009-02-14 12:00:00,3.205173
2009-02-15 12:00:00,2.7136245
2009-02-16 12:00:00,2.8418
2009-02-17 12:00:00,4.282408
2009-02-18 12:00:00,4.240124
2009-02-19 12:00:00,3.7750344
2009-02-20 12:00:00,3.7531214
2009-02-21 12:00:00,3.3650005
2009-02-22 12:00:00,3.025586
2009-02-23 12:00:00,2.7397547
2009-02-24 12:00:00,3.3821542
2009-02-25 12:00:00,3.1682856
2009-02-26 12:00:00,2.7630715
2009-02-27 12:00:00,3.0676513
2009-02-28 12:00:00,3.903365
2009-03-01 12:00:00,3.577055
2009-03-02 12:00:00,4.1991706
2009-03-03 12:00:00,3.3463352
2009-03-04 12:00:00,3.6561747
2009-03-05 12:00:00,3.8664935
2009-03-06 12:00:00,3.3762488
2009-03-07 12:00:00,3.73068
2009-03-08 12:00:00,3.1392615
2009-03-09 12:00:00,2.8928332
2009-03-10 12:00:00,2.0345058
2009-03-11 12:00:00,2.8288872
2009-03-12 12:00:00,2.2446525
2009-03-13 12:00:00,2.1866622
2009-03-14 12:00:00,2.312813
2009-03-15 12:00:00,2.8798718
2009-03-16 12:00:00,3.0042174
2009-03-17 12:00:00,2.549172
2009-03-18 12:00:00,3.199039
2009-03-19 12:00:00,2.7772667
2009-03-20 12:00:00,3.1070535
2009-03-21 12:00:00,2.853691
2009-03-22 12:00:00,2.6139174
2009-03-23 12:00:00,2.7623997
2009-03-24 12:00:00,2.032099
2009-03-25 12:00:00,2.007959
2009-03-26 12:00:00,2.3398135
2009-03-27 12:00:00,1.7944813
2009-03-28 12:00:00,1.9185874
2009-03-29 12:00:00,2.0066168
2009-03-30 12:00:00,2.5079937
2009-03-31 12:00:00,2.749976
2009-04-01 12:00:00,4.294292
2009-04-02 12:00:00,3.3852596
2009-04-03 12:00:00,3.334295
2009-04-04 12:00:00,3.7719607
2009-04-05 12:00:00,3.6328936
2009-04-06 12:00:00,2.7166033
2009-04-07 12:00:00,2.0097208
2009-04-08 12:00:00,3.2150447
2009-04-09 12:00:00,4.3820586
2009-04-10 12:00:00,4.8555055
2009-04-11 12:00:00,6.230241
2009-04-12 12:00:00,4.973954
2009-04-13 12:00:00,6.7160807
2009-04-14 12:00:00,5.698402
2009-04-15 12:00:00,5.994077
2009-04-16 12:00:00,5.465743
2009-04-17 12:00:00,4.0664763
2009-04-18 12:00:00,4.2232757
2009-04-19 12:00:00,4.018885
2009-04-20 12:00:00,4.4140196
2009-04-21 12:00:00,3.8846064
2009-04-22 12:00:00,4.8874145
2009-04-23 12:00:00,4.241272
2009-04-24 12:00:00,3.526827
2009-04-25 12:00:00,3.5353594
2009-04-26 12:00:00,3.1271276
2009-04-27 12:00:00,2.8062222
2009-04-28 12:00:00,2.95003
2009-04-29 12:00:00,3.0193384
2009-04-30 12:00:00,3.186606
2009-05-01 12:00:00,3.3111212
2009-05-02 12:00:00,4.390359
2009-05-03 12:00:00,4.9965115
2009-05-04 12:00:00,4.864087
2009-05-05 12:00:00,4.1615868
2009-05-06 12:00:00,3.8428667
2009-05-07 12:00:00,4.1899967
2009-05-08 12:00:00,4.5795345
2009-05-09 12:00:00,5.0809546
2009-05-10 12:00:00,5.0404787
2009-05-11 12:00:00,5.194172
2009-05-12 12:00:00,5.496976
2009-05-13 12:00:00,7.13372
2009-05-14 12:00:00,7.5379825
2009-05-15 12:00:00,7.3687553
2009-05-16 12:00:00,5.8673654
2009-05-17 12:00:00,4.7002525
2009-05-18 12:00:00,4.297195
2009-05-19 12:00:00,5.4561334
2009-05-20 12:00:00,6.1423707
2009-05-21 12:00:00,6.6134477
2009-05-22 12:00:00,5.7098074
2009-05-23 12:00:00,5.8510604
2009-05-24 12:00:00,6.4063473
2009-05-25 12:00:00,6.12283
2009-05-26 12:00:00,4.8775506
2009-05-27 12:00:00,5.29907
2009-05-28 12:00:00,5.1855288
2009-05-29 12:00:00,6.2509117
2009-05-30 12:00:00,5.71025
2009-05-31 12:00:00,5.2438307
2009-06-01 12:00:00,5.3031406
2009-06-02 12:00:00,6.2161984
2009-06-03 12:00:00,6.7617655
2009-06-04 12:00:00,7.434855
2009-06-05 12:00:00,6.8192325
2009-06-06 12:00:00,5.2115307
2009-06-07 12:00:00,5.44222
2009-06-08 12:00:00,5.3320303
2009-06-09 12:00:00,5.5928555
2009-06-10 12:00:00,5.3997912
2009-06-11 12:00:00,4.6569524
2009-06-12 12:00:00,4.0688515
2009-06-13 12:00:00,4.480196
2009-06-14 12:00:00,5.2282596
2009-06-15 12:00:00,6.2291775
2009-06-16 12:00:00,6.1136227
2009-06-17 12:00:00,6.2736917
2009-06-18 12:00:00,5.456929
2009-06-19 12:00:00,4.5393353
2009-06-20 12:00:00,4.4161777
2009-06-21 12:00:00,5.881278
2009-06-22 12:00:00,6.9484634
2009-06-23 12:00:00,5.7119894
2009-06-24 12:00:00,5.1197877
2009-06-25 12:00:00,5.805424
2009-06-26 12:00:00,6.79149
2009-06-27 12:00:00,6.993202
2009-06-28 12:00:00,5.953249
2009-06-29 12:00:00,4.800077
2009-06-30 12:00:00,4.164466
2009-07-01 12:00:00,5.588838
2009-07-02 12:00:00,6.195424
2009-07-03 12:00:00,5.014336
2009-07-04 12:00:00,5.4035945
2009-07-05 12:00:00,5.2006574
2009-07-06 12:00:00,3.8920841
2009-07-07 12:00:00,3.2902052
2009-07-08 12:00:00,3.15587
2009-07-09 12:00:00,3.702256
2009-07-10 12:00:00,5.819983
2009-07-11 12:00:00,5.9824963
2009-07-12 12:00:00,6.0947056
2009-07-13 12:00:00,6.505294
2009-07-14 12:00:00,6.9390006
2009-07-15 12:00:00,6.3187737
2009-07-16 12:00:00,4.7111883
2009-07-17 12:00:00,5.0202394
2009-07-18 12:00:00,4.933698
2009-07-19 12:00:00,5.0786505
2009-07-20 12:00:00,5.4686103
2009-07-21 12:00:00,5.3643246
2009-07-22 12:00:00,6.008932
2009-07-23 12:00:00,5.313034
2009-07-24 12:00:00,4.6171756
2009-07-25 12:00:00,5.6169868
2009-07-26 12:00:00,5.7151365
2009-07-27 12:00:00,4.7518744
2009-07-28 12:00:00,4.6960278
2009-07-29 12:00:00,4.9598775
2009-07-30 12:00:00,4.734146
2009-07-31 12:00:00,5.2975388
2009-08-01 12:00:00,5.60823
2009-08-02 12:00:00,5.377235
2009-08-03 12:00:00,5.8832517
2009-08-04 12:00:00,6.913541
2009-08-05 12:00:00,7.207311
2009-08-06 12:00:00,7.1191287
2009-08-07 12:00:00,7.2062845
2009-08-08 12:00:00,6.2968173
2009-08-09 12:00:00,6.550257
2009-08-10 12:00:00,6.1501303
2009-08-11 12:00:00,5.911269
2009-08-12 12:00:00,6.581774
2009-08-13 12:00:00,6.8307877
2009-08-14 12:00:00,5.9923778
2009-08-15 12:00:00,5.393156
2009-08-16 12:00:00,5.228966
2009-08-17 12:00:00,5.066325
2009-08-18 12:00:00,4.6680007
2009-08-19 12:00:00,3.7560668
2009-08-20 12:00:00,3.3156247
2009-08-21 12:00:00,4.368357
2009-08-22 12:00:00,5.177621
2009-08-23 12:00:00,5.2031884
2009-08-24 12:00:00,3.9260166
2009-08-25 12:00:00,3.9219997
2009-08-26 12:00:00,5.2123184
2009-08-27 12:00:00,6.1646733
2009-08-28 12:00:00,5.8410625
2009-08-29 12:00:00,6.1275077
2009-08-30 12:00:00,6.122063
2009-08-31 12:00:00,5.432145
2009-09-01 12:00:00,5.4353724
2009-09-02 12:00:00,5.4182634
2009-09-03 12:00:00,6.0976
2009-09-04 12:00:00,7.5328603
2009-09-05 12:00:00,7.243132
2009-09-06 12:00:00,5.9530187
2009-09-07 12:00:00,5.42488
2009-09-08 12:00:00,4.9816647
2009-09-09 12:00:00,4.7529073
2009-09-10 12:00:00,4.8337555
2009-09-11 12:00:00,5.017907
2009-09-12 12:00:00,5.4517937
2009-09-13 12:00:00,6.1759653
2009-09-14 12:00:00,7.144951
2009-09-15 12:00:00,7.1974535
2009-09-16 12:00:00,6.1816297
2009-09-17 12:00:00,6.2998867
2009-09-18 12:00:00,5.4598866
2009-09-19 12:00:00,4.4715247
2009-09-20 12:00:00,3.8298042
2009-09-21 12:00:00,4.219505
2009-09-22 12:00:00,3.8760164
2009-09-23 12:00:00,4.616909
2009-09-24 12:00:00,5.7617645
2009-09-25 12:00:00,6.628579
2009-09-26 12:00:00,7.088389
2009-09-27 12:00:00,6.5005164
2009-09-28 12:00:00,6.5427175
2009-09-29 12:00:00,7.5194526
2009-09-30 12:00:00,7.2806616
2009-10-01 12:00:00,7.1935105
2009-10-02 12:00:00,5.502249
2009-10-03 12:00:00,5.707265
2009-10-04 12:00:00,5.747151
2009-10-05 12:00:00,5.1725407
2009-10-06 12:00:00,4.8529663
2009-10-07 12:00:00,5.496168
2009-10-08 12:00:00,5.362515
2009-10-09 12:00:00,5.568981
2009-10-10 12:00:00,4.5738444
2009-10-11 12:00:00,4.3852367
2009-10-12 12:00:00,4.043967
2009-10-13 12:00:00,3.651256
2009-10-14 12:00:00,2.584614
2009-10-15 12:00:00,2.3599644
2009-10-16 12:00:00,2.5432856
2009-10-17 12:00:00,3.358924
2009-10-18 12:00:00,2.839941
2009-10-19 12:00:00,3.267672
2009-10-20 12:00:00,3.486862
2009-10-21 12:00:00,3.8093925
2009-10-22 12:00:00,3.6569295
2009-10-23 12:00:00,3.9038494
2009-10-24 12:00:00,3.4014866
2009-10-25 12:00:00,2.3294687
2009-10-26 12:00:00,2.2203572
2009-10-27 12:00:00,2.5940304
2009-10-28 12:00:00,2.2753658
2009-10-29 12:00:00,2.1684318
2009-10-30 12:00:00,2.6656878
2009-10-31 12:00:00,3.235587
2009-11-01 12:00:00,2.756473
2009-11-02 12:00:00,4.0933437
2009-11-03 12:00:00,3.9474666
2009-11-04 12:00:00,4.8618994
2009-11-05 12:00:00,4.066892
2009-11-06 12:00:00,4.083643
2009-11-07 12:00:00,3.5965
2009-11-08 12:00:00,3.3409047
2009-11-09 12:00:00,3.649755
2009-11-10 12:00:00,5.847515
2009-11-11 12:00:00,3.4522603
2009-11-12 12:00:00,4.042785
2009-11-13 12:00:00,4.5003104
2009-11-14 12:00:00,4.9120164
2009-11-15 12:00:00,4.50664
2009-11-16 12:00:00,3.357327
2009-11-17 12:00:00,2.875228
2009-11-18 12:00:00,3.7406902
2009-11-19 12:00:00,4.587278
2009-11-20 12:00:00,6.1704006
2009-11-21 12:00:00,5.336898
2009-11-22 12:00:00,5.056591
2009-11-23 12:00:00,4.6760917
2009-11-24 12:00:00,4.6722126
2009-11-25 12:00:00,4.5746694
2009-11-26 12:00:00,3.4831197
2009-11-27 12:00:00,2.9465833
2009-11-28 12:00:00,2.653761
2009-11-29 12:00:00,2.3976824
2009-11-30 12:00:00,2.617645
2009-12-01 12:00:00,2.9070876
2009-12-02 12:00:00,3.6133733
2009-12-03 12:00:00,4.064609
2009-12-04 12:00:00,4.2140903
2009-12-05 12:00:00,3.8977513
2009-12-06 12:00:00,4.08002
2009-12-07 12:00:00,3.7443233
2009-12-08 12:00:00,3.683216
2009-12-09 12:00:00,4.264029
2009-12-10 12:00:00,4.201493
2009-12-11 12:00:00,4.2599926
2009-12-12 12:00:00,3.9605408
2009-12-13 12:00:00,3.3508742
2009-12-14 12:00:00,3.0480683
2009-12-15 12:00:00,2.9426658
2009-12-16 12:00:00,2.5942225
2009-12-17 12:00:00,3.199034
2009-12-18 12:00:00,3.760416
2009-12-19 12:00:00,4.507126
2009-12-20 12:00:00,4.4100947
2009-12-21 12:00:00,5.1024027
2009-12-22 12:00:00,4.404946
2009-12-23 12:00:00,3.4950714
2009-12-24 12:00:00,3.8663504
2009-12-25 12:00:00,3.0138597
2009-12-26 12:00:00,3.7453744
2009-12-27 12:00:00,3.094784
2009-12-28 12:00:00,3.7310708
2009-12-29 12:00:00,4.57457
2009-12-30 12:00:00,4.674995
2009-12-31 12:00:00,5.5008125
2010-01-01 12:00:00,5.975407
2010-01-02 12:00:00,4.965105
2010-01-03 12:00:00,5.309708
2010-01-04 12:00:00,5.091906
2010-01-05 12:00:00,4.357654
2010-01-06 12:00:00,3.4471793
2010-01-07 12:00:00,3.3666859
2010-01-08 12:00:00,2.6468
2010-01-09 12:00:00,3.218484
2010-01-10 12:00:00,2.6659305
2010-01-11 12:00:00,3.349388
2010-01-12 12:00:00,3.8949575
2010-01-13 12:00:00,3.207041
2010-01-14 12:00:00,3.838648
2010-01-15 12:00:00,4.5443997
2010-01-16 12:00:00,4.607523
2010-01-17 12:00:00,4.1884985
2010-01-18 12:00:00,4.414514
2010-01-19 12:00:00,4.393757
2010-01-20 12:00:00,4.6173725
2010-01-21 12:00:00,4.7294917
2010-01-22 12:00:00,4.656062
2010-01-23 12:00:00,4.0127287
2010-01-24 12:00:00,3.0257215
2010-01-25 12:00:00,3.3273666
2010-01-26 12:00:00,3.5109363
2010-01-27 12:00:00,4.6652117
2010-01-28 12:00:00,4.5140343
2010-01-29 12:00:00,3.7403257
2010-01-30 12:00:00,2.9182925
2010-01-31 12:00:00,4.045073
2010-02-01 12:00:00,4.613567
2010-02-02 12:00:00,4.3285275
2010-02-03 12:00:00,4.3654957
2010-02-04 12:00:00,3.3718433
2010-02-05 12:00:00,4.029161
2010-02-06 12:00:00,4.311604
2010-02-07 12:00:00,4.3217964
2010-02-08 12:00:00,3.8874683
2010-02-09 12:00:00,3.7034824
2010-02-10 12:00:00,3.4851787
2010-02-11 12:00:00,3.7559106
2010-02-12 12:00:00,3.9197683
2010-02-13 12:00:00,3.8093762
2010-02-14 12:00:00,3.6597404
2010-02-15 12:00:00,4.4924006
2010-02-16 12:00:00,4.206347
2010-02-17 12:00:00,4.2872047
2010-02-18 12:00:00,3.6390831
2010-02-19 12:00:00,3.7865472
2010-02-20 12:00:00,3.5705602
2010-02-21 12:00:00,4.64041
2010-02-22 12:00:00,5.3129196
2010-02-23 12:00:00,3.1378188
2010-02-24 12:00:00,2.4870028
2010-02-25 12:00:00,3.0398922
2010-02-26 12:00:00,4.6890144
2010-02-27 12:00:00,4.1442056
2010-02-28 12:00:00,3.57663
2010-03-01 12:00:00,4.1511827
2010-03-02 12:00:00,3.7755208
2010-03-03 12:00:00,2.7890232
2010-03-04 12:00:00,2.0147002
2010-03-05 12:00:00,3.236037
2010-03-06 12:00:00,4.5492635
2010-03-07 12:00:00,5.3424087
2010-03-08 12:00:00,2.401078
2010-03-09 12:00:00,2.8406038
2010-03-10 12:00:00,4.0737443
2010-03-11 12:00:00,4.441506
2010-03-12 12:00:00,4.15083
2010-03-13 12:00:00,3.2489214
2010-03-14 12:00:00,2.744157
2010-03-15 12:00:00,2.8803825
2010-03-16 12:00:00,3.9378107
2010-03-17 12:00:00,4.6153936
2010-03-18 12:00:00,4.8223596
2010-03-19 12:00:00,3.6704879
2010-03-20 12:00:00,2.9282012
2010-03-21 12:00:00,2.9668775
2010-03-22 12:00:00,2.8110237
2010-03-23 12:00:00,3.198602
2010-03-24 12:00:00,2.3164332
2010-03-25 12:00:00,3.0027223
2010-03-26 12:00:00,2.244894
2010-03-27 12:00:00,2.580882
2010-03-28 12:00:00,3.0523543
2010-03-29 12:00:00,1.8138052
2010-03-30 12:00:00,2.3641717
2010-03-31 12:00:00,4.399335
2010-04-01 12:00:00,4.0199647
2010-04-02 12:00:00,3.3081305
2010-04-03 12:00:00,3.0118644
2010-04-04 12:00:00,3.3537772
2010-04-05 12:00:00,3.1175222
2010-04-06 12:00:00,2.5132902
2010-04-07 12:00:00,2.9155073
2010-04-08 12:00:00,2.9147112
2010-04-09 12:00:00,2.7902899
2010-04-10 12:00:00,1.9831047
2010-04-11 12:00:00,2.971051
2010-04-12 12:00:00,3.1994183
2010-04-13 12:00:00,3.0276997
2010-04-14 12:00:00,4.1307626
2010-04-15 12:00:00,2.1871555
2010-04-16 12:00:00,2.3126955
2010-04-17 12:00:00,2.3621228
2010-04-18 12:00:00,2.2670355
2010-04-19 12:00:00,3.1648064
2010-04-20 12:00:00,3.0748055
2010-04-21 12:00:00,4.0002785
2010-04-22 12:00:00,3.6412947
2010-04-23 12:00:00,3.2458081
2010-04-24 12:00:00,3.2864246
2010-04-25 12:00:00,2.916372
2010-04-26 12:00:00,2.6334846
2010-04-27 12:00:00,2.5996628
2010-04-28 12:00:00,2.1648834
2010-04-29 12:00:00,2.739826
2010-04-30 12:00:00,2.204481
2010-05-01 12:00:00,2.096916
2010-05-02 12:00:00,2.097323
2010-05-03 12:00:00,2.8148382
2010-05-04 12:00:00,2.684438
2010-05-05 12:00:00,2.5457535
2010-05-06 12:00:00,2.4342868
2010-05-07 12:00:00,2.463734
2010-05-08 12:00:00,3.75621
2010-05-09 12:00:00,4.560535
2010-05-10 12:00:00,4.4290586
2010-05-11 12:00:00,3.9094088
2010-05-12 12:00:00,5.159103
2010-05-13 12:00:00,4.431656
2010-05-14 12:00:00,6.1693935
2010-05-15 12:00:00,5.6705623
2010-05-16 12:00:00,5.8991337
2010-05-17 12:00:00,6.752888
2010-05-18 12:00:00,6.0407424
2010-05-19 12:00:00,4.608705
2010-05-20 12:00:00,4.1189227
2010-05-21 12:00:00,4.2815337
2010-05-22 12:00:00,4.2270494
2010-05-23 12:00:00,3.982959
2010-05-24 12:00:00,4.2380075
2010-05-25 12:00:00,5.058193
2010-05-26 12:00:00,5.3504252
2010-05-27 12:00:00,5.2757053
2010-05-28 12:00:00,4.343581
2010-05-29 12:00:00,4.006129
2010-05-30 12:00:00,3.7920208
2010-05-31 12:00:00,4.2298727
2010-06-01 12:00:00,4.358801
2010-06-02 12:00:00,4.306334
2010-06-03 12:00:00,5.0885744
2010-06-04 12:00:00,6.717811
2010-06-05 12:00:00,8.414037
2010-06-06 12:00:00,8.8115835
2010-06-07 12:00:00,7.64351
2010-06-08 12:00:00,7.964995
2010-06-09 12:00:00,7.705697
2010-06-10 12:00:00,6.8940716
2010-06-11 12:00:00,5.2909274
2010-06-12 12:00:00,2.9513884
2010-06-13 12:00:00,3.0088687
2010-06-14 12:00:00,2.893125
2010-06-15 12:00:00,2.971083
2010-06-16 12:00:00,4.986855
2010-06-17 12:00:00,4.6781683
2010-06-18 12:00:00,3.8605514
2010-06-19 12:00:00,3.2056737
2010-06-20 12:00:00,3.5481756
2010-06-21 12:00:00,6.098126
2010-06-22 12:00:00,7.0953283
2010-06-23 12:00:00,6.3319435
2010-06-24 12:00:00,5.6076694
2010-06-25 12:00:00,5.707643
2010-06-26 12:00:00,5.4804873
2010-06-27 12:00:00,6.2500906
2010-06-28 12:00:00,5.887424
2010-06-29 12:00:00,7.2470517
2010-06-30 12:00:00,7.833345
2010-07-01 12:00:00,7.317729
2010-07-02 12:00:00,6.6888866
2010-07-03 12:00:00,4.760927
2010-07-04 12:00:00,3.5261517
2010-07-05 12:00:00,2.8267374
2010-07-06 12:00:00,3.998565
2010-07-07 12:00:00,3.836037
2010-07-08 12:00:00,4.359633
2010-07-09 12:00:00,4.048979
2010-07-10 12:00:00,4.647118
2010-07-11 12:00:00,4.4496994
2010-07-12 12:00:00,4.294182
2010-07-13 12:00:00,5.773041
2010-07-14 12:00:00,7.1016064
2010-07-15 12:00:00,7.3149514
2010-07-16 12:00:00,7.01101
2010-07-17 12:00:00,6.9673996
2010-07-18 12:00:00,6.133264
2010-07-19 12:00:00,5.8095045
2010-07-20 12:00:00,4.904617
2010-07-21 12:00:00,4.233538
2010-07-22 12:00:00,5.1914225
2010-07-23 12:00:00,5.77888
2010-07-24 12:00:00,6.1239552
2010-07-25 12:00:00,5.9848084
2010-07-26 12:00:00,5.1973605
2010-07-27 12:00:00,6.029799
2010-07-28 12:00:00,6.459295
2010-07-29 12:00:00,5.043239
2010-07-30 12:00:00,4.454723
2010-07-31 12:00:00,3.9739926
2010-08-01 12:00:00,4.8643436
2010-08-02 12:00:00,5.870062
2010-08-03 12:00:00,6.1494837
2010-08-04 12:00:00,5.1936626
2010-08-05 12:00:00,4.553429
2010-08-06 12:00:00,5.6287255
2010-08-07 12:00:00,6.180305
2010-08-08 12:00:00,6.050327
2010-08-09 12:00:00,6.1408896
2010-08-10 12:00:00,6.291057
2010-08-11 12:00:00,6.6127586
2010-08-12 12:00:00,7.0587983
2010-08-13 12:00:00,6.8222914
2010-08-14 12:00:00,7.4566607
2010-08-15 12:00:00,6.014407
2010-08-16 12:00:00,7.160618
2010-08-17 12:00:00,6.2982802
2010-08-18 12:00:00,6.5301304
2010-08-19 12:00:00,6.830667
2010-08-20 12:00:00,5.6349645
2010-08-21 12:00:00,6.2585883
2010-08-22 12:00:00,6.2429066
2010-08-23 12:00:00,6.873636
2010-08-24 12:00:00,7.028347
2010-08-25 12:00:00,6.38969
2010-08-26 12:00:00,4.80297
2010-08-27 12:00:00,4.9073606
2010-08-28 12:00:00,5.684707
2010-08-29 12:00:00,4.678694
2010-08-30 12:00:00,5.673402
2010-08-31 12:00:00,6.019616
2010-09-01 12:00:00,5.689446
2010-09-02 12:00:00,6.532699
2010-09-03 12:00:00,6.9998775
2010-09-04 12:00:00,6.53549
2010-09-05 12:00:00,4.984227
2010-09-06 12:00:00,4.6764803
2010-09-07 12:00:00,5.1067686
2010-09-08 12:00:00,3.97881
2010-09-09 12:00:00,4.0982647
2010-09-10 12:00:00,4.4417753
2010-09-11 12:00:00,3.84582
2010-09-12 12:00:00,4.0383496
2010-09-13 12:00:00,5.589854
2010-09-14 12:00:00,5.8282704
2010-09-15 12:00:00,5.3958273
2010-09-16 12:00:00,5.831043
2010-09-17 12:00:00,5.907928
2010-09-18 12:00:00,6.466474
2010-09-19 12:00:00,5.7929697
2010-09-20 12:00:00,4.97696
2010-09-21 12:00:00,5.606184
2010-09-22 12:00:00,6.0007043
2010-09-23 12:00:00,5.6927056
2010-09-24 12:00:00,5.1183057
2010-09-25 12:00:00,4.5631475
2010-09-26 12:00:00,3.4351537
2010-09-27 12:00:00,3.325215
2010-09-28 12:00:00,4.3665876
2010-09-29 12:00:00,5.522298
2010-09-30 12:00:00,3.6761098
2010-10-01 12:00:00,4.9768214
2010-10-02 12:00:00,5.792355
2010-10-03 12:00:00,6.8889866
2010-10-04 12:00:00,7.2552075
2010-10-05 12:00:00,7.1997538
2010-10-06 12:00:00,6.358361
2010-10-07 12:00:00,5.1958866
2010-10-08 12:00:00,5.741959
2010-10-09 12:00:00,6.4392786
2010-10-10 12:00:00,6.3871675
2010-10-11 12:00:00,6.8821445
2010-10-12 12:00:00,7.181081
2010-10-13 12:00:00,6.802051
2010-10-14 12:00:00,6.679471
2010-10-15 12:00:00,6.3800592
2010-10-16 12:00:00,5.980861
2010-10-17 12:00:00,5.801805
2010-10-18 12:00:00,5.2323017
2010-10-19 12:00:00,4.98887
2010-10-20 12:00:00,4.9254675
2010-10-21 12:00:00,6.076069
2010-10-22 12:00:00,6.3233914
2010-10-23 12:00:00,6.1775665
2010-10-24 12:00:00,5.4496393
2010-10-25 12:00:00,5.035391
2010-10-26 12:00:00,4.313201
2010-10-27 12:00:00,3.6879077
2010-10-28 12:00:00,4.6897073
2010-10-29 12:00:00,4.0285587
2010-10-30 12:00:00,4.7313204
2010-10-31 12:00:00,6.3490577
2010-11-01 12:00:00,7.2179594
2010-11-02 12:00:00,6.3645935
2010-11-03 12:00:00,5.921893
2010-11-04 12:00:00,7.0586333
2010-11-05 12:00:00,7.8876867
2010-11-06 12:00:00,7.2816973
2010-11-07 12:00:00,5.0650415
2010-11-08 12:00:00,3.9685578
2010-11-09 12:00:00,3.8066936
2010-11-10 12:00:00,5.2279034
2010-11-11 12:00:00,6.904419
2010-11-12 12:00:00,5.2412
2010-11-13 12:00:00,3.474422
2010-11-14 12:00:00,3.6619797
2010-11-15 12:00:00,4.307824
2010-11-16 12:00:00,4.000402
2010-11-17 12:00:00,3.6664605
2010-11-18 12:00:00,3.520267
2010-11-19 12:00:00,3.6561835
2010-11-20 12:00:00,3.6188526
2010-11-21 12:00:00,4.272244
2010-11-22 12:00:00,4.935929
2010-11-23 12:00:00,4.5813603
2010-11-24 12:00:00,4.694736
2010-11-25 12:00:00,5.0205994
2010-11-26 12:00:00,5.465257
2010-11-27 12:00:00,6.2884283
2010-11-28 12:00:00,4.718622
2010-11-29 12:00:00,4.396549
2010-11-30 12:00:00,4.1118813
2010-12-01 12:00:00,4.721833
2010-12-02 12:00:00,5.855526
2010-12-03 12:00:00,5.372358
2010-12-04 12:00:00,6.3098307
2010-12-05 12:00:00,6.604947
2010-12-06 12:00:00,4.754448
2010-12-07 12:00:00,3.4289606
2010-12-08 12:00:00,2.8244169
2010-12-09 12:00:00,3.9353497
2010-12-10 12:00:00,4.959332
2010-12-11 12:00:00,5.7670484
2010-12-12 12:00:00,5.218001
2010-12-13 12:00:00,4.0869207
2010-12-14 12:00:00,3.6512074
2010-12-15 12:00:00,3.703197
2010-12-16 12:00:00,2.7026887
2010-12-17 12:00:00,2.9439468
2010-12-18 12:00:00,3.425419
2010-12-19 12:00:00,3.6022153
2010-12-20 12:00:00,2.5036023
2010-12-21 12:00:00,3.5118349
2010-12-22 12:00:00,2.9713879
2010-12-23 12:00:00,3.3679068
2010-12-24 12:00:00,4.0817366
2010-12-25 12:00:00,3.8268905
2010-12-26 12:00:00,4.4023423
2010-12-27 12:00:00,4.9671016
2010-12-28 12:00:00,4.362569
2010-12-29 12:00:00,4.4049377
2010-12-30 12:00:00,4.3310475
2010-12-31 12:00:00,4.340896
2011-01-01 12:00:00,4.574587
2011-01-02 12:00:00,4.2602854
2011-01-03 12:00:00,5.0064898
2011-01-04 12:00:00,4.5081215
2011-01-05 12:00:00,4.2259603
2011-01-06 12:00:00,4.948264
2011-01-07 12:00:00,4.8669233
2011-01-08 12:00:00,5.553691
2011-01-09 12:00:00,5.213998
2011-01-10 12:00:00,4.8375406
2011-01-11 12:00:00,5.4730825
2011-01-12 12:00:00,5.244307
2011-01-13 12:00:00,4.1146193
2011-01-14 12:00:00,2.5232744
2011-01-15 12:00:00,2.2616374
2011-01-16 12:00:00,2.3515902
2011-01-17 12:00:00,2.8258379
2011-01-18 12:00:00,4.091846
2011-01-19 12:00:00,3.8610983
2011-01-20 12:00:00,4.94554
2011-01-21 12:00:00,5.0015726
2011-01-22 12:00:00,4.946311
2011-01-23 12:00:00,4.783247
2011-01-24 12:00:00,4.1373353
2011-01-25 12:00:00,4.3959756
2011-01-26 12:00:00,4.1484604
2011-01-27 12:00:00,3.933365
2011-01-28 12:00:00,3.8292012
2011-01-29 12:00:00,4.116731
2011-01-30 12:00:00,4.194341
2011-01-31 12:00:00,3.902739
2011-02-01 12:00:00,5.401109
2011-02-02 12:00:00,5.0054545
2011-02-03 12:00:00,4.7562428
2011-02-04 12:00:00,4.271785
2011-02-05 12:00:00,3.7809503
2011-02-06 12:00:00,3.7522886
2011-02-07 12:00:00,3.8647199
2011-02-08 12:00:00,3.678571
2011-02-09 12:00:00,3.703134
2011-02-10 12:00:00,3.9999292
2011-02-11 12:00:00,4.130868
2011-02-12 12:00:00,4.3288608
2011-02-13 12:00:00,4.083628
2011-02-14 12:00:00,3.123627
2011-02-15 12:00:00,2.391826
2011-02-16 12:00:00,2.160437
2011-02-17 12:00:00,1.7055845
2011-02-18 12:00:00,2.4449012
2011-02-19 12:00:00,2.6176758
2011-02-20 12:00:00,2.74297
2011-02-21 12:00:00,3.2650504
2011-02-22 12:00:00,3.5864701
2011-02-23 12:00:00,4.2177515
2011-02-24 12:00:00,4.03386
2011-02-25 12:00:00,3.5319302
2011-02-26 12:00:00,3.1698143
2011-02-27 12:00:00,3.4574711
2011-02-28 12:00:00,3.1803057
2011-03-01 12:00:00,2.6045144
2011-03-02 12:00:00,2.2475235
2011-03-03 12:00:00,2.1142085
2011-03-04 12:00:00,2.66335
2011-03-05 12:00:00,2.6544824
2011-03-06 12:00:00,3.1460028
2011-03-07 12:00:00,3.4956036
2011-03-08 12:00:00,3.5123975
2011-03-09 12:00:00,3.7200778
2011-03-10 12:00:00,3.4385128
2011-03-11 12:00:00,2.8652139
2011-03-12 12:00:00,3.1374347
2011-03-13 12:00:00,3.7386386
2011-03-14 12:00:00,3.457496
2011-03-15 12:00:00,2.9464998
2011-03-16 12:00:00,3.6869175
2011-03-17 12:00:00,3.8369129
2011-03-18 12:00:00,2.831181
2011-03-19 12:00:00,1.9091467
2011-03-20 12:00:00,1.7439001
2011-03-21 12:00:00,2.1187
2011-03-22 12:00:00,2.2495525
2011-03-23 12:00:00,3.2132838
2011-03-24 12:00:00,4.419949
2011-03-25 12:00:00,5.0582957
2011-03-26 12:00:00,5.4650145
2011-03-27 12:00:00,5.37193
2011-03-28 12:00:00,5.906898
2011-03-29 12:00:00,5.9956756
2011-03-30 12:00:00,5.282649
2011-03-31 12:00:00,4.604288
2011-04-01 12:00:00,4.2580414
2011-04-02 12:00:00,4.0252132
2011-04-03 12:00:00,4.6275387
2011-04-04 12:00:00,3.513438
2011-04-05 12:00:00,2.3305151
2011-04-06 12:00:00,1.742239
2011-04-07 12:00:00,1.5443468
2011-04-08 12:00:00,2.1269226
2011-04-09 12:00:00,1.8012087
2011-04-10 12:00:00,1.9052643
2011-04-11 12:00:00,2.1220229
2011-04-12 12:00:00,2.5229688
2011-04-13 12:00:00,3.2156336
2011-04-14 12:00:00,3.9020102
2011-04-15 12:00:00,3.5446475
2011-04-16 12:00:00,2.6868987
2011-04-17 12:00:00,3.055416
2011-04-18 12:00:00,3.7116034
2011-04-19 12:00:00,3.8685389
2011-04-20 12:00:00,3.1505551
2011-04-21 12:00:00,1.6829292
2011-04-22 12:00:00,1.8772194
2011-04-23 12:00:00,2.6844964
2011-04-24 12:00:00,3.44182
2011-04-25 12:00:00,4.2199235
2011-04-26 12:00:00,3.5389185
2011-04-27 12:00:00,4.6077642
2011-04-28 12:00:00,6.582999
2011-04-29 12:00:00,7.0965624
2011-04-30 12:00:00,6.1602206
2011-05-01 12:00:00,5.5786715
2011-05-02 12:00:00,6.355802
2011-05-03 12:00:00,6.558363
2011-05-04 12:00:00,7.080409
2011-05-05 12:00:00,7.5319967
2011-05-06 12:00:00,7.2630486
2011-05-07 12:00:00,7.148615
2011-05-08 12:00:00,7.1465325
2011-05-09 12:00:00,6.4119244
2011-05-10 12:00:00,4.649601
2011-05-11 12:00:00,3.762121
2011-05-12 12:00:00,3.0532153
2011-05-13 12:00:00,3.6933093
2011-05-14 12:00:00,3.6719656
2011-05-15 12:00:00,2.781018
2011-05-16 12:00:00,1.9919139
2011-05-17 12:00:00,1.8092539
2011-05-18 12:00:00,1.9414248
2011-05-19 12:00:00,2.644751
2011-05-20 12:00:00,4.112176
2011-05-21 12:00:00,3.1691587
2011-05-22 12:00:00,3.0449708
2011-05-23 12:00:00,2.3327465
2011-05-24 12:00:00,3.6847794
2011-05-25 12:00:00,4.202147
2011-05-26 12:00:00,4.8374023
2011-05-27 12:00:00,6.5919013
2011-05-28 12:00:00,7.239392
2011-05-29 12:00:00,5.9790373
2011-05-30 12:00:00,5.7322664
2011-05-31 12:00:00,6.057276
2011-06-01 12:00:00,6.2153378
2011-06-02 12:00:00,6.207196
2011-06-03 12:00:00,6.583091
2011-06-04 12:00:00,6.265725
2011-06-05 12:00:00,5.864768
2011-06-06 12:00:00,5.5771775
2011-06-07 12:00:00,5.2840376
2011-06-08 12:00:00,5.703269
2011-06-09 12:00:00,5.705641
2011-06-10 12:00:00,5.736003
2011-06-11 12:00:00,4.621971
2011-06-12 12:00:00,5.2352943
2011-06-13 12:00:00,5.578137
2011-06-14 12:00:00,6.195354
2011-06-15 12:00:00,6.039352
2011-06-16 12:00:00,6.0859456
2011-06-17 12:00:00,6.108043
2011-06-18 12:00:00,5.8607044
2011-06-19 12:00:00,5.770357
2011-06-20 12:00:00,5.5182424
2011-06-21 12:00:00,6.195366
2011-06-22 12:00:00,6.2631245
2011-06-23 12:00:00,6.3206844
2011-06-24 12:00:00,7.0155354
2011-06-25 12:00:00,7.458139
2011-06-26 12:00:00,6.895517
2011-06-27 12:00:00,6.743421
2011-06-28 12:00:00,5.9037175
2011-06-29 12:00:00,4.702168
2011-06-30 12:00:00,4.9331574
2011-07-01 12:00:00,5.2265296
2011-07-02 12:00:00,5.088618
2011-07-03 12:00:00,4.4953384
2011-07-04 12:00:00,4.4437704
2011-07-05 12:00:00,4.8359227
2011-07-06 12:00:00,4.1996374
2011-07-07 12:00:00,4.6262965
2011-07-08 12:00:00,4.806604
2011-07-09 12:00:00,5.973304
2011-07-10 12:00:00,7.099377
2011-07-11 12:00:00,8.682774
2011-07-12 12:00:00,7.7309694
2011-07-13 12:00:00,7.1858654
2011-07-14 12:00:00,7.054523
2011-07-15 12:00:00,5.865374
2011-07-16 12:00:00,4.746928
2011-07-17 12:00:00,4.6733713
2011-07-18 12:00:00,4.5906196
2011-07-19 12:00:00,4.9601583
2011-07-20 12:00:00,6.05359
2011-07-21 12:00:00,5.190662
2011-07-22 12:00:00,4.7428336
2011-07-23 12:00:00,5.3630123
2011-07-24 12:00:00,5.680733
2011-07-25 12:00:00,5.9040523
2011-07-26 12:00:00,5.1335025
2011-07-27 12:00:00,5.4160166
2011-07-28 12:00:00,5.6037393
2011-07-29 12:00:00,5.9882135
2011-07-30 12:00:00,5.5403323
2011-07-31 12:00:00,5.046804
2011-08-01 12:00:00,5.6252694
2011-08-02 12:00:00,6.3381944
2011-08-03 12:00:00,4.0479374
2011-08-04 12:00:00,3.562584
2011-08-05 12:00:00,3.9773242
2011-08-06 12:00:00,4.8923216
2011-08-07 12:00:00,5.928474
2011-08-08 12:00:00,5.266293
2011-08-09 12:00:00,4.4571967
2011-08-10 12:00:00,4.4441323
2011-08-11 12:00:00,4.6132555
2011-08-12 12:00:00,5.683607
2011-08-13 12:00:00,5.820281
2011-08-14 12:00:00,4.2509
2011-08-15 12:00:00,4.3529735
2011-08-16 12:00:00,4.3948636
2011-08-17 12:00:00,5.027388
2011-08-18 12:00:00,4.6651263
2011-08-19 12:00:00,5.521242
2011-08-20 12:00:00,4.8465724
2011-08-21 12:00:00,4.808251
2011-08-22 12:00:00,5.2855206
2011-08-23 12:00:00,5.7878914
2011-08-24 12:00:00,5.359538
2011-08-25 12:00:00,4.705101
2011-08-26 12:00:00,5.1115975
2011-08-27 12:00:00,6.293135
2011-08-28 12:00:00,6.468305
2011-08-29 12:00:00,5.0890236
2011-08-30 12:00:00,4.961941
2011-08-31 12:00:00,5.1361175
2011-09-01 12:00:00,4.644857
2011-09-02 12:00:00,4.824829
2011-09-03 12:00:00,4.479504
2011-09-04 12:00:00,4.1839533
2011-09-05 12:00:00,4.2696733
2011-09-06 12:00:00,4.6075745
2011-09-07 12:00:00,4.4397492
2011-09-08 12:00:00,4.9656305
2011-09-09 12:00:00,5.7964425
2011-09-10 12:00:00,7.038438
2011-09-11 12:00:00,7.1621437
2011-09-12 12:00:00,6.5820093
2011-09-13 12:00:00,5.981563
2011-09-14 12:00:00,5.007952
2011-09-15 12:00:00,4.9901686
2011-09-16 12:00:00,4.250082
2011-09-17 12:00:00,4.484195
2011-09-18 12:00:00,5.115955
2011-09-19 12:00:00,5.069039
2011-09-20 12:00:00,4.8754277
2011-09-21 12:00:00,4.7223268
2011-09-22 12:00:00,5.281184
2011-09-23 12:00:00,4.771423
2011-09-24 12:00:00,3.8042207
2011-09-25 12:00:00,4.14397
2011-09-26 12:00:00,5.3311543
2011-09-27 12:00:00,5.782962
2011-09-28 12:00:00,5.9832582
2011-09-29 12:00:00,5.868685
2011-09-30 12:00:00,6.0586786
2011-10-01 12:00:00,5.6056504
2011-10-02 12:00:00,5.127595
2011-10-03 12:00:00,5.766036
2011-10-04 12:00:00,6.1059737
2011-10-05 12:00:00,4.1974545
2011-10-06 12:00:00,4.596343
2011-10-07 12:00:00,6.130611
2011-10-08 12:00:00,5.840468
2011-10-09 12:00:00,5.152146
2011-10-10 12:00:00,4.946935
2011-10-11 12:00:00,4.610925
2011-10-12 12:00:00,3.8306046
2011-10-13 12:00:00,3.5254176
2011-10-14 12:00:00,3.153231
2011-10-15 12:00:00,2.7703936
2011-10-16 12:00:00,2.7727308
2011-10-17 12:00:00,3.2257876
2011-10-18 12:00:00,2.6864173
2011-10-19 12:00:00,2.556061
2011-10-20 12:00:00,2.2917666
2011-10-21 12:00:00,2.8640447
2011-10-22 12:00:00,2.193423
2011-10-23 12:00:00,2.8940206
2011-10-24 12:00:00,2.7915914
2011-10-25 12:00:00,3.036093
2011-10-26 12:00:00,3.155596
2011-10-27 12:00:00,3.514068
2011-10-28 12:00:00,3.756411
2011-10-29 12:00:00,3.4857402
2011-10-30 12:00:00,4.545966
2011-10-31 12:00:00,4.7177496
2011-11-01 12:00:00,5.3142953
2011-11-02 12:00:00,4.1952586
2011-11-03 12:00:00,3.159004
2011-11-04 12:00:00,2.9498649
2011-11-05 12:00:00,1.9279594
2011-11-06 12:00:00,2.524248
2011-11-07 12:00:00,3.2416515
2011-11-08 12:00:00,3.900506
2011-11-09 12:00:00,3.703237
2011-11-10 12:00:00,3.5760407
2011-11-11 12:00:00,3.7398946
2011-11-12 12:00:00,2.4048324
2011-11-13 12:00:00,1.9723732
2011-11-14 12:00:00,2.2324355
2011-11-15 12:00:00,2.640726
2011-11-16 12:00:00,1.9266031
2011-11-17 12:00:00,2.8855329
2011-11-18 12:00:00,2.9077544
2011-11-19 12:00:00,3.2397993
2011-11-20 12:00:00,3.6152315
2011-11-21 12:00:00,3.9813714
2011-11-22 12:00:00,5.2631116
2011-11-23 12:00:00,5.1843667
2011-11-24 12:00:00,4.315082
2011-11-25 12:00:00,5.7115383
2011-11-26 12:00:00,4.665876
2011-11-27 12:00:00,5.0590878
2011-11-28 12:00:00,4.6319704
2011-11-29 12:00:00,4.983086
2011-11-30 12:00:00,5.467947
2011-12-01 12:00:00,4.600924
2011-12-02 12:00:00,3.6904552
2011-12-03 12:00:00,3.3251178
2011-12-04 12:00:00,2.9681256
2011-12-05 12:00:00,2.965774
2011-12-06 12:00:00,3.285659
2011-12-07 12:00:00,3.7879424
2011-12-08 12:00:00,2.6592064
2011-12-09 12:00:00,3.3462458
2011-12-10 12:00:00,3.5730858
2011-12-11 12:00:00,3.1448483
2011-12-12 12:00:00,2.8522382
2011-12-13 12:00:00,3.2034075
2011-12-14 12:00:00,3.92651
2011-12-15 12:00:00,4.3669844
2011-12-16 12:00:00,4.5020547
2011-12-17 12:00:00,4.631349
2011-12-18 12:00:00,4.649474
2011-12-19 12:00:00,4.358644
2011-12-20 12:00:00,4.7174344
2011-12-21 12:00:00,4.984183
2011-12-22 12:00:00,5.8228974
2011-12-23 12:00:00,7.061746
2011-12-24 12:00:00,7.384949
2011-12-25 12:00:00,7.3812475
2011-12-26 12:00:00,6.9538097
2011-12-27 12:00:00,6.110421
2011-12-28 12:00:00,4.373728
2011-12-29 12:00:00,4.0826335
2011-12-30 12:00:00,3.304623
2011-12-31 12:00:00,3.3469574
2012-01-01 12:00:00,2.362489
2012-01-02 12:00:00,2.558934
2012-01-03 12:00:00,2.7008262
2012-01-04 12:00:00,2.6162598
2012-01-05 12:00:00,2.5520644
2012-01-06 12:00:00,2.721488
2012-01-07 12:00:00,4.142114
2012-01-08 12:00:00,5.2090087
2012-01-09 12:00:00,5.3673453
2012-01-10 12:00:00,3.265695
2012-01-11 12:00:00,4.4066825
2012-01-12 12:00:00,5.2067447
2012-01-13 12:00:00,5.5352707
2012-01-14 12:00:00,5.869232
2012-01-15 12:00:00,4.94794
2012-01-16 12:00:00,4.716491
2012-01-17 12:00:00,4.344463
2012-01-18 12:00:00,3.4829066
2012-01-19 12:00:00,2.8211634
2012-01-20 12:00:00,3.4623785
2012-01-21 12:00:00,4.636754
2012-01-22 12:00:00,4.8161907
2012-01-23 12:00:00,3.9958723
2012-01-24 12:00:00,4.052154
2012-01-25 12:00:00,4.745804
2012-01-26 12:00:00,4.9827476
2012-01-27 12:00:00,4.682129
2012-01-28 12:00:00,5.1089997
2012-01-29 12:00:00,4.7691793
2012-01-30 12:00:00,5.090655
2012-01-31 12:00:00,4.9776754
2012-02-01 12:00:00,4.4434195
2012-02-02 12:00:00,4.164002
2012-02-03 12:00:00,4.2302036
2012-02-04 12:00:00,3.5454535
2012-02-05 12:00:00,3.9254766
2012-02-06 12:00:00,4.052251
2012-02-07 12:00:00,3.440916
2012-02-08 12:00:00,3.056006
2012-02-09 12:00:00,3.083706
2012-02-10 12:00:00,4.411487
2012-02-11 12:00:00,4.503501
2012-02-12 12:00:00,4.4232435
2012-02-13 12:00:00,3.4367082
2012-02-14 12:00:00,2.9596715
2012-02-15 12:00:00,3.8764474
2012-02-16 12:00:00,3.5484438
2012-02-17 12:00:00,2.9079013
2012-02-18 12:00:00,3.1566308
2012-02-19 12:00:00,4.3648896
2012-02-20 12:00:00,3.6592224
2012-02-21 12:00:00,4.193197
2012-02-22 12:00:00,4.3513865
2012-02-23 12:00:00,4.1833677
2012-02-24 12:00:00,4.2991123
2012-02-25 12:00:00,3.318817
2012-02-26 12:00:00,3.4719315
2012-02-27 12:00:00,2.5216258
2012-02-28 12:00:00,2.9778013
2012-02-29 12:00:00,3.0000463
2012-03-01 12:00:00,2.904649
2012-03-02 12:00:00,2.5864654
2012-03-03 12:00:00,2.7341957
2012-03-04 12:00:00,3.0395339
2012-03-05 12:00:00,3.9903483
2012-03-06 12:00:00,5.6998634
2012-03-07 12:00:00,3.8638294
2012-03-08 12:00:00,4.950208
2012-03-09 12:00:00,4.209691
2012-03-10 12:00:00,2.8887842
2012-03-11 12:00:00,2.3005028
2012-03-12 12:00:00,2.545828
2012-03-13 12:00:00,2.7147515
2012-03-14 12:00:00,2.5934582
2012-03-15 12:00:00,3.0295734
2012-03-16 12:00:00,3.2340415
2012-03-17 12:00:00,3.455746
2012-03-18 12:00:00,2.5945296
2012-03-19 12:00:00,2.5057192
2012-03-20 12:00:00,2.3438187
2012-03-21 12:00:00,2.7949972
2012-03-22 12:00:00,2.767222
2012-03-23 12:00:00,2.674316
2012-03-24 12:00:00,2.9481144
2012-03-25 12:00:00,2.7022886
2012-03-26 12:00:00,2.5999963
2012-03-27 12:00:00,2.1471198
2012-03-28 12:00:00,2.5367405
2012-03-29 12:00:00,2.4727247
2012-03-30 12:00:00,3.9540892
2012-03-31 12:00:00,2.963145
2012-04-01 12:00:00,2.516691
2012-04-02 12:00:00,2.8164508
2012-04-03 12:00:00,2.71157
2012-04-04 12:00:00,3.144077
2012-04-05 12:00:00,2.6097584
2012-04-06 12:00:00,1.4775587
2012-04-07 12:00:00,1.646729
2012-04-08 12:00:00,2.0827136
2012-04-09 12:00:00,2.667464
2012-04-10 12:00:00,3.0066478
2012-04-11 12:00:00,2.2246163
2012-04-12 12:00:00,2.2551448
2012-04-13 12:00:00,2.1638534
2012-04-14 12:00:00,2.2737381
2012-04-15 12:00:00,3.164722
2012-04-16 12:00:00,3.627795
2012-04-17 12:00:00,3.434962
2012-04-18 12:00:00,4.488683
2012-04-19 12:00:00,4.130277
2012-04-20 12:00:00,4.553205
2012-04-21 12:00:00,3.669786
2012-04-22 12:00:00,3.8663154
2012-04-23 12:00:00,4.5635486
2012-04-24 12:00:00,4.319718
2012-04-25 12:00:00,4.446345
2012-04-26 12:00:00,3.891113
2012-04-27 12:00:00,4.6916847
2012-04-28 12:00:00,4.854203
2012-04-29 12:00:00,4.1815844
2012-04-30 12:00:00,4.0960617
2012-05-01 12:00:00,4.619163
2012-05-02 12:00:00,4.4335237
2012-05-03 12:00:00,5.0757775
2012-05-04 12:00:00,5.1875916
2012-05-05 12:00:00,4.5813565
2012-05-06 12:00:00,5.5157623
2012-05-07 12:00:00,4.940649
2012-05-08 12:00:00,4.9445314
2012-05-09 12:00:00,3.8188825
2012-05-10 12:00:00,4.4291797
2012-05-11 12:00:00,4.8856397
2012-05-12 12:00:00,4.9888616
2012-05-13 12:00:00,4.3810053
2012-05-14 12:00:00,4.4906054
2012-05-15 12:00:00,4.934108
2012-05-16 12:00:00,5.105879
2012-05-17 12:00:00,4.6088305
2012-05-18 12:00:00,4.35777
2012-05-19 12:00:00,4.5634403
2012-05-20 12:00:00,5.779638
2012-05-21 12:00:00,7.16349
2012-05-22 12:00:00,6.702162
2012-05-23 12:00:00,6.477681
2012-05-24 12:00:00,6.857021
2012-05-25 12:00:00,6.848083
2012-05-26 12:00:00,7.465921
2012-05-27 12:00:00,7.074521
2012-05-28 12:00:00,8.205164
2012-05-29 12:00:00,7.822846
2012-05-30 12:00:00,8.485069
2012-05-31 12:00:00,8.049136
2012-06-01 12:00:00,7.3092265
2012-06-02 12:00:00,6.8869147
2012-06-03 12:00:00,7.3450727
2012-06-04 12:00:00,7.888524
2012-06-05 12:00:00,8.223529
2012-06-06 12:00:00,7.6797204
2012-06-07 12:00:00,6.872539
2012-06-08 12:00:00,7.2519164
2012-06-09 12:00:00,7.6424866
2012-06-10 12:00:00,6.989961
2012-06-11 12:00:00,6.775539
2012-06-12 12:00:00,6.3877726
2012-06-13 12:00:00,5.0111504
2012-06-14 12:00:00,4.2669287
2012-06-15 12:00:00,4.0231314
2012-06-16 12:00:00,5.613696
2012-06-17 12:00:00,5.896257
2012-06-18 12:00:00,4.8347726
2012-06-19 12:00:00,6.3051524
2012-06-20 12:00:00,6.203365
2012-06-21 12:00:00,4.648432
2012-06-22 12:00:00,3.9312007
2012-06-23 12:00:00,4.5873985
2012-06-24 12:00:00,5.436424
2012-06-25 12:00:00,3.9088864
2012-06-26 12:00:00,4.0498915
2012-06-27 12:00:00,5.0329447
2012-06-28 12:00:00,4.517954
2012-06-29 12:00:00,5.901025
2012-06-30 12:00:00,6.556192
2012-07-01 12:00:00,6.556932
2012-07-02 12:00:00,5.38285
2012-07-03 12:00:00,6.326164
2012-07-04 12:00:00,5.931552
2012-07-05 12:00:00,5.723474
2012-07-06 12:00:00,6.5431166
2012-07-07 12:00:00,6.5546365
2012-07-08 12:00:00,7.021748
2012-07-09 12:00:00,6.900897
2012-07-10 12:00:00,6.529751
2012-07-11 12:00:00,4.9132476
2012-07-12 12:00:00,5.311307
2012-07-13 12:00:00,5.5186257
2012-07-14 12:00:00,5.4838233
2012-07-15 12:00:00,5.0158796
2012-07-16 12:00:00,5.324442
2012-07-17 12:00:00,5.3684115
2012-07-18 12:00:00,5.524344
2012-07-19 12:00:00,6.081997
2012-07-20 12:00:00,5.995357
2012-07-21 12:00:00,5.7157316
2012-07-22 12:00:00,6.1162066
2012-07-23 12:00:00,6.9395285
2012-07-24 12:00:00,6.2639985
2012-07-25 12:00:00,5.834941
2012-07-26 12:00:00,5.9698963
2012-07-27 12:00:00,5.3529577
2012-07-28 12:00:00,5.711466
2012-07-29 12:00:00,5.4473
2012-07-30 12:00:00,5.6729083
2012-07-31 12:00:00,5.4206557
2012-08-01 12:00:00,5.509689
2012-08-02 12:00:00,5.8052588
2012-08-03 12:00:00,5.909405
2012-08-04 12:00:00,5.274595
2012-08-05 12:00:00,5.5520554
2012-08-06 12:00:00,5.5726037
2012-08-07 12:00:00,4.1087976
2012-08-08 12:00:00,3.22696
2012-08-09 12:00:00,4.1318474
2012-08-10 12:00:00,4.740436
2012-08-11 12:00:00,4.3810344
2012-08-12 12:00:00,3.4461691
2012-08-13 12:00:00,3.686061
2012-08-14 12:00:00,3.8843718
2012-08-15 12:00:00,5.0684648
2012-08-16 12:00:00,5.646576
2012-08-17 12:00:00,5.65405
2012-08-18 12:00:00,5.7390943
2012-08-19 12:00:00,6.260103
2012-08-20 12:00:00,6.179985
2012-08-21 12:00:00,4.286539
2012-08-22 12:00:00,4.512591
2012-08-23 12:00:00,5.5377173
2012-08-24 12:00:00,4.9509664
2012-08-25 12:00:00,5.3404903
2012-08-26 12:00:00,6.45734
2012-08-27 12:00:00,6.462435
2012-08-28 12:00:00,5.740379
2012-08-29 12:00:00,6.1045856
2012-08-30 12:00:00,5.277259
2012-08-31 12:00:00,4.636824
2012-09-01 12:00:00,4.7471695
2012-09-02 12:00:00,5.1189294
2012-09-03 12:00:00,6.070844
2012-09-04 12:00:00,5.577269
2012-09-05 12:00:00,4.9281464
2012-09-06 12:00:00,5.2531238
2012-09-07 12:00:00,4.581799
2012-09-08 12:00:00,5.1697636
2012-09-09 12:00:00,4.538929
2012-09-10 12:00:00,5.254225
2012-09-11 12:00:00,4.9551315
2012-09-12 12:00:00,5.182112
2012-09-13 12:00:00,4.6763783
2012-09-14 12:00:00,5.3979836
2012-09-15 12:00:00,5.6694756
2012-09-16 12:00:00,4.8192396
2012-09-17 12:00:00,4.9781175
2012-09-18 12:00:00,5.4647546
2012-09-19 12:00:00,4.654622
2012-09-20 12:00:00,4.1644974
2012-09-21 12:00:00,3.5493827
2012-09-22 12:00:00,3.5997286
2012-09-23 12:00:00,4.304896
2012-09-24 12:00:00,5.361084
2012-09-25 12:00:00,6.013067
2012-09-26 12:00:00,6.3457694
2012-09-27 12:00:00,6.0976706
2012-09-28 12:00:00,5.7904873
2012-09-29 12:00:00,5.898933
2012-09-30 12:00:00,5.272444
2012-10-01 12:00:00,4.041385
2012-10-02 12:00:00,3.822433
2012-10-03 12:00:00,3.5916054
2012-10-04 12:00:00,3.4846556
2012-10-05 12:00:00,3.207631
2012-10-06 12:00:00,3.231648
2012-10-07 12:00:00,3.781863
2012-10-08 12:00:00,3.7766767
2012-10-09 12:00:00,4.1951647
2012-10-10 12:00:00,3.4615989
2012-10-11 12:00:00,2.8861108
2012-10-12 12:00:00,3.6355522
2012-10-13 12:00:00,3.3100786
2012-10-14 12:00:00,3.4274457
2012-10-15 12:00:00,3.1227543
2012-10-16 12:00:00,3.2855034
2012-10-17 12:00:00,3.801056
2012-10-18 12:00:00,3.1789012
2012-10-19 12:00:00,2.8007758
2012-10-20 12:00:00,3.1949246
2012-10-21 12:00:00,3.4314857
2012-10-22 12:00:00,2.6226687
2012-10-23 12:00:00,2.9372551
2012-10-24 12:00:00,3.0230687
2012-10-25 12:00:00,3.5365365
2012-10-26 12:00:00,3.672141
2012-10-27 12:00:00,3.6557472
2012-10-28 12:00:00,4.5211787
2012-10-29 12:00:00,6.030726
2012-10-30 12:00:00,5.58347
2012-10-31 12:00:00,4.5513477
2012-11-01 12:00:00,3.7203257
2012-11-02 12:00:00,3.5054708
2012-11-03 12:00:00,3.3574657
2012-11-04 12:00:00,2.670926
2012-11-05 12:00:00,2.2058356
2012-11-06 12:00:00,2.2957566
2012-11-07 12:00:00,3.1707191
2012-11-08 12:00:00,3.8652482
2012-11-09 12:00:00,4.125931
2012-11-10 12:00:00,3.6098254
2012-11-11 12:00:00,4.485753
2012-11-12 12:00:00,4.558107
2012-11-13 12:00:00,5.173926
2012-11-14 12:00:00,5.1479664
2012-11-15 12:00:00,4.8333306
2012-11-16 12:00:00,4.9593086
2012-11-17 12:00:00,3.6051917
2012-11-18 12:00:00,3.0397303
2012-11-19 12:00:00,2.5497997
2012-11-20 12:00:00,2.2050824
2012-11-21 12:00:00,1.9586446
2012-11-22 12:00:00,1.9456474
2012-11-23 12:00:00,1.9370909
2012-11-24 12:00:00,2.6806526
2012-11-25 12:00:00,2.6648464
2012-11-26 12:00:00,2.975849
2012-11-27 12:00:00,4.0988283
2012-11-28 12:00:00,4.5104184
2012-11-29 12:00:00,5.2956095
2012-11-30 12:00:00,6.327835
2012-12-01 12:00:00,3.8192267
2012-12-02 12:00:00,2.8616319
2012-12-03 12:00:00,2.1010232
2012-12-04 12:00:00,2.3160453
2012-12-05 12:00:00,4.134225
2012-12-06 12:00:00,3.3033605
2012-12-07 12:00:00,3.3874462
2012-12-08 12:00:00,2.8964286
2012-12-09 12:00:00,2.8081632
2012-12-10 12:00:00,2.8358905
2012-12-11 12:00:00,2.91059
2012-12-12 12:00:00,3.871351
2012-12-13 12:00:00,4.0524807
2012-12-14 12:00:00,5.0344844
2012-12-15 12:00:00,3.981521
2012-12-16 12:00:00,4.5955048
2012-12-17 12:00:00,4.493379
2012-12-18 12:00:00,3.661003
2012-12-19 12:00:00,3.9119081
2012-12-20 12:00:00,4.4865417
2012-12-21 12:00:00,3.8962083
2012-12-22 12:00:00,3.7330341
2012-12-23 12:00:00,3.993689
2012-12-24 12:00:00,3.5675213
2012-12-25 12:00:00,3.5292056
2012-12-26 12:00:00,3.833545
2012-12-27 12:00:00,5.659693
2012-12-28 12:00:00,5.0352755
2012-12-29 12:00:00,4.512535
2012-12-30 12:00:00,4.361104
2012-12-31 12:00:00,5.377927
2013-01-01 12:00:00,5.3161616
2013-01-02 12:00:00,5.8985715
2013-01-03 12:00:00,6.1747103
2013-01-04 12:00:00,6.2160625
2013-01-05 12:00:00,5.352781
2013-01-06 12:00:00,4.8246694
2013-01-07 12:00:00,4.125808
2013-01-08 12:00:00,3.761222
2013-01-09 12:00:00,3.1099253
2013-01-10 12:00:00,3.1025262
2013-01-11 12:00:00,3.8484318
2013-01-12 12:00:00,4.178734
2013-01-13 12:00:00,4.8482285
2013-01-14 12:00:00,4.4832153
2013-01-15 12:00:00,4.7148705
2013-01-16 12:00:00,5.2401443
2013-01-17 12:00:00,5.5137105
2013-01-18 12:00:00,5.2601705
2013-01-19 12:00:00,4.66977
2013-01-20 12:00:00,4.1900306
2013-01-21 12:00:00,4.8782954
2013-01-22 12:00:00,4.221645
2013-01-23 12:00:00,3.7741559
2013-01-24 12:00:00,3.638416
2013-01-25 12:00:00,4.34881
2013-01-26 12:00:00,4.143318
2013-01-27 12:00:00,4.7753596
2013-01-28 12:00:00,4.620284
2013-01-29 12:00:00,4.786971
2013-01-30 12:00:00,5.1157274
2013-01-31 12:00:00,4.8440146
2013-02-01 12:00:00,5.1102767
2013-02-02 12:00:00,5.2356367
2013-02-03 12:00:00,5.304226
2013-02-04 12:00:00,4.5590916
2013-02-05 12:00:00,4.6597805
2013-02-06 12:00:00,3.8678133
2013-02-07 12:00:00,4.3605065
2013-02-08 12:00:00,3.2049723
2013-02-09 12:00:00,4.354999
2013-02-10 12:00:00,4.99587
2013-02-11 12:00:00,5.324482
2013-02-12 12:00:00,4.990487
2013-02-13 12:00:00,4.2886286
2013-02-14 12:00:00,3.5395806
2013-02-15 12:00:00,4.585799
2013-02-16 12:00:00,2.7813475
2013-02-17 12:00:00,2.3593447
2013-02-18 12:00:00,3.2520266
2013-02-19 12:00:00,3.6912038
2013-02-20 12:00:00,4.0143147
2013-02-21 12:00:00,4.2558727
2013-02-22 12:00:00,5.822317
2013-02-23 12:00:00,4.840211
2013-02-24 12:00:00,5.485827
2013-02-25 12:00:00,5.4822598
2013-02-26 12:00:00,5.185918
2013-02-27 12:00:00,4.6971035
2013-02-28 12:00:00,3.8870301
2013-03-01 12:00:00,3.334493
2013-03-02 12:00:00,3.184859
2013-03-03 12:00:00,4.167587
2013-03-04 12:00:00,3.3952615
2013-03-05 12:00:00,4.427154
2013-03-06 12:00:00,3.4650824
2013-03-07 12:00:00,3.857091
2013-03-08 12:00:00,2.8572228
2013-03-09 12:00:00,3.1194637
2013-03-10 12:00:00,3.0558722
2013-03-11 12:00:00,2.2194417
2013-03-12 12:00:00,1.7493316
2013-03-13 12:00:00,2.0907717
2013-03-14 12:00:00,2.7985637
2013-03-15 12:00:00,3.4441106
2013-03-16 12:00:00,3.5460432
2013-03-17 12:00:00,2.6239479
2013-03-18 12:00:00,2.4371207
2013-03-19 12:00:00,2.6233358
2013-03-20 12:00:00,2.9416897
2013-03-21 12:00:00,2.6593482
2013-03-22 12:00:00,2.50102
2013-03-23 12:00:00,2.0002265
2013-03-24 12:00:00,2.3049085
2013-03-25 12:00:00,2.7980971
2013-03-26 12:00:00,2.424454
2013-03-27 12:00:00,2.4933493
2013-03-28 12:00:00,2.9001424
2013-03-29 12:00:00,3.4979029
2013-03-30 12:00:00,2.8623025
2013-03-31 12:00:00,2.3518085
2013-04-01 12:00:00,3.2002563
2013-04-02 12:00:00,3.5932636
2013-04-03 12:00:00,2.8502908
2013-04-04 12:00:00,4.2112765
2013-04-05 12:00:00,5.5526347
2013-04-06 12:00:00,3.3685167
2013-04-07 12:00:00,2.8947387
2013-04-08 12:00:00,2.956705
2013-04-09 12:00:00,3.3965619
2013-04-10 12:00:00,4.5515575
2013-04-11 12:00:00,3.9064496
2013-04-12 12:00:00,3.411409
2013-04-13 12:00:00,2.8379917
2013-04-14 12:00:00,3.3212252
2013-04-15 12:00:00,3.899003
2013-04-16 12:00:00,5.2491693
2013-04-17 12:00:00,3.648274
2013-04-18 12:00:00,3.6470425
2013-04-19 12:00:00,2.8019426
2013-04-20 12:00:00,3.00803
2013-04-21 12:00:00,2.4291453
2013-04-22 12:00:00,1.6829127
2013-04-23 12:00:00,1.9990767
2013-04-24 12:00:00,1.6990438
2013-04-25 12:00:00,1.6000259
2013-04-26 12:00:00,2.0876868
2013-04-27 12:00:00,2.4575193
2013-04-28 12:00:00,2.6886547
2013-04-29 12:00:00,3.5919232
2013-04-30 12:00:00,3.173465
2013-05-01 12:00:00,4.1650095
2013-05-02 12:00:00,4.5694556
2013-05-03 12:00:00,4.657064
2013-05-04 12:00:00,4.5486712
2013-05-05 12:00:00,5.766237
2013-05-06 12:00:00,5.653619
2013-05-07 12:00:00,5.934263
2013-05-08 12:00:00,6.541908
2013-05-09 12:00:00,7.3095865
2013-05-10 12:00:00,7.5057697
2013-05-11 12:00:00,8.098704
2013-05-12 12:00:00,7.384553
2013-05-13 12:00:00,7.242215
2013-05-14 12:00:00,6.959995
2013-05-15 12:00:00,6.2526693
2013-05-16 12:00:00,5.6794844
2013-05-17 12:00:00,4.6473546
2013-05-18 12:00:00,5.1589894
2013-05-19 12:00:00,5.617555
2013-05-20 12:00:00,5.576956
2013-05-21 12:00:00,5.5361767
2013-05-22 12:00:00,6.079525
2013-05-23 12:00:00,6.9289804
2013-05-24 12:00:00,6.3498936
2013-05-25 12:00:00,6.418844
2013-05-26 12:00:00,6.2959166
2013-05-27 12:00:00,5.4702945
2013-05-28 12:00:00,4.9167266
2013-05-29 12:00:00,5.599571
2013-05-30 12:00:00,5.781578
2013-05-31 12:00:00,4.3911586
2013-06-01 12:00:00,5.5159082
2013-06-02 12:00:00,7.1897864
2013-06-03 12:00:00,7.5822854
2013-06-04 12:00:00,6.7626176
2013-06-05 12:00:00,5.611543
2013-06-06 12:00:00,5.2883606
2013-06-07 12:00:00,5.9182763
2013-06-08 12:00:00,8.346902
2013-06-09 12:00:00,8.210775
2013-06-10 12:00:00,8.075486
2013-06-11 12:00:00,8.120363
2013-06-12 12:00:00,8.170876
2013-06-13 12:00:00,7.2921944
2013-06-14 12:00:00,7.203841
2013-06-15 12:00:00,7.657215
2013-06-16 12:00:00,6.7890997
2013-06-17 12:00:00,6.8819804
2013-06-18 12:00:00,7.0767946
2013-06-19 12:00:00,6.9690523
2013-06-20 12:00:00,6.815495
2013-06-21 12:00:00,6.6000586
2013-06-22 12:00:00,7.036077
2013-06-23 12:00:00,7.2881227
2013-06-24 12:00:00,6.0911493
2013-06-25 12:00:00,5.125096
2013-06-26 12:00:00,4.7783804
2013-06-27 12:00:00,4.738045
2013-06-28 12:00:00,4.009324
2013-06-29 12:00:00,4.0342913
2013-06-30 12:00:00,5.20574
2013-07-01 12:00:00,6.4823246
2013-07-02 12:00:00,6.997987
2013-07-03 12:00:00,7.929049
2013-07-04 12:00:00,6.223996
2013-07-05 12:00:00,5.3641386
2013-07-06 12:00:00,6.6384153
2013-07-07 12:00:00,7.2517476
2013-07-08 12:00:00,5.8838143
2013-07-09 12:00:00,5.314298
2013-07-10 12:00:00,5.2076
2013-07-11 12:00:00,4.905183
2013-07-12 12:00:00,5.5174093
2013-07-13 12:00:00,5.5726814
2013-07-14 12:00:00,6.487646
2013-07-15 12:00:00,6.578789
2013-07-16 12:00:00,6.3246884
2013-07-17 12:00:00,5.674393
2013-07-18 12:00:00,5.7794547
2013-07-19 12:00:00,5.7172303
2013-07-20 12:00:00,4.967609
2013-07-21 12:00:00,5.640488
2013-07-22 12:00:00,5.818702
2013-07-23 12:00:00,5.7479076
2013-07-24 12:00:00,4.9180713
2013-07-25 12:00:00,4.937698
2013-07-26 12:00:00,4.33837
2013-07-27 12:00:00,4.2123647
2013-07-28 12:00:00,4.588241
2013-07-29 12:00:00,6.0782323
2013-07-30 12:00:00,7.656773
2013-07-31 12:00:00,6.50643
2013-08-01 12:00:00,5.6322384
2013-08-02 12:00:00,5.3539176
2013-08-03 12:00:00,6.3340526
2013-08-04 12:00:00,6.612001
2013-08-05 12:00:00,7.456519
2013-08-06 12:00:00,6.6681166
2013-08-07 12:00:00,7.0291076
2013-08-08 12:00:00,7.22575
2013-08-09 12:00:00,6.9557424
2013-08-10 12:00:00,6.873445
2013-08-11 12:00:00,6.6781664
2013-08-12 12:00:00,6.93782
2013-08-13 12:00:00,6.3412795
2013-08-14 12:00:00,5.436438
2013-08-15 12:00:00,5.648389
2013-08-16 12:00:00,5.0908637
2013-08-17 12:00:00,5.3372464
2013-08-18 12:00:00,5.4554644
2013-08-19 12:00:00,4.948467
2013-08-20 12:00:00,4.4057016
2013-08-21 12:00:00,5.2135715
2013-08-22 12:00:00,4.7306275
2013-08-23 12:00:00,4.9204316
2013-08-24 12:00:00,4.8514733
2013-08-25 12:00:00,4.6153812
2013-08-26 12:00:00,5.7602825
2013-08-27 12:00:00,5.1542773
2013-08-28 12:00:00,5.4001784
2013-08-29 12:00:00,4.5931435
2013-08-30 12:00:00,5.2282553
2013-08-31 12:00:00,4.7659683
2013-09-01 12:00:00,4.6085153
2013-09-02 12:00:00,5.302738
2013-09-03 12:00:00,5.233472
2013-09-04 12:00:00,4.5628586
2013-09-05 12:00:00,5.8060493
2013-09-06 12:00:00,5.173606
2013-09-07 12:00:00,5.5432506
2013-09-08 12:00:00,6.1696787
2013-09-09 12:00:00,7.379032
2013-09-10 12:00:00,7.8604813
2013-09-11 12:00:00,7.323979
2013-09-12 12:00:00,5.917255
2013-09-13 12:00:00,4.873306
2013-09-14 12:00:00,5.307638
2013-09-15 12:00:00,6.0234222
2013-09-16 12:00:00,5.888739
2013-09-17 12:00:00,5.66528
2013-09-18 12:00:00,5.1531405
2013-09-19 12:00:00,5.8237066
2013-09-20 12:00:00,5.9773045
2013-09-21 12:00:00,5.52915
2013-09-22 12:00:00,5.2697687
2013-09-23 12:00:00,5.2510037
2013-09-24 12:00:00,5.5531626
2013-09-25 12:00:00,4.762249
2013-09-26 12:00:00,4.404186
2013-09-27 12:00:00,4.931856
2013-09-28 12:00:00,6.9029517
2013-09-29 12:00:00,6.130118
2013-09-30 12:00:00,5.649666
2013-10-01 12:00:00,5.6063356
2013-10-02 12:00:00,5.3957906
2013-10-03 12:00:00,5.0170712
2013-10-04 12:00:00,4.2813554
2013-10-05 12:00:00,4.024788
2013-10-06 12:00:00,5.17194
2013-10-07 12:00:00,5.562459
2013-10-08 12:00:00,6.299615
2013-10-09 12:00:00,6.132453
2013-10-10 12:00:00,5.656258
2013-10-11 12:00:00,5.8418584
2013-10-12 12:00:00,5.536218
2013-10-13 12:00:00,4.4842687
2013-10-14 12:00:00,4.0672007
2013-10-15 12:00:00,4.8859134
2013-10-16 12:00:00,5.3918586
2013-10-17 12:00:00,7.0718555
2013-10-18 12:00:00,6.389497
2013-10-19 12:00:00,6.8271646
2013-10-20 12:00:00,6.4789014
2013-10-21 12:00:00,5.767901
2013-10-22 12:00:00,4.3860993
2013-10-23 12:00:00,3.132816
2013-10-24 12:00:00,3.2225566
2013-10-25 12:00:00,3.4235425
2013-10-26 12:00:00,3.2688642
2013-10-27 12:00:00,3.692304
2013-10-28 12:00:00,3.27528
2013-10-29 12:00:00,3.6113095
2013-10-30 12:00:00,2.8059123
2013-10-31 12:00:00,3.222098
2013-11-01 12:00:00,3.2126224
2013-11-02 12:00:00,3.1262484
2013-11-03 12:00:00,3.3168366
2013-11-04 12:00:00,3.2478595
2013-11-05 12:00:00,3.4440644
2013-11-06 12:00:00,3.6782773
2013-11-07 12:00:00,3.338347
2013-11-08 12:00:00,2.8724988
2013-11-09 12:00:00,3.5445302
2013-11-10 12:00:00,3.5526109
2013-11-11 12:00:00,3.459134
2013-11-12 12:00:00,4.548791
2013-11-13 12:00:00,5.3053026
2013-11-14 12:00:00,4.200782
2013-11-15 12:00:00,3.584941
2013-11-16 12:00:00,2.9510298
2013-11-17 12:00:00,2.3641038
2013-11-18 12:00:00,2.4735494
2013-11-19 12:00:00,2.182387
2013-11-20 12:00:00,3.203862
2013-11-21 12:00:00,2.4450238
2013-11-22 12:00:00,2.1714625
2013-11-23 12:00:00,3.269863
2013-11-24 12:00:00,3.7187948
2013-11-25 12:00:00,4.1202455
2013-11-26 12:00:00,4.713934
2013-11-27 12:00:00,3.5077643
2013-11-28 12:00:00,3.5962167
2013-11-29 12:00:00,4.7642913
2013-11-30 12:00:00,5.271958
2013-12-01 12:00:00,5.5307803
2013-12-02 12:00:00,5.467643
2013-12-03 12:00:00,5.478487
2013-12-04 12:00:00,4.919088
2013-12-05 12:00:00,5.1400666
2013-12-06 12:00:00,5.3580475
2013-12-07 12:00:00,4.5272026
2013-12-08 12:00:00,5.908023
2013-12-09 12:00:00,4.557736
2013-12-10 12:00:00,4.45784
2013-12-11 12:00:00,3.5300732
2013-12-12 12:00:00,2.6085105
2013-12-13 12:00:00,3.2159295
2013-12-14 12:00:00,3.4032187
2013-12-15 12:00:00,3.8389223
2013-12-16 12:00:00,4.7870793
2013-12-17 12:00:00,4.682728
2013-12-18 12:00:00,3.9894423
2013-12-19 12:00:00,4.135851
2013-12-20 12:00:00,3.663187
2013-12-21 12:00:00,4.0656085
2013-12-22 12:00:00,5.1747684
2013-12-23 12:00:00,3.8936274
2013-12-24 12:00:00,4.6031537
2013-12-25 12:00:00,5.4609118
2013-12-26 12:00:00,5.6389246
2013-12-27 12:00:00,4.786111
2013-12-28 12:00:00,5.3209352
2013-12-29 12:00:00,4.790794
2013-12-30 12:00:00,4.9535694
2013-12-31 12:00:00,5.000699
2014-01-01 12:00:00,5.12652
2014-01-02 12:00:00,4.572462
2014-01-03 12:00:00,4.2374105
2014-01-04 12:00:00,3.2124527
2014-01-05 12:00:00,2.9708087
2014-01-06 12:00:00,3.5740583
2014-01-07 12:00:00,3.0549638
2014-01-08 12:00:00,5.0580173
2014-01-09 12:00:00,5.112094
2014-01-10 12:00:00,5.2900667
2014-01-11 12:00:00,3.6505215
2014-01-12 12:00:00,3.8345098
2014-01-13 12:00:00,3.738282
2014-01-14 12:00:00,3.8668861
2014-01-15 12:00:00,3.4186213
2014-01-16 12:00:00,4.8728166
2014-01-17 12:00:00,6.0387096
2014-01-18 12:00:00,5.8357716
2014-01-19 12:00:00,5.1718554
2014-01-20 12:00:00,5.5760717
2014-01-21 12:00:00,6.3091273
2014-01-22 12:00:00,5.4194975
2014-01-23 12:00:00,5.247059
2014-01-24 12:00:00,5.866294
2014-01-25 12:00:00,4.6014886
2014-01-26 12:00:00,4.244165
2014-01-27 12:00:00,4.5229697
2014-01-28 12:00:00,4.22586
2014-01-29 12:00:00,5.0836496
2014-01-30 12:00:00,5.2704983
2014-01-31 12:00:00,5.445435
2014-02-01 12:00:00,4.712952
2014-02-02 12:00:00,5.4634557
2014-02-03 12:00:00,4.9492025
2014-02-04 12:00:00,5.256477
2014-02-05 12:00:00,5.2837744
2014-02-06 12:00:00,5.6645494
2014-02-07 12:00:00,4.6403522
2014-02-08 12:00:00,3.482959
2014-02-09 12:00:00,3.8706942
2014-02-10 12:00:00,2.8602302
2014-02-11 12:00:00,2.5590537
2014-02-12 12:00:00,3.4567645
2014-02-13 12:00:00,4.024173
2014-02-14 12:00:00,3.66682
2014-02-15 12:00:00,2.6327891
2014-02-16 12:00:00,2.1593602
2014-02-17 12:00:00,2.7891865
2014-02-18 12:00:00,3.3654726
2014-02-19 12:00:00,3.383118
2014-02-20 12:00:00,3.0540571
2014-02-21 12:00:00,3.87134
2014-02-22 12:00:00,4.906414
2014-02-23 12:00:00,4.651383
2014-02-24 12:00:00,4.968133
2014-02-25 12:00:00,5.390758
2014-02-26 12:00:00,5.2279625
2014-02-27 12:00:00,5.021974
2014-02-28 12:00:00,4.525165
2014-03-01 12:00:00,4.378571
2014-03-02 12:00:00,3.471626
2014-03-03 12:00:00,3.2360044
2014-03-04 12:00:00,4.027827
2014-03-05 12:00:00,4.445525
2014-03-06 12:00:00,4.732143
2014-03-07 12:00:00,4.483775
2014-03-08 12:00:00,4.9950447
2014-03-09 12:00:00,4.9452605
2014-03-10 12:00:00,4.718035
2014-03-11 12:00:00,6.1496286
2014-03-12 12:00:00,4.841825
2014-03-13 12:00:00,5.8670344
2014-03-14 12:00:00,4.5811477
2014-03-15 12:00:00,5.3225617
2014-03-16 12:00:00,4.828342
2014-03-17 12:00:00,3.9599986
2014-03-18 12:00:00,3.2299182
2014-03-19 12:00:00,2.021266
2014-03-20 12:00:00,3.1861768
2014-03-21 12:00:00,2.6671855
2014-03-22 12:00:00,2.7816825
2014-03-23 12:00:00,3.1782448
2014-03-24 12:00:00,4.0844254
2014-03-25 12:00:00,4.616339
2014-03-26 12:00:00,5.2658424
2014-03-27 12:00:00,3.272929
2014-03-28 12:00:00,3.7875137
2014-03-29 12:00:00,3.2944894
2014-03-30 12:00:00,2.0177097
2014-03-31 12:00:00,2.7169962
2014-04-01 12:00:00,3.3943667
2014-04-02 12:00:00,3.2226486
2014-04-03 12:00:00,2.7219753
2014-04-04 12:00:00,3.5163262
2014-04-05 12:00:00,3.1401646
2014-04-06 12:00:00,3.0875092
2014-04-07 12:00:00,2.6550689
2014-04-08 12:00:00,1.8316524
2014-04-09 12:00:00,3.6593292
2014-04-10 12:00:00,3.5637052
2014-04-11 12:00:00,3.5391152
2014-04-12 12:00:00,2.6815393
2014-04-13 12:00:00,2.334348
2014-04-14 12:00:00,2.2518258
2014-04-15 12:00:00,2.87535
2014-04-16 12:00:00,3.1621861
2014-04-17 12:00:00,3.360548
2014-04-18 12:00:00,3.2704563
2014-04-19 12:00:00,3.2959957
2014-04-20 12:00:00,2.8070574
2014-04-21 12:00:00,2.6834574
2014-04-22 12:00:00,2.5667067
2014-04-23 12:00:00,3.0550694
2014-04-24 12:00:00,3.097581
2014-04-25 12:00:00,3.8158422
2014-04-26 12:00:00,2.7210953
2014-04-27 12:00:00,2.863549
2014-04-28 12:00:00,2.4627798
2014-04-29 12:00:00,2.622109
2014-04-30 12:00:00,2.1612818
2014-05-01 12:00:00,2.3866384
2014-05-02 12:00:00,2.9097474
2014-05-03 12:00:00,2.653639
2014-05-04 12:00:00,3.0064433
2014-05-05 12:00:00,3.6836698
2014-05-06 12:00:00,3.4416854
2014-05-07 12:00:00,3.3972275
2014-05-08 12:00:00,2.4787269
2014-05-09 12:00:00,2.125094
2014-05-10 12:00:00,2.9869292
2014-05-11 12:00:00,3.5280356
2014-05-12 12:00:00,4.467401
2014-05-13 12:00:00,4.0656376
2014-05-14 12:00:00,4.1824665
2014-05-15 12:00:00,5.258402
2014-05-16 12:00:00,5.8206925
2014-05-17 12:00:00,5.4653134
2014-05-18 12:00:00,4.739604
2014-05-19 12:00:00,4.767809
2014-05-20 12:00:00,4.567625
2014-05-21 12:00:00,5.3317637
2014-05-22 12:00:00,5.7835617
2014-05-23 12:00:00,5.480216
2014-05-24 12:00:00,4.740863
2014-05-25 12:00:00,4.0318556
2014-05-26 12:00:00,4.0708933
2014-05-27 12:00:00,3.9097395
2014-05-28 12:00:00,3.8705473
2014-05-29 12:00:00,4.435381
2014-05-30 12:00:00,5.239736
2014-05-31 12:00:00,5.2741036
2014-06-01 12:00:00,3.6895459
2014-06-02 12:00:00,4.599233
2014-06-03 12:00:00,6.0813994
2014-06-04 12:00:00,5.512775
2014-06-05 12:00:00,4.294283
2014-06-06 12:00:00,4.745941
2014-06-07 12:00:00,5.4507804
2014-06-08 12:00:00,5.748267
2014-06-09 12:00:00,4.726971
2014-06-10 12:00:00,4.5121403
2014-06-11 12:00:00,6.3937697
2014-06-12 12:00:00,7.1157913
2014-06-13 12:00:00,7.178104
2014-06-14 12:00:00,6.54672
2014-06-15 12:00:00,7.27117
2014-06-16 12:00:00,7.021564
2014-06-17 12:00:00,7.441324
2014-06-18 12:00:00,6.7044177
2014-06-19 12:00:00,5.395444
2014-06-20 12:00:00,5.337523
2014-06-21 12:00:00,5.4636726
2014-06-22 12:00:00,6.317221
2014-06-23 12:00:00,7.3769393
2014-06-24 12:00:00,7.389593
2014-06-25 12:00:00,7.427681
2014-06-26 12:00:00,6.6717143
2014-06-27 12:00:00,5.7110243
2014-06-28 12:00:00,6.4269133
2014-06-29 12:00:00,7.205618
2014-06-30 12:00:00,6.263009
2014-07-01 12:00:00,5.952624
2014-07-02 12:00:00,5.5730004
2014-07-03 12:00:00,6.9007416
2014-07-04 12:00:00,7.3602633
2014-07-05 12:00:00,6.983369
2014-07-06 12:00:00,6.904375
2014-07-07 12:00:00,7.5555444
2014-07-08 12:00:00,8.527637
2014-07-09 12:00:00,7.6044197
2014-07-10 12:00:00,8.061602
2014-07-11 12:00:00,8.047901
2014-07-12 12:00:00,7.645591
2014-07-13 12:00:00,7.201354
2014-07-14 12:00:00,6.6832194
2014-07-15 12:00:00,5.584658
2014-07-16 12:00:00,5.4380074
2014-07-17 12:00:00,5.839823
2014-07-18 12:00:00,5.921397
2014-07-19 12:00:00,5.29501
2014-07-20 12:00:00,5.2690864
2014-07-21 12:00:00,5.8348775
2014-07-22 12:00:00,5.4387116
2014-07-23 12:00:00,5.1795354
2014-07-24 12:00:00,5.6044226
2014-07-25 12:00:00,5.874482
2014-07-26 12:00:00,6.046289
2014-07-27 12:00:00,6.407598
2014-07-28 12:00:00,6.3752456
2014-07-29 12:00:00,6.4190035
2014-07-30 12:00:00,6.627372
2014-07-31 12:00:00,6.0283895
2014-08-01 12:00:00,5.731212
2014-08-02 12:00:00,5.7381105
2014-08-03 12:00:00,6.3795915
2014-08-04 12:00:00,5.9993844
2014-08-05 12:00:00,6.3753524
2014-08-06 12:00:00,5.753851
2014-08-07 12:00:00,5.394424
2014-08-08 12:00:00,4.840043
2014-08-09 12:00:00,4.303846
2014-08-10 12:00:00,4.978837
2014-08-11 12:00:00,5.3078647
2014-08-12 12:00:00,5.0405354
2014-08-13 12:00:00,5.3735933
2014-08-14 12:00:00,5.8682227
2014-08-15 12:00:00,5.5120974
2014-08-16 12:00:00,5.826758
2014-08-17 12:00:00,6.6145864
2014-08-18 12:00:00,5.4400997
2014-08-19 12:00:00,5.499623
2014-08-20 12:00:00,4.384044
2014-08-21 12:00:00,4.269271
2014-08-22 12:00:00,4.7136073
2014-08-23 12:00:00,3.9110477
2014-08-24 12:00:00,3.6088212
2014-08-25 12:00:00,3.4132354
2014-08-26 12:00:00,4.5299373
2014-08-27 12:00:00,5.284744
2014-08-28 12:00:00,5.000624
2014-08-29 12:00:00,4.672342
2014-08-30 12:00:00,3.3794382
2014-08-31 12:00:00,3.8363614
2014-09-01 12:00:00,4.9151874
2014-09-02 12:00:00,3.4803905
2014-09-03 12:00:00,3.1638482
2014-09-04 12:00:00,3.4264565
2014-09-05 12:00:00,5.973113
2014-09-06 12:00:00,5.84751
2014-09-07 12:00:00,4.8872814
2014-09-08 12:00:00,5.025001
2014-09-09 12:00:00,4.9148226
2014-09-10 12:00:00,5.137782
2014-09-11 12:00:00,5.7294307
2014-09-12 12:00:00,6.511059
2014-09-13 12:00:00,7.315614
2014-09-14 12:00:00,7.227773
2014-09-15 12:00:00,6.791381
2014-09-16 12:00:00,6.8850927
2014-09-17 12:00:00,6.116934
2014-09-18 12:00:00,5.243887
2014-09-19 12:00:00,5.264682
2014-09-20 12:00:00,5.0857506
2014-09-21 12:00:00,4.534174
2014-09-22 12:00:00,4.0214458
2014-09-23 12:00:00,4.4051805
2014-09-24 12:00:00,4.901393
2014-09-25 12:00:00,3.7042363
2014-09-26 12:00:00,3.070585
2014-09-27 12:00:00,2.9421377
2014-09-28 12:00:00,2.1835227
2014-09-29 12:00:00,2.7230816
2014-09-30 12:00:00,2.917872
2014-10-01 12:00:00,2.8761063
2014-10-02 12:00:00,4.027607
2014-10-03 12:00:00,5.1999874
2014-10-04 12:00:00,5.6954074
2014-10-05 12:00:00,6.0067105
2014-10-06 12:00:00,6.3279276
2014-10-07 12:00:00,6.36548
2014-10-08 12:00:00,5.3772798
2014-10-09 12:00:00,5.4534073
2014-10-10 12:00:00,5.447715
2014-10-11 12:00:00,4.779293
2014-10-12 12:00:00,4.5437236
2014-10-13 12:00:00,3.9328613
2014-10-14 12:00:00,3.311983
2014-10-15 12:00:00,3.0607243
2014-10-16 12:00:00,3.670276
2014-10-17 12:00:00,4.794413
2014-10-18 12:00:00,5.2440443
2014-10-19 12:00:00,3.5888379
2014-10-20 12:00:00,3.1266491
2014-10-21 12:00:00,2.541044
2014-10-22 12:00:00,2.1188378
2014-10-23 12:00:00,1.9373487
2014-10-24 12:00:00,2.1700418
2014-10-25 12:00:00,1.8129193
2014-10-26 12:00:00,2.3200245
2014-10-27 12:00:00,2.849802
2014-10-28 12:00:00,3.830804
2014-10-29 12:00:00,4.2794037
2014-10-30 12:00:00,6.178209
2014-10-31 12:00:00,6.2318425
2014-11-01 12:00:00,6.7098036
2014-11-02 12:00:00,6.487248
2014-11-03 12:00:00,6.8142853
2014-11-04 12:00:00,6.6529136
2014-11-05 12:00:00,6.7013464
2014-11-06 12:00:00,6.382612
2014-11-07 12:00:00,5.006115
2014-11-08 12:00:00,4.0767164
2014-11-09 12:00:00,4.5543094
2014-11-10 12:00:00,3.355886
2014-11-11 12:00:00,3.83805
2014-11-12 12:00:00,2.9162571
2014-11-13 12:00:00,2.7242053
2014-11-14 12:00:00,3.1813695
2014-11-15 12:00:00,3.4459255
2014-11-16 12:00:00,3.3994758
2014-11-17 12:00:00,4.203232
2014-11-18 12:00:00,4.3145957
2014-11-19 12:00:00,4.4665866
2014-11-20 12:00:00,5.2255287
2014-11-21 12:00:00,4.4612794
2014-11-22 12:00:00,4.4252305
2014-11-23 12:00:00,4.6461983
2014-11-24 12:00:00,4.445244
2014-11-25 12:00:00,4.258694
2014-11-26 12:00:00,4.650419
2014-11-27 12:00:00,4.3605266
2014-11-28 12:00:00,4.796028
2014-11-29 12:00:00,4.5631394
2014-11-30 12:00:00,3.522225
2014-12-01 12:00:00,3.164879
2014-12-02 12:00:00,4.0549335
2014-12-03 12:00:00,3.4396613
2014-12-04 12:00:00,3.4043882
2014-12-05 12:00:00,3.0707238
2014-12-06 12:00:00,2.7203352
2014-12-07 12:00:00,2.1344936
2014-12-08 12:00:00,1.9540201
2014-12-09 12:00:00,2.8834035
2014-12-10 12:00:00,2.6137917
2014-12-11 12:00:00,3.8653572
2014-12-12 12:00:00,4.506094
2014-12-13 12:00:00,4.2233973
2014-12-14 12:00:00,3.9494996
2014-12-15 12:00:00,3.1470637
2014-12-16 12:00:00,3.3962169
2014-12-17 12:00:00,3.58439
2014-12-18 12:00:00,4.6009555
2014-12-19 12:00:00,4.6667595
2014-12-20 12:00:00,5.5858145
2014-12-21 12:00:00,4.9878464
2014-12-22 12:00:00,5.336171
2014-12-23 12:00:00,5.4642787
2014-12-24 12:00:00,6.7849164
2014-12-25 12:00:00,6.9942603
2014-12-26 12:00:00,6.325531
2014-12-27 12:00:00,4.84091
2014-12-28 12:00:00,4.917731
2014-12-29 12:00:00,5.1778445
2014-12-30 12:00:00,4.0653367
2014-12-31 12:00:00,3.2584906
2015-01-01 12:00:00,2.6292775
2015-01-02 12:00:00,2.8995209
2015-01-03 12:00:00,3.3214464
2015-01-04 12:00:00,3.3195891
2015-01-05 12:00:00,3.4341488
2015-01-06 12:00:00,3.8278897
2015-01-07 12:00:00,4.224813
2015-01-08 12:00:00,3.936417
2015-01-09 12:00:00,4.071709
2015-01-10 12:00:00,4.8196473
2015-01-11 12:00:00,5.2765193
2015-01-12 12:00:00,4.73829
2015-01-13 12:00:00,4.081823
2015-01-14 12:00:00,2.9005668
2015-01-15 12:00:00,2.0414844
2015-01-16 12:00:00,2.766038
2015-01-17 12:00:00,3.8006816
2015-01-18 12:00:00,5.377363
2015-01-19 12:00:00,4.976425
2015-01-20 12:00:00,4.408199
2015-01-21 12:00:00,4.4902115
2015-01-22 12:00:00,4.442337
2015-01-23 12:00:00,4.8040605
2015-01-24 12:00:00,5.5585165
2015-01-25 12:00:00,4.441987
2015-01-26 12:00:00,4.3666973
2015-01-27 12:00:00,3.6923664
2015-01-28 12:00:00,4.1199102
2015-01-29 12:00:00,3.6472845
2015-01-30 12:00:00,3.025132
2015-01-31 12:00:00,4.672627
2015-02-01 12:00:00,4.7847958
2015-02-02 12:00:00,5.5806007
2015-02-03 12:00:00,5.3660946
2015-02-04 12:00:00,4.632601
2015-02-05 12:00:00,4.497398
2015-02-06 12:00:00,4.513915
2015-02-07 12:00:00,5.0736084
2015-02-08 12:00:00,5.3962717
2015-02-09 12:00:00,5.1061673
2015-02-10 12:00:00,4.2851143
2015-02-11 12:00:00,3.944776
2015-02-12 12:00:00,3.7375338
2015-02-13 12:00:00,4.3357835
2015-02-14 12:00:00,4.935386
2015-02-15 12:00:00,5.423518
2015-02-16 12:00:00,5.7011576
2015-02-17 12:00:00,3.8507957
2015-02-18 12:00:00,3.220467
2015-02-19 12:00:00,4.134495
2015-02-20 12:00:00,4.3059464
2015-02-21 12:00:00,3.838728
2015-02-22 12:00:00,3.0154011
2015-02-23 12:00:00,3.4038563
2015-02-24 12:00:00,3.4982347
2015-02-25 12:00:00,3.5056
2015-02-26 12:00:00,3.0871694
2015-02-27 12:00:00,2.9956741
2015-02-28 12:00:00,2.7691846
2015-03-01 12:00:00,2.7418694
2015-03-02 12:00:00,2.5074017
2015-03-03 12:00:00,2.711476
2015-03-04 12:00:00,2.228345
2015-03-05 12:00:00,4.4707737
2015-03-06 12:00:00,4.222715
2015-03-07 12:00:00,4.1310396
2015-03-08 12:00:00,3.0318873
2015-03-09 12:00:00,3.1327355
2015-03-10 12:00:00,3.459628
2015-03-11 12:00:00,3.5619454
2015-03-12 12:00:00,4.143568
2015-03-13 12:00:00,3.5761068
2015-03-14 12:00:00,3.0911882
2015-03-15 12:00:00,3.9772801
2015-03-16 12:00:00,3.9703019
2015-03-17 12:00:00,3.5386825
2015-03-18 12:00:00,2.6567419
2015-03-19 12:00:00,3.010034
2015-03-20 12:00:00,2.3760753
2015-03-21 12:00:00,2.758339
2015-03-22 12:00:00,2.0988016
2015-03-23 12:00:00,1.7860051
2015-03-24 12:00:00,2.2923484
2015-03-25 12:00:00,2.6944826
2015-03-26 12:00:00,3.3988965
2015-03-27 12:00:00,3.4379158
2015-03-28 12:00:00,3.2206056
2015-03-29 12:00:00,2.9369469
2015-03-30 12:00:00,2.5005183
2015-03-31 12:00:00,2.4186742
2015-04-01 12:00:00,2.305844
2015-04-02 12:00:00,2.2248318
2015-04-03 12:00:00,2.3670669
2015-04-04 12:00:00,1.9901743
2015-04-05 12:00:00,2.305567
2015-04-06 12:00:00,2.0202346
2015-04-07 12:00:00,3.2355835
2015-04-08 12:00:00,2.9587893
2015-04-09 12:00:00,3.0552397
2015-04-10 12:00:00,2.6613903
2015-04-11 12:00:00,2.1429513
2015-04-12 12:00:00,2.4332192
2015-04-13 12:00:00,3.9295871
2015-04-14 12:00:00,3.0724893
2015-04-15 12:00:00,2.7344682
2015-04-16 12:00:00,2.4425452
2015-04-17 12:00:00,2.77685
2015-04-18 12:00:00,2.3576643
2015-04-19 12:00:00,2.8830464
2015-04-20 12:00:00,2.883434
2015-04-21 12:00:00,4.0033693
2015-04-22 12:00:00,4.0071135
2015-04-23 12:00:00,2.8169017
2015-04-24 12:00:00,2.3144677
2015-04-25 12:00:00,2.455112
2015-04-26 12:00:00,2.2805884
2015-04-27 12:00:00,2.6225512
2015-04-28 12:00:00,2.3886971
2015-04-29 12:00:00,2.800146
2015-04-30 12:00:00,4.144402
2015-05-01 12:00:00,4.640012
2015-05-02 12:00:00,3.3876336
2015-05-03 12:00:00,2.7353864
2015-05-04 12:00:00,2.75844
2015-05-05 12:00:00,2.4761512
2015-05-06 12:00:00,2.4180317
2015-05-07 12:00:00,2.7319355
2015-05-08 12:00:00,3.3988864
2015-05-09 12:00:00,3.8218856
2015-05-10 12:00:00,3.6097243
2015-05-11 12:00:00,4.3115478
2015-05-12 12:00:00,4.3426967
2015-05-13 12:00:00,4.875688
2015-05-14 12:00:00,3.269974
2015-05-15 12:00:00,3.5901294
2015-05-16 12:00:00,4.889966
2015-05-17 12:00:00,3.8187923
2015-05-18 12:00:00,3.5860212
2015-05-19 12:00:00,4.7356834
2015-05-20 12:00:00,4.759479
2015-05-21 12:00:00,5.101097
2015-05-22 12:00:00,4.1944127
2015-05-23 12:00:00,4.1491694
2015-05-24 12:00:00,5.373013
2015-05-25 12:00:00,5.1184278
2015-05-26 12:00:00,4.7630053
2015-05-27 12:00:00,4.314253
2015-05-28 12:00:00,3.8323715
2015-05-29 12:00:00,4.388367
2015-05-30 12:00:00,4.015641
2015-05-31 12:00:00,4.367853
2015-06-01 12:00:00,3.7175758
2015-06-02 12:00:00,3.0213094
2015-06-03 12:00:00,2.3948278
2015-06-04 12:00:00,2.0866866
2015-06-05 12:00:00,3.2818558
2015-06-06 12:00:00,3.5741267
2015-06-07 12:00:00,4.251482
2015-06-08 12:00:00,3.3254604
2015-06-09 12:00:00,4.6825104
2015-06-10 12:00:00,4.1964397
2015-06-11 12:00:00,4.084535
2015-06-12 12:00:00,4.0183926
2015-06-13 12:00:00,4.3153353
2015-06-14 12:00:00,5.2837563
2015-06-15 12:00:00,5.2821445
2015-06-16 12:00:00,6.37412
2015-06-17 12:00:00,5.688875
2015-06-18 12:00:00,5.2326393
2015-06-19 12:00:00,5.4657493
2015-06-20 12:00:00,5.106136
2015-06-21 12:00:00,5.3205523
2015-06-22 12:00:00,4.680654
2015-06-23 12:00:00,5.2848144
2015-06-24 12:00:00,4.7728906
2015-06-25 12:00:00,4.7334247
2015-06-26 12:00:00,4.939841
2015-06-27 12:00:00,5.461769
2015-06-28 12:00:00,5.2045074
2015-06-29 12:00:00,3.9671092
2015-06-30 12:00:00,3.9894073
2015-07-01 12:00:00,4.34891
2015-07-02 12:00:00,4.9571714
2015-07-03 12:00:00,5.917899
2015-07-04 12:00:00,6.827354
2015-07-05 12:00:00,7.1352515
2015-07-06 12:00:00,7.129371
2015-07-07 12:00:00,7.5951514
2015-07-08 12:00:00,7.1808925
2015-07-09 12:00:00,7.1324267
2015-07-10 12:00:00,6.990324
2015-07-11 12:00:00,6.176403
2015-07-12 12:00:00,6.706698
2015-07-13 12:00:00,7.6032944
2015-07-14 12:00:00,8.353772
2015-07-15 12:00:00,7.166982
2015-07-16 12:00:00,7.1251593
2015-07-17 12:00:00,5.745714
2015-07-18 12:00:00,6.759799
2015-07-19 12:00:00,5.5895405
2015-07-20 12:00:00,5.7888308
2015-07-21 12:00:00,5.438251
2015-07-22 12:00:00,4.9048758
2015-07-23 12:00:00,3.2621708
2015-07-24 12:00:00,3.3251855
2015-07-25 12:00:00,4.993382
2015-07-26 12:00:00,4.46592
2015-07-27 12:00:00,3.9304013
2015-07-28 12:00:00,3.659927
2015-07-29 12:00:00,4.5842023
2015-07-30 12:00:00,4.1996284
2015-07-31 12:00:00,4.010167
2015-08-01 12:00:00,4.335253
2015-08-02 12:00:00,5.843083
2015-08-03 12:00:00,6.1860957
2015-08-04 12:00:00,6.3741665
2015-08-05 12:00:00,5.4515634
2015-08-06 12:00:00,6.510245
2015-08-07 12:00:00,6.5380607
2015-08-08 12:00:00,6.244381
2015-08-09 12:00:00,6.8085055
2015-08-10 12:00:00,6.619828
2015-08-11 12:00:00,5.489065
2015-08-12 12:00:00,5.1514497
2015-08-13 12:00:00,5.1649804
2015-08-14 12:00:00,4.88829
2015-08-15 12:00:00,5.266285
2015-08-16 12:00:00,4.3985415
2015-08-17 12:00:00,4.5142317
2015-08-18 12:00:00,4.0547066
2015-08-19 12:00:00,3.1849382
2015-08-20 12:00:00,4.399719
2015-08-21 12:00:00,4.663592
2015-08-22 12:00:00,4.9502344
2015-08-23 12:00:00,4.722615
2015-08-24 12:00:00,5.0462327
2015-08-25 12:00:00,5.744986
2015-08-26 12:00:00,5.675669
2015-08-27 12:00:00,4.4423714
2015-08-28 12:00:00,4.440135
2015-08-29 12:00:00,4.723526
2015-08-30 12:00:00,5.187575
2015-08-31 12:00:00,3.998399
2015-09-01 12:00:00,4.4969225
2015-09-02 12:00:00,4.471889
2015-09-03 12:00:00,4.9356337
2015-09-04 12:00:00,3.5370677
2015-09-05 12:00:00,3.749615
2015-09-06 12:00:00,3.1622605
2015-09-07 12:00:00,3.9801567
2015-09-08 12:00:00,4.033629
2015-09-09 12:00:00,4.6871557
2015-09-10 12:00:00,5.4094963
2015-09-11 12:00:00,4.640421
2015-09-12 12:00:00,4.261658
2015-09-13 12:00:00,5.349534
2015-09-14 12:00:00,6.201106
2015-09-15 12:00:00,6.107523
2015-09-16 12:00:00,6.162512
2015-09-17 12:00:00,6.9363165
2015-09-18 12:00:00,5.9326286
2015-09-19 12:00:00,4.586562
2015-09-20 12:00:00,3.6601331
2015-09-21 12:00:00,4.538751
2015-09-22 12:00:00,3.9038584
2015-09-23 12:00:00,4.57069
2015-09-24 12:00:00,4.869449
2015-09-25 12:00:00,6.045558
2015-09-26 12:00:00,6.5476956
2015-09-27 12:00:00,6.015282
2015-09-28 12:00:00,5.566498
2015-09-29 12:00:00,4.5498853
2015-09-30 12:00:00,3.250344
2015-10-01 12:00:00,2.9162989
2015-10-02 12:00:00,3.4179854
2015-10-03 12:00:00,3.5954487
2015-10-04 12:00:00,4.548989
2015-10-05 12:00:00,4.748866
2015-10-06 12:00:00,3.4909496
2015-10-07 12:00:00,3.3108802
2015-10-08 12:00:00,3.833312
2015-10-09 12:00:00,3.4732335
2015-10-10 12:00:00,2.7206352
2015-10-11 12:00:00,2.3487737
2015-10-12 12:00:00,2.116213
2015-10-13 12:00:00,2.2328959
2015-10-14 12:00:00,2.4349918
2015-10-15 12:00:00,1.6867304
2015-10-16 12:00:00,1.8391814
2015-10-17 12:00:00,1.877356
2015-10-18 12:00:00,2.0959537
2015-10-19 12:00:00,2.215351
2015-10-20 12:00:00,2.4839246
2015-10-21 12:00:00,2.2885785
2015-10-22 12:00:00,2.911016
2015-10-23 12:00:00,3.5533528
2015-10-24 12:00:00,3.419189
2015-10-25 12:00:00,3.4001856
2015-10-26 12:00:00,3.2772114
2015-10-27 12:00:00,3.647519
2015-10-28 12:00:00,3.671909
2015-10-29 12:00:00,3.4974232
2015-10-30 12:00:00,3.4673712
2015-10-31 12:00:00,3.4806404
2015-11-01 12:00:00,2.7181935
2015-11-02 12:00:00,2.3908756
2015-11-03 12:00:00,3.0867186
2015-11-04 12:00:00,3.6586745
2015-11-05 12:00:00,4.18839
2015-11-06 12:00:00,4.418149
2015-11-07 12:00:00,4.0953364
2015-11-08 12:00:00,4.0563827
2015-11-09 12:00:00,3.8957248
2015-11-10 12:00:00,4.271947
2015-11-11 12:00:00,4.7824135
2015-11-12 12:00:00,4.3544283
2015-11-13 12:00:00,5.2458444
2015-11-14 12:00:00,5.890432
2015-11-15 12:00:00,5.339193
2015-11-16 12:00:00,3.288722
2015-11-17 12:00:00,3.181316
2015-11-18 12:00:00,3.2040186
2015-11-19 12:00:00,2.69183
2015-11-20 12:00:00,2.8105714
2015-11-21 12:00:00,2.6537411
2015-11-22 12:00:00,3.8850167
2015-11-23 12:00:00,3.203615
2015-11-24 12:00:00,3.1755657
2015-11-25 12:00:00,2.9317691
2015-11-26 12:00:00,3.5652053
2015-11-27 12:00:00,3.9107738
2015-11-28 12:00:00,4.325707
2015-11-29 12:00:00,3.6714337
2015-11-30 12:00:00,4.371401
2015-12-01 12:00:00,4.286243
2015-12-02 12:00:00,4.192254
2015-12-03 12:00:00,4.2097163
2015-12-04 12:00:00,3.86968
2015-12-05 12:00:00,3.3616269
2015-12-06 12:00:00,3.0744395
2015-12-07 12:00:00,3.7011945
2015-12-08 12:00:00,3.285308
2015-12-09 12:00:00,3.393438
2015-12-10 12:00:00,4.119309
2015-12-11 12:00:00,4.1048775
2015-12-12 12:00:00,3.0540736
2015-12-13 12:00:00,2.337632
2015-12-14 12:00:00,2.851348
2015-12-15 12:00:00,2.6832116
2015-12-16 12:00:00,3.388343
2015-12-17 12:00:00,3.5293763
2015-12-18 12:00:00,2.8905149
2015-12-19 12:00:00,3.2176144
2015-12-20 12:00:00,5.072188
2015-12-21 12:00:00,4.6676564
2015-12-22 12:00:00,4.930606
2015-12-23 12:00:00,4.406418
2015-12-24 12:00:00,3.7172208
2015-12-25 12:00:00,4.3587213
2015-12-26 12:00:00,3.7219863
2015-12-27 12:00:00,4.2647653
2015-12-28 12:00:00,4.526716
2015-12-29 12:00:00,4.668374
2015-12-30 12:00:00,5.033446
2015-12-31 12:00:00,5.94419
2016-01-01 12:00:00,5.23541
2016-01-02 12:00:00,4.1137967
2016-01-03 12:00:00,4.34007
2016-01-04 12:00:00,4.1874843
2016-01-05 12:00:00,3.4867456
2016-01-06 12:00:00,4.1864996
2016-01-07 12:00:00,4.405576
2016-01-08 12:00:00,4.5611305
2016-01-09 12:00:00,4.5387387
2016-01-10 12:00:00,4.4972396
2016-01-11 12:00:00,5.2965603
2016-01-12 12:00:00,5.929905
2016-01-13 12:00:00,3.8370504
2016-01-14 12:00:00,4.7750926
2016-01-15 12:00:00,3.3269603
2016-01-16 12:00:00,3.4218347
2016-01-17 12:00:00,3.806791
2016-01-18 12:00:00,3.7477527
2016-01-19 12:00:00,4.7466426
2016-01-20 12:00:00,4.4858055
2016-01-21 12:00:00,3.9708486
2016-01-22 12:00:00,2.9949749
2016-01-23 12:00:00,3.4857023
2016-01-24 12:00:00,4.8331704
2016-01-25 12:00:00,5.06699
2016-01-26 12:00:00,4.2893386
2016-01-27 12:00:00,3.418834
2016-01-28 12:00:00,3.1236591
2016-01-29 12:00:00,4.705701
2016-01-30 12:00:00,4.6575384
2016-01-31 12:00:00,4.87437
2016-02-01 12:00:00,4.936862
2016-02-02 12:00:00,5.455777
2016-02-03 12:00:00,5.3092604
2016-02-04 12:00:00,5.0880265
2016-02-05 12:00:00,5.3433833
2016-02-06 12:00:00,5.409301
2016-02-07 12:00:00,5.9840426
2016-02-08 12:00:00,6.365919
2016-02-09 12:00:00,5.055504
2016-02-10 12:00:00,5.000209
2016-02-11 12:00:00,4.165835
2016-02-12 12:00:00,3.9601564
2016-02-13 12:00:00,3.3652146
2016-02-14 12:00:00,3.9478283
2016-02-15 12:00:00,4.403107
2016-02-16 12:00:00,5.022949
2016-02-17 12:00:00,6.3219523
2016-02-18 12:00:00,5.397302
2016-02-19 12:00:00,3.8677366
2016-02-20 12:00:00,4.510813
2016-02-21 12:00:00,5.3179617
2016-02-22 12:00:00,4.602562
2016-02-23 12:00:00,3.475424
2016-02-24 12:00:00,3.829636
2016-02-25 12:00:00,5.587407
2016-02-26 12:00:00,5.5868692
2016-02-27 12:00:00,4.247335
2016-02-28 12:00:00,4.7717414
2016-02-29 12:00:00,4.656209
2016-03-01 12:00:00,4.06196
2016-03-02 12:00:00,4.7524304
2016-03-03 12:00:00,4.630235
2016-03-04 12:00:00,4.514439
2016-03-05 12:00:00,4.126338
2016-03-06 12:00:00,4.2128015
2016-03-07 12:00:00,4.1647716
2016-03-08 12:00:00,3.2961066
2016-03-09 12:00:00,2.9885418
2016-03-10 12:00:00,3.4449399
2016-03-11 12:00:00,3.7435765
2016-03-12 12:00:00,2.7280474
2016-03-13 12:00:00,2.9776373
2016-03-14 12:00:00,2.8492017
2016-03-15 12:00:00,2.4505825
2016-03-16 12:00:00,3.1482637
2016-03-17 12:00:00,3.9817657
2016-03-18 12:00:00,3.9841459
2016-03-19 12:00:00,3.0888457
2016-03-20 12:00:00,2.846643
2016-03-21 12:00:00,3.7093906
2016-03-22 12:00:00,3.355934
2016-03-23 12:00:00,3.4543598
2016-03-24 12:00:00,3.905841
2016-03-25 12:00:00,3.9634094
2016-03-26 12:00:00,4.1500697
2016-03-27 12:00:00,3.276038
2016-03-28 12:00:00,3.1124675
2016-03-29 12:00:00,3.0153835
2016-03-30 12:00:00,2.5535502
2016-03-31 12:00:00,2.5901785
2016-04-01 12:00:00,2.779857
2016-04-02 12:00:00,2.6376383
2016-04-03 12:00:00,2.4851696
2016-04-04 12:00:00,2.314087
2016-04-05 12:00:00,2.9486082
2016-04-06 12:00:00,3.8489006
2016-04-07 12:00:00,2.744513
2016-04-08 12:00:00,2.2560537
2016-04-09 12:00:00,2.3879316
2016-04-10 12:00:00,2.7806132
2016-04-11 12:00:00,2.898752
2016-04-12 12:00:00,3.7853622
2016-04-13 12:00:00,2.6477716
2016-04-14 12:00:00,2.4510605
2016-04-15 12:00:00,2.69724
2016-04-16 12:00:00,1.9738623
2016-04-17 12:00:00,1.9741389
2016-04-18 12:00:00,2.4946733
2016-04-19 12:00:00,2.4254546
2016-04-20 12:00:00,2.1577494
2016-04-21 12:00:00,1.8260443
2016-04-22 12:00:00,2.4062326
2016-04-23 12:00:00,4.2170563
2016-04-24 12:00:00,3.986866
2016-04-25 12:00:00,3.0110967
2016-04-26 12:00:00,2.1460361
2016-04-27 12:00:00,1.6083287
2016-04-28 12:00:00,1.8851138
2016-04-29 12:00:00,2.3143077
2016-04-30 12:00:00,1.9517525
2016-05-01 12:00:00,1.9250275
2016-05-02 12:00:00,1.8553078
2016-05-03 12:00:00,2.206113
2016-05-04 12:00:00,2.123606
2016-05-05 12:00:00,2.4140441
2016-05-06 12:00:00,2.9763412
2016-05-07 12:00:00,2.9209085
2016-05-08 12:00:00,2.4230318
2016-05-09 12:00:00,2.4763963
2016-05-10 12:00:00,3.0637448
2016-05-11 12:00:00,3.6215363
2016-05-12 12:00:00,4.8616233
2016-05-13 12:00:00,3.9377608
2016-05-14 12:00:00,6.253253
2016-05-15 12:00:00,6.148639
2016-05-16 12:00:00,6.046946
2016-05-17 12:00:00,6.378173
2016-05-18 12:00:00,5.7134614
2016-05-19 12:00:00,5.657476
2016-05-20 12:00:00,6.519041
2016-05-21 12:00:00,6.4127913
2016-05-22 12:00:00,6.1779447
2016-05-23 12:00:00,7.6082225
2016-05-24 12:00:00,7.316652
2016-05-25 12:00:00,8.002133
2016-05-26 12:00:00,6.7198787
2016-05-27 12:00:00,7.2232437
2016-05-28 12:00:00,7.510161
2016-05-29 12:00:00,7.1643057
2016-05-30 12:00:00,6.857107
2016-05-31 12:00:00,6.36646
2016-06-01 12:00:00,7.6452255
2016-06-02 12:00:00,7.178569
2016-06-03 12:00:00,6.4422684
2016-06-04 12:00:00,5.927271
2016-06-05 12:00:00,4.525704
2016-06-06 12:00:00,4.119098
2016-06-07 12:00:00,5.026416
2016-06-08 12:00:00,5.1411076
2016-06-09 12:00:00,5.0617056
2016-06-10 12:00:00,5.640257
2016-06-11 12:00:00,5.8570805
2016-06-12 12:00:00,6.380188
2016-06-13 12:00:00,6.2975035
2016-06-14 12:00:00,7.474638
2016-06-15 12:00:00,8.153333
2016-06-16 12:00:00,8.322824
2016-06-17 12:00:00,6.7567034
2016-06-18 12:00:00,6.4731307
2016-06-19 12:00:00,7.0288095
2016-06-20 12:00:00,7.1548543
2016-06-21 12:00:00,6.856645
2016-06-22 12:00:00,6.776876
2016-06-23 12:00:00,7.363526
2016-06-24 12:00:00,7.188827
2016-06-25 12:00:00,6.6195126
2016-06-26 12:00:00,6.1741395
2016-06-27 12:00:00,6.428366
2016-06-28 12:00:00,6.2271304
2016-06-29 12:00:00,5.3143086
2016-06-30 12:00:00,4.707983
2016-07-01 12:00:00,4.909018
2016-07-02 12:00:00,4.8596554
2016-07-03 12:00:00,4.230824
2016-07-04 12:00:00,4.6330514
2016-07-05 12:00:00,5.6220365
2016-07-06 12:00:00,5.4467306
2016-07-07 12:00:00,5.675161
2016-07-08 12:00:00,5.881672
2016-07-09 12:00:00,6.467524
2016-07-10 12:00:00,6.8640456
2016-07-11 12:00:00,5.6516714
2016-07-12 12:00:00,6.182051
2016-07-13 12:00:00,6.2172937
2016-07-14 12:00:00,5.8607054
2016-07-15 12:00:00,5.596246
2016-07-16 12:00:00,6.0564604
2016-07-17 12:00:00,5.5805445
2016-07-18 12:00:00,6.221712
2016-07-19 12:00:00,6.8101616
2016-07-20 12:00:00,6.4067097
2016-07-21 12:00:00,6.2227225
2016-07-22 12:00:00,5.963361
2016-07-23 12:00:00,6.4668765
2016-07-24 12:00:00,5.590801
2016-07-25 12:00:00,4.958015
2016-07-26 12:00:00,4.1443048
2016-07-27 12:00:00,4.7306337
2016-07-28 12:00:00,5.0424747
2016-07-29 12:00:00,6.2133584
2016-07-30 12:00:00,5.601751
2016-07-31 12:00:00,6.2044687
2016-08-01 12:00:00,6.8366184
2016-08-02 12:00:00,6.789809
2016-08-03 12:00:00,5.9803
2016-08-04 12:00:00,5.375184
2016-08-05 12:00:00,5.018355
2016-08-06 12:00:00,5.42792
2016-08-07 12:00:00,5.4323516
2016-08-08 12:00:00,5.9626174
2016-08-09 12:00:00,6.756848
2016-08-10 12:00:00,6.980788
2016-08-11 12:00:00,7.2010565
2016-08-12 12:00:00,7.2344823
2016-08-13 12:00:00,7.598263
2016-08-14 12:00:00,7.520704
2016-08-15 12:00:00,8.283768
2016-08-16 12:00:00,8.737893
2016-08-17 12:00:00,7.9061556
2016-08-18 12:00:00,7.267315
2016-08-19 12:00:00,7.1891046
2016-08-20 12:00:00,6.5352783
2016-08-21 12:00:00,5.759624
2016-08-22 12:00:00,7.610004
2016-08-23 12:00:00,8.213692
2016-08-24 12:00:00,7.9613247
2016-08-25 12:00:00,8.4718485
2016-08-26 12:00:00,7.726565
2016-08-27 12:00:00,6.211625
2016-08-28 12:00:00,6.307481
2016-08-29 12:00:00,7.3769274
2016-08-30 12:00:00,7.556921
2016-08-31 12:00:00,4.942647
2016-09-01 12:00:00,4.456121
2016-09-02 12:00:00,6.333022
2016-09-03 12:00:00,6.651641
2016-09-04 12:00:00,6.7835903
2016-09-05 12:00:00,7.4981694
2016-09-06 12:00:00,7.138038
2016-09-07 12:00:00,6.941096
2016-09-08 12:00:00,5.9892006
2016-09-09 12:00:00,5.5585604
2016-09-10 12:00:00,6.896635
2016-09-11 12:00:00,7.5593333
2016-09-12 12:00:00,6.4084735
2016-09-13 12:00:00,6.023977
2016-09-14 12:00:00,5.8646607
2016-09-15 12:00:00,6.6677213
2016-09-16 12:00:00,6.466609
2016-09-17 12:00:00,5.8483634
2016-09-18 12:00:00,6.6249137
2016-09-19 12:00:00,7.5338345
2016-09-20 12:00:00,7.9031053
2016-09-21 12:00:00,6.6699476
2016-09-22 12:00:00,6.6821165
2016-09-23 12:00:00,7.3346086
2016-09-24 12:00:00,7.198572
2016-09-25 12:00:00,7.31982
2016-09-26 12:00:00,7.1288157
2016-09-27 12:00:00,7.2892246
2016-09-28 12:00:00,7.234562
2016-09-29 12:00:00,7.5717964
2016-09-30 12:00:00,6.8128524
2016-10-01 12:00:00,6.1487627
2016-10-02 12:00:00,5.693269
2016-10-03 12:00:00,5.2222586
2016-10-04 12:00:00,5.9920883
2016-10-05 12:00:00,6.320982
2016-10-06 12:00:00,6.9571757
2016-10-07 12:00:00,6.440101
2016-10-08 12:00:00,5.48281
2016-10-09 12:00:00,5.5191207
2016-10-10 12:00:00,6.2031713
2016-10-11 12:00:00,6.4473014
2016-10-12 12:00:00,6.6952715
2016-10-13 12:00:00,7.2798734
2016-10-14 12:00:00,7.221507
2016-10-15 12:00:00,7.6167073
2016-10-16 12:00:00,6.7837644
2016-10-17 12:00:00,6.8734217
2016-10-18 12:00:00,6.680538
2016-10-19 12:00:00,6.807854
2016-10-20 12:00:00,6.453432
2016-10-21 12:00:00,7.3451924
2016-10-22 12:00:00,6.071471
2016-10-23 12:00:00,6.679138
2016-10-24 12:00:00,7.040793
2016-10-25 12:00:00,6.400992
2016-10-26 12:00:00,5.3910584
2016-10-27 12:00:00,4.485369
2016-10-28 12:00:00,4.1769776
2016-10-29 12:00:00,4.5839343
2016-10-30 12:00:00,4.7873993
2016-10-31 12:00:00,4.8528776
2016-11-01 12:00:00,4.9359818
2016-11-02 12:00:00,5.7407374
2016-11-03 12:00:00,6.5344286
2016-11-04 12:00:00,6.851458
2016-11-05 12:00:00,6.5662494
2016-11-06 12:00:00,7.0860596
2016-11-07 12:00:00,4.987794
2016-11-08 12:00:00,3.732896
2016-11-09 12:00:00,3.1684434
2016-11-10 12:00:00,2.1991282
2016-11-11 12:00:00,1.730012
2016-11-12 12:00:00,1.9904914
2016-11-13 12:00:00,3.0008433
2016-11-14 12:00:00,3.7186792
2016-11-15 12:00:00,4.017147
2016-11-16 12:00:00,4.5148053
2016-11-17 12:00:00,3.65702
2016-11-18 12:00:00,3.7068424
2016-11-19 12:00:00,4.853579
2016-11-20 12:00:00,4.64484
2016-11-21 12:00:00,4.472446
2016-11-22 12:00:00,4.2490363
2016-11-23 12:00:00,3.9390512
2016-11-24 12:00:00,3.4872122
2016-11-25 12:00:00,3.4934146
2016-11-26 12:00:00,4.068908
2016-11-27 12:00:00,5.845215
2016-11-28 12:00:00,6.08306
2016-11-29 12:00:00,6.8304954
2016-11-30 12:00:00,5.8236117
2016-12-01 12:00:00,4.428795
2016-12-02 12:00:00,4.799446
2016-12-03 12:00:00,5.5669117
2016-12-04 12:00:00,5.951179
2016-12-05 12:00:00,5.77325
2016-12-06 12:00:00,5.4438643
2016-12-07 12:00:00,5.952657
2016-12-08 12:00:00,7.3197784
2016-12-09 12:00:00,6.9926944
2016-12-10 12:00:00,6.921669
2016-12-11 12:00:00,6.7106285
2016-12-12 12:00:00,6.3155274
2016-12-13 12:00:00,5.3195477
2016-12-14 12:00:00,4.9152193
2016-12-15 12:00:00,4.1448774
2016-12-16 12:00:00,3.518509
2016-12-17 12:00:00,3.818174
2016-12-18 12:00:00,3.1629534
2016-12-19 12:00:00,2.515798
2016-12-20 12:00:00,2.8244894
2016-12-21 12:00:00,4.263071
2016-12-22 12:00:00,4.7680492
2016-12-23 12:00:00,4.846307
2016-12-24 12:00:00,3.2832918
2016-12-25 12:00:00,3.3099902
2016-12-26 12:00:00,3.3365052
2016-12-27 12:00:00,2.8431382
2016-12-28 12:00:00,3.6063135
2016-12-29 12:00:00,4.324529
2016-12-30 12:00:00,4.4588804
2016-12-31 12:00:00,4.80181
2017-01-01 12:00:00,5.2126884
2017-01-02 12:00:00,5.923232
2017-01-03 12:00:00,6.4102836
2017-01-04 12:00:00,6.738946
2017-01-05 12:00:00,6.191671
2017-01-06 12:00:00,5.8362746
2017-01-07 12:00:00,5.568571
2017-01-08 12:00:00,4.4943547
2017-01-09 12:00:00,4.5511975
2017-01-10 12:00:00,4.744769
2017-01-11 12:00:00,4.6640353
2017-01-12 12:00:00,4.1762605
2017-01-13 12:00:00,4.2850804
2017-01-14 12:00:00,4.2569456
2017-01-15 12:00:00,4.82149
2017-01-16 12:00:00,5.0808315
2017-01-17 12:00:00,5.3875275
2017-01-18 12:00:00,4.5256186
2017-01-19 12:00:00,3.8312337
2017-01-20 12:00:00,3.6106153
2017-01-21 12:00:00,3.9291117
2017-01-22 12:00:00,4.2619944
2017-01-23 12:00:00,3.6978078
2017-01-24 12:00:00,3.9800675
2017-01-25 12:00:00,3.3048818
2017-01-26 12:00:00,3.5693593
2017-01-27 12:00:00,3.01522
2017-01-28 12:00:00,3.7039952
2017-01-29 12:00:00,4.060209
2017-01-30 12:00:00,3.8423324
2017-01-31 12:00:00,3.971867
2017-02-01 12:00:00,4.276457
2017-02-02 12:00:00,4.619684
2017-02-03 12:00:00,5.6321073
2017-02-04 12:00:00,4.439113
2017-02-05 12:00:00,3.5638862
2017-02-06 12:00:00,3.961131
2017-02-07 12:00:00,3.744453
2017-02-08 12:00:00,4.293866
2017-02-09 12:00:00,4.045707
2017-02-10 12:00:00,4.652837
2017-02-11 12:00:00,4.673768
2017-02-12 12:00:00,5.135516
2017-02-13 12:00:00,4.6106634
2017-02-14 12:00:00,4.7814913
2017-02-15 12:00:00,5.293202
2017-02-16 12:00:00,6.002465
2017-02-17 12:00:00,5.590321
2017-02-18 12:00:00,4.542085
2017-02-19 12:00:00,3.3946567
2017-02-20 12:00:00,4.102402
2017-02-21 12:00:00,3.9966586
2017-02-22 12:00:00,2.8896039
2017-02-23 12:00:00,3.3775887
2017-02-24 12:00:00,3.305183
2017-02-25 12:00:00,3.5299895
2017-02-26 12:00:00,4.5386577
2017-02-27 12:00:00,4.8015494
2017-02-28 12:00:00,5.0915885
2017-03-01 12:00:00,3.37902
2017-03-02 12:00:00,3.7298498
2017-03-03 12:00:00,3.7318637
2017-03-04 12:00:00,2.6921785
2017-03-05 12:00:00,2.9838302
2017-03-06 12:00:00,2.5667913
2017-03-07 12:00:00,2.1125832
2017-03-08 12:00:00,2.6672788
2017-03-09 12:00:00,2.4592462
2017-03-10 12:00:00,2.781285
2017-03-11 12:00:00,3.215009
2017-03-12 12:00:00,3.3091457
2017-03-13 12:00:00,3.7021918
2017-03-14 12:00:00,4.018004
2017-03-15 12:00:00,3.2876918
2017-03-16 12:00:00,3.4801497
2017-03-17 12:00:00,3.406722
2017-03-18 12:00:00,2.1354778
2017-03-19 12:00:00,2.8285952
2017-03-20 12:00:00,3.7585168
2017-03-21 12:00:00,5.0427537
2017-03-22 12:00:00,4.9026017
2017-03-23 12:00:00,3.1071253
2017-03-24 12:00:00,2.4739122
2017-03-25 12:00:00,2.8337498
2017-03-26 12:00:00,2.8424015
2017-03-27 12:00:00,2.915041
2017-03-28 12:00:00,3.1493757
2017-03-29 12:00:00,2.2256167
2017-03-30 12:00:00,1.8524821
2017-03-31 12:00:00,1.8475276
2017-04-01 12:00:00,3.0389042
2017-04-02 12:00:00,3.6989512
2017-04-03 12:00:00,3.6574302
2017-04-04 12:00:00,3.5204797
2017-04-05 12:00:00,4.1900496
2017-04-06 12:00:00,4.7169385
2017-04-07 12:00:00,4.4364567
2017-04-08 12:00:00,3.1492891
2017-04-09 12:00:00,4.3344884
2017-04-10 12:00:00,5.165314
2017-04-11 12:00:00,4.889537
2017-04-12 12:00:00,4.4148455
2017-04-13 12:00:00,4.6142464
2017-04-14 12:00:00,5.6218925
2017-04-15 12:00:00,5.3588133
2017-04-16 12:00:00,4.9580345
2017-04-17 12:00:00,4.514884
2017-04-18 12:00:00,3.6717544
2017-04-19 12:00:00,3.6751513
2017-04-20 12:00:00,4.106352
2017-04-21 12:00:00,3.4526858
2017-04-22 12:00:00,2.912779
2017-04-23 12:00:00,3.1064503
2017-04-24 12:00:00,3.4350495
2017-04-25 12:00:00,4.205284
2017-04-26 12:00:00,4.437088
2017-04-27 12:00:00,4.614924
2017-04-28 12:00:00,3.8332589
2017-04-29 12:00:00,2.3363793
2017-04-30 12:00:00,2.1057308
2017-05-01 12:00:00,1.8290727
2017-05-02 12:00:00,2.4439106
2017-05-03 12:00:00,2.4027574
2017-05-04 12:00:00,2.4075863
2017-05-05 12:00:00,2.9160142
2017-05-06 12:00:00,2.1176083
2017-05-07 12:00:00,1.9851296
2017-05-08 12:00:00,1.8790733
2017-05-09 12:00:00,3.2519684
2017-05-10 12:00:00,3.688557
2017-05-11 12:00:00,4.216327
2017-05-12 12:00:00,4.16901
2017-05-13 12:00:00,4.4880977
2017-05-14 12:00:00,6.0310087
2017-05-15 12:00:00,6.0312243
2017-05-16 12:00:00,6.872141
2017-05-17 12:00:00,6.578593
2017-05-18 12:00:00,7.025459
2017-05-19 12:00:00,6.540236
2017-05-20 12:00:00,7.0255446
2017-05-21 12:00:00,7.3487597
2017-05-22 12:00:00,6.750751
2017-05-23 12:00:00,7.0886936
2017-05-24 12:00:00,6.87269
2017-05-25 12:00:00,7.1039395
2017-05-26 12:00:00,7.442885
2017-05-27 12:00:00,7.177732
2017-05-28 12:00:00,7.2270727
2017-05-29 12:00:00,8.209625
2017-05-30 12:00:00,7.3697023
2017-05-31 12:00:00,6.5293765
2017-06-01 12:00:00,6.5511694
2017-06-02 12:00:00,5.0269737
2017-06-03 12:00:00,4.1744375
2017-06-04 12:00:00,4.7542357
2017-06-05 12:00:00,5.8522983
2017-06-06 12:00:00,6.17563
2017-06-07 12:00:00,6.24482
2017-06-08 12:00:00,6.7188725
2017-06-09 12:00:00,7.074758
2017-06-10 12:00:00,6.5022554
2017-06-11 12:00:00,5.1571383
2017-06-12 12:00:00,4.264257
2017-06-13 12:00:00,4.8045835
2017-06-14 12:00:00,4.831489
2017-06-15 12:00:00,3.4338777
2017-06-16 12:00:00,3.8549185
2017-06-17 12:00:00,4.9003477
2017-06-18 12:00:00,4.974248
2017-06-19 12:00:00,5.3462334
2017-06-20 12:00:00,4.316206
2017-06-21 12:00:00,4.937171
2017-06-22 12:00:00,5.4942803
2017-06-23 12:00:00,6.187364
2017-06-24 12:00:00,6.7408943
2017-06-25 12:00:00,6.5138245
2017-06-26 12:00:00,4.9071302
2017-06-27 12:00:00,5.2655234
2017-06-28 12:00:00,5.0118413
2017-06-29 12:00:00,4.19272
2017-06-30 12:00:00,4.8266096
2017-07-01 12:00:00,4.6344476
2017-07-02 12:00:00,5.1924057
2017-07-03 12:00:00,5.0969744
2017-07-04 12:00:00,5.6576133
2017-07-05 12:00:00,6.333759
2017-07-06 12:00:00,6.6701317
2017-07-07 12:00:00,6.4048047
2017-07-08 12:00:00,6.1801405
2017-07-09 12:00:00,5.919327
2017-07-10 12:00:00,5.758827
2017-07-11 12:00:00,5.5422616
2017-07-12 12:00:00,6.0637875
2017-07-13 12:00:00,6.4224634
2017-07-14 12:00:00,6.209049
2017-07-15 12:00:00,5.985171
2017-07-16 12:00:00,6.3987036
2017-07-17 12:00:00,5.779325
2017-07-18 12:00:00,5.7373834
2017-07-19 12:00:00,4.9513025
2017-07-20 12:00:00,4.769395
2017-07-21 12:00:00,4.523839
2017-07-22 12:00:00,4.469642
2017-07-23 12:00:00,5.337573
2017-07-24 12:00:00,5.072395
2017-07-25 12:00:00,5.425393
2017-07-26 12:00:00,6.7811303
2017-07-27 12:00:00,6.7912283
2017-07-28 12:00:00,5.897787
2017-07-29 12:00:00,5.85716
2017-07-30 12:00:00,7.4348097
2017-07-31 12:00:00,7.044116
2017-08-01 12:00:00,6.3930926
2017-08-02 12:00:00,6.596778
2017-08-03 12:00:00,7.764052
2017-08-04 12:00:00,7.751625
2017-08-05 12:00:00,7.208063
2017-08-06 12:00:00,5.9662447
2017-08-07 12:00:00,5.6101193
2017-08-08 12:00:00,5.1820946
2017-08-09 12:00:00,4.4374433
2017-08-10 12:00:00,5.132526
2017-08-11 12:00:00,4.8042483
2017-08-12 12:00:00,4.505432
2017-08-13 12:00:00,5.620653
2017-08-14 12:00:00,5.56473
2017-08-15 12:00:00,5.6551385
2017-08-16 12:00:00,5.8821554
2017-08-17 12:00:00,6.51259
2017-08-18 12:00:00,4.980688
2017-08-19 12:00:00,4.2419543
2017-08-20 12:00:00,4.728514
2017-08-21 12:00:00,5.2852745
2017-08-22 12:00:00,4.690284
2017-08-23 12:00:00,4.216999
2017-08-24 12:00:00,5.774712
2017-08-25 12:00:00,5.050116
2017-08-26 12:00:00,5.5222216
2017-08-27 12:00:00,5.9644156
2017-08-28 12:00:00,4.672948
2017-08-29 12:00:00,3.3780382
2017-08-30 12:00:00,3.2120993
2017-08-31 12:00:00,4.1590443
2017-09-01 12:00:00,4.454707
2017-09-02 12:00:00,5.3903956
2017-09-03 12:00:00,5.818212
2017-09-04 12:00:00,5.546974
2017-09-05 12:00:00,7.167166
2017-09-06 12:00:00,7.275686
2017-09-07 12:00:00,6.8513775
2017-09-08 12:00:00,6.3961973
2017-09-09 12:00:00,5.346729
2017-09-10 12:00:00,3.575915
2017-09-11 12:00:00,3.2935197
2017-09-12 12:00:00,3.8958092
2017-09-13 12:00:00,3.9021738
2017-09-14 12:00:00,5.2938647
2017-09-15 12:00:00,6.1202736
2017-09-16 12:00:00,5.525486
2017-09-17 12:00:00,4.6075497
2017-09-18 12:00:00,4.874159
2017-09-19 12:00:00,4.468357
2017-09-20 12:00:00,5.1827116
2017-09-21 12:00:00,4.839168
2017-09-22 12:00:00,5.019009
2017-09-23 12:00:00,5.601488
2017-09-24 12:00:00,6.1861043
2017-09-25 12:00:00,6.094575
2017-09-26 12:00:00,5.6467166
2017-09-27 12:00:00,4.9028087
2017-09-28 12:00:00,5.2868195
2017-09-29 12:00:00,5.023179
2017-09-30 12:00:00,4.167052
2017-10-01 12:00:00,4.471193
2017-10-02 12:00:00,4.4592423
2017-10-03 12:00:00,4.707315
2017-10-04 12:00:00,5.2960906
2017-10-05 12:00:00,6.307096
2017-10-06 12:00:00,4.8884163
2017-10-07 12:00:00,6.064039
2017-10-08 12:00:00,5.472704
2017-10-09 12:00:00,6.723868
2017-10-10 12:00:00,5.6075525
2017-10-11 12:00:00,6.1809807
2017-10-12 12:00:00,5.775885
2017-10-13 12:00:00,5.767882
2017-10-14 12:00:00,6.079242
2017-10-15 12:00:00,6.0904117
2017-10-16 12:00:00,6.0320196
2017-10-17 12:00:00,6.700713
2017-10-18 12:00:00,5.7466617
2017-10-19 12:00:00,5.2467337
2017-10-20 12:00:00,3.9895852
2017-10-21 12:00:00,3.5566392
2017-10-22 12:00:00,3.6557245
2017-10-23 12:00:00,3.7023723
2017-10-24 12:00:00,2.57492
2017-10-25 12:00:00,2.3177474
2017-10-26 12:00:00,3.7281437
2017-10-27 12:00:00,3.0357099
2017-10-28 12:00:00,2.7118223
2017-10-29 12:00:00,3.1813614
2017-10-30 12:00:00,4.2515864
2017-10-31 12:00:00,4.268085
2017-11-01 12:00:00,5.0034633
2017-11-02 12:00:00,5.49444
2017-11-03 12:00:00,4.4921875
2017-11-04 12:00:00,4.504111
2017-11-05 12:00:00,4.460664
2017-11-06 12:00:00,4.1638155
2017-11-07 12:00:00,4.556342
2017-11-08 12:00:00,4.4902873
2017-11-09 12:00:00,5.009222
2017-11-10 12:00:00,6.2808685
2017-11-11 12:00:00,4.866475
2017-11-12 12:00:00,5.2865634
2017-11-13 12:00:00,5.115612
2017-11-14 12:00:00,4.4490056
2017-11-15 12:00:00,3.737341
2017-11-16 12:00:00,2.7240233
2017-11-17 12:00:00,2.2530107
2017-11-18 12:00:00,2.1589766
2017-11-19 12:00:00,2.6411273
2017-11-20 12:00:00,3.0507638
2017-11-21 12:00:00,3.4329035
2017-11-22 12:00:00,3.737112
2017-11-23 12:00:00,4.450933
2017-11-24 12:00:00,5.56739
2017-11-25 12:00:00,5.8333726
2017-11-26 12:00:00,6.197867
2017-11-27 12:00:00,6.001735
2017-11-28 12:00:00,5.9034104
2017-11-29 12:00:00,5.804454
2017-11-30 12:00:00,6.0597234
2017-12-01 12:00:00,5.9845123
2017-12-02 12:00:00,5.9024963
2017-12-03 12:00:00,5.914682
2017-12-04 12:00:00,5.696402
2017-12-05 12:00:00,6.3457103
2017-12-06 12:00:00,5.976364
2017-12-07 12:00:00,4.1617675
2017-12-08 12:00:00,2.9860828
2017-12-09 12:00:00,2.7602103
2017-12-10 12:00:00,1.8393188
2017-12-11 12:00:00,2.3179138
2017-12-12 12:00:00,2.46724
2017-12-13 12:00:00,2.5175714
2017-12-14 12:00:00,2.89916
2017-12-15 12:00:00,3.5265403
2017-12-16 12:00:00,3.8730695
2017-12-17 12:00:00,5.1539645
2017-12-18 12:00:00,4.93326
2017-12-19 12:00:00,4.1918087
2017-12-20 12:00:00,4.5326834
2017-12-21 12:00:00,4.655311
2017-12-22 12:00:00,5.728106
2017-12-23 12:00:00,5.1757774
2017-12-24 12:00:00,3.8862576
2017-12-25 12:00:00,4.747748
2017-12-26 12:00:00,4.127057
2017-12-27 12:00:00,4.450505
2017-12-28 12:00:00,3.558184
2017-12-29 12:00:00,3.5483642
2017-12-30 12:00:00,4.6221175
2017-12-31 12:00:00,4.4089265
2018-01-01 12:00:00,4.5994525
2018-01-02 12:00:00,4.986135
2018-01-03 12:00:00,5.110671
2018-01-04 12:00:00,5.244697
2018-01-05 12:00:00,4.3565364
2018-01-06 12:00:00,4.4908075
2018-01-07 12:00:00,3.4144871
2018-01-08 12:00:00,2.756683
2018-01-09 12:00:00,2.1344106
2018-01-10 12:00:00,2.4642997
2018-01-11 12:00:00,2.2817268
2018-01-12 12:00:00,2.828254
2018-01-13 12:00:00,3.5044045
2018-01-14 12:00:00,4.4688635
2018-01-15 12:00:00,4.194237
2018-01-16 12:00:00,3.8437135
2018-01-17 12:00:00,4.4150853
2018-01-18 12:00:00,4.8137946
2018-01-19 12:00:00,4.3658547
2018-01-20 12:00:00,4.0753646
2018-01-21 12:00:00,4.250912
2018-01-22 12:00:00,3.2055874
2018-01-23 12:00:00,4.431092
2018-01-24 12:00:00,3.959821
2018-01-25 12:00:00,3.4786363
2018-01-26 12:00:00,3.60869
2018-01-27 12:00:00,3.9969585
2018-01-28 12:00:00,3.44851
2018-01-29 12:00:00,3.5289714
2018-01-30 12:00:00,3.541617
2018-01-31 12:00:00,2.4209259
2018-02-01 12:00:00,3.5732765
2018-02-02 12:00:00,3.6139038
2018-02-03 12:00:00,3.4197104
2018-02-04 12:00:00,3.1942058
2018-02-05 12:00:00,3.842573
2018-02-06 12:00:00,3.547628
2018-02-07 12:00:00,3.1639087
2018-02-08 12:00:00,4.3155994
2018-02-09 12:00:00,3.6065385
2018-02-10 12:00:00,3.801278
2018-02-11 12:00:00,3.9771464
2018-02-12 12:00:00,4.5975604
2018-02-13 12:00:00,4.0811734
2018-02-14 12:00:00,3.8600707
2018-02-15 12:00:00,4.1932454
2018-02-16 12:00:00,4.691219
2018-02-17 12:00:00,4.224821
2018-02-18 12:00:00,3.4995215
2018-02-19 12:00:00,4.2953997
2018-02-20 12:00:00,4.1026535
2018-02-21 12:00:00,2.9084597
2018-02-22 12:00:00,3.091396
2018-02-23 12:00:00,2.7705426
2018-02-24 12:00:00,3.6215413
2018-02-25 12:00:00,3.8815641
2018-02-26 12:00:00,3.825854
2018-02-27 12:00:00,3.2296255
2018-02-28 12:00:00,3.0307581
2018-03-01 12:00:00,3.2566128
2018-03-02 12:00:00,3.118735
2018-03-03 12:00:00,2.1559777
2018-03-04 12:00:00,2.634704
2018-03-05 12:00:00,2.7679904
2018-03-06 12:00:00,2.8977258
2018-03-07 12:00:00,3.4761536
2018-03-08 12:00:00,3.1605425
2018-03-09 12:00:00,4.423858
2018-03-10 12:00:00,5.028933
2018-03-11 12:00:00,4.0027385
2018-03-12 12:00:00,3.8330977
2018-03-13 12:00:00,3.6213784
2018-03-14 12:00:00,2.7890084
2018-03-15 12:00:00,3.2551339
2018-03-16 12:00:00,3.1294272
2018-03-17 12:00:00,3.683376
2018-03-18 12:00:00,3.6157925
2018-03-19 12:00:00,2.9789336
2018-03-20 12:00:00,3.2998588
2018-03-21 12:00:00,4.5963516
2018-03-22 12:00:00,4.886136
2018-03-23 12:00:00,3.8660505
2018-03-24 12:00:00,3.4241672
2018-03-25 12:00:00,2.9768405
2018-03-26 12:00:00,2.7239316
2018-03-27 12:00:00,2.4307418
2018-03-28 12:00:00,2.4377928
2018-03-29 12:00:00,2.4843411
2018-03-30 12:00:00,2.8116608
2018-03-31 12:00:00,3.6734397
2018-04-01 12:00:00,3.365089
2018-04-02 12:00:00,3.026284
2018-04-03 12:00:00,2.1773658
2018-04-04 12:00:00,2.0189946
2018-04-05 12:00:00,1.9158335
2018-04-06 12:00:00,2.1310802
2018-04-07 12:00:00,2.428777
2018-04-08 12:00:00,2.8972096
2018-04-09 12:00:00,2.7778609
2018-04-10 12:00:00,3.217722
2018-04-11 12:00:00,2.2839098
2018-04-12 12:00:00,2.1925936
2018-04-13 12:00:00,3.0874667
2018-04-14 12:00:00,2.3609822
2018-04-15 12:00:00,2.6167717
2018-04-16 12:00:00,3.0678194
2018-04-17 12:00:00,2.225729
2018-04-18 12:00:00,2.348826
2018-04-19 12:00:00,2.6093357
2018-04-20 12:00:00,2.9883733
2018-04-21 12:00:00,2.5214398
2018-04-22 12:00:00,3.1174207
2018-04-23 12:00:00,3.2381873
2018-04-24 12:00:00,2.4879138
2018-04-25 12:00:00,3.2919111
2018-04-26 12:00:00,4.3859725
2018-04-27 12:00:00,2.9008052
2018-04-28 12:00:00,3.273848
2018-04-29 12:00:00,3.6263583
2018-04-30 12:00:00,3.996447
2018-05-01 12:00:00,3.8527973
2018-05-02 12:00:00,3.9762158
2018-05-03 12:00:00,2.9365654
2018-05-04 12:00:00,2.8998008
2018-05-05 12:00:00,3.186198
2018-05-06 12:00:00,2.656895
2018-05-07 12:00:00,2.6155035
2018-05-08 12:00:00,2.2792785
2018-05-09 12:00:00,2.1941972
2018-05-10 12:00:00,1.8619434
2018-05-11 12:00:00,1.6007639
2018-05-12 12:00:00,1.7823409
2018-05-13 12:00:00,2.0046833
2018-05-14 12:00:00,1.8584461
2018-05-15 12:00:00,2.1500683
2018-05-16 12:00:00,3.6699722
2018-05-17 12:00:00,3.4298956
2018-05-18 12:00:00,3.3978083
2018-05-19 12:00:00,3.5386782
2018-05-20 12:00:00,3.1223626
2018-05-21 12:00:00,4.6983004
2018-05-22 12:00:00,4.146032
2018-05-23 12:00:00,4.942895
2018-05-24 12:00:00,5.945776
2018-05-25 12:00:00,6.5581775
2018-05-26 12:00:00,6.4436026
2018-05-27 12:00:00,4.74133
2018-05-28 12:00:00,4.921983
2018-05-29 12:00:00,5.2045074
2018-05-30 12:00:00,5.5037565
2018-05-31 12:00:00,5.241899
2018-06-01 12:00:00,4.4227104
2018-06-02 12:00:00,4.4051995
2018-06-03 12:00:00,5.664096
2018-06-04 12:00:00,5.504696
2018-06-05 12:00:00,5.3927784
2018-06-06 12:00:00,5.4305954
2018-06-07 12:00:00,7.185904
2018-06-08 12:00:00,7.293074
2018-06-09 12:00:00,6.768362
2018-06-10 12:00:00,5.664029
2018-06-11 12:00:00,5.846137
2018-06-12 12:00:00,5.40792
2018-06-13 12:00:00,5.070494
2018-06-14 12:00:00,5.326396
2018-06-15 12:00:00,5.4695516
2018-06-16 12:00:00,5.4229937
2018-06-17 12:00:00,7.0990944
2018-06-18 12:00:00,7.0286245
2018-06-19 12:00:00,5.856924
2018-06-20 12:00:00,4.3775325
2018-06-21 12:00:00,4.282038
2018-06-22 12:00:00,5.38589
2018-06-23 12:00:00,5.2555914
2018-06-24 12:00:00,4.9283023
2018-06-25 12:00:00,5.6117516
2018-06-26 12:00:00,5.3430586
2018-06-27 12:00:00,5.744498
2018-06-28 12:00:00,3.703864
2018-06-29 12:00:00,4.462591
2018-06-30 12:00:00,4.127075
2018-07-01 12:00:00,3.792298
2018-07-02 12:00:00,4.475882
2018-07-03 12:00:00,4.3469615
2018-07-04 12:00:00,5.1158457
2018-07-05 12:00:00,5.5255227
2018-07-06 12:00:00,5.678435
2018-07-07 12:00:00,5.5469646
2018-07-08 12:00:00,7.3242245
2018-07-09 12:00:00,8.081094
2018-07-10 12:00:00,6.496405
2018-07-11 12:00:00,5.471615
2018-07-12 12:00:00,5.2911267
2018-07-13 12:00:00,6.2252064
2018-07-14 12:00:00,6.8888626
2018-07-15 12:00:00,6.5591226
2018-07-16 12:00:00,5.2836084
2018-07-17 12:00:00,5.9523244
2018-07-18 12:00:00,6.374776
2018-07-19 12:00:00,7.7837286
2018-07-20 12:00:00,6.4126844
2018-07-21 12:00:00,5.6450577
2018-07-22 12:00:00,5.7257366
2018-07-23 12:00:00,5.530072
2018-07-24 12:00:00,6.3280005
2018-07-25 12:00:00,6.563223
2018-07-26 12:00:00,6.651541
2018-07-27 12:00:00,6.4197793
2018-07-28 12:00:00,6.317751
2018-07-29 12:00:00,7.333817
2018-07-30 12:00:00,6.9523554
2018-07-31 12:00:00,6.3555274
2018-08-01 12:00:00,5.2686825
2018-08-02 12:00:00,4.27457
2018-08-03 12:00:00,4.905808
2018-08-04 12:00:00,6.010368
2018-08-05 12:00:00,6.607408
2018-08-06 12:00:00,7.623833
2018-08-07 12:00:00,6.941141
2018-08-08 12:00:00,6.1492634
2018-08-09 12:00:00,6.048948
2018-08-10 12:00:00,6.4715734
2018-08-11 12:00:00,7.4877033
2018-08-12 12:00:00,7.2182736
2018-08-13 12:00:00,6.3274555
2018-08-14 12:00:00,6.2423067
2018-08-15 12:00:00,5.1913805
2018-08-16 12:00:00,5.846102
2018-08-17 12:00:00,7.127414
2018-08-18 12:00:00,6.716039
2018-08-19 12:00:00,7.4732947
2018-08-20 12:00:00,7.044395
2018-08-21 12:00:00,6.8540416
2018-08-22 12:00:00,6.1523933
2018-08-23 12:00:00,5.640133
2018-08-24 12:00:00,6.277064
2018-08-25 12:00:00,5.6930833
2018-08-26 12:00:00,5.6749587
2018-08-27 12:00:00,5.766557
2018-08-28 12:00:00,5.34044
2018-08-29 12:00:00,4.8252516
2018-08-30 12:00:00,5.485665
2018-08-31 12:00:00,5.5591006
2018-09-01 12:00:00,4.8063526
2018-09-02 12:00:00,4.9479446
2018-09-03 12:00:00,5.4941287
2018-09-04 12:00:00,5.368562
2018-09-05 12:00:00,4.9488773
2018-09-06 12:00:00,4.848829
2018-09-07 12:00:00,5.3328924
2018-09-08 12:00:00,5.2486124
2018-09-09 12:00:00,5.002766
2018-09-10 12:00:00,3.5177855
2018-09-11 12:00:00,2.648034
2018-09-12 12:00:00,3.7940528
2018-09-13 12:00:00,4.4085884
2018-09-14 12:00:00,5.2586894
2018-09-15 12:00:00,6.2507787
2018-09-16 12:00:00,7.104043
2018-09-17 12:00:00,7.0953336
2018-09-18 12:00:00,6.024391
2018-09-19 12:00:00,5.7329698
2018-09-20 12:00:00,5.263271
2018-09-21 12:00:00,3.6328871
2018-09-22 12:00:00,3.43661
2018-09-23 12:00:00,3.262617
2018-09-24 12:00:00,3.7733681
2018-09-25 12:00:00,3.922137
2018-09-26 12:00:00,4.106678
2018-09-27 12:00:00,3.9014683
2018-09-28 12:00:00,3.3315537
2018-09-29 12:00:00,4.0305657
2018-09-30 12:00:00,4.0631256
2018-10-01 12:00:00,4.5870986
2018-10-02 12:00:00,3.2483442
2018-10-03 12:00:00,3.729751
2018-10-04 12:00:00,3.5172474
2018-10-05 12:00:00,4.544802
2018-10-06 12:00:00,4.563857
2018-10-07 12:00:00,5.200458
2018-10-08 12:00:00,4.3325458
2018-10-09 12:00:00,4.6720386
2018-10-10 12:00:00,5.7327194
2018-10-11 12:00:00,5.2506413
2018-10-12 12:00:00,3.942763
2018-10-13 12:00:00,2.9949946
2018-10-14 12:00:00,2.6114328
2018-10-15 12:00:00,2.5392709
2018-10-16 12:00:00,2.616215
2018-10-17 12:00:00,3.448476
2018-10-18 12:00:00,2.7507563
2018-10-19 12:00:00,2.8443978
2018-10-20 12:00:00,2.701742
2018-10-21 12:00:00,2.4364877
2018-10-22 12:00:00,3.4276376
2018-10-23 12:00:00,3.5776734
2018-10-24 12:00:00,3.8543344
2018-10-25 12:00:00,3.5015206
2018-10-26 12:00:00,2.9822066
2018-10-27 12:00:00,3.4598305
2018-10-28 12:00:00,3.6630085
2018-10-29 12:00:00,4.223885
2018-10-30 12:00:00,4.5309505
2018-10-31 12:00:00,4.581118
2018-11-01 12:00:00,4.313929
2018-11-02 12:00:00,4.1999416
2018-11-03 12:00:00,4.075578
2018-11-04 12:00:00,4.026619
2018-11-05 12:00:00,4.1307306
2018-11-06 12:00:00,4.597214
2018-11-07 12:00:00,4.4705033
2018-11-08 12:00:00,4.502959
2018-11-09 12:00:00,4.634825
2018-11-10 12:00:00,4.6604776
2018-11-11 12:00:00,5.0906534
2018-11-12 12:00:00,6.072865
2018-11-13 12:00:00,5.918169
2018-11-14 12:00:00,4.8257313
2018-11-15 12:00:00,3.1881905
2018-11-16 12:00:00,3.4213219
2018-11-17 12:00:00,3.9849324
2018-11-18 12:00:00,3.6782598
2018-11-19 12:00:00,3.614349
2018-11-20 12:00:00,3.3658934
2018-11-21 12:00:00,3.6388168
2018-11-22 12:00:00,2.8329475
2018-11-23 12:00:00,3.1745157
2018-11-24 12:00:00,2.683652
2018-11-25 12:00:00,3.359323
2018-11-26 12:00:00,2.7662778
2018-11-27 12:00:00,2.496067
2018-11-28 12:00:00,3.159466
2018-11-29 12:00:00,3.40937
2018-11-30 12:00:00,3.5605636
2018-12-01 12:00:00,3.0532608
2018-12-02 12:00:00,3.303512
2018-12-03 12:00:00,3.1782973
2018-12-04 12:00:00,3.9354973
2018-12-05 12:00:00,3.734747
2018-12-06 12:00:00,4.293404
2018-12-07 12:00:00,3.9230106
2018-12-08 12:00:00,3.6722174
2018-12-09 12:00:00,4.9793487
2018-12-10 12:00:00,5.6801147
2018-12-11 12:00:00,4.8832335
2018-12-12 12:00:00,6.843655
2018-12-13 12:00:00,6.714538
2018-12-14 12:00:00,6.2112474
2018-12-15 12:00:00,5.3535914
2018-12-16 12:00:00,4.5672655
2018-12-17 12:00:00,4.6750073
2018-12-18 12:00:00,4.1549163
2018-12-19 12:00:00,4.105418
2018-12-20 12:00:00,3.8562455
2018-12-21 12:00:00,2.7155123
2018-12-22 12:00:00,2.8543618
2018-12-23 12:00:00,2.8982599
2018-12-24 12:00:00,2.8132799
2018-12-25 12:00:00,2.9315934
2018-12-26 12:00:00,3.4720674
2018-12-27 12:00:00,4.484249
2018-12-28 12:00:00,4.13568
2018-12-29 12:00:00,4.543677
2018-12-30 12:00:00,3.9464414
2018-12-31 12:00:00,3.5305514
2019-01-01 12:00:00,4.652555
2019-01-02 12:00:00,3.82205
2019-01-03 12:00:00,5.214572
2019-01-04 12:00:00,5.689877
2019-01-05 12:00:00,4.180652
2019-01-06 12:00:00,4.0041285
2019-01-07 12:00:00,2.8716736
2019-01-08 12:00:00,2.861751
2019-01-09 12:00:00,3.8687277
2019-01-10 12:00:00,3.983691
2019-01-11 12:00:00,3.6975918
2019-01-12 12:00:00,4.19954
2019-01-13 12:00:00,4.2236023
2019-01-14 12:00:00,3.3931599
2019-01-15 12:00:00,3.7486832
2019-01-16 12:00:00,5.00907
2019-01-17 12:00:00,4.921083
2019-01-18 12:00:00,4.715548
2019-01-19 12:00:00,5.27864
2019-01-20 12:00:00,5.407212
2019-01-21 12:00:00,4.6393337
2019-01-22 12:00:00,4.9833555
2019-01-23 12:00:00,5.0423374
2019-01-24 12:00:00,5.3124137
2019-01-25 12:00:00,4.413559
2019-01-26 12:00:00,5.1954217
2019-01-27 12:00:00,4.165239
2019-01-28 12:00:00,4.603737
2019-01-29 12:00:00,5.5240636
2019-01-30 12:00:00,5.807518
2019-01-31 12:00:00,5.1292605
2019-02-01 12:00:00,4.1066713
2019-02-02 12:00:00,3.0936053
2019-02-03 12:00:00,2.8161464
2019-02-04 12:00:00,2.5937202
2019-02-05 12:00:00,3.2927685
2019-02-06 12:00:00,3.6162114
2019-02-07 12:00:00,3.0236127
2019-02-08 12:00:00,2.9634898
2019-02-09 12:00:00,3.116775
2019-02-10 12:00:00,5.065273
2019-02-11 12:00:00,5.4383855
2019-02-12 12:00:00,6.048189
2019-02-13 12:00:00,4.606385
2019-02-14 12:00:00,4.1620297
2019-02-15 12:00:00,3.5210903
2019-02-16 12:00:00,2.5821228
2019-02-17 12:00:00,2.3086026
2019-02-18 12:00:00,2.4364145
2019-02-19 12:00:00,4.1051774
2019-02-20 12:00:00,4.803317
2019-02-21 12:00:00,5.60927
2019-02-22 12:00:00,5.0345287
2019-02-23 12:00:00,3.7865489
2019-02-24 12:00:00,3.7467215
2019-02-25 12:00:00,3.6905565
2019-02-26 12:00:00,4.1263022
2019-02-27 12:00:00,3.5811098
2019-02-28 12:00:00,3.0862381
2019-03-01 12:00:00,3.8895428
2019-03-02 12:00:00,3.5485125
2019-03-03 12:00:00,3.5823996
2019-03-04 12:00:00,3.8434424
2019-03-05 12:00:00,2.8504164
2019-03-06 12:00:00,3.062242
2019-03-07 12:00:00,2.641427
2019-03-08 12:00:00,3.4996924
2019-03-09 12:00:00,4.591221
2019-03-10 12:00:00,4.103512
2019-03-11 12:00:00,3.7522066
2019-03-12 12:00:00,2.9896324
2019-03-13 12:00:00,2.9955683
2019-03-14 12:00:00,3.325019
2019-03-15 12:00:00,2.9073813
2019-03-16 12:00:00,3.5086753
2019-03-17 12:00:00,3.782684
2019-03-18 12:00:00,3.1871781
2019-03-19 12:00:00,2.9590282
2019-03-20 12:00:00,2.5199587
2019-03-21 12:00:00,2.1275194
2019-03-22 12:00:00,3.4665558
2019-03-23 12:00:00,2.8414996
2019-03-24 12:00:00,3.1899738
2019-03-25 12:00:00,4.1556444
2019-03-26 12:00:00,2.6410491
2019-03-27 12:00:00,2.6979246
2019-03-28 12:00:00,3.2478218
2019-03-29 12:00:00,2.4512475
2019-03-30 12:00:00,3.033741
2019-03-31 12:00:00,3.177719
2019-04-01 12:00:00,2.6796212
2019-04-02 12:00:00,1.7453455
2019-04-03 12:00:00,2.072087
2019-04-04 12:00:00,1.7071091
2019-04-05 12:00:00,2.582225
2019-04-06 12:00:00,2.719723
2019-04-07 12:00:00,2.4400353
2019-04-08 12:00:00,2.9812055
2019-04-09 12:00:00,3.3090239
2019-04-10 12:00:00,3.159023
2019-04-11 12:00:00,3.217923
2019-04-12 12:00:00,2.6456685
2019-04-13 12:00:00,2.163072
2019-04-14 12:00:00,2.1242785
2019-04-15 12:00:00,2.4023411
2019-04-16 12:00:00,1.7956451
2019-04-17 12:00:00,2.6190588
2019-04-18 12:00:00,2.5748825
2019-04-19 12:00:00,3.6042206
2019-04-20 12:00:00,3.6779644
2019-04-21 12:00:00,4.069592
2019-04-22 12:00:00,3.4077442
2019-04-23 12:00:00,3.9428413
2019-04-24 12:00:00,3.593875
2019-04-25 12:00:00,4.555725
2019-04-26 12:00:00,4.2731314
2019-04-27 12:00:00,5.433629
2019-04-28 12:00:00,5.1489625
2019-04-29 12:00:00,5.5307913
2019-04-30 12:00:00,5.702067
2019-05-01 12:00:00,4.723346
2019-05-02 12:00:00,4.4772515
2019-05-03 12:00:00,4.7706947
2019-05-04 12:00:00,4.547248
2019-05-05 12:00:00,4.5883617
2019-05-06 12:00:00,4.4044266
2019-05-07 12:00:00,5.2250338
2019-05-08 12:00:00,5.3986325
2019-05-09 12:00:00,5.29216
2019-05-10 12:00:00,4.607615
2019-05-11 12:00:00,3.9268875
2019-05-12 12:00:00,4.088843
2019-05-13 12:00:00,3.240656
2019-05-14 12:00:00,3.3436067
2019-05-15 12:00:00,4.223404
2019-05-16 12:00:00,4.1494703
2019-05-17 12:00:00,3.8110836
2019-05-18 12:00:00,3.9588566
2019-05-19 12:00:00,2.9269404
2019-05-20 12:00:00,2.47702
2019-05-21 12:00:00,2.605666
2019-05-22 12:00:00,2.6933105
2019-05-23 12:00:00,2.9387786
2019-05-24 12:00:00,3.5513647
2019-05-25 12:00:00,3.5798323
2019-05-26 12:00:00,2.8867784
2019-05-27 12:00:00,2.901879
2019-05-28 12:00:00,3.823763
2019-05-29 12:00:00,4.5378847
2019-05-30 12:00:00,4.841721
2019-05-31 12:00:00,4.768189
2019-06-01 12:00:00,4.5515485
2019-06-02 12:00:00,3.8962958
2019-06-03 12:00:00,2.8671985
2019-06-04 12:00:00,3.0421252
2019-06-05 12:00:00,4.3692517
2019-06-06 12:00:00,5.458934
2019-06-07 12:00:00,5.5760703
2019-06-08 12:00:00,5.6920743
2019-06-09 12:00:00,5.279627
2019-06-10 12:00:00,4.4282527
2019-06-11 12:00:00,4.6897774
2019-06-12 12:00:00,4.656888
2019-06-13 12:00:00,4.5595818
2019-06-14 12:00:00,5.1121554
2019-06-15 12:00:00,4.6431394
2019-06-16 12:00:00,5.5493593
2019-06-17 12:00:00,5.839135
2019-06-18 12:00:00,5.728093
2019-06-19 12:00:00,6.3363166
2019-06-20 12:00:00,7.0887494
2019-06-21 12:00:00,6.6263556
2019-06-22 12:00:00,6.2013307
2019-06-23 12:00:00,5.7384334
2019-06-24 12:00:00,5.663921
2019-06-25 12:00:00,5.925627
2019-06-26 12:00:00,5.9989805
2019-06-27 12:00:00,6.1605916
2019-06-28 12:00:00,5.6967273
2019-06-29 12:00:00,6.287626
2019-06-30 12:00:00,5.990927
2019-07-01 12:00:00,6.02699
2019-07-02 12:00:00,5.7203145
2019-07-03 12:00:00,5.429431
2019-07-04 12:00:00,5.131508
2019-07-05 12:00:00,4.7657757
2019-07-06 12:00:00,3.841224
2019-07-07 12:00:00,3.7995646
2019-07-08 12:00:00,3.9936767
2019-07-09 12:00:00,4.125085
2019-07-10 12:00:00,3.0250773
2019-07-11 12:00:00,2.940551
2019-07-12 12:00:00,3.8539512
2019-07-13 12:00:00,3.6796482
2019-07-14 12:00:00,3.9017308
2019-07-15 12:00:00,4.5806694
2019-07-16 12:00:00,5.246533
2019-07-17 12:00:00,7.4089227
2019-07-18 12:00:00,8.222179
2019-07-19 12:00:00,7.94426
2019-07-20 12:00:00,6.862054
2019-07-21 12:00:00,4.8174806
2019-07-22 12:00:00,4.8404603
2019-07-23 12:00:00,4.3206444
2019-07-24 12:00:00,5.4267244
2019-07-25 12:00:00,4.0832376
2019-07-26 12:00:00,4.4089227
2019-07-27 12:00:00,4.3581553
2019-07-28 12:00:00,5.216872
2019-07-29 12:00:00,4.80942
2019-07-30 12:00:00,3.9800997
2019-07-31 12:00:00,5.482577
2019-08-01 12:00:00,6.7219615
2019-08-02 12:00:00,6.493206
2019-08-03 12:00:00,5.341157
2019-08-04 12:00:00,5.9471245
2019-08-05 12:00:00,6.7995462
2019-08-06 12:00:00,6.5194726
2019-08-07 12:00:00,6.4239383
2019-08-08 12:00:00,6.0743775
2019-08-09 12:00:00,5.5870337
2019-08-10 12:00:00,5.638498
2019-08-11 12:00:00,5.903478
2019-08-12 12:00:00,6.3988247
2019-08-13 12:00:00,6.3788667
2019-08-14 12:00:00,5.0804315
2019-08-15 12:00:00,5.274538
2019-08-16 12:00:00,6.009819
2019-08-17 12:00:00,4.642565
2019-08-18 12:00:00,4.1742153
2019-08-19 12:00:00,3.9401612
2019-08-20 12:00:00,5.0963087
2019-08-21 12:00:00,5.9361696
2019-08-22 12:00:00,5.761417
2019-08-23 12:00:00,5.3886876
2019-08-24 12:00:00,5.748814
2019-08-25 12:00:00,6.2791443
2019-08-26 12:00:00,5.365276
2019-08-27 12:00:00,5.3635087
2019-08-28 12:00:00,4.8461814
2019-08-29 12:00:00,5.5471945
2019-08-30 12:00:00,6.3027463
2019-08-31 12:00:00,6.7462406
2019-09-01 12:00:00,5.3249393
2019-09-02 12:00:00,4.7317147
2019-09-03 12:00:00,6.2117004
2019-09-04 12:00:00,6.181026
2019-09-05 12:00:00,6.1278257
2019-09-06 12:00:00,5.933922
2019-09-07 12:00:00,5.283458
2019-09-08 12:00:00,5.254129
2019-09-09 12:00:00,5.1574726
2019-09-10 12:00:00,5.9231186
2019-09-11 12:00:00,4.553856
2019-09-12 12:00:00,3.7852745
2019-09-13 12:00:00,4.2629566
2019-09-14 12:00:00,6.276335
2019-09-15 12:00:00,6.3496795
2019-09-16 12:00:00,5.6418242
2019-09-17 12:00:00,5.556133
2019-09-18 12:00:00,5.1749687
2019-09-19 12:00:00,4.1603293
2019-09-20 12:00:00,3.9822283
2019-09-21 12:00:00,4.75273
2019-09-22 12:00:00,5.4875536
2019-09-23 12:00:00,5.035644
2019-09-24 12:00:00,3.6660233
2019-09-25 12:00:00,3.8164756
2019-09-26 12:00:00,3.167728
2019-09-27 12:00:00,3.420823
2019-09-28 12:00:00,3.393716
2019-09-29 12:00:00,2.9350111
2019-09-30 12:00:00,2.204967
2019-10-01 12:00:00,2.1968737
2019-10-02 12:00:00,3.0881836
2019-10-03 12:00:00,3.8558311
2019-10-04 12:00:00,2.4887764
2019-10-05 12:00:00,2.1956348
2019-10-06 12:00:00,2.9423144
2019-10-07 12:00:00,2.419244
2019-10-08 12:00:00,3.1449711
2019-10-09 12:00:00,3.4112356
2019-10-10 12:00:00,2.987941
2019-10-11 12:00:00,2.595266
2019-10-12 12:00:00,2.7520952
2019-10-13 12:00:00,2.3525934
2019-10-14 12:00:00,2.6918862
2019-10-15 12:00:00,4.1238294
2019-10-16 12:00:00,3.350929
2019-10-17 12:00:00,3.2508037
2019-10-18 12:00:00,3.7481863
2019-10-19 12:00:00,4.0131803
2019-10-20 12:00:00,3.9822793
2019-10-21 12:00:00,3.3948126
2019-10-22 12:00:00,3.3669796
2019-10-23 12:00:00,3.9226737
2019-10-24 12:00:00,3.6571763
2019-10-25 12:00:00,3.2754972
2019-10-26 12:00:00,3.9840374
2019-10-27 12:00:00,3.5239632
2019-10-28 12:00:00,3.8672814
2019-10-29 12:00:00,3.8831565
2019-10-30 12:00:00,2.6153545
2019-10-31 12:00:00,3.0224075
2019-11-01 12:00:00,3.4478745
2019-11-02 12:00:00,3.9653192
2019-11-03 12:00:00,4.297044
2019-11-04 12:00:00,4.528777
2019-11-05 12:00:00,4.9531226
2019-11-06 12:00:00,5.687801
2019-11-07 12:00:00,4.644136
2019-11-08 12:00:00,3.6909528
2019-11-09 12:00:00,3.3137832
2019-11-10 12:00:00,2.7068949
2019-11-11 12:00:00,2.4755785
2019-11-12 12:00:00,2.177003
2019-11-13 12:00:00,3.5038471
2019-11-14 12:00:00,3.3542247
2019-11-15 12:00:00,2.7358675
2019-11-16 12:00:00,2.4875393
2019-11-17 12:00:00,2.71879
2019-11-18 12:00:00,3.0547047
2019-11-19 12:00:00,2.474655
2019-11-20 12:00:00,3.0187235
2019-11-21 12:00:00,3.3300176
2019-11-22 12:00:00,2.9748645
2019-11-23 12:00:00,2.6952145
2019-11-24 12:00:00,3.2060463
2019-11-25 12:00:00,4.3968587
2019-11-26 12:00:00,4.9899697
2019-11-27 12:00:00,4.9797897
2019-11-28 12:00:00,4.2285194
2019-11-29 12:00:00,3.4663255
2019-11-30 12:00:00,3.3900802
2019-12-01 12:00:00,3.1558206
2019-12-02 12:00:00,3.3566897
2019-12-03 12:00:00,3.452464
2019-12-04 12:00:00,4.28191
2019-12-05 12:00:00,3.9882221
2019-12-06 12:00:00,4.982716
2019-12-07 12:00:00,4.1220665
2019-12-08 12:00:00,3.850905
2019-12-09 12:00:00,4.117055
2019-12-10 12:00:00,3.3416793
2019-12-11 12:00:00,3.6660292
2019-12-12 12:00:00,3.9148285
2019-12-13 12:00:00,4.9075613
2019-12-14 12:00:00,4.4114795
2019-12-15 12:00:00,4.745443
2019-12-16 12:00:00,4.5253615
2019-12-17 12:00:00,4.520683
2019-12-18 12:00:00,4.103929
2019-12-19 12:00:00,4.034034
2019-12-20 12:00:00,3.1621025
2019-12-21 12:00:00,3.6672542
2019-12-22 12:00:00,3.544702
2019-12-23 12:00:00,2.816495
2019-12-24 12:00:00,3.65284
2019-12-25 12:00:00,3.8567383
2019-12-26 12:00:00,3.7687235
2019-12-27 12:00:00,3.7253933
2019-12-28 12:00:00,4.0121837
2019-12-29 12:00:00,4.302573
2019-12-30 12:00:00,3.8035038
2019-12-31 12:00:00,3.7665253
2020-01-01 12:00:00,3.8134615
2020-01-02 12:00:00,4.154843
2020-01-03 12:00:00,3.8399475
2020-01-04 12:00:00,4.2961
2020-01-05 12:00:00,4.669477
2020-01-06 12:00:00,5.449596
2020-01-07 12:00:00,5.9060726
2020-01-08 12:00:00,5.481871
2020-01-09 12:00:00,5.610862
2020-01-10 12:00:00,4.1057773
2020-01-11 12:00:00,5.362797
2020-01-12 12:00:00,5.2280974
2020-01-13 12:00:00,5.1546
2020-01-14 12:00:00,4.40368
2020-01-15 12:00:00,4.717579
2020-01-16 12:00:00,4.373833
2020-01-17 12:00:00,4.1549306
2020-01-18 12:00:00,4.518818
2020-01-19 12:00:00,4.7458463
2020-01-20 12:00:00,3.9071035
2020-01-21 12:00:00,4.3551364
2020-01-22 12:00:00,5.0367837
2020-01-23 12:00:00,5.1466055
2020-01-24 12:00:00,5.4294844
2020-01-25 12:00:00,5.2740383
2020-01-26 12:00:00,5.2547803
2020-01-27 12:00:00,5.514517
2020-01-28 12:00:00,4.343918
2020-01-29 12:00:00,5.1328
2020-01-30 12:00:00,4.2198386
2020-01-31 12:00:00,5.2561088
2020-02-01 12:00:00,4.1666713
2020-02-02 12:00:00,4.935359
2020-02-03 12:00:00,5.094929
2020-02-04 12:00:00,5.7718515
2020-02-05 12:00:00,4.8030777
2020-02-06 12:00:00,4.7604384
2020-02-07 12:00:00,4.8974586
2020-02-08 12:00:00,4.480449
2020-02-09 12:00:00,5.5040216
2020-02-10 12:00:00,5.8219647
2020-02-11 12:00:00,6.374273
2020-02-12 12:00:00,5.23694
2020-02-13 12:00:00,3.7568984
2020-02-14 12:00:00,3.550841
2020-02-15 12:00:00,3.9291406
2020-02-16 12:00:00,3.978941
2020-02-17 12:00:00,4.9546056
2020-02-18 12:00:00,4.15789
2020-02-19 12:00:00,4.9018383
2020-02-20 12:00:00,5.546714
2020-02-21 12:00:00,6.2425237
2020-02-22 12:00:00,6.345084
2020-02-23 12:00:00,5.480611
2020-02-24 12:00:00,5.1518054
2020-02-25 12:00:00,4.918589
2020-02-26 12:00:00,5.236601
2020-02-27 12:00:00,5.378236
2020-02-28 12:00:00,5.468143
2020-02-29 12:00:00,4.443056
2020-03-01 12:00:00,4.382179
2020-03-02 12:00:00,4.025482
2020-03-03 12:00:00,3.6930184
2020-03-04 12:00:00,3.1351006
2020-03-05 12:00:00,1.7355748
2020-03-06 12:00:00,1.885002
2020-03-07 12:00:00,3.2720506
2020-03-08 12:00:00,5.193595
2020-03-09 12:00:00,4.023814
2020-03-10 12:00:00,3.952212
2020-03-11 12:00:00,2.844623
2020-03-12 12:00:00,3.3147833
2020-03-13 12:00:00,3.2888455
2020-03-14 12:00:00,3.6861637
2020-03-15 12:00:00,4.034613
2020-03-16 12:00:00,4.4952374
2020-03-17 12:00:00,3.047179
2020-03-18 12:00:00,4.4108367
2020-03-19 12:00:00,3.231818
2020-03-20 12:00:00,3.3222525
2020-03-21 12:00:00,2.7537904
2020-03-22 12:00:00,3.1714962
2020-03-23 12:00:00,3.9672847
2020-03-24 12:00:00,4.5440626
2020-03-25 12:00:00,3.2745101
2020-03-26 12:00:00,3.8113127
2020-03-27 12:00:00,3.4876013
2020-03-28 12:00:00,3.3878422
2020-03-29 12:00:00,3.0067253
2020-03-30 12:00:00,3.7820284
2020-03-31 12:00:00,2.8262646
2020-04-01 12:00:00,3.2674065
2020-04-02 12:00:00,2.8076437
2020-04-03 12:00:00,2.4604201
2020-04-04 12:00:00,3.251545
2020-04-05 12:00:00,3.3103714
2020-04-06 12:00:00,2.9276843
2020-04-07 12:00:00,2.5588546
2020-04-08 12:00:00,3.3515646
2020-04-09 12:00:00,2.7927036
2020-04-10 12:00:00,2.7124424
2020-04-11 12:00:00,3.3630767
2020-04-12 12:00:00,2.414972
2020-04-13 12:00:00,2.117479
2020-04-14 12:00:00,2.2815406
2020-04-15 12:00:00,1.9521693
2020-04-16 12:00:00,2.0328114
2020-04-17 12:00:00,1.8733019
2020-04-18 12:00:00,2.1589441
2020-04-19 12:00:00,2.8717394
2020-04-20 12:00:00,3.6184456
2020-04-21 12:00:00,2.568677
2020-04-22 12:00:00,2.6867206
2020-04-23 12:00:00,2.2965586
2020-04-24 12:00:00,2.8451009
2020-04-25 12:00:00,2.9913132
2020-04-26 12:00:00,3.6268003
2020-04-27 12:00:00,3.4420776
2020-04-28 12:00:00,4.3030105
2020-04-29 12:00:00,4.1319304
2020-04-30 12:00:00,4.598146
2020-05-01 12:00:00,4.603243
2020-05-02 12:00:00,3.8442826
2020-05-03 12:00:00,4.1673784
2020-05-04 12:00:00,5.1441317
2020-05-05 12:00:00,5.2079463
2020-05-06 12:00:00,5.983309
2020-05-07 12:00:00,5.807403
2020-05-08 12:00:00,4.88942
2020-05-09 12:00:00,4.1561103
2020-05-10 12:00:00,3.5817251
2020-05-11 12:00:00,3.935744
2020-05-12 12:00:00,3.6023962
2020-05-13 12:00:00,4.857023
2020-05-14 12:00:00,4.2788725
2020-05-15 12:00:00,5.836087
2020-05-16 12:00:00,8.764644
2020-05-17 12:00:00,8.5518465
2020-05-18 12:00:00,9.282062
2020-05-19 12:00:00,9.104445
2020-05-20 12:00:00,7.8562403
2020-05-21 12:00:00,6.7784224
2020-05-22 12:00:00,6.414935
2020-05-23 12:00:00,5.4783773
2020-05-24 12:00:00,5.386696
2020-05-25 12:00:00,5.9124694
2020-05-26 12:00:00,4.2912664
2020-05-27 12:00:00,4.1250687
2020-05-28 12:00:00,3.84331
2020-05-29 12:00:00,3.8587098
2020-05-30 12:00:00,3.6930823
2020-05-31 12:00:00,2.7597263
2020-06-01 12:00:00,2.640013
2020-06-02 12:00:00,2.661895
2020-06-03 12:00:00,4.0114174
2020-06-04 12:00:00,4.4372487
2020-06-05 12:00:00,4.254068
2020-06-06 12:00:00,4.5780287
2020-06-07 12:00:00,4.165414
2020-06-08 12:00:00,4.7859755
2020-06-09 12:00:00,5.7805734
2020-06-10 12:00:00,5.784686
2020-06-11 12:00:00,5.788775
2020-06-12 12:00:00,3.7759507
2020-06-13 12:00:00,4.4911046
2020-06-14 12:00:00,5.232971
2020-06-15 12:00:00,5.792511
2020-06-16 12:00:00,5.7584777
2020-06-17 12:00:00,4.9866962
2020-06-18 12:00:00,5.339851
2020-06-19 12:00:00,4.9275312
2020-06-20 12:00:00,6.085557
2020-06-21 12:00:00,6.5467625
2020-06-22 12:00:00,5.915051
2020-06-23 12:00:00,4.398878
2020-06-24 12:00:00,4.1259565
2020-06-25 12:00:00,4.3566446
2020-06-26 12:00:00,3.6384566
2020-06-27 12:00:00,3.398894
2020-06-28 12:00:00,4.820145
2020-06-29 12:00:00,5.6052833
2020-06-30 12:00:00,4.485357
2020-07-01 12:00:00,3.596634
2020-07-02 12:00:00,5.086918
2020-07-03 12:00:00,5.372198
2020-07-04 12:00:00,5.054963
2020-07-05 12:00:00,4.1050706
2020-07-06 12:00:00,3.9546127
2020-07-07 12:00:00,3.4409554
2020-07-08 12:00:00,3.2461727
2020-07-09 12:00:00,3.7543812
2020-07-10 12:00:00,3.7477393
2020-07-11 12:00:00,4.510634
2020-07-12 12:00:00,4.177257
2020-07-13 12:00:00,4.4745665
2020-07-14 12:00:00,3.9125698
2020-07-15 12:00:00,4.5412326
2020-07-16 12:00:00,4.7456264
2020-07-17 12:00:00,3.5164807
2020-07-18 12:00:00,3.7293794
2020-07-19 12:00:00,3.2773862
2020-07-20 12:00:00,3.68706
2020-07-21 12:00:00,4.1518416
2020-07-22 12:00:00,4.0153
2020-07-23 12:00:00,4.002428
2020-07-24 12:00:00,4.3059616
2020-07-25 12:00:00,4.715607
2020-07-26 12:00:00,5.710139
2020-07-27 12:00:00,6.858281
2020-07-28 12:00:00,6.1419272
2020-07-29 12:00:00,5.95736
2020-07-30 12:00:00,5.3838067
2020-07-31 12:00:00,6.2724934
2020-08-01 12:00:00,6.0026255
2020-08-02 12:00:00,7.297889
2020-08-03 12:00:00,6.299959
2020-08-04 12:00:00,5.7565165
2020-08-05 12:00:00,5.1607275
2020-08-06 12:00:00,4.5464606
2020-08-07 12:00:00,4.937412
2020-08-08 12:00:00,4.7670255
2020-08-09 12:00:00,5.3444242
2020-08-10 12:00:00,4.6315103
2020-08-11 12:00:00,5.1582456
2020-08-12 12:00:00,5.056982
2020-08-13 12:00:00,4.5299006
2020-08-14 12:00:00,4.6295004
2020-08-15 12:00:00,3.6431656
2020-08-16 12:00:00,3.0871036
2020-08-17 12:00:00,3.8988142
2020-08-18 12:00:00,3.503887
2020-08-19 12:00:00,3.6679
2020-08-20 12:00:00,3.7500253
2020-08-21 12:00:00,3.3754551
2020-08-22 12:00:00,3.6140985
2020-08-23 12:00:00,2.6576934
2020-08-24 12:00:00,2.5132356
2020-08-25 12:00:00,3.012071
2020-08-26 12:00:00,3.057674
2020-08-27 12:00:00,3.937839
2020-08-28 12:00:00,4.3364425
2020-08-29 12:00:00,5.340818
2020-08-30 12:00:00,5.8502636
2020-08-31 12:00:00,5.389382
2020-09-01 12:00:00,5.9334583
2020-09-02 12:00:00,5.8394785
2020-09-03 12:00:00,4.627082
2020-09-04 12:00:00,3.9497457
2020-09-05 12:00:00,4.648922
2020-09-06 12:00:00,3.779393
2020-09-07 12:00:00,5.301343
2020-09-08 12:00:00,5.694046
2020-09-09 12:00:00,6.046601
2020-09-10 12:00:00,7.0896626
2020-09-11 12:00:00,6.160998
2020-09-12 12:00:00,3.7264876
2020-09-13 12:00:00,3.3835738
2020-09-14 12:00:00,4.0665174
2020-09-15 12:00:00,4.879307
2020-09-16 12:00:00,5.711938
2020-09-17 12:00:00,6.49744
2020-09-18 12:00:00,7.3391232
2020-09-19 12:00:00,7.386716
2020-09-20 12:00:00,5.023089
2020-09-21 12:00:00,3.0527184
2020-09-22 12:00:00,2.6412482
2020-09-23 12:00:00,3.017542
2020-09-24 12:00:00,4.290161
2020-09-25 12:00:00,3.5359344
2020-09-26 12:00:00,3.8084426
2020-09-27 12:00:00,3.3372388
2020-09-28 12:00:00,5.372299
2020-09-29 12:00:00,5.031402
2020-09-30 12:00:00,4.7322326
2020-10-01 12:00:00,5.09459
2020-10-02 12:00:00,5.857258
2020-10-03 12:00:00,5.9153204
2020-10-04 12:00:00,6.3704786
2020-10-05 12:00:00,5.216834
2020-10-06 12:00:00,6.8289475
2020-10-07 12:00:00,6.048776
2020-10-08 12:00:00,7.0866523
2020-10-09 12:00:00,7.29087
2020-10-10 12:00:00,7.688387
2020-10-11 12:00:00,7.4098735
2020-10-12 12:00:00,7.6490088
2020-10-13 12:00:00,5.8257427
2020-10-14 12:00:00,5.347341
2020-10-15 12:00:00,5.1598225
2020-10-16 12:00:00,6.0306597
2020-10-17 12:00:00,6.520234
2020-10-18 12:00:00,5.790353
2020-10-19 12:00:00,5.714692
2020-10-20 12:00:00,6.3309236
2020-10-21 12:00:00,5.81905
2020-10-22 12:00:00,5.426327
2020-10-23 12:00:00,5.3956914
2020-10-24 12:00:00,5.1363506
2020-10-25 12:00:00,3.7870715
2020-10-26 12:00:00,3.9851904
2020-10-27 12:00:00,4.6381545
2020-10-28 12:00:00,4.990977
2020-10-29 12:00:00,4.7728033
2020-10-30 12:00:00,5.3016367
2020-10-31 12:00:00,4.757104
2020-11-01 12:00:00,4.5350165
2020-11-02 12:00:00,4.1289334
2020-11-03 12:00:00,3.1847825
2020-11-04 12:00:00,2.6083422
2020-11-05 12:00:00,2.347759
2020-11-06 12:00:00,2.281244
2020-11-07 12:00:00,2.462938
2020-11-08 12:00:00,2.45559
2020-11-09 12:00:00,2.3794332
2020-11-10 12:00:00,2.7483413
2020-11-11 12:00:00,3.5393612
2020-11-12 12:00:00,3.5189993
2020-11-13 12:00:00,3.0676243
2020-11-14 12:00:00,3.323551
2020-11-15 12:00:00,3.8557427
2020-11-16 12:00:00,3.7910678
2020-11-17 12:00:00,4.632716
2020-11-18 12:00:00,3.7475777
2020-11-19 12:00:00,4.5984674
2020-11-20 12:00:00,4.4252725
2020-11-21 12:00:00,4.515589
2020-11-22 12:00:00,4.862983
2020-11-23 12:00:00,4.9361696
2020-11-24 12:00:00,4.739982
2020-11-25 12:00:00,4.4938717
2020-11-26 12:00:00,4.3977885
2020-11-27 12:00:00,4.691065
2020-11-28 12:00:00,3.884207
2020-11-29 12:00:00,4.415207
2020-11-30 12:00:00,5.3638783
2020-12-01 12:00:00,5.6128273
2020-12-02 12:00:00,4.7139535
2020-12-03 12:00:00,4.299281
2020-12-04 12:00:00,4.424332
2020-12-05 12:00:00,3.5599737
2020-12-06 12:00:00,2.706276
2020-12-07 12:00:00,3.2287948
2020-12-08 12:00:00,3.4992485
2020-12-09 12:00:00,4.0022287
2020-12-10 12:00:00,3.0583863
2020-12-11 12:00:00,4.0795636
2020-12-12 12:00:00,3.2643328
2020-12-13 12:00:00,3.276494
2020-12-14 12:00:00,2.7851012
2020-12-15 12:00:00,2.1506202
2020-12-16 12:00:00,2.4086497
2020-12-17 12:00:00,3.4208443
2020-12-18 12:00:00,3.5826414
2020-12-19 12:00:00,4.2980075
2020-12-20 12:00:00,4.319308
2020-12-21 12:00:00,3.9435043
2020-12-22 12:00:00,4.333467
2020-12-23 12:00:00,4.7946005
2020-12-24 12:00:00,4.6653566
2020-12-25 12:00:00,3.534979
2020-12-26 12:00:00,2.8034995
2020-12-27 12:00:00,2.3044007
2020-12-28 12:00:00,2.1051738
2020-12-29 12:00:00,2.5997646
2020-12-30 12:00:00,4.0557065
2020-12-31 12:00:00,4.508315
2021-01-01 12:00:00,3.5598907
2021-01-02 12:00:00,4.3304615
2021-01-03 12:00:00,4.656756
2021-01-04 12:00:00,3.1279035
2021-01-05 12:00:00,3.7599301
2021-01-06 12:00:00,3.4993994
2021-01-07 12:00:00,3.672198
2021-01-08 12:00:00,3.5791428
2021-01-09 12:00:00,4.9628277
2021-01-10 12:00:00,4.01004
2021-01-11 12:00:00,4.366426
2021-01-12 12:00:00,4.4369116
2021-01-13 12:00:00,3.8405287
2021-01-14 12:00:00,4.072208
2021-01-15 12:00:00,4.0117707
2021-01-16 12:00:00,4.1550326
2021-01-17 12:00:00,4.4163203
2021-01-18 12:00:00,4.1016436
2021-01-19 12:00:00,3.620638
2021-01-20 12:00:00,3.3137393
2021-01-21 12:00:00,3.7954824
2021-01-22 12:00:00,4.5137267
2021-01-23 12:00:00,4.3363175
2021-01-24 12:00:00,4.764479
2021-01-25 12:00:00,4.8619194
2021-01-26 12:00:00,4.64057
2021-01-27 12:00:00,3.6237762
2021-01-28 12:00:00,3.5542703
2021-01-29 12:00:00,3.2099686
2021-01-30 12:00:00,4.5589476
2021-01-31 12:00:00,5.1865363
2021-02-01 12:00:00,4.749952
2021-02-02 12:00:00,4.699352
2021-02-03 12:00:00,5.1392083
2021-02-04 12:00:00,5.2589808
2021-02-05 12:00:00,5.3646126
2021-02-06 12:00:00,4.091683
2021-02-07 12:00:00,4.0264325
2021-02-08 12:00:00,4.1823406
2021-02-09 12:00:00,4.993861
2021-02-10 12:00:00,4.992801
2021-02-11 12:00:00,3.7693603
2021-02-12 12:00:00,3.3959153
2021-02-13 12:00:00,2.595701
2021-02-14 12:00:00,3.0335083
2021-02-15 12:00:00,4.08379
2021-02-16 12:00:00,3.6680791
2021-02-17 12:00:00,3.9686656
2021-02-18 12:00:00,3.709961
2021-02-19 12:00:00,3.9384294
2021-02-20 12:00:00,4.7311206
2021-02-21 12:00:00,4.2545977
2021-02-22 12:00:00,4.2462535
2021-02-23 12:00:00,4.1991124
2021-02-24 12:00:00,2.978736
2021-02-25 12:00:00,3.4098825
2021-02-26 12:00:00,3.1883578
2021-02-27 12:00:00,3.4620466
2021-02-28 12:00:00,3.2373364
2021-03-01 12:00:00,3.9144816
2021-03-02 12:00:00,4.4963355
2021-03-03 12:00:00,4.035305
2021-03-04 12:00:00,3.6397233
2021-03-05 12:00:00,2.5964024
2021-03-06 12:00:00,2.981275
2021-03-07 12:00:00,2.959625
2021-03-08 12:00:00,3.1489005
2021-03-09 12:00:00,3.205402
2021-03-10 12:00:00,3.7211237
2021-03-11 12:00:00,3.7340677
2021-03-12 12:00:00,3.4279191
2021-03-13 12:00:00,3.5665162
2021-03-14 12:00:00,3.3316813
2021-03-15 12:00:00,3.37895
2021-03-16 12:00:00,3.2298427
2021-03-17 12:00:00,2.7765458
2021-03-18 12:00:00,3.0206933
2021-03-19 12:00:00,2.9332983
2021-03-20 12:00:00,3.1150043
2021-03-21 12:00:00,2.8072612
2021-03-22 12:00:00,2.7675567
2021-03-23 12:00:00,3.4803145
2021-03-24 12:00:00,3.538427
2021-03-25 12:00:00,3.7101352
2021-03-26 12:00:00,3.6989353
2021-03-27 12:00:00,3.4746964
2021-03-28 12:00:00,4.547968
2021-03-29 12:00:00,5.273487
2021-03-30 12:00:00,4.905288
2021-03-31 12:00:00,5.3736553
2021-04-01 12:00:00,6.9906707
2021-04-02 12:00:00,6.3933825
2021-04-03 12:00:00,6.2372084
2021-04-04 12:00:00,4.485482
2021-04-05 12:00:00,2.7030747
2021-04-06 12:00:00,2.72732
2021-04-07 12:00:00,2.6491623
2021-04-08 12:00:00,3.504784
2021-04-09 12:00:00,2.868392
2021-04-10 12:00:00,2.029401
2021-04-11 12:00:00,1.7453221
2021-04-12 12:00:00,1.4179692
2021-04-13 12:00:00,2.2453933
2021-04-14 12:00:00,1.8710141
2021-04-15 12:00:00,3.054691
2021-04-16 12:00:00,3.519909
2021-04-17 12:00:00,2.84058
2021-04-18 12:00:00,4.1364527
2021-04-19 12:00:00,3.7655034
2021-04-20 12:00:00,2.7082238
2021-04-21 12:00:00,3.7202659
2021-04-22 12:00:00,3.9633763
2021-04-23 12:00:00,4.3736234
2021-04-24 12:00:00,3.7365417
2021-04-25 12:00:00,2.9235888
2021-04-26 12:00:00,2.7928889
2021-04-27 12:00:00,2.2672997
2021-04-28 12:00:00,2.5146825
2021-04-29 12:00:00,2.0922704
2021-04-30 12:00:00,1.7952551
2021-05-01 12:00:00,2.299479
2021-05-02 12:00:00,3.2510214
2021-05-03 12:00:00,2.1777284
2021-05-04 12:00:00,3.003585
2021-05-05 12:00:00,2.4777703
2021-05-06 12:00:00,2.9669993
2021-05-07 12:00:00,1.3658794
2021-05-08 12:00:00,1.5569577
2021-05-09 12:00:00,2.0358632
2021-05-10 12:00:00,2.2390602
2021-05-11 12:00:00,1.7634059
2021-05-12 12:00:00,1.9198638
2021-05-13 12:00:00,3.4628694
2021-05-14 12:00:00,2.651479
2021-05-15 12:00:00,3.0630019
2021-05-16 12:00:00,1.934888
2021-05-17 12:00:00,4.103667
2021-05-18 12:00:00,3.3055177
2021-05-19 12:00:00,3.8390648
2021-05-20 12:00:00,4.821485
2021-05-21 12:00:00,5.1167703
2021-05-22 12:00:00,5.9106135
2021-05-23 12:00:00,6.2478867
2021-05-24 12:00:00,7.3666015
2021-05-25 12:00:00,7.5089946
2021-05-26 12:00:00,8.486308
2021-05-27 12:00:00,7.833085
2021-05-28 12:00:00,7.032724
2021-05-29 12:00:00,6.9365253
2021-05-30 12:00:00,6.0905766
2021-05-31 12:00:00,5.8263116
2021-06-01 12:00:00,5.167137
2021-06-02 12:00:00,4.2183647
2021-06-03 12:00:00,4.3176374
2021-06-04 12:00:00,5.0873704
2021-06-05 12:00:00,5.1138115
2021-06-06 12:00:00,4.9548955
2021-06-07 12:00:00,5.3204494
2021-06-08 12:00:00,6.2054596
2021-06-09 12:00:00,6.257795
2021-06-10 12:00:00,6.2747054
2021-06-11 12:00:00,6.571781
2021-06-12 12:00:00,6.356005
2021-06-13 12:00:00,5.7202487
2021-06-14 12:00:00,5.6536756
2021-06-15 12:00:00,5.6015196
2021-06-16 12:00:00,4.827585
2021-06-17 12:00:00,4.49765
2021-06-18 12:00:00,3.385345
2021-06-19 12:00:00,3.9634333
2021-06-20 12:00:00,4.867708
2021-06-21 12:00:00,5.9599695
2021-06-22 12:00:00,6.713643
2021-06-23 12:00:00,5.849021
2021-06-24 12:00:00,6.6351523
2021-06-25 12:00:00,6.9962006
2021-06-26 12:00:00,6.2139173
2021-06-27 12:00:00,6.07171
2021-06-28 12:00:00,4.5408106
2021-06-29 12:00:00,4.6632295
2021-06-30 12:00:00,4.195372
2021-07-01 12:00:00,4.941052
2021-07-02 12:00:00,5.05673
2021-07-03 12:00:00,5.54103
2021-07-04 12:00:00,6.732071
2021-07-05 12:00:00,6.6962404
2021-07-06 12:00:00,5.8453336
2021-07-07 12:00:00,5.457494
2021-07-08 12:00:00,7.2004485
2021-07-09 12:00:00,8.673745
2021-07-10 12:00:00,8.339914
2021-07-11 12:00:00,8.434996
2021-07-12 12:00:00,6.281276
2021-07-13 12:00:00,5.442046
2021-07-14 12:00:00,5.0467744
2021-07-15 12:00:00,4.367229
2021-07-16 12:00:00,4.325135
2021-07-17 12:00:00,5.499734
2021-07-18 12:00:00,6.949176
2021-07-19 12:00:00,6.116573
2021-07-20 12:00:00,6.534541
2021-07-21 12:00:00,6.942268
2021-07-22 12:00:00,7.342128
2021-07-23 12:00:00,6.803285
2021-07-24 12:00:00,5.812875
2021-07-25 12:00:00,4.8679557
2021-07-26 12:00:00,5.7857137
2021-07-27 12:00:00,5.9224806
2021-07-28 12:00:00,6.252207
2021-07-29 12:00:00,5.8986697
2021-07-30 12:00:00,6.816546
2021-07-31 12:00:00,6.9549503
2021-08-01 12:00:00,7.095744
2021-08-02 12:00:00,6.2665777
2021-08-03 12:00:00,6.665268
2021-08-04 12:00:00,7.061062
2021-08-05 12:00:00,6.9970202
2021-08-06 12:00:00,6.3258314
2021-08-07 12:00:00,6.2843523
2021-08-08 12:00:00,6.476693
2021-08-09 12:00:00,7.755971
2021-08-10 12:00:00,7.5134373
2021-08-11 12:00:00,7.01834
2021-08-12 12:00:00,6.285925
2021-08-13 12:00:00,6.7292953
2021-08-14 12:00:00,7.0532913
2021-08-15 12:00:00,6.3963537
2021-08-16 12:00:00,5.648716
2021-08-17 12:00:00,5.8651886
2021-08-18 12:00:00,5.3447695
2021-08-19 12:00:00,4.286588
2021-08-20 12:00:00,3.618238
2021-08-21 12:00:00,2.9929905
2021-08-22 12:00:00,2.714008
2021-08-23 12:00:00,4.0221667
2021-08-24 12:00:00,3.9214628
2021-08-25 12:00:00,4.05925
2021-08-26 12:00:00,4.733372
2021-08-27 12:00:00,5.254174
2021-08-28 12:00:00,5.499061
2021-08-29 12:00:00,5.135975
2021-08-30 12:00:00,4.0798883
2021-08-31 12:00:00,4.0666656
2021-09-01 12:00:00,5.7838106
2021-09-02 12:00:00,5.5901117
2021-09-03 12:00:00,5.460509
2021-09-04 12:00:00,5.407973
2021-09-05 12:00:00,5.164251
2021-09-06 12:00:00,5.447698
2021-09-07 12:00:00,5.8238087
2021-09-08 12:00:00,5.462207
2021-09-09 12:00:00,5.4728336
2021-09-10 12:00:00,6.185566
2021-09-11 12:00:00,5.868173
2021-09-12 12:00:00,6.490307
2021-09-13 12:00:00,5.620629
2021-09-14 12:00:00,4.2153306
2021-09-15 12:00:00,3.8875277
2021-09-16 12:00:00,3.3484907
2021-09-17 12:00:00,4.4413085
2021-09-18 12:00:00,4.366939
2021-09-19 12:00:00,3.2860754
2021-09-20 12:00:00,3.6006615
2021-09-21 12:00:00,5.4056635
2021-09-22 12:00:00,4.8019342
2021-09-23 12:00:00,5.565007
2021-09-24 12:00:00,5.963138
2021-09-25 12:00:00,5.8090987
2021-09-26 12:00:00,7.5173416
2021-09-27 12:00:00,7.5609584
2021-09-28 12:00:00,7.9015665
2021-09-29 12:00:00,5.1777687
2021-09-30 12:00:00,5.0086026
2021-10-01 12:00:00,5.0106025
2021-10-02 12:00:00,3.6389098
2021-10-03 12:00:00,3.4542992
2021-10-04 12:00:00,4.4092727
2021-10-05 12:00:00,4.920248
2021-10-06 12:00:00,5.70788
2021-10-07 12:00:00,5.839098
2021-10-08 12:00:00,5.455682
2021-10-09 12:00:00,5.5286417
2021-10-10 12:00:00,6.688654
2021-10-11 12:00:00,6.636013
2021-10-12 12:00:00,6.1403522
2021-10-13 12:00:00,6.0609503
2021-10-14 12:00:00,6.439432
2021-10-15 12:00:00,6.422915
2021-10-16 12:00:00,6.344615
2021-10-17 12:00:00,4.6068563
2021-10-18 12:00:00,4.650821
2021-10-19 12:00:00,3.793463
2021-10-20 12:00:00,3.052305
2021-10-21 12:00:00,3.0613525
2021-10-22 12:00:00,3.0550575
2021-10-23 12:00:00,4.540515
2021-10-24 12:00:00,5.672657
2021-10-25 12:00:00,4.7408533
2021-10-26 12:00:00,5.0796022
2021-10-27 12:00:00,4.4221687
2021-10-28 12:00:00,3.6996348
2021-10-29 12:00:00,4.433296
2021-10-30 12:00:00,3.3246105
2021-10-31 12:00:00,3.4394133
2021-11-01 12:00:00,3.466724
2021-11-02 12:00:00,2.9953105
2021-11-03 12:00:00,4.078504
2021-11-04 12:00:00,5.4836926
2021-11-05 12:00:00,5.778842
2021-11-06 12:00:00,6.2054186
2021-11-07 12:00:00,6.56211
2021-11-08 12:00:00,6.572857
2021-11-09 12:00:00,5.7388563
2021-11-10 12:00:00,5.7640786
2021-11-11 12:00:00,5.6285796
2021-11-12 12:00:00,5.070056
2021-11-13 12:00:00,4.6996627
2021-11-14 12:00:00,4.728713
2021-11-15 12:00:00,4.8898525
2021-11-16 12:00:00,4.9582896
2021-11-17 12:00:00,5.148538
2021-11-18 12:00:00,4.4368715
2021-11-19 12:00:00,4.723235
2021-11-20 12:00:00,4.6896043
2021-11-21 12:00:00,4.667121
2021-11-22 12:00:00,4.5736876
2021-11-23 12:00:00,4.6725354
2021-11-24 12:00:00,5.7176766
2021-11-25 12:00:00,5.188812
2021-11-26 12:00:00,4.8136826
2021-11-27 12:00:00,4.2777085
2021-11-28 12:00:00,4.355629
2021-11-29 12:00:00,4.7984843
2021-11-30 12:00:00,4.4785943
2021-12-01 12:00:00,3.6553323
2021-12-02 12:00:00,3.853124
2021-12-03 12:00:00,2.847368
2021-12-04 12:00:00,2.6252081
2021-12-05 12:00:00,3.2320945
2021-12-06 12:00:00,3.245727
2021-12-07 12:00:00,4.2681875
2021-12-08 12:00:00,3.700515
2021-12-09 12:00:00,4.176494
2021-12-10 12:00:00,4.235849
2021-12-11 12:00:00,4.5551324
2021-12-12 12:00:00,4.4975615
2021-12-13 12:00:00,5.069669
2021-12-14 12:00:00,5.430211
2021-12-15 12:00:00,5.3634334
2021-12-16 12:00:00,5.653351
2021-12-17 12:00:00,5.631587
2021-12-18 12:00:00,5.143539
2021-12-19 12:00:00,4.791286
2021-12-20 12:00:00,3.9681098
2021-12-21 12:00:00,2.9953852
2021-12-22 12:00:00,3.2287354
2021-12-23 12:00:00,3.324592
2021-12-24 12:00:00,4.0199895
2021-12-25 12:00:00,4.2430196
2021-12-26 12:00:00,4.584124
2021-12-27 12:00:00,5.070763
2021-12-28 12:00:00,5.2536163
2021-12-29 12:00:00,5.035537
2021-12-30 12:00:00,4.659522
2021-12-31 12:00:00,4.254815
2022-01-01 12:00:00,4.8997445
2022-01-02 12:00:00,4.8549614
2022-01-03 12:00:00,4.063845
2022-01-04 12:00:00,4.0651946
2022-01-05 12:00:00,4.317491
2022-01-06 12:00:00,5.0927334
2022-01-07 12:00:00,4.4443994
2022-01-08 12:00:00,4.490241
2022-01-09 12:00:00,5.354114
2022-01-10 12:00:00,3.828055
2022-01-11 12:00:00,3.848993
2022-01-12 12:00:00,3.391511
2022-01-13 12:00:00,3.2003996
2022-01-14 12:00:00,3.3787909
2022-01-15 12:00:00,3.7191005
2022-01-16 12:00:00,4.6573634
2022-01-17 12:00:00,4.401797
2022-01-18 12:00:00,4.628836
2022-01-19 12:00:00,3.5623925
2022-01-20 12:00:00,2.6300285
2022-01-21 12:00:00,3.4734373
2022-01-22 12:00:00,2.625916
2022-01-23 12:00:00,2.5201223
2022-01-24 12:00:00,2.739775
2022-01-25 12:00:00,3.171062
2022-01-26 12:00:00,3.4201005
2022-01-27 12:00:00,3.2870097
2022-01-28 12:00:00,2.465502
2022-01-29 12:00:00,2.5574267
2022-01-30 12:00:00,3.387869
2022-01-31 12:00:00,4.1207986
2022-02-01 12:00:00,4.003493
2022-02-02 12:00:00,3.5618563
2022-02-03 12:00:00,4.444025
2022-02-04 12:00:00,4.754657
2022-02-05 12:00:00,4.6144476
2022-02-06 12:00:00,3.9867928
2022-02-07 12:00:00,3.6193964
2022-02-08 12:00:00,3.9097843
2022-02-09 12:00:00,3.305555
2022-02-10 12:00:00,3.319273
2022-02-11 12:00:00,3.4920495
2022-02-12 12:00:00,4.807232
2022-02-13 12:00:00,5.064092
2022-02-14 12:00:00,4.645695
2022-02-15 12:00:00,4.9672217
2022-02-16 12:00:00,4.1304507
2022-02-17 12:00:00,4.079161
2022-02-18 12:00:00,3.2094462
2022-02-19 12:00:00,2.8093722
2022-02-20 12:00:00,2.2659082
2022-02-21 12:00:00,1.5447897
2022-02-22 12:00:00,2.254498
2022-02-23 12:00:00,3.160717
2022-02-24 12:00:00,4.678757
2022-02-25 12:00:00,5.5706615
2022-02-26 12:00:00,5.703054
2022-02-27 12:00:00,5.5501056
2022-02-28 12:00:00,5.45579
2022-03-01 12:00:00,5.8428607
2022-03-02 12:00:00,5.4101624
2022-03-03 12:00:00,3.940687
2022-03-04 12:00:00,3.3415668
2022-03-05 12:00:00,3.4023778
2022-03-06 12:00:00,2.3344512
2022-03-07 12:00:00,2.9688902
2022-03-08 12:00:00,3.4239786
2022-03-09 12:00:00,3.7445238
2022-03-10 12:00:00,3.7343278
2022-03-11 12:00:00,3.8295236
2022-03-12 12:00:00,4.132343
2022-03-13 12:00:00,4.115992
2022-03-14 12:00:00,4.7930665
2022-03-15 12:00:00,5.4728656
2022-03-16 12:00:00,5.3118305
2022-03-17 12:00:00,5.2162805
2022-03-18 12:00:00,5.1221933
2022-03-19 12:00:00,5.903026
2022-03-20 12:00:00,5.8217683
2022-03-21 12:00:00,4.320778
2022-03-22 12:00:00,3.7780898
2022-03-23 12:00:00,3.1980307
2022-03-24 12:00:00,2.2411525
2022-03-25 12:00:00,2.1786819
2022-03-26 12:00:00,2.8126035
2022-03-27 12:00:00,2.9372354
2022-03-28 12:00:00,2.6294107
2022-03-29 12:00:00,2.149014
2022-03-30 12:00:00,2.9095519
2022-03-31 12:00:00,1.5078182
2022-04-01 12:00:00,2.053965
2022-04-02 12:00:00,2.4048417
2022-04-03 12:00:00,1.8660827
2022-04-04 12:00:00,2.5375776
2022-04-05 12:00:00,2.152684
2022-04-06 12:00:00,3.0764215
2022-04-07 12:00:00,2.5020587
2022-04-08 12:00:00,3.0004609
2022-04-09 12:00:00,2.8566918
2022-04-10 12:00:00,3.5431252
2022-04-11 12:00:00,2.629323
2022-04-12 12:00:00,2.8648875
2022-04-13 12:00:00,2.2367373
2022-04-14 12:00:00,2.2392852
2022-04-15 12:00:00,1.956903
2022-04-16 12:00:00,2.3657718
2022-04-17 12:00:00,2.374469
2022-04-18 12:00:00,3.5502515
2022-04-19 12:00:00,3.9378362
2022-04-20 12:00:00,2.7128482
2022-04-21 12:00:00,2.606941
2022-04-22 12:00:00,3.4021695
2022-04-23 12:00:00,3.4201787
2022-04-24 12:00:00,2.7477758
2022-04-25 12:00:00,2.9698048
2022-04-26 12:00:00,2.4399815
2022-04-27 12:00:00,1.917625
2022-04-28 12:00:00,3.0535667
2022-04-29 12:00:00,3.5902262
2022-04-30 12:00:00,3.8253317
2022-05-01 12:00:00,6.2193274
2022-05-02 12:00:00,6.0733905
2022-05-03 12:00:00,5.580209
2022-05-04 12:00:00,6.043577
2022-05-05 12:00:00,7.3900666
2022-05-06 12:00:00,7.7750297
2022-05-07 12:00:00,7.0454874
2022-05-08 12:00:00,6.5287614
2022-05-09 12:00:00,6.7789125
2022-05-10 12:00:00,6.587554
2022-05-11 12:00:00,6.74338
2022-05-12 12:00:00,5.815602
2022-05-13 12:00:00,4.3658934
2022-05-14 12:00:00,4.258493
2022-05-15 12:00:00,4.5100904
2022-05-16 12:00:00,4.8534327
2022-05-17 12:00:00,5.2744913
2022-05-18 12:00:00,5.2967114
2022-05-19 12:00:00,4.9484587
2022-05-20 12:00:00,4.7275934
2022-05-21 12:00:00,5.4466586
2022-05-22 12:00:00,5.827951
2022-05-23 12:00:00,5.754396
2022-05-24 12:00:00,6.0938635
2022-05-25 12:00:00,4.3551617
2022-05-26 12:00:00,5.6010365
2022-05-27 12:00:00,7.1195645
2022-05-28 12:00:00,6.9412622
2022-05-29 12:00:00,6.485627
2022-05-30 12:00:00,6.665182
2022-05-31 12:00:00,7.905216
2022-06-01 12:00:00,7.509838
2022-06-02 12:00:00,7.589569
2022-06-03 12:00:00,6.467445
2022-06-04 12:00:00,5.674722
2022-06-05 12:00:00,5.652529
2022-06-06 12:00:00,4.901416
2022-06-07 12:00:00,4.996033
2022-06-08 12:00:00,4.955672
2022-06-09 12:00:00,5.7585025
2022-06-10 12:00:00,6.6235766
2022-06-11 12:00:00,5.535131
2022-06-12 12:00:00,5.4172072
2022-06-13 12:00:00,5.534368
2022-06-14 12:00:00,5.8159304
2022-06-15 12:00:00,4.894527
2022-06-16 12:00:00,4.9027634
2022-06-17 12:00:00,4.492043
2022-06-18 12:00:00,3.5238793
2022-06-19 12:00:00,2.7572176
2022-06-20 12:00:00,4.0158334
2022-06-21 12:00:00,5.1542244
2022-06-22 12:00:00,6.0879197
2022-06-23 12:00:00,5.21382
2022-06-24 12:00:00,5.6600776
2022-06-25 12:00:00,6.4514337
2022-06-26 12:00:00,5.9619
2022-06-27 12:00:00,5.2452083
2022-06-28 12:00:00,5.42986
2022-06-29 12:00:00,6.6215687
2022-06-30 12:00:00,5.632499
2022-07-01 12:00:00,6.1634545
2022-07-02 12:00:00,7.644461
2022-07-03 12:00:00,7.0936446
2022-07-04 12:00:00,6.4219065
2022-07-05 12:00:00,5.332625
2022-07-06 12:00:00,4.61086
2022-07-07 12:00:00,4.170209
2022-07-08 12:00:00,5.7752905
2022-07-09 12:00:00,5.7672396
2022-07-10 12:00:00,6.4850197
2022-07-11 12:00:00,6.711432
2022-07-12 12:00:00,6.7635756
2022-07-13 12:00:00,7.2328553
2022-07-14 12:00:00,6.5698376
2022-07-15 12:00:00,4.750881
2022-07-16 12:00:00,3.983539
2022-07-17 12:00:00,3.264352
2022-07-18 12:00:00,4.2468586
2022-07-19 12:00:00,5.941845
2022-07-20 12:00:00,7.5686975
2022-07-21 12:00:00,6.2211847
2022-07-22 12:00:00,6.533055
2022-07-23 12:00:00,7.8049417
2022-07-24 12:00:00,6.7375717
2022-07-25 12:00:00,4.804261
2022-07-26 12:00:00,4.5334797
2022-07-27 12:00:00,4.8218617
2022-07-28 12:00:00,6.1693482
2022-07-29 12:00:00,5.7174516
2022-07-30 12:00:00,6.0964475
2022-07-31 12:00:00,6.580598
2022-08-01 12:00:00,7.9365573
2022-08-02 12:00:00,8.2852125
2022-08-03 12:00:00,7.232993
2022-08-04 12:00:00,5.9310446
2022-08-05 12:00:00,5.656723
2022-08-06 12:00:00,5.29544
2022-08-07 12:00:00,6.3367815
2022-08-08 12:00:00,5.7159853
2022-08-09 12:00:00,4.467924
2022-08-10 12:00:00,4.254163
2022-08-11 12:00:00,4.3159776
2022-08-12 12:00:00,5.1407733
2022-08-13 12:00:00,4.478705
2022-08-14 12:00:00,4.373389
2022-08-15 12:00:00,4.3911524
2022-08-16 12:00:00,4.503757
2022-08-17 12:00:00,3.917205
2022-08-18 12:00:00,4.7558603
2022-08-19 12:00:00,5.0753403
2022-08-20 12:00:00,6.0700283
2022-08-21 12:00:00,5.9475565
2022-08-22 12:00:00,6.8204484
2022-08-23 12:00:00,6.1940827
2022-08-24 12:00:00,7.2046256
2022-08-25 12:00:00,6.9471436
2022-08-26 12:00:00,7.182
2022-08-27 12:00:00,7.139903
2022-08-28 12:00:00,5.9376764
2022-08-29 12:00:00,5.394912
2022-08-30 12:00:00,5.644882
2022-08-31 12:00:00,6.822421
2022-09-01 12:00:00,7.473638
2022-09-02 12:00:00,6.406678
2022-09-03 12:00:00,6.0347214
2022-09-04 12:00:00,5.0958304
2022-09-05 12:00:00,6.265287
2022-09-06 12:00:00,7.284853
2022-09-07 12:00:00,6.0743494
2022-09-08 12:00:00,5.3705063
2022-09-09 12:00:00,4.9392695
2022-09-10 12:00:00,4.7602887
2022-09-11 12:00:00,4.4380336
2022-09-12 12:00:00,4.3312516
2022-09-13 12:00:00,4.451254
2022-09-14 12:00:00,3.716441
2022-09-15 12:00:00,3.6636398
2022-09-16 12:00:00,4.6516757
2022-09-17 12:00:00,5.5453963
2022-09-18 12:00:00,5.3465466
2022-09-19 12:00:00,4.906177
2022-09-20 12:00:00,5.2539625
2022-09-21 12:00:00,5.6286526
2022-09-22 12:00:00,5.1408944
2022-09-23 12:00:00,5.748622
2022-09-24 12:00:00,5.2679496
2022-09-25 12:00:00,4.3397884
2022-09-26 12:00:00,5.658198
2022-09-27 12:00:00,6.7522397
2022-09-28 12:00:00,7.8034263
2022-09-29 12:00:00,7.9547653
2022-09-30 12:00:00,7.377182
2022-10-01 12:00:00,7.6688337
2022-10-02 12:00:00,7.8726883
2022-10-03 12:00:00,7.6566367
2022-10-04 12:00:00,7.2417445
2022-10-05 12:00:00,6.762747
2022-10-06 12:00:00,5.8441124
2022-10-07 12:00:00,4.9052
2022-10-08 12:00:00,3.8877604
2022-10-09 12:00:00,4.0195637
2022-10-10 12:00:00,3.8876712
2022-10-11 12:00:00,4.275617
2022-10-12 12:00:00,4.1456614
2022-10-13 12:00:00,5.5653415
2022-10-14 12:00:00,6.311451
2022-10-15 12:00:00,6.6799045
2022-10-16 12:00:00,5.206809
2022-10-17 12:00:00,5.347906
2022-10-18 12:00:00,6.8713913
2022-10-19 12:00:00,7.187063
2022-10-20 12:00:00,7.191431
2022-10-21 12:00:00,6.7913136
2022-10-22 12:00:00,5.764476
2022-10-23 12:00:00,5.665262
2022-10-24 12:00:00,4.88925
2022-10-25 12:00:00,3.5971067
2022-10-26 12:00:00,3.5285034
2022-10-27 12:00:00,3.5767882
2022-10-28 12:00:00,3.297713
2022-10-29 12:00:00,3.021198
2022-10-30 12:00:00,4.158154
2022-10-31 12:00:00,4.1472816
2022-11-01 12:00:00,4.4636307
2022-11-02 12:00:00,4.9803314
2022-11-03 12:00:00,5.225607
2022-11-04 12:00:00,4.0202823
2022-11-05 12:00:00,3.8271465
2022-11-06 12:00:00,3.8664005
2022-11-07 12:00:00,4.202244
2022-11-08 12:00:00,4.290196
2022-11-09 12:00:00,5.4203835
2022-11-10 12:00:00,5.752958
2022-11-11 12:00:00,6.307788
2022-11-12 12:00:00,5.244609
2022-11-13 12:00:00,4.532325
2022-11-14 12:00:00,3.9327433
2022-11-15 12:00:00,5.233829
2022-11-16 12:00:00,4.9480443
2022-11-17 12:00:00,5.531643
2022-11-18 12:00:00,5.3806286
2022-11-19 12:00:00,5.7077627
2022-11-20 12:00:00,5.2980504
2022-11-21 12:00:00,5.107204
2022-11-22 12:00:00,5.4467244
2022-11-23 12:00:00,5.311397
2022-11-24 12:00:00,4.7820697
2022-11-25 12:00:00,3.959932
2022-11-26 12:00:00,3.5412152
2022-11-27 12:00:00,2.9265661
2022-11-28 12:00:00,2.5561876
2022-11-29 12:00:00,2.3592217
2022-11-30 12:00:00,2.056593
2022-12-01 12:00:00,2.4471002
2022-12-02 12:00:00,2.5161011
2022-12-03 12:00:00,3.7777028
2022-12-04 12:00:00,4.042778
2022-12-05 12:00:00,6.3231635
2022-12-06 12:00:00,7.346649
2022-12-07 12:00:00,7.178849
2022-12-08 12:00:00,6.5910172
2022-12-09 12:00:00,6.3625154
2022-12-10 12:00:00,5.305335
2022-12-11 12:00:00,4.986641
2022-12-12 12:00:00,5.282273
2022-12-13 12:00:00,5.392833
2022-12-14 12:00:00,5.3948836
2022-12-15 12:00:00,5.372542
2022-12-16 12:00:00,4.955476
2022-12-17 12:00:00,5.3387814
2022-12-18 12:00:00,5.5550494
2022-12-19 12:00:00,5.3095226
2022-12-20 12:00:00,5.1521006
2022-12-21 12:00:00,5.4428024
2022-12-22 12:00:00,4.3623357
2022-12-23 12:00:00,3.8129363
2022-12-24 12:00:00,3.7428868
2022-12-25 12:00:00,3.704095
2022-12-26 12:00:00,3.036416
2022-12-27 12:00:00,3.4462714
2022-12-28 12:00:00,3.0857604
2022-12-29 12:00:00,4.06184
2022-12-30 12:00:00,4.9378104
2022-12-31 12:00:00,5.121827
2023-01-01 12:00:00,5.537618
2023-01-02 12:00:00,4.8037906
2023-01-03 12:00:00,3.9380436
2023-01-04 12:00:00,4.411575
2023-01-05 12:00:00,4.1476808
2023-01-06 12:00:00,3.8151326
2023-01-07 12:00:00,3.8965387
2023-01-08 12:00:00,3.8369272
2023-01-09 12:00:00,3.9024348
2023-01-10 12:00:00,3.5678356
2023-01-11 12:00:00,3.1969178
2023-01-12 12:00:00,3.0093634
2023-01-13 12:00:00,3.698123
2023-01-14 12:00:00,3.885119
2023-01-15 12:00:00,3.7863414
2023-01-16 12:00:00,4.617583
2023-01-17 12:00:00,4.119362
2023-01-18 12:00:00,5.7929797
2023-01-19 12:00:00,5.7881665
2023-01-20 12:00:00,4.7235384
2023-01-21 12:00:00,3.7346735
2023-01-22 12:00:00,3.896058
2023-01-23 12:00:00,4.964275
2023-01-24 12:00:00,4.230717
2023-01-25 12:00:00,5.064362
2023-01-26 12:00:00,5.7075067
2023-01-27 12:00:00,5.9874353
2023-01-28 12:00:00,6.2950263
2023-01-29 12:00:00,4.962833
2023-01-30 12:00:00,4.290982
2023-01-31 12:00:00,4.411113
2023-02-01 12:00:00,3.6023011
2023-02-02 12:00:00,3.6295528
2023-02-03 12:00:00,4.447734
2023-02-04 12:00:00,4.356796
2023-02-05 12:00:00,4.0345073
2023-02-06 12:00:00,3.884478
2023-02-07 12:00:00,3.7606556
2023-02-08 12:00:00,4.428021
2023-02-09 12:00:00,4.5674124
2023-02-10 12:00:00,5.339974
2023-02-11 12:00:00,4.2100306
2023-02-12 12:00:00,4.280637
2023-02-13 12:00:00,3.7964935
2023-02-14 12:00:00,4.85286
2023-02-15 12:00:00,5.22935
2023-02-16 12:00:00,5.46514
2023-02-17 12:00:00,4.189048
2023-02-18 12:00:00,3.5336957
2023-02-19 12:00:00,3.4911442
2023-02-20 12:00:00,3.7717993
2023-02-21 12:00:00,4.8208885
2023-02-22 12:00:00,4.0540476
2023-02-23 12:00:00,3.8781404
2023-02-24 12:00:00,4.6529574
2023-02-25 12:00:00,5.4048896
2023-02-26 12:00:00,5.3133936
2023-02-27 12:00:00,4.372089
2023-02-28 12:00:00,3.551607
2023-03-01 12:00:00,4.8078785
2023-03-02 12:00:00,3.9191897
2023-03-03 12:00:00,3.5614893
2023-03-04 12:00:00,3.4052722
2023-03-05 12:00:00,3.948608
2023-03-06 12:00:00,4.3632097
2023-03-07 12:00:00,4.2568545
2023-03-08 12:00:00,4.3861737
2023-03-09 12:00:00,3.7272956
2023-03-10 12:00:00,3.4895535
2023-03-11 12:00:00,4.18009
2023-03-12 12:00:00,3.8221684
2023-03-13 12:00:00,3.6187227
2023-03-14 12:00:00,3.1208715
2023-03-15 12:00:00,3.0427952
2023-03-16 12:00:00,3.3837864
2023-03-17 12:00:00,3.3978713
2023-03-18 12:00:00,3.05472
2023-03-19 12:00:00,2.2995481
2023-03-20 12:00:00,2.8627872
2023-03-21 12:00:00,3.1809728
2023-03-22 12:00:00,2.6755474
2023-03-23 12:00:00,2.6823874
2023-03-24 12:00:00,2.6103282
2023-03-25 12:00:00,2.2512066
2023-03-26 12:00:00,2.9031317
2023-03-27 12:00:00,3.880448
2023-03-28 12:00:00,2.426947
2023-03-29 12:00:00,2.5592787
2023-03-30 12:00:00,2.43172
2023-03-31 12:00:00,2.4437153
2023-04-01 12:00:00,2.2823849
2023-04-02 12:00:00,2.2545843
2023-04-03 12:00:00,1.9281334
2023-04-04 12:00:00,2.6432767
2023-04-05 12:00:00,2.3959897
2023-04-06 12:00:00,2.294133
2023-04-07 12:00:00,2.459753
2023-04-08 12:00:00,2.179551
2023-04-09 12:00:00,2.7869592
2023-04-10 12:00:00,2.756659
2023-04-11 12:00:00,2.8403754
2023-04-12 12:00:00,2.269124
2023-04-13 12:00:00,1.8400571
2023-04-14 12:00:00,2.4199429
2023-04-15 12:00:00,3.3618367
2023-04-16 12:00:00,2.6520722
2023-04-17 12:00:00,1.7111081
2023-04-18 12:00:00,1.8488623
2023-04-19 12:00:00,3.5251327
2023-04-20 12:00:00,3.3488297
2023-04-21 12:00:00,3.102966
2023-04-22 12:00:00,2.5664892
2023-04-23 12:00:00,1.8301492
2023-04-24 12:00:00,2.6439178
2023-04-25 12:00:00,2.0811114
2023-04-26 12:00:00,2.945229
2023-04-27 12:00:00,3.2606294
2023-04-28 12:00:00,2.3581166
2023-04-29 12:00:00,1.9515975
2023-04-30 12:00:00,2.3352926
2023-05-01 12:00:00,3.0686889
2023-05-02 12:00:00,2.926034
2023-05-03 12:00:00,3.3697193
2023-05-04 12:00:00,5.0707164
2023-05-05 12:00:00,6.159322
2023-05-06 12:00:00,7.3466144
2023-05-07 12:00:00,6.9244165
2023-05-08 12:00:00,6.440303
2023-05-09 12:00:00,7.485396
2023-05-10 12:00:00,8.003131
2023-05-11 12:00:00,7.4272017
2023-05-12 12:00:00,6.477264
2023-05-13 12:00:00,6.276037
2023-05-14 12:00:00,5.206406
2023-05-15 12:00:00,4.581976
2023-05-16 12:00:00,4.1510696
2023-05-17 12:00:00,4.725965
2023-05-18 12:00:00,3.7839148
2023-05-19 12:00:00,4.045008
2023-05-20 12:00:00,4.5759945
2023-05-21 12:00:00,4.8050065
2023-05-22 12:00:00,4.0871577
2023-05-23 12:00:00,3.6082942
2023-05-24 12:00:00,3.6910777
2023-05-25 12:00:00,3.9277241
2023-05-26 12:00:00,4.5478153
2023-05-27 12:00:00,5.4510274
2023-05-28 12:00:00,5.6936684
2023-05-29 12:00:00,5.0155654
2023-05-30 12:00:00,5.28562
2023-05-31 12:00:00,4.831608
2023-06-01 12:00:00,4.998621
2023-06-02 12:00:00,5.500622
2023-06-03 12:00:00,5.705013
2023-06-04 12:00:00,5.763311
2023-06-05 12:00:00,6.0592318
2023-06-06 12:00:00,6.0616813
2023-06-07 12:00:00,6.3307977
2023-06-08 12:00:00,5.528396
2023-06-09 12:00:00,6.5452075
2023-06-10 12:00:00,5.515777
2023-06-11 12:00:00,5.5759244
2023-06-12 12:00:00,5.808422
2023-06-13 12:00:00,5.8375583
2023-06-14 12:00:00,6.023297
2023-06-15 12:00:00,6.3916225
2023-06-16 12:00:00,7.075807
2023-06-17 12:00:00,6.9412584
2023-06-18 12:00:00,6.3727026
2023-06-19 12:00:00,5.936386
2023-06-20 12:00:00,5.4379497
2023-06-21 12:00:00,4.5328684
2023-06-22 12:00:00,4.8131676
2023-06-23 12:00:00,4.7239428
2023-06-24 12:00:00,5.3632975
2023-06-25 12:00:00,5.8861527
2023-06-26 12:00:00,5.3935757
2023-06-27 12:00:00,4.750645
2023-06-28 12:00:00,4.8194203
2023-06-29 12:00:00,6.412308
2023-06-30 12:00:00,7.0683703
2023-07-01 12:00:00,6.588901
2023-07-02 12:00:00,6.6259446
2023-07-03 12:00:00,5.974296
2023-07-04 12:00:00,6.436605
2023-07-05 12:00:00,5.13901
2023-07-06 12:00:00,3.4678783
2023-07-07 12:00:00,3.6184783
2023-07-08 12:00:00,4.1209497
2023-07-09 12:00:00,4.8489413
2023-07-10 12:00:00,5.337643
2023-07-11 12:00:00,4.613326
2023-07-12 12:00:00,5.224844
2023-07-13 12:00:00,5.499721
2023-07-14 12:00:00,4.4309406
2023-07-15 12:00:00,5.751728
2023-07-16 12:00:00,6.808428
2023-07-17 12:00:00,7.066244
2023-07-18 12:00:00,7.8239536
2023-07-19 12:00:00,7.1319547
2023-07-20 12:00:00,5.9581614
2023-07-21 12:00:00,5.3516927
2023-07-22 12:00:00,5.737577
2023-07-23 12:00:00,5.39775
2023-07-24 12:00:00,5.6461945
2023-07-25 12:00:00,5.1251335
2023-07-26 12:00:00,4.7120543
2023-07-27 12:00:00,4.506959
2023-07-28 12:00:00,5.255994
2023-07-29 12:00:00,6.6846476
2023-07-30 12:00:00,7.437279
2023-07-31 12:00:00,7.11562
2023-08-01 12:00:00,7.145344
2023-08-02 12:00:00,6.2405295
2023-08-03 12:00:00,5.9178133
2023-08-04 12:00:00,4.9446135
2023-08-05 12:00:00,4.898907
2023-08-06 12:00:00,6.3769584
2023-08-07 12:00:00,7.1327395
2023-08-08 12:00:00,5.8281016
2023-08-09 12:00:00,5.6577277
2023-08-10 12:00:00,4.458033
2023-08-11 12:00:00,5.830822
2023-08-12 12:00:00,5.689102
2023-08-13 12:00:00,6.6809764
2023-08-14 12:00:00,6.167361
2023-08-15 12:00:00,5.7534523
2023-08-16 12:00:00,4.496162
2023-08-17 12:00:00,4.359949
2023-08-18 12:00:00,4.7596807
2023-08-19 12:00:00,4.5272326
2023-08-20 12:00:00,4.0685544
2023-08-21 12:00:00,4.242693
2023-08-22 12:00:00,4.700484
2023-08-23 12:00:00,4.075606
2023-08-24 12:00:00,4.2219315
2023-08-25 12:00:00,4.801721
2023-08-26 12:00:00,3.9982288
2023-08-27 12:00:00,4.09786
2023-08-28 12:00:00,5.4935365
2023-08-29 12:00:00,5.3074713
2023-08-30 12:00:00,5.618441
2023-08-31 12:00:00,6.750334
2023-09-01 12:00:00,6.233218
2023-09-02 12:00:00,6.778729
2023-09-03 12:00:00,7.3301244
2023-09-04 12:00:00,6.918293
2023-09-05 12:00:00,6.0071764
2023-09-06 12:00:00,5.718018
2023-09-07 12:00:00,3.878071
2023-09-08 12:00:00,4.281139
2023-09-09 12:00:00,5.9332914
2023-09-10 12:00:00,6.162192
2023-09-11 12:00:00,5.7289963
2023-09-12 12:00:00,6.1368103
2023-09-13 12:00:00,6.2127132
2023-09-14 12:00:00,5.7756057
2023-09-15 12:00:00,5.269551
2023-09-16 12:00:00,5.1304245
2023-09-17 12:00:00,5.3123274
2023-09-18 12:00:00,5.3041883
2023-09-19 12:00:00,4.4191804
2023-09-20 12:00:00,3.598462
2023-09-21 12:00:00,3.8307934
2023-09-22 12:00:00,4.143318
2023-09-23 12:00:00,4.411628
2023-09-24 12:00:00,5.321623
2023-09-25 12:00:00,5.78974
2023-09-26 12:00:00,6.1914835
2023-09-27 12:00:00,5.870663
2023-09-28 12:00:00,5.9046946
2023-09-29 12:00:00,6.3010807
2023-09-30 12:00:00,5.1202483
2023-10-01 12:00:00,5.510259
2023-10-02 12:00:00,6.0949054
2023-10-03 12:00:00,6.604461
2023-10-04 12:00:00,5.8201118
2023-10-05 12:00:00,4.541408
2023-10-06 12:00:00,5.0021152
2023-10-07 12:00:00,4.3780446
2023-10-08 12:00:00,5.1894727
2023-10-09 12:00:00,3.8275995
2023-10-10 12:00:00,4.5476556
2023-10-11 12:00:00,4.585352
2023-10-12 12:00:00,3.6500077
2023-10-13 12:00:00,4.0657363
2023-10-14 12:00:00,3.5337036
2023-10-15 12:00:00,4.3979917
2023-10-16 12:00:00,4.676134
2023-10-17 12:00:00,4.3685193
2023-10-18 12:00:00,3.9522629
2023-10-19 12:00:00,3.9842713
2023-10-20 12:00:00,3.8511968
2023-10-21 12:00:00,3.2516513
2023-10-22 12:00:00,3.0540383
2023-10-23 12:00:00,2.6170535
2023-10-24 12:00:00,2.7487464
2023-10-25 12:00:00,2.5617
2023-10-26 12:00:00,2.701406
2023-10-27 12:00:00,3.6102548
2023-10-28 12:00:00,3.193454
2023-10-29 12:00:00,2.6644888
2023-10-30 12:00:00,2.5618427
2023-10-31 12:00:00,2.4887388
2023-11-01 12:00:00,3.127518
2023-11-02 12:00:00,2.7217002
2023-11-03 12:00:00,3.303693
2023-11-04 12:00:00,3.4227371
2023-11-05 12:00:00,2.5242486
2023-11-06 12:00:00,2.4348214
2023-11-07 12:00:00,2.5873916
2023-11-08 12:00:00,3.1196718
2023-11-09 12:00:00,2.6317239
2023-11-10 12:00:00,2.413716
2023-11-11 12:00:00,2.828482
2023-11-12 12:00:00,3.1324325
2023-11-13 12:00:00,3.7179842
2023-11-14 12:00:00,3.8000834
2023-11-15 12:00:00,3.9003358
2023-11-16 12:00:00,3.194231
2023-11-17 12:00:00,2.6691444
2023-11-18 12:00:00,3.3447526
2023-11-19 12:00:00,3.3043308
2023-11-20 12:00:00,3.010567
2023-11-21 12:00:00,2.9950855
2023-11-22 12:00:00,2.4122758
2023-11-23 12:00:00,2.501372
2023-11-24 12:00:00,2.943649
2023-11-25 12:00:00,3.4882922
2023-11-26 12:00:00,3.1545653
2023-11-27 12:00:00,3.5254073
2023-11-28 12:00:00,3.6803472
2023-11-29 12:00:00,3.7934802
2023-11-30 12:00:00,4.233601
2023-12-01 12:00:00,4.7111697
2023-12-02 12:00:00,4.407702
2023-12-03 12:00:00,3.643783
2023-12-04 12:00:00,2.6117215
2023-12-05 12:00:00,2.4114456
2023-12-06 12:00:00,2.1179938
2023-12-07 12:00:00,2.4106145
2023-12-08 12:00:00,2.4473486
2023-12-09 12:00:00,3.297052
2023-12-10 12:00:00,2.8704536
2023-12-11 12:00:00,3.2648113
2023-12-12 12:00:00,3.4342198
2023-12-13 12:00:00,3.9045167
2023-12-14 12:00:00,3.9474738
2023-12-15 12:00:00,3.5953896
2023-12-16 12:00:00,4.188254
2023-12-17 12:00:00,4.008746
2023-12-18 12:00:00,3.3495326
2023-12-19 12:00:00,4.662875
2023-12-20 12:00:00,4.4405823
2023-12-21 12:00:00,4.02764
2023-12-22 12:00:00,4.849446
2023-12-23 12:00:00,4.747557
2023-12-24 12:00:00,5.296872
2023-12-25 12:00:00,4.858171
2023-12-26 12:00:00,4.7883534
2023-12-27 12:00:00,4.6514034
2023-12-28 12:00:00,4.916184
2023-12-29 12:00:00,4.6058397
2023-12-30 12:00:00,4.339785
2023-12-31 12:00:00,4.1325836
2024-01-01 12:00:00,3.9583392
2024-01-02 12:00:00,4.525318
2024-01-03 12:00:00,4.2450757
2024-01-04 12:00:00,3.5454206
2024-01-05 12:00:00,4.333713
2024-01-06 12:00:00,3.5751886
2024-01-07 12:00:00,4.3511825
2024-01-08 12:00:00,4.619995
2024-01-09 12:00:00,4.7410655
2024-01-10 12:00:00,4.1422396
2024-01-11 12:00:00,4.843353
2024-01-12 12:00:00,4.9035616
2024-01-13 12:00:00,5.732646
2024-01-14 12:00:00,5.653635
2024-01-15 12:00:00,4.380898
2024-01-16 12:00:00,3.7853236
2024-01-17 12:00:00,3.30674
2024-01-18 12:00:00,3.3452013
2024-01-19 12:00:00,3.8730564
2024-01-20 12:00:00,4.2101564
2024-01-21 12:00:00,5.5316358
2024-01-22 12:00:00,5.4626365
2024-01-23 12:00:00,5.4115963
2024-01-24 12:00:00,4.255301
2024-01-25 12:00:00,3.7236211
2024-01-26 12:00:00,4.229148
2024-01-27 12:00:00,4.059828
2024-01-28 12:00:00,3.4277647
2024-01-29 12:00:00,2.7828763
2024-01-30 12:00:00,2.3265283
2024-01-31 12:00:00,2.576994
2024-02-01 12:00:00,3.237184
2024-02-02 12:00:00,3.2184198
2024-02-03 12:00:00,3.661413
2024-02-04 12:00:00,3.9068294
2024-02-05 12:00:00,4.365631
2024-02-06 12:00:00,5.432047
2024-02-07 12:00:00,4.5487537
2024-02-08 12:00:00,4.648346
2024-02-09 12:00:00,5.351724
2024-02-10 12:00:00,5.3460073
2024-02-11 12:00:00,5.4381914
2024-02-12 12:00:00,6.0520234
2024-02-13 12:00:00,5.8524194
2024-02-14 12:00:00,4.8462434
2024-02-15 12:00:00,4.2402864
2024-02-16 12:00:00,4.580025
2024-02-17 12:00:00,4.4178524
2024-02-18 12:00:00,4.7645802
2024-02-19 12:00:00,4.0990973
2024-02-20 12:00:00,4.300795
2024-02-21 12:00:00,3.1476269
2024-02-22 12:00:00,2.239872
2024-02-23 12:00:00,3.3712611
2024-02-24 12:00:00,4.1797767
2024-02-25 12:00:00,5.243532
2024-02-26 12:00:00,5.2275944
2024-02-27 12:00:00,4.717489
2024-02-28 12:00:00,5.042707
2024-02-29 12:00:00,4.0180945
2024-03-01 12:00:00,4.8082643
2024-03-02 12:00:00,4.5321665
2024-03-03 12:00:00,3.9786232
2024-03-04 12:00:00,3.817457
2024-03-05 12:00:00,4.057507
2024-03-06 12:00:00,4.323577
2024-03-07 12:00:00,4.4360943
2024-03-08 12:00:00,4.1237226
2024-03-09 12:00:00,4.386908
2024-03-10 12:00:00,4.3913445
2024-03-11 12:00:00,3.9132974
2024-03-12 12:00:00,3.7929754
2024-03-13 12:00:00,3.3411028
2024-03-14 12:00:00,4.0277896
2024-03-15 12:00:00,2.9303534
2024-03-16 12:00:00,3.7708573
2024-03-17 12:00:00,3.682215
2024-03-18 12:00:00,3.9085553
2024-03-19 12:00:00,3.7084875
2024-03-20 12:00:00,3.7209473
2024-03-21 12:00:00,3.5741231
2024-03-22 12:00:00,2.9821754
2024-03-23 12:00:00,2.5886333
2024-03-24 12:00:00,2.4562628
2024-03-25 12:00:00,3.1703815
2024-03-26 12:00:00,2.778627
2024-03-27 12:00:00,3.053679
2024-03-28 12:00:00,2.9665332
2024-03-29 12:00:00,2.7388988
2024-03-30 12:00:00,2.2728143
2024-03-31 12:00:00,1.709891
2024-04-01 12:00:00,1.9039181
2024-04-02 12:00:00,2.2703333
2024-04-03 12:00:00,1.9803745
2024-04-04 12:00:00,2.6534014
2024-04-05 12:00:00,2.9503765
2024-04-06 12:00:00,2.220754
2024-04-07 12:00:00,2.7484012
2024-04-08 12:00:00,3.1248155
2024-04-09 12:00:00,3.8644905
2024-04-10 12:00:00,3.1019974
2024-04-11 12:00:00,2.8452265
2024-04-12 12:00:00,3.418787
2024-04-13 12:00:00,2.6447337
2024-04-14 12:00:00,2.6383471
2024-04-15 12:00:00,2.5348434
2024-04-16 12:00:00,2.0814354
2024-04-17 12:00:00,2.3178082
2024-04-18 12:00:00,2.6350093
2024-04-19 12:00:00,3.675196
2024-04-20 12:00:00,2.9175563
2024-04-21 12:00:00,2.629991
2024-04-22 12:00:00,3.170598
2024-04-23 12:00:00,3.0199773
2024-04-24 12:00:00,2.4929864
2024-04-25 12:00:00,2.669536
2024-04-26 12:00:00,1.9890547
2024-04-27 12:00:00,2.4207058
2024-04-28 12:00:00,2.859241
2024-04-29 12:00:00,1.9517243
2024-04-30 12:00:00,3.1130548
2024-05-01 12:00:00,2.5066543
2024-05-02 12:00:00,3.4097214
2024-05-03 12:00:00,3.5032384
2024-05-04 12:00:00,2.1258757
2024-05-05 12:00:00,4.0961776
2024-05-06 12:00:00,3.8303368
2024-05-07 12:00:00,3.2058446
2024-05-08 12:00:00,2.346766
2024-05-09 12:00:00,2.9662704
2024-05-10 12:00:00,2.3469927
2024-05-11 12:00:00,2.1647975
2024-05-12 12:00:00,3.4204805
2024-05-13 12:00:00,2.4831567
2024-05-14 12:00:00,2.8525445
2024-05-15 12:00:00,3.4960532
2024-05-16 12:00:00,3.0198982
2024-05-17 12:00:00,3.4861743
2024-05-18 12:00:00,4.8655424
2024-05-19 12:00:00,5.6817617
2024-05-20 12:00:00,7.021277
2024-05-21 12:00:00,6.734176
2024-05-22 12:00:00,6.4113903
2024-05-23 12:00:00,6.493737
2024-05-24 12:00:00,6.745241
2024-05-25 12:00:00,6.685138
2024-05-26 12:00:00,5.8571596
2024-05-27 12:00:00,4.7977767
2024-05-28 12:00:00,5.136543
2024-05-29 12:00:00,6.5583963
2024-05-30 12:00:00,6.320671
2024-05-31 12:00:00,6.7299128
2024-06-01 12:00:00,6.468518
2024-06-02 12:00:00,5.1989155
2024-06-03 12:00:00,3.888142
2024-06-04 12:00:00,4.3006506
2024-06-05 12:00:00,4.6772637
2024-06-06 12:00:00,4.623361
2024-06-07 12:00:00,4.0689125
2024-06-08 12:00:00,5.3058047
2024-06-09 12:00:00,5.7173243
2024-06-10 12:00:00,5.5429754
2024-06-11 12:00:00,5.9016733
2024-06-12 12:00:00,5.32165
2024-06-13 12:00:00,5.3160443
2024-06-14 12:00:00,5.5646453
2024-06-15 12:00:00,6.1441016
2024-06-16 12:00:00,5.7961416
2024-06-17 12:00:00,4.5283866
2024-06-18 12:00:00,4.7184963
2024-06-19 12:00:00,5.24907
2024-06-20 12:00:00,6.399648
2024-06-21 12:00:00,6.555652
2024-06-22 12:00:00,6.211176
2024-06-23 12:00:00,5.549138
2024-06-24 12:00:00,5.1327276
2024-06-25 12:00:00,5.0734916
2024-06-26 12:00:00,4.4878325
2024-06-27 12:00:00,3.1600254
2024-06-28 12:00:00,2.9543135
2024-06-29 12:00:00,4.180286
2024-06-30 12:00:00,3.702109
2024-07-01 12:00:00,3.1894162
2024-07-02 12:00:00,3.676705
2024-07-03 12:00:00,5.214863
2024-07-04 12:00:00,4.789099
2024-07-05 12:00:00,4.485282
2024-07-06 12:00:00,5.3401976
2024-07-07 12:00:00,5.0547395
2024-07-08 12:00:00,3.9667823
2024-07-09 12:00:00,3.8776956
2024-07-10 12:00:00,4.282662
2024-07-11 12:00:00,4.924856
2024-07-12 12:00:00,4.8453145
2024-07-13 12:00:00,5.546529
2024-07-14 12:00:00,5.308479
2024-07-15 12:00:00,5.456327
2024-07-16 12:00:00,5.1320267
2024-07-17 12:00:00,5.390138
2024-07-18 12:00:00,6.0139728
2024-07-19 12:00:00,5.3655133
2024-07-20 12:00:00,4.6899853
2024-07-21 12:00:00,5.258437
2024-07-22 12:00:00,5.691646
2024-07-23 12:00:00,5.6841908
2024-07-24 12:00:00,6.678891
2024-07-25 12:00:00,6.2493644
2024-07-26 12:00:00,5.71731
2024-07-27 12:00:00,6.4029493
2024-07-28 12:00:00,6.072455
2024-07-29 12:00:00,5.279329
2024-07-30 12:00:00,4.466651
2024-07-31 12:00:00,5.318385
2024-08-01 12:00:00,4.1147213
2024-08-02 12:00:00,3.6003869
2024-08-03 12:00:00,3.425812
2024-08-04 12:00:00,4.4226027
2024-08-05 12:00:00,4.5839896
2024-08-06 12:00:00,4.5765977
2024-08-07 12:00:00,3.728756
2024-08-08 12:00:00,5.093002
2024-08-09 12:00:00,4.868901
2024-08-10 12:00:00,5.7114015
2024-08-11 12:00:00,4.943163
2024-08-12 12:00:00,5.027386
2024-08-13 12:00:00,4.831079
2024-08-14 12:00:00,4.271491
2024-08-15 12:00:00,4.6116743
2024-08-16 12:00:00,5.9187336
2024-08-17 12:00:00,5.350054
2024-08-18 12:00:00,5.168029
2024-08-19 12:00:00,5.661296
2024-08-20 12:00:00,4.7314134
2024-08-21 12:00:00,3.211356
2024-08-22 12:00:00,3.8748372
2024-08-23 12:00:00,5.0425906
2024-08-24 12:00:00,3.20872
2024-08-25 12:00:00,4.6527023
2024-08-26 12:00:00,5.384007
2024-08-27 12:00:00,5.131747
2024-08-28 12:00:00,4.9674354
2024-08-29 12:00:00,5.9084163
2024-08-30 12:00:00,5.603946
2024-08-31 12:00:00,4.7555666
2024-09-01 12:00:00,3.8138123
2024-09-02 12:00:00,6.243985
2024-09-03 12:00:00,5.0817833
2024-09-04 12:00:00,5.8110633
2024-09-05 12:00:00,6.98068
2024-09-06 12:00:00,7.330627
2024-09-07 12:00:00,6.9289846
2024-09-08 12:00:00,5.782988
2024-09-09 12:00:00,5.431385
2024-09-10 12:00:00,5.2937713
2024-09-11 12:00:00,4.9205337
2024-09-12 12:00:00,4.6364794
2024-09-13 12:00:00,4.6546526
2024-09-14 12:00:00,5.644717
2024-09-15 12:00:00,6.557615
2024-09-16 12:00:00,7.659341
2024-09-17 12:00:00,7.579935
2024-09-18 12:00:00,7.645563
2024-09-19 12:00:00,7.5166507
2024-09-20 12:00:00,6.764399
2024-09-21 12:00:00,5.8570757
2024-09-22 12:00:00,6.55753
2024-09-23 12:00:00,5.8374066
2024-09-24 12:00:00,4.8914704
2024-09-25 12:00:00,3.7844756
2024-09-26 12:00:00,4.307854
2024-09-27 12:00:00,4.349854
2024-09-28 12:00:00,3.9176652
2024-09-29 12:00:00,4.6828084
2024-09-30 12:00:00,3.1827776
2024-10-01 12:00:00,3.692991
2024-10-02 12:00:00,3.7525585
2024-10-03 12:00:00,3.490509
2024-10-04 12:00:00,3.890166
2024-10-05 12:00:00,3.7051597
2024-10-06 12:00:00,2.7811766
2024-10-07 12:00:00,3.0115209
2024-10-08 12:00:00,3.1018562
2024-10-09 12:00:00,3.7672231
2024-10-10 12:00:00,5.507338
2024-10-11 12:00:00,6.3213696
2024-10-12 12:00:00,6.72502
2024-10-13 12:00:00,6.8314314
2024-10-14 12:00:00,7.3314714
2024-10-15 12:00:00,5.4323063
2024-10-16 12:00:00,4.272457
2024-10-17 12:00:00,3.6487956
2024-10-18 12:00:00,3.751315
2024-10-19 12:00:00,4.029485
2024-10-20 12:00:00,3.971206
2024-10-21 12:00:00,4.210228
2024-10-22 12:00:00,4.25764
2024-10-23 12:00:00,4.917988
2024-10-24 12:00:00,4.9810696
2024-10-25 12:00:00,3.8729527
2024-10-26 12:00:00,4.477282
2024-10-27 12:00:00,4.799313
2024-10-28 12:00:00,4.694534
2024-10-29 12:00:00,3.672009
2024-10-30 12:00:00,3.6532907
2024-10-31 12:00:00,3.0345356
2024-11-01 12:00:00,2.9021869
2024-11-02 12:00:00,2.5807083
2024-11-03 12:00:00,3.6181862
2024-11-04 12:00:00,4.038715
2024-11-05 12:00:00,4.5491605
2024-11-06 12:00:00,3.9655993
2024-11-07 12:00:00,4.1353197
2024-11-08 12:00:00,4.571725
2024-11-09 12:00:00,4.7303357
2024-11-10 12:00:00,4.19706
2024-11-11 12:00:00,2.8745923
2024-11-12 12:00:00,2.8635862
2024-11-13 12:00:00,2.1471987
2024-11-14 12:00:00,2.3214355
2024-11-15 12:00:00,2.7434452
2024-11-16 12:00:00,2.9632359
2024-11-17 12:00:00,2.2837605
2024-11-18 12:00:00,3.93069
2024-11-19 12:00:00,4.460754
2024-11-20 12:00:00,5.150756
2024-11-21 12:00:00,4.68502
2024-11-22 12:00:00,5.131783
2024-11-23 12:00:00,5.0194244
2024-11-24 12:00:00,5.0639415
2024-11-25 12:00:00,5.944271
2024-11-26 12:00:00,6.3875446
2024-11-27 12:00:00,6.525304
2024-11-28 12:00:00,5.810257
2024-11-29 12:00:00,5.7656226
2024-11-30 12:00:00,5.1627913
2024-12-01 12:00:00,5.3750935
2024-12-02 12:00:00,4.4847016
2024-12-03 12:00:00,4.4816256
2024-12-04 12:00:00,3.3952072
2024-12-05 12:00:00,4.1223373
2024-12-06 12:00:00,5.304007
2024-12-07 12:00:00,4.6487474
2024-12-08 12:00:00,4.964018
2024-12-09 12:00:00,4.7742305
2024-12-10 12:00:00,4.641857
2024-12-11 12:00:00,3.5700684
2024-12-12 12:00:00,3.175102
2024-12-13 12:00:00,3.4947376
2024-12-14 12:00:00,4.164338
2024-12-15 12:00:00,3.7408273
2024-12-16 12:00:00,4.5873413
2024-12-17 12:00:00,4.547406
2024-12-18 12:00:00,4.2696285
2024-12-19 12:00:00,3.7530642
2024-12-20 12:00:00,4.160705
2024-12-21 12:00:00,4.8715425
2024-12-22 12:00:00,5.671984
2024-12-23 12:00:00,4.7629747
2024-12-24 12:00:00,3.9097383
2024-12-25 12:00:00,4.211196
2024-12-26 12:00:00,5.1062775
2024-12-27 12:00:00,3.8565223
2024-12-28 12:00:00,3.7882676
2024-12-29 12:00:00,3.7169287
2024-12-30 12:00:00,3.9831598
2024-12-31 12:00:00,3.7292314
2025-01-01 12:00:00,4.0189247
2025-01-02 12:00:00,3.8168879
2025-01-03 12:00:00,4.790822
2025-01-04 12:00:00,4.2694836
2025-01-05 12:00:00,4.579677
2025-01-06 12:00:00,4.018256
2025-01-07 12:00:00,2.7586033
2025-01-08 12:00:00,2.9954636
2025-01-09 12:00:00,2.702053
2025-01-10 12:00:00,3.9242373
2025-01-11 12:00:00,4.214963
2025-01-12 12:00:00,4.4638886
2025-01-13 12:00:00,4.4142146
2025-01-14 12:00:00,4.0717893
2025-01-15 12:00:00,5.1019783
2025-01-16 12:00:00,5.6443114
2025-01-17 12:00:00,5.4811153
2025-01-18 12:00:00,4.183222
2025-01-19 12:00:00,4.5257397
2025-01-20 12:00:00,4.5346384
2025-01-21 12:00:00,3.7360728
2025-01-22 12:00:00,3.7955217
2025-01-23 12:00:00,4.0255527
2025-01-24 12:00:00,3.4734323
2025-01-25 12:00:00,3.9947114
2025-01-26 12:00:00,3.7368279
2025-01-27 12:00:00,3.8300567
2025-01-28 12:00:00,3.5479345
2025-01-29 12:00:00,4.251095
2025-01-30 12:00:00,2.7282653
2025-01-31 12:00:00,3.7099621
2025-02-01 12:00:00,4.0825915
2025-02-02 12:00:00,5.8945217
2025-02-03 12:00:00,4.100196
2025-02-04 12:00:00,4.867787
2025-02-05 12:00:00,3.7824805
2025-02-06 12:00:00,4.456456
2025-02-07 12:00:00,4.9650803
2025-02-08 12:00:00,5.4277143
2025-02-09 12:00:00,4.910576
2025-02-10 12:00:00,4.125174
2025-02-11 12:00:00,5.119322
2025-02-12 12:00:00,5.08024
2025-02-13 12:00:00,4.0127745
2025-02-14 12:00:00,2.7551327
2025-02-15 12:00:00,3.4704645
2025-02-16 12:00:00,3.7341676
2025-02-17 12:00:00,3.5541534
2025-02-18 12:00:00,2.8792393
2025-02-19 12:00:00,3.9365246
2025-02-20 12:00:00,3.971051
2025-02-21 12:00:00,3.685263
2025-02-22 12:00:00,3.6319869
2025-02-23 12:00:00,4.3757477
2025-02-24 12:00:00,4.423465
2025-02-25 12:00:00,4.1512084
2025-02-26 12:00:00,4.175618
2025-02-27 12:00:00,4.341493
2025-02-28 12:00:00,3.4903083
2025-03-01 12:00:00,3.5109603
2025-03-02 12:00:00,3.6977925
2025-03-03 12:00:00,4.975714
2025-03-04 12:00:00,4.9816995
2025-03-05 12:00:00,4.8341503
2025-03-06 12:00:00,4.9983735
2025-03-07 12:00:00,3.7829847
2025-03-08 12:00:00,4.387951
2025-03-09 12:00:00,5.3353696
2025-03-10 12:00:00,4.5701804
2025-03-11 12:00:00,4.2432885
2025-03-12 12:00:00,3.5122535
2025-03-13 12:00:00,3.9814782
2025-03-14 12:00:00,3.1958861
2025-03-15 12:00:00,2.7402442
2025-03-16 12:00:00,3.1985333
2025-03-17 12:00:00,2.7829113
2025-03-18 12:00:00,3.2801957
2025-03-19 12:00:00,3.1079443
2025-03-20 12:00:00,3.955789
2025-03-21 12:00:00,4.229769
2025-03-22 12:00:00,3.5722144
2025-03-23 12:00:00,3.1931822
2025-03-24 12:00:00,3.173612
2025-03-25 12:00:00,2.9807296
2025-03-26 12:00:00,3.73848
2025-03-27 12:00:00,5.132259
2025-03-28 12:00:00,3.470714
2025-03-29 12:00:00,2.7377567
2025-03-30 12:00:00,2.6662936
2025-03-31 12:00:00,2.719315
2025-04-01 12:00:00,2.4687364
2025-04-02 12:00:00,2.429238
2025-04-03 12:00:00,2.1400793
2025-04-04 12:00:00,2.7663317
2025-04-05 12:00:00,4.1326785
2025-04-06 12:00:00,4.1261687
2025-04-07 12:00:00,3.3648536
2025-04-08 12:00:00,3.6379309
2025-04-09 12:00:00,3.6165724
2025-04-10 12:00:00,5.0737004
2025-04-11 12:00:00,6.614117
2025-04-12 12:00:00,4.6849494
2025-04-13 12:00:00,3.86732
2025-04-14 12:00:00,3.2352576
2025-04-15 12:00:00,2.9942167
2025-04-16 12:00:00,3.1376996
2025-04-17 12:00:00,3.544482
2025-04-18 12:00:00,4.800008
2025-04-19 12:00:00,4.892757
2025-04-20 12:00:00,4.373534
2025-04-21 12:00:00,3.4946327
2025-04-22 12:00:00,3.4155097
2025-04-23 12:00:00,4.015364
2025-04-24 12:00:00,3.231581
2025-04-25 12:00:00,2.6107264
2025-04-26 12:00:00,1.9425936
2025-04-27 12:00:00,1.9149146
2025-04-28 12:00:00,2.8551648
2025-04-29 12:00:00,2.8066497
2025-04-30 12:00:00,2.527503
2025-05-01 12:00:00,2.4940124
2025-05-02 12:00:00,2.3781252
2025-05-03 12:00:00,2.3546543
2025-05-04 12:00:00,2.697959
2025-05-05 12:00:00,2.8835537
2025-05-06 12:00:00,3.8947735
2025-05-07 12:00:00,6.181173
2025-05-08 12:00:00,5.728952
2025-05-09 12:00:00,5.5253916
2025-05-10 12:00:00,5.2323084
2025-05-11 12:00:00,5.9713445
2025-05-12 12:00:00,6.0513577
2025-05-13 12:00:00,5.776638
2025-05-14 12:00:00,6.2540197
2025-05-15 12:00:00,6.4797235
2025-05-16 12:00:00,5.858851
2025-05-17 12:00:00,5.874757
2025-05-18 12:00:00,5.206771
2025-05-19 12:00:00,4.203932
2025-05-20 12:00:00,4.1849117
2025-05-21 12:00:00,3.9624
2025-05-22 12:00:00,4.9023447
2025-05-23 12:00:00,5.4809303
2025-05-24 12:00:00,6.245314
2025-05-25 12:00:00,5.364454
2025-05-26 12:00:00,6.0320287
2025-05-27 12:00:00,5.8289976
2025-05-28 12:00:00,6.5710945
2025-05-29 12:00:00,6.0234056
2025-05-30 12:00:00,5.171683
2025-05-31 12:00:00,5.4099517
2025-06-01 12:00:00,5.3231773
2025-06-02 12:00:00,5.227107
2025-06-03 12:00:00,5.1972713
2025-06-04 12:00:00,5.6175647
2025-06-05 12:00:00,5.2820053
2025-06-06 12:00:00,5.9627023
2025-06-07 12:00:00,6.3662224
2025-06-08 12:00:00,7.0941367
2025-06-09 12:00:00,8.028058
2025-06-10 12:00:00,7.4810524
2025-06-11 12:00:00,6.829779
2025-06-12 12:00:00,6.073923
2025-06-13 12:00:00,5.6573257
2025-06-14 12:00:00,5.1828446
2025-06-15 12:00:00,4.5508213
2025-06-16 12:00:00,5.1130476
2025-06-17 12:00:00,4.242059
2025-06-18 12:00:00,4.095236
2025-06-19 12:00:00,5.0442085
2025-06-20 12:00:00,6.130616
2025-06-21 12:00:00,6.290347
2025-06-22 12:00:00,7.0983644
2025-06-23 12:00:00,6.3092637
2025-06-24 12:00:00,5.508796
2025-06-25 12:00:00,5.023757
2025-06-26 12:00:00,3.9944344
2025-06-27 12:00:00,4.5526004
2025-06-28 12:00:00,5.0159802
2025-06-29 12:00:00,4.457018
2025-06-30 12:00:00,5.1925125
2025-07-01 12:00:00,5.5140166
2025-07-02 12:00:00,4.855444
2025-07-03 12:00:00,4.8685665
2025-07-04 12:00:00,5.166003
2025-07-05 12:00:00,6.2289343
2025-07-06 12:00:00,5.6777472
2025-07-07 12:00:00,5.406777
2025-07-08 12:00:00,5.1191554
2025-07-09 12:00:00,5.5029383
2025-07-10 12:00:00,6.405094
2025-07-11 12:00:00,7.326529
2025-07-12 12:00:00,7.529441
2025-07-13 12:00:00,7.7038646
2025-07-14 12:00:00,7.8275146
2025-07-15 12:00:00,7.1518397
2025-07-16 12:00:00,6.5074105
2025-07-17 12:00:00,6.290198
2025-07-18 12:00:00,6.5611715
2025-07-19 12:00:00,8.262838
2025-07-20 12:00:00,7.2612305
2025-07-21 12:00:00,6.175964
2025-07-22 12:00:00,5.8879805
2025-07-23 12:00:00,6.3127813
2025-07-24 12:00:00,5.9129844
2025-07-25 12:00:00,5.3801904
2025-07-26 12:00:00,4.3553414
2025-07-27 12:00:00,4.239375
2025-07-28 12:00:00,4.1891537
2025-07-29 12:00:00,5.7089405
2025-07-30 12:00:00,6.432364
2025-07-31 12:00:00,6.199109
2025-08-01 12:00:00,6.1679635
2025-08-02 12:00:00,6.7625284
2025-08-03 12:00:00,6.0125136
2025-08-04 12:00:00,5.4729204
2025-08-05 12:00:00,6.173761
2025-08-06 12:00:00,6.604977
2025-08-07 12:00:00,6.127187
2025-08-08 12:00:00,5.0621653
2025-08-09 12:00:00,5.4019833
2025-08-10 12:00:00,5.0958147
2025-08-11 12:00:00,5.2754354
2025-08-12 12:00:00,6.0162787
2025-08-13 12:00:00,5.6074343
2025-08-14 12:00:00,5.5286508
2025-08-15 12:00:00,6.370607
2025-08-16 12:00:00,6.772552
2025-08-17 12:00:00,5.901932
2025-08-18 12:00:00,4.6567607
2025-08-19 12:00:00,3.6123402
2025-08-20 12:00:00,4.1547194
2025-08-21 12:00:00,4.7268877
2025-08-22 12:00:00,5.250917
2025-08-23 12:00:00,5.0532517
2025-08-24 12:00:00,5.0518546
2025-08-25 12:00:00,4.98894
2025-08-26 12:00:00,5.722435
2025-08-27 12:00:00,5.9493685
2025-08-28 12:00:00,5.2837834
2025-08-29 12:00:00,6.063848
2025-08-30 12:00:00,6.4380145
2025-08-31 12:00:00,7.222638
2025-09-01 12:00:00,7.1498156
2025-09-02 12:00:00,7.146271
2025-09-03 12:00:00,7.1618223
2025-09-04 12:00:00,6.7796836
2025-09-05 12:00:00,6.3920507
2025-09-06 12:00:00,5.7127256
2025-09-07 12:00:00,5.0589476
2025-09-08 12:00:00,4.9949245
2025-09-09 12:00:00,5.428516
2025-09-10 12:00:00,5.8799133
2025-09-11 12:00:00,6.098731
2025-09-12 12:00:00,5.336662
2025-09-13 12:00:00,6.182518
2025-09-14 12:00:00,6.206923
2025-09-15 12:00:00,5.06707
2025-09-16 12:00:00,4.894121
2025-09-17 12:00:00,5.3009415
2025-09-18 12:00:00,5.4306507
2025-09-19 12:00:00,5.721724
2025-09-20 12:00:00,5.3223968
2025-09-21 12:00:00,4.9216566
2025-09-22 12:00:00,4.8273454
2025-09-23 12:00:00,6.036503
2025-09-24 12:00:00,6.4026275
2025-09-25 12:00:00,5.605816
2025-09-26 12:00:00,4.9375424
2025-09-27 12:00:00,5.2884364
2025-09-28 12:00:00,6.0338306
2025-09-29 12:00:00,5.5972633
2025-09-30 12:00:00,5.3817935
2025-10-01 12:00:00,4.6620517
2025-10-02 12:00:00,3.513995
2025-10-03 12:00:00,2.48016
2025-10-04 12:00:00,2.6988606
2025-10-05 12:00:00,3.080149
2025-10-06 12:00:00,3.2990317
2025-10-07 12:00:00,3.8405027
2025-10-08 12:00:00,3.8760543
2025-10-09 12:00:00,4.4286323
2025-10-10 12:00:00,5.6773973
2025-10-11 12:00:00,4.7354174
2025-10-12 12:00:00,3.917872
2025-10-13 12:00:00,3.5025764
2025-10-14 12:00:00,4.1426983
2025-10-15 12:00:00,4.3619585
2025-10-16 12:00:00,4.9200225
2025-10-17 12:00:00,5.112155
2025-10-18 12:00:00,5.462531
2025-10-19 12:00:00,7.2166567
2025-10-20 12:00:00,7.6127787
2025-10-21 12:00:00,6.4803915
2025-10-22 12:00:00,5.181432
2025-10-23 12:00:00,6.165797
2025-10-24 12:00:00,5.793185
2025-10-25 12:00:00,6.5346804
2025-10-26 12:00:00,5.8877344
2025-10-27 12:00:00,4.2827177
2025-10-28 12:00:00,3.5434868
2025-10-29 12:00:00,2.8296652
2025-10-30 12:00:00,2.540227
2025-10-31 12:00:00,3.230059
2025-11-01 12:00:00,3.5041473
2025-11-02 12:00:00,5.6189003
2025-11-03 12:00:00,6.741574
2025-11-04 12:00:00,6.644368
2025-11-05 12:00:00,6.4944315
2025-11-06 12:00:00,6.817138
2025-11-07 12:00:00,5.6403503
2025-11-08 12:00:00,4.821681
2025-11-09 12:00:00,5.106837
2025-11-10 12:00:00,5.439483
2025-11-11 12:00:00,5.057282
2025-11-12 12:00:00,4.0416703
2025-11-13 12:00:00,3.9849296
2025-11-14 12:00:00,3.6350536
2025-11-15 12:00:00,4.4889383
2025-11-16 12:00:00,4.3670154
2025-11-17 12:00:00,4.5231853
2025-11-18 12:00:00,5.4969087
2025-11-19 12:00:00,4.406718
2025-11-20 12:00:00,4.0880203
2025-11-21 12:00:00,4.4194775
2025-11-22 12:00:00,5.1519866
2025-11-23 12:00:00,6.6236277
2025-11-24 12:00:00,6.8451705
2025-11-25 12:00:00,6.603116
2025-11-26 12:00:00,6.942584
2025-11-27 12:00:00,6.2660036
2025-11-28 12:00:00,4.50581
2025-11-29 12:00:00,3.7281685
2025-11-30 12:00:00,2.7714145
2025-12-01 12:00:00,2.7131124
2025-12-02 12:00:00,2.5989156
2025-12-03 12:00:00,3.747279
2025-12-04 12:00:00,3.4932113
2025-12-05 12:00:00,3.6361554
2025-12-06 12:00:00,3.9794598
2025-12-07 12:00:00,3.8076863
2025-12-08 12:00:00,3.8111577
2025-12-09 12:00:00,4.2624283
2025-12-10 12:00:00,4.22959
2025-12-11 12:00:00,3.6575959
2025-12-12 12:00:00,3.0363472
2025-12-13 12:00:00,3.9625957
2025-12-14 12:00:00,4.561499
2025-12-15 12:00:00,4.0363336
2025-12-16 12:00:00,3.9006479
2025-12-17 12:00:00,3.8183572
2025-12-18 12:00:00,3.9933212
2025-12-19 12:00:00,4.608082
2025-12-20 12:00:00,4.4306226
2025-12-21 12:00:00,5.357634
2025-12-22 12:00:00,4.7693415
2025-12-23 12:00:00,5.0507693
2025-12-24 12:00:00,4.7328978
2025-12-25 12:00:00,5.132509
2025-12-26 12:00:00,5.147853
2025-12-27 12:00:00,4.2458773
2025-12-28 12:00:00,3.9279785
2025-12-29 12:00:00,2.984954
2025-12-30 12:00:00,2.5519114
2025-12-31 12:00:00,3.6440358
