Date,SST,SST_detrended
2016-01-01,29.071735,-0.028589326093616307
2016-01-02,29.085714,-0.014695543002581246
2016-01-03,29.085516,-0.014978759911546291
2016-01-04,29.093994,-0.006585976820510098
2016-01-05,29.086767,-0.013898193729474428
2016-01-06,29.068348,-0.03240241063843641
2016-01-07,29.054468,-0.04636762754740076
2016-01-08,29.050755,-0.05016584445636241
2016-01-09,29.042772,-0.05823406136532583
2016-01-10,29.036827,-0.06426427827429038
2016-01-11,28.994978,-0.10619849518325353
2016-01-12,28.964743,-0.13651871209221866
2016-01-13,28.964003,-0.13734392900117953
2016-01-14,28.954872,-0.14656014591014355
2016-01-15,28.94418,-0.15733736281910993
2016-01-16,28.907541,-0.19406157972807492
2016-01-17,28.898603,-0.20308479663703594
2016-01-18,28.888962,-0.21281101354600196
2016-01-19,28.943521,-0.15833723045496484
2016-01-20,28.986492,-0.11545144736393098
2016-01-21,29.041222,-0.060806664272892164
2016-01-22,29.049187,-0.05292688118185751
2016-01-23,29.068308,-0.03389109809081958
2016-01-24,29.060415,-0.04186931499978286
2016-01-25,29.069613,-0.0327565319087455
2016-01-26,29.062565,-0.03988974881771057
2016-01-27,29.098957,-0.003582965726675269
2016-01-28,29.12897,0.026344817364361006
2016-01-29,29.08046,-0.022250399544603283
2016-01-30,28.998878,-0.10391761645356468
2016-01-31,28.979338,-0.12354283336253147
2016-02-01,28.943317,-0.15964905027149356
2016-02-02,28.908682,-0.1943692671804591
2016-02-03,28.880766,-0.22237048408942073
2016-02-04,28.882713,-0.22050870099838704
2016-02-05,28.862057,-0.24124991790734995
2016-02-06,28.84198,-0.26141213481631453
2016-02-07,28.828178,-0.27529935172527686
2016-02-08,28.8016,-0.301962568634238
2016-02-09,28.77232,-0.33132778554320197
2016-02-10,28.751429,-0.35230400245216487
2016-02-11,28.739641,-0.3641772193611317
2016-02-12,28.767551,-0.3363524362700936
2016-02-13,28.780521,-0.32346765317905835
2016-02-14,28.773663,-0.3304108700880235
2016-02-15,28.805647,-0.29851208699698617
2016-02-16,28.836594,-0.267650303905949
2016-02-17,28.85442,-0.24990952081491358
2016-02-18,28.896864,-0.2075507377238779
2016-02-19,28.983196,-0.12130395463284316
2016-02-20,29.003622,-0.10096317154180667
2016-02-21,29.019354,-0.08531638845077083
2016-02-22,28.992767,-0.1119886053597341
2016-02-23,29.026844,-0.07799682226869464
2016-02-24,29.06457,-0.0403560391776594
2016-02-25,29.004553,-0.10045825608662184
2016-02-26,28.989683,-0.1154134729955878
2016-02-27,29.007908,-0.09727368990455076
2016-02-28,29.008978,-0.0962889068135162
2016-02-29,29.012028,-0.09332412372247845
2016-03-01,29.02063,-0.08480734063144268
2016-03-02,29.038458,-0.06706455754040874
2016-03-03,29.043257,-0.06235077444937076
2016-03-04,29.083445,-0.022247991358334218
2016-03-05,29.10101,-0.004768208267300622
2016-03-06,29.130419,0.024555574823736492
2016-03-07,29.161922,0.0559733579147732
2016-03-08,29.25802,0.15198614100580699
2016-03-09,29.275497,0.1693779240968496
2016-03-10,29.314968,0.2087637071878845
2016-03-11,29.324139,0.21784949027891898
2016-03-12,29.376183,0.26980827336995716
2016-03-13,29.393545,0.2870850564609917
2016-03-14,29.42522,0.3186748395520276
2016-03-15,29.462631,0.3560006226430623
2016-03-16,29.473845,0.3671294057341008
2016-03-17,29.522856,0.4160551888251369
2016-03-18,29.512182,0.4052959719161713
2016-03-19,29.573694,0.4667227550072077
2016-03-20,29.768234,0.6611775380982436
2016-03-21,29.767704,0.6605623211892784
2016-03-22,29.855112,0.7478851042803143
2016-03-23,29.934654,0.8273418873713503
2016-03-24,29.73237,0.6249726704623875
2016-03-25,29.763166,0.6556834535534257
2016-03-26,29.718403,0.610835236644462
2016-03-27,29.789078,0.6814250197354994
2016-03-28,29.831821,0.7240828028265369
2016-03-29,29.82285,0.7150265859175704
2016-03-30,29.862822,0.7549133690086087
2016-03-31,29.972324,0.8643301520996438
2016-04-01,29.987164,0.8790849351906793
2016-04-02,30.011951,0.9037867182817152
2016-04-03,30.089859,0.9816095013727519
2016-04-04,30.184408,1.0760732844637886
2016-04-05,30.398294,1.2898740675548233
2016-04-06,30.505697,1.3971918506458607
2016-04-07,30.413183,1.3045926337368954
2016-04-08,30.342155,1.233479416827933
2016-04-09,30.342813,1.2340521999189704
2016-04-10,30.372427,1.263580983010005
2016-04-11,30.584038,1.4751067661010424
2016-04-12,30.465538,1.3565215491920775
2016-04-13,30.50235,1.3932483322831146
2016-04-14,30.657593,1.5484061153741493
2016-04-15,30.734926,1.6256538984651883
2016-04-16,30.729074,1.6197166815562234
2016-04-17,30.739624,1.6301814646472579
2016-04-18,30.734974,1.6254462477382958
2016-04-19,30.805784,1.6961710308293299
2016-04-20,30.845936,1.736237813920365
2016-04-21,31.052435,1.9426515970114018
2016-04-22,31.130957,2.0210883801024373
2016-04-23,31.078949,1.9689951631934761
2016-04-24,31.081215,1.9711759462845144
2016-04-25,31.199186,2.089061729375551
2016-04-26,31.217236,2.107026512466586
2016-04-27,31.341112,2.230817295557621
2016-04-28,31.481728,2.3713480786486585
2016-04-29,31.414646,2.3041808617396953
2016-04-30,31.378965,2.268414644830731
2016-05-01,31.50361,2.3929744279217644
2016-05-02,31.540844,2.430123211012802
2016-05-03,31.514273,2.4034669941038374
2016-05-04,31.427841,2.316949777194875
2016-05-05,31.336277,2.225300560285909
2016-05-06,31.397678,2.286616343376945
2016-05-07,31.421045,2.3098981264679814
2016-05-08,31.435244,2.324011909559019
2016-05-09,31.339672,2.2283546926500577
2016-05-10,31.37219,2.2607874757410933
2016-05-11,31.438398,2.326910258832129
2016-05-12,31.33403,2.222457041923164
2016-05-13,31.36882,2.257161825014201
2016-05-14,31.214563,2.1028196081052357
2016-05-15,31.113686,2.0018573911962747
2016-05-16,31.03189,1.91997617428731
2016-05-17,30.995136,1.883136957378344
2016-05-18,30.954845,1.8427607404693802
2016-05-19,30.891777,1.7796075235604185
2016-05-20,30.807068,1.6948133066514544
2016-05-21,30.708166,1.5958260897424879
2016-05-22,30.631712,1.5192868728335256
2016-05-23,30.561125,1.4486146559245618
2016-05-24,30.487143,1.374547439015597
2016-05-25,30.405209,1.292528222106636
2016-05-26,30.340576,1.2278100051976715
2016-05-27,30.28119,1.1683387882887075
2016-05-28,30.210306,1.097369571379744
2016-05-29,30.162367,1.0493453544707805
2016-05-30,30.109747,0.9966401375618155
2016-05-31,30.06461,0.951417920652851
2016-06-01,30.016579,0.9033017037438889
2016-06-02,29.958773,0.8454104868349255
2016-06-03,29.908436,0.794988269925959
2016-06-04,29.89026,0.7767270530169981
2016-06-05,29.868826,0.7552078361080312
2016-06-06,29.872063,0.7583596191990694
2016-06-07,29.858734,0.744945402290103
2016-06-08,29.836077,0.7222031853811401
2016-06-09,29.852888,0.7389289684721803
2016-06-10,29.851358,0.7373137515632173
2016-06-11,29.844902,0.7307725346542533
2016-06-12,29.819304,0.705089317745287
2016-06-13,29.783705,0.6694051008363253
2016-06-14,29.741766,0.6273808839273585
2016-06-15,29.680164,0.5656936670183974
2016-06-16,29.592533,0.4779774501094316
2016-06-17,29.499355,0.3847142332004694
2016-06-18,29.419685,0.30495901629150524
2016-06-19,29.371279,0.2564677993825413
2016-06-20,29.313616,0.19871958247357568
2016-06-21,29.23917,0.12418836556461343
2016-06-22,29.194061,0.07899414865564935
2016-06-23,29.148634,0.033481931746685234
2016-06-24,29.093462,-0.02177528516227767
2016-06-25,29.054241,-0.06108150207123941
2016-06-26,29.02853,-0.08687771898020458
2016-06-27,29.005861,-0.10963193588916909
2016-06-28,28.968485,-0.1470931527981314
2016-06-29,28.937607,-0.1780563697070967
2016-06-30,28.94157,-0.1741785866160619
2016-07-01,28.977566,-0.1382678035250251
2016-07-02,29.018559,-0.09736002043398884
2016-07-03,29.098335,-0.017669237342953892
2016-07-04,29.214582,0.09849254574808342
2016-07-05,29.222609,0.10643432883911785
2016-07-06,29.239555,0.12329511193015463
2016-07-07,29.237291,0.12094589502119035
2016-07-08,29.237904,0.12147367811222765
2016-07-09,29.240723,0.12420746120326598
2016-07-10,29.233276,0.11667524429430287
2016-07-11,29.256678,0.13999202738533967
2016-07-12,29.282036,0.1652648104763763
2016-07-13,29.306183,0.18932659356741155
2016-07-14,29.309574,0.19263237665844812
2016-07-15,29.23955,0.12252315974948402
2016-07-16,29.26098,0.14386794284051874
2016-07-17,29.25736,0.1401627259315532
2016-07-18,29.221397,0.10411450902259034
2016-07-19,29.189402,0.07203429211362788
2016-07-20,29.185549,0.06809607520466443
2016-07-21,29.151917,0.034378858295699644
2016-07-22,29.13318,0.015556641386734071
2016-07-23,29.117271,-0.00043757552223055995
2016-07-24,29.130678,0.01288420756880626
2016-07-25,29.115364,-0.0025150093401542506
2016-07-26,29.12467,0.006705773750880439
2016-07-27,29.155037,0.036987556841918234
2016-07-28,29.0925,-0.025634660067044734
2016-07-29,29.044899,-0.07332087697600898
2016-07-30,28.99426,-0.12404509388497331
2016-07-31,28.97825,-0.14014031079393874
2016-08-01,28.940174,-0.17830152770290297
2016-08-02,28.907993,-0.21056774461186478
2016-08-03,28.881886,-0.23675996152082845
2016-08-04,28.876377,-0.24235417842979246
2016-08-05,28.893541,-0.22527539533875895
2016-08-06,28.908144,-0.21075761224772194
2016-08-07,28.908102,-0.2108848291566865
2016-08-08,28.909714,-0.209358046065649
2016-08-09,28.907255,-0.21190226297461123
2016-08-10,28.91015,-0.20909247988357293
2016-08-11,28.894762,-0.22456569679253846
2016-08-12,28.89192,-0.2274929137015036
2016-08-13,28.852451,-0.26704713061046803
2016-08-14,28.824728,-0.2948553475194302
2016-08-15,28.804216,-0.3154525644283943
2016-08-16,28.779522,-0.34023178133735854
2016-08-17,28.770638,-0.3492009982463209
2016-08-18,28.786493,-0.3334312151552865
2016-08-19,28.822334,-0.2976754320642492
2016-08-20,28.86835,-0.25174464897321513
2016-08-21,28.912218,-0.20796186588217935
2016-08-22,28.989872,-0.13039308279114437
2016-08-23,29.01471,-0.1056402997001058
2016-08-24,29.022213,-0.09822251660906645
2016-08-25,28.948622,-0.17189873351803087
2016-08-26,28.91676,-0.20384595042699516
2016-08-27,28.889458,-0.231233167335958
2016-08-28,28.884525,-0.2362513842449232
2016-08-29,28.856014,-0.26484760115388895
2016-08-30,28.811464,-0.3094828180628504
2016-08-31,28.791845,-0.32918703497181667
2016-09-01,28.828266,-0.29285125188078
2016-09-02,28.800213,-0.3209894687897439
2016-09-03,28.767008,-0.3542796856987067
2016-09-04,28.785463,-0.3359099026076713
2016-09-05,28.779282,-0.34217611951663685
2016-09-06,28.758234,-0.3633093364255977
2016-09-07,28.733372,-0.3882565533345641
2016-09-08,28.721283,-0.4004307702435277
2016-09-09,28.751038,-0.3707609871524866
2016-09-10,28.782324,-0.3395602040614527
2016-09-11,28.777636,-0.34433342097041475
2016-09-12,28.789,-0.3330546378793784
2016-09-13,28.808397,-0.3137428547883445
2016-09-14,28.790916,-0.3313090716973086
2016-09-15,28.780834,-0.3414762886062732
2016-09-16,28.782164,-0.3402315055152343
2016-09-17,28.77277,-0.34971072242419865
2016-09-18,28.783514,-0.3390519393331637
2016-09-19,28.752007,-0.370644156242129
2016-09-20,28.719301,-0.40343537315109046
2016-09-21,28.67224,-0.4505815900600574
2016-09-22,28.658575,-0.464331806969021
2016-09-23,28.63507,-0.4879220238779851
2016-09-24,28.638905,-0.4841722407869433
2016-09-25,28.635653,-0.48750945769590714
2016-09-26,28.6359,-0.48734767460487305
2016-09-27,28.632921,-0.4904118915138369
2016-09-28,28.619774,-0.5036441084228009
2016-09-29,28.590452,-0.5330513253317655
2016-09-30,28.564302,-0.5592865422407272
2016-10-01,28.55832,-0.5653537591496942
2016-10-02,28.608665,-0.5150939760586581
2016-10-03,28.628262,-0.4955821929676212
2016-10-04,28.618656,-0.5052734098765832
2016-10-05,28.622622,-0.5013926267855489
2016-10-06,28.61533,-0.5087698436945125
2016-10-07,28.608004,-0.5161810606034756
2016-10-08,28.63788,-0.48639027751244157
2016-10-09,28.647364,-0.47699149442140154
2016-10-10,28.65239,-0.4720507113303647
2016-10-11,28.676199,-0.44832692823932874
2016-10-12,28.718681,-0.40593014514829306
2016-10-13,28.728025,-0.3966713620572584
2016-10-14,28.759075,-0.36570657896622194
2016-10-15,28.741522,-0.38334479587518544
2016-10-16,28.689487,-0.4354650127841495
2016-10-17,28.685244,-0.4397932296931124
2016-10-18,28.668324,-0.4567984466020789
2016-10-19,28.633072,-0.49213566351104276
2016-10-20,28.584524,-0.540768880420007
2016-10-21,28.526747,-0.598631097328969
2016-10-22,28.486631,-0.6388323142379342
2016-10-23,28.45553,-0.6700185311468978
2016-10-24,28.42562,-0.7000137480558593
2016-10-25,28.420708,-0.7050109649648206
2016-10-26,28.527887,-0.5979171818737861
2016-10-27,28.628973,-0.4969163987827514
2016-10-28,28.805687,-0.32028761569171493
2016-10-29,28.830296,-0.2957638326006773
2016-10-30,28.841722,-0.28442304950964115
2016-10-31,28.87162,-0.25461026641860585
2016-11-01,28.813646,-0.3126694833275714
2016-11-02,28.776936,-0.34946470023653475
2016-11-03,28.70121,-0.4252759171454983
2016-11-04,28.63124,-0.4953311340544637
2016-11-05,28.585842,-0.5408143509634264
2016-11-06,28.576094,-0.5506475678723888
2016-11-07,28.556828,-0.5699987847813546
2016-11-08,28.669912,-0.45700000169031796
2016-11-09,28.68629,-0.44070721859927886
2016-11-10,28.874996,-0.25208643550824306
2016-11-11,28.895796,-0.2313716524172058
2016-11-12,28.888046,-0.2392068693261713
2016-11-13,28.84648,-0.28085808623513486
2016-11-14,28.78486,-0.3425633031441002
2016-11-15,28.781878,-0.3456305200530636
2016-11-16,28.770061,-0.35753273696202825
2016-11-17,28.73028,-0.3973989538709901
2016-11-18,28.742437,-0.3853271707799557
2016-11-19,28.77001,-0.35783938768891943
2016-11-20,28.736286,-0.39164860459788287
2016-11-21,28.77365,-0.3543698215068467
2016-11-22,28.798855,-0.329250038415811
2016-11-23,28.81333,-0.31486025532477413
2016-11-24,28.83609,-0.2921854722337365
2016-11-25,28.790005,-0.3383556891426984
2016-11-26,28.814018,-0.3144279060516624
2016-11-27,28.753408,-0.3751231229606269
2016-11-28,28.743351,-0.38526533986959066
2016-11-29,28.68052,-0.44818155677855387
2016-11-30,28.651878,-0.47690877368751927
2016-12-01,28.822008,-0.30686399059648295
2016-12-02,28.805187,-0.32377020750544716
2016-12-03,28.712572,-0.41647042441440973
2016-12-04,28.644983,-0.4841446413233754
2016-12-05,28.577475,-0.5517378582323396
2016-12-06,28.56768,-0.561618075141304
2016-12-07,28.564514,-0.5648692920502683
2016-12-08,28.51781,-0.6116585089592306
2016-12-09,28.48189,-0.6476637258681919
2016-12-10,28.442442,-0.687196942777156
2016-12-11,28.41198,-0.71774415968612
2016-12-12,28.384335,-0.7454743765950838
2016-12-13,28.395918,-0.7339765935040461
2016-12-14,28.430569,-0.6994108104130135
2016-12-15,28.41795,-0.7121150273219747
2016-12-16,28.4268,-0.7033502442309398
2016-12-17,28.407837,-0.7223984611399032
2016-12-18,28.4485,-0.6818206780488687
2016-12-19,28.510633,-0.6197728949578334
2016-12-20,28.45332,-0.6771711118667945
2016-12-21,28.444414,-0.6861623287757617
2016-12-22,28.416348,-0.7143135456847247
2016-12-23,28.397833,-0.7329137625936895
2016-12-24,28.43537,-0.6954619795026531
2016-12-25,28.58615,-0.5447671964116125
2016-12-26,28.570593,-0.5604094133205777
2016-12-27,28.537226,-0.5938616302295401
2016-12-28,28.550083,-0.5810898471385038
2016-12-29,28.538187,-0.5930710640474679
2016-12-30,28.525005,-0.6063382809564324
2016-12-31,28.52735,-0.6040784978653981
2017-01-01,28.511845,-0.6196687147743596
2017-01-02,28.4872,-0.6443989316833232
2017-01-03,28.450293,-0.6813911485922901
2017-01-04,28.394152,-0.7376173655012543
2017-01-05,28.363266,-0.7685885824102172
2017-01-06,28.330593,-0.8013467993191803
2017-01-07,28.313389,-0.8186360162281439
2017-01-08,28.322124,-0.8099862331371099
2017-01-09,28.350306,-0.7818894500460694
2017-01-10,28.296524,-0.8357566669550316
2017-01-11,28.293749,-0.8386168838639989
2017-01-12,28.307287,-0.8251641007729624
2017-01-13,28.27134,-0.8611963176819266
2017-01-14,28.20833,-0.9242915345908891
2017-01-15,28.191294,-0.941412751499854
2017-01-16,28.201714,-0.9310779684088182
2017-01-17,28.16087,-0.9720071853177821
2017-01-18,28.140673,-0.9922894022267457
2017-01-19,28.179636,-0.9534116191357107
2017-01-20,28.163017,-0.9701158360446733
2017-01-21,28.168982,-0.9642360529536376
2017-01-22,28.16872,-0.9645832698626009
2017-01-23,28.147383,-0.986005486771564
2017-01-24,28.142542,-0.990931703680527
2017-01-25,28.18022,-0.9533389205894913
2017-01-26,28.170406,-0.963238137498454
2017-01-27,28.170908,-0.9628213544074171
2017-01-28,28.189926,-0.943888571316382
2017-01-29,28.242392,-0.891507788225347
2017-01-30,28.226767,-0.9072180051343111
2017-01-31,28.228203,-0.9058672220432733
2017-02-01,28.239697,-0.8944584389522383
2017-02-02,28.23994,-0.8943006558612012
2017-02-03,28.214272,-0.9200538727701648
2017-02-04,28.210155,-0.9242560896791296
2017-02-05,28.254265,-0.8802313065880938
2017-02-06,28.299301,-0.8352805234970582
2017-02-07,28.321335,-0.8133317404060207
2017-02-08,28.286688,-0.8480639573149809
2017-02-09,28.265505,-0.8693321742239455
2017-02-10,28.226019,-0.9089033911329096
2017-02-11,28.218365,-0.9166426080418759
2017-02-12,28.213161,-0.921931824950839
2017-02-13,28.230696,-0.9044820418598043
2017-02-14,28.23287,-0.9023932587687682
2017-02-15,28.248423,-0.8869254756777316
2017-02-16,28.242,-0.8934336925866937
2017-02-17,28.24287,-0.8926489094956587
2017-02-18,28.266178,-0.8694261264046226
2017-02-19,28.305222,-0.8304673433135861
2017-02-20,28.425488,-0.7102865602225492
2017-02-21,28.511421,-0.6244387771315161
2017-02-22,28.449507,-0.6864379940404781
2017-02-23,28.469296,-0.6667342109494427
2017-02-24,28.41505,-0.7210654278584023
2017-02-25,28.448765,-0.6874356447673655
2017-02-26,28.427883,-0.7084028616763298
2017-02-27,28.472904,-0.6634670785852954
2017-02-28,28.381056,-0.7554002954942582
2017-03-01,28.389633,-0.7469085124032233
2017-03-02,28.409958,-0.7266687293121876
2017-03-03,28.421436,-0.7152759462211513
2017-03-04,28.58076,-0.5560371631301138
2017-03-05,28.656948,-0.4799343800390794
2017-03-06,28.681131,-0.4558365969480427
2017-03-07,28.738747,-0.39830581385700725
2017-03-08,28.70402,-0.43311803076597144
2017-03-09,28.722044,-0.41517924767493497
2017-03-10,28.795263,-0.34204546458390084
2017-03-11,29.01903,-0.11836368149285903
2017-03-12,29.105764,-0.03171489840182318
2017-03-13,28.985714,-0.1518501153107863
2017-03-14,28.929747,-0.20790233221975285
2017-03-15,28.88628,-0.25145454912871656
2017-03-16,28.985004,-0.15281576603767988
2017-03-17,28.93232,-0.20558498294664318
2017-03-18,29.149866,0.01187580014439149
2017-03-19,29.165998,0.0279225832354264
2017-03-20,29.232113,0.09395236632646231
2017-03-21,29.201513,0.06326714941749856
2017-03-22,29.031977,-0.1063540674914627
2017-03-23,29.131056,-0.00736028440042702
2017-03-24,29.219584,0.08108249869060913
2017-03-25,29.317295,0.17870828178164544
2017-03-26,29.285295,0.14662306487268495
2017-03-27,29.370834,0.23207684796371808
2017-03-28,29.442509,0.30366663105475666
2017-03-29,29.391937,0.25300941414579015
2017-03-30,29.550655,0.4116421972368265
2017-03-31,29.523483,0.3843849803278623
2017-04-01,29.72276,0.5835767634189004
2017-04-02,29.759453,0.620184546509936
2017-04-03,29.791147,0.6517933296009701
2017-04-04,29.79353,0.6540911126920079
2017-04-05,29.791794,0.6522698957830428
2017-04-06,29.875824,0.7362146788740809
2017-04-07,29.861732,0.7220374619651153
2017-04-08,29.939266,0.7994862450561513
2017-04-09,29.939354,0.7994890281471889
2017-04-10,29.85238,0.712429811238227
2017-04-11,29.925997,0.7859615943292617
2017-04-12,29.98655,0.8464293774203
2017-04-13,29.853197,0.7129911605113364
2017-04-14,29.747852,0.6075609436023726
2017-04-15,29.636478,0.49610172669340713
2017-04-16,29.596333,0.45587150978444413
2017-04-17,29.661741,0.521194292875478
2017-04-18,29.667093,0.526461075966516
2017-04-19,29.718716,0.5779988590575513
2017-04-20,29.758747,0.6179446421485864
2017-04-21,29.821451,0.6805634252396224
2017-04-22,29.902071,0.7610982083306581
2017-04-23,29.944483,0.8034249914216964
2017-04-24,29.928072,0.7869287745127309
2017-04-25,29.920176,0.7789475576037681
2017-04-26,29.93018,0.7888663406948062
2017-04-27,29.966825,0.8254261237858422
2017-04-28,30.001274,0.8597899068768768
2017-04-29,30.211107,1.0695376899679125
2017-04-30,30.335426,1.1937714730589484
2017-05-01,30.318853,1.1771132561499869
2017-05-02,30.353928,1.212103039241022
2017-05-03,30.482527,1.3406168223320591
2017-05-04,30.525133,1.3831376054230944
2017-05-05,30.374395,1.2323143885141299
2017-05-06,30.348635,1.2064691716051676
2017-05-07,30.499102,1.3568509546962026
2017-05-08,30.603756,1.4614197377872387
2017-05-09,30.476696,1.3342745208782745
2017-05-10,30.438757,1.296250303969309
2017-05-11,30.404184,1.2615920870603503
2017-05-12,30.41693,1.2742528701513862
2017-05-13,30.305311,1.1625486532424212
2017-05-14,30.199152,1.056304436333459
2017-05-15,30.104248,0.9613152194244918
2017-05-16,30.055159,0.9121410025155292
2017-05-17,30.030663,0.887559785606566
2017-05-18,29.986612,0.8434235686976024
2017-05-19,29.90891,0.7656363517886362
2017-05-20,29.860085,0.716726134879675
2017-05-21,29.797426,0.6539819179707109
2017-05-22,29.754059,0.610529701061747
2017-05-23,29.67191,0.5282954841527818
2017-05-24,29.588558,0.4448582672438164
2017-05-25,29.53053,0.3867450503348522
2017-05-26,29.463688,0.3198178334258941
2017-05-27,29.398705,0.2547496165169285
2017-05-28,29.330305,0.18626439960796404
2017-05-29,29.273823,0.129697182699001
2017-05-30,29.210852,0.06664096579003598
2017-05-31,29.184767,0.040470748881073604
2017-06-01,29.182812,0.03843053197210722
2017-06-02,29.162825,0.018358315063146335
2017-06-03,29.15037,0.005818098154179552
2017-06-04,29.121708,-0.02292911875478154
2017-06-05,29.087793,-0.05692933566374592
2017-06-06,29.05118,-0.0936275525727126
2017-06-07,29.02744,-0.11745276948167671
2017-06-08,29.00905,-0.13592798639064085
2017-06-09,29.004187,-0.1408762032996016
2017-06-10,28.988768,-0.15638042020856702
2017-06-11,28.995218,-0.15001563711752652
2017-06-12,29.019554,-0.1257648540264924
2017-06-13,29.022276,-0.1231280709354543
2017-06-14,29.042274,-0.1032152878444208
2017-06-15,29.14222,-0.003354504753385612
2017-06-16,29.211248,0.06558827833765335
2017-06-17,29.172684,0.026939061428688404
2017-06-18,29.176937,0.031106844519722898
2017-06-19,29.102928,-0.04298737238924133
2017-06-20,29.055136,-0.09086458929820296
2017-06-21,29.0472,-0.0988858062071678
2017-06-22,29.023417,-0.12275402311613348
2017-06-23,28.979694,-0.16656224002509745
2017-06-24,28.945261,-0.2010804569340614
2017-06-25,28.915794,-0.23063267384302222
2017-06-26,28.917124,-0.2293878907519833
2017-06-27,28.92834,-0.21825710766094986
2017-06-28,28.970598,-0.17608432456991352
2017-06-29,28.97866,-0.16810754147887508
2017-06-30,28.985369,-0.1614837583878419
2017-07-01,29.013466,-0.13347197529680344
2017-07-02,29.005903,-0.14112019220576855
2017-07-03,29.011068,-0.13604040911473092
2017-07-04,28.999401,-0.1477926260236977
2017-07-05,28.99756,-0.14971884293266058
2017-07-06,28.945265,-0.20209905984162546
2017-07-07,28.885664,-0.26178527675059016
2017-07-08,28.839224,-0.3083104936595511
2017-07-09,28.786758,-0.3608617105685177
2017-07-10,28.784475,-0.3632299274774802
2017-07-11,28.77988,-0.36791014438644254
2017-07-12,28.799492,-0.34838336129540437
2017-07-13,28.754503,-0.39345757820436944
2017-07-14,28.696812,-0.45123379511333184
2017-07-15,28.65374,-0.49439101202229807
2017-07-16,28.631989,-0.5162272289312604
2017-07-17,28.58826,-0.560041445840227
2017-07-18,28.573328,-0.5750586627491892
2017-07-19,28.572668,-0.575803879658153
2017-07-20,28.589722,-0.5588350965671189
2017-07-21,28.597227,-0.5514153134760811
2017-07-22,28.58446,-0.5642675303850453
2017-07-23,28.625248,-0.5235647472940101
2017-07-24,28.656796,-0.49210196420297336
2017-07-25,28.654026,-0.49495718111193554
2017-07-26,28.62615,-0.5229183980208987
2017-07-27,28.61997,-0.5291836149298632
2017-07-28,28.618176,-0.5310628318388275
2017-07-29,28.628918,-0.5204060487477911
2017-07-30,28.611206,-0.5382032656567546
2017-07-31,28.579319,-0.5701754825657162
2017-08-01,28.58261,-0.5669696994746829
2017-08-02,28.561255,-0.5884099163836467
2017-08-03,28.551268,-0.5984821332926096
2017-08-04,28.552946,-0.5968893502015753
2017-08-05,28.538881,-0.611039567110538
2017-08-06,28.52601,-0.6239957840195025
2017-08-07,28.526594,-0.6234970009284666
2017-08-08,28.581087,-0.5690892178374298
2017-08-09,28.598783,-0.551478434746393
2017-08-10,28.637093,-0.5132536516553579
2017-08-11,28.668556,-0.48187586856431963
2017-08-12,28.710333,-0.4401840854732839
2017-08-13,28.714079,-0.4365233023822448
2017-08-14,28.65872,-0.49196751929121163
2017-08-15,28.601728,-0.5490447362001731
2017-08-16,28.601812,-0.5490459531091396
2017-08-17,28.601467,-0.549476170018103
2017-08-18,28.596525,-0.5545033869270668
2017-08-19,28.633429,-0.517684603836031
2017-08-20,28.629705,-0.5214938207449933
2017-08-21,28.603497,-0.5477870376539578
2017-08-22,28.594631,-0.5567382545629229
2017-08-23,28.6105,-0.5409544714718884
2017-08-24,28.589224,-0.5623156883808491
2017-08-25,28.586504,-0.5651209052898132
2017-08-26,28.613674,-0.5380361221987755
2017-08-27,28.579687,-0.5721083391077393
2017-08-28,28.58534,-0.5665405560167045
2017-08-29,28.653475,-0.4984907729256669
2017-08-30,28.748348,-0.40370298983463115
2017-08-31,28.858828,-0.29330820674359614
2017-09-01,28.787403,-0.364818423652558
2017-09-02,28.876617,-0.2756896405615237
2017-09-03,28.950695,-0.2016968574704876
2017-09-04,28.906767,-0.2457100743794527
2017-09-05,28.893196,-0.2593662912884156
2017-09-06,28.871107,-0.28154050819738075
2017-09-07,28.861069,-0.29166372510634275
2017-09-08,28.81652,-0.3362979420153067
2017-09-09,28.937868,-0.2150351589242696
2017-09-10,28.995518,-0.1574703758332312
2017-09-11,29.033653,-0.11942059274219474
2017-09-12,29.106962,-0.046196809651160464
2017-09-13,29.17856,0.025315973439877126
2017-09-14,28.989841,-0.1634882434690894
2017-09-15,28.971859,-0.18155546037805337
2017-09-16,28.892576,-0.2609236772870176
2017-09-17,28.82024,-0.33334489419598157
2017-09-18,28.840508,-0.3131621111049441
2017-09-19,28.846949,-0.3068063280139093
2017-09-20,28.8552,-0.29864054492287195
2017-09-21,28.804739,-0.3491867618318345
2017-09-22,28.78956,-0.36445097874079835
2017-09-23,28.77346,-0.3806361956497639
2017-09-24,28.728073,-0.42610841255872955
2017-09-25,28.67747,-0.47679662946768886
2017-09-26,28.628971,-0.5253808463766525
2017-09-27,28.62213,-0.5323070632856179
2017-09-28,28.656164,-0.49835828019458006
2017-09-29,28.717869,-0.4367384971035442
2017-09-30,28.7323,-0.4223927140125099
2017-10-01,28.773153,-0.38162493092147187
2017-10-02,28.831987,-0.32287614783043495
2017-10-03,28.880005,-0.27494336473939995
2017-10-04,28.865675,-0.28935858164836503
2017-10-05,28.81342,-0.3416987985573279
2017-10-06,28.859156,-0.2960480154662939
2017-10-07,28.92045,-0.23483923237525772
2017-10-08,28.972013,-0.18336144928422016
2017-10-09,29.015203,-0.140256666193185
2017-10-10,28.975712,-0.17983288310214718
2017-10-11,28.8543,-0.3013301000111106
2017-10-12,28.81276,-0.3429553169200723
2017-10-13,28.794401,-0.36139953382903656
2017-10-14,28.738337,-0.4175487507379998
2017-10-15,28.680767,-0.4752039676469657
2017-10-16,28.642069,-0.5139871845559298
2017-10-17,28.597542,-0.5585994014648925
2017-10-18,28.569033,-0.5871936183738562
2017-10-19,28.586823,-0.5694888352828222
2017-10-20,28.683552,-0.4728450521917864
2017-10-21,28.759306,-0.39717626910075055
2017-10-22,28.85781,-0.29875748600971264
2017-10-23,28.872898,-0.283754702918678
2017-10-24,28.981646,-0.17509191982763994
2017-10-25,29.166357,0.009533863263396114
2017-10-26,29.178555,0.021646646354433585
2017-10-27,29.132326,-0.024667570554530727
2017-10-28,29.2972,0.14012121253650633
2017-10-29,29.22146,0.06429599562754262
2017-10-30,29.154135,-0.003114221281421692
2017-10-31,29.12604,-0.03129443819038613
2017-11-01,29.079092,-0.07832765509935058
2017-11-02,29.124247,-0.03325787200831343
2017-11-03,29.086294,-0.07129608891727912
2017-11-04,29.121801,-0.035874305826240516
2017-11-05,29.141878,-0.015882522735207516
2017-11-06,29.189592,0.03174626035583117
2017-11-07,29.173737,0.015806043446865203
2017-11-08,29.113012,-0.04500417346209673
2017-11-09,29.057714,-0.10038739037106126
2017-11-10,29.012499,-0.14568760728002417
2017-11-11,28.993973,-0.164298824188986
2017-11-12,28.948282,-0.2100750410979515
2017-11-13,28.995272,-0.16317025800691454
2017-11-14,28.999136,-0.15939147491587846
2017-11-15,29.11029,-0.04832269182484339
2017-11-16,29.40859,0.24989209126619372
2017-11-17,29.423391,0.2646078743572282
2017-11-18,29.344902,0.1860336574482666
2017-11-19,29.35025,0.1912964405393005
2017-11-20,29.388683,0.22964422363033776
2017-11-21,29.31025,0.15112600672137333
2017-11-22,29.343466,0.18425678981240878
2017-11-23,29.352226,0.1929315729034471
2017-11-24,29.2224,0.06302035599448175
2017-11-25,29.146353,-0.013111860914481355
2017-11-26,29.031147,-0.1284030778234424
2017-11-27,28.962492,-0.1971432947324061
2017-11-28,28.953888,-0.20583251164137195
2017-11-29,28.98914,-0.17066572855033613
2017-11-30,28.967476,-0.19241494545929783
2017-12-01,28.893484,-0.26649216236826234
2017-12-02,28.85392,-0.3061413792772285
2017-12-03,28.786625,-0.3735215961861904
2017-12-04,28.703165,-0.45706681309515673
2017-12-05,28.635275,-0.5250420300041192
2017-12-06,28.644184,-0.516218246913084
2017-12-07,28.654348,-0.5061394638220484
2017-12-08,28.721504,-0.4390686807310118
2017-12-09,28.848831,-0.31182689763997473
2017-12-10,28.878332,-0.28241111454893897
2017-12-11,28.860119,-0.3007093314578988
2017-12-12,28.869627,-0.2912865483668625
2017-12-13,28.848892,-0.3121067652758285
2017-12-14,28.90147,-0.25961398218479204
2017-12-15,28.856848,-0.30432119909375643
2017-12-16,28.798258,-0.36299641600271926
2017-12-17,28.756567,-0.4047726329116834
2017-12-18,28.738968,-0.422456849820648
2017-12-19,28.727737,-0.4337730667296107
2017-12-20,28.689161,-0.4724342836385773
2017-12-21,28.648737,-0.5129435005475393
2017-12-22,28.619223,-0.5425427174565023
2017-12-23,28.592386,-0.5694649343654667
2017-12-24,28.575289,-0.5866471512744305
2017-12-25,28.538723,-0.623298368183395
2017-12-26,28.523247,-0.6388595850923551
2017-12-27,28.520632,-0.6415598020013213
2017-12-28,28.52865,-0.6336270189102855
2017-12-29,28.57669,-0.5856722358192492
2017-12-30,28.575756,-0.5866914527282141
2017-12-31,28.555319,-0.6072136696371757
2018-01-01,28.517107,-0.6455108865461412
2018-01-02,28.457117,-0.7055861034551043
2018-01-03,28.486847,-0.6759413203640676
2018-01-04,28.49745,-0.6654235372730319
2018-01-05,28.473515,-0.6894437541819975
2018-01-06,28.488361,-0.6746829710909594
2018-01-07,28.600092,-0.5630371879999245
2018-01-08,28.666882,-0.4963324049088875
2018-01-09,28.62924,-0.5340596218178533
2018-01-10,28.650433,-0.5129518387268135
2018-01-11,28.649847,-0.5136230556357759
2018-01-12,28.623518,-0.5400372725447404
2018-01-13,28.602858,-0.5607824894537039
2018-01-14,28.56662,-0.5971057063626688
2018-01-15,28.567926,-0.5958849232716332
2018-01-16,28.58654,-0.5773561401805978
2018-01-17,28.575935,-0.58804635708956
2018-01-18,28.51443,-0.6496365739985244
2018-01-19,28.49924,-0.6649117909074889
2018-01-20,28.500902,-0.6633350078164533
2018-01-21,28.475075,-0.6892472247254169
2018-01-22,28.494669,-0.669738441634383
2018-01-23,28.531006,-0.6334866585433439
2018-01-24,28.591,-0.5735778754523082
2018-01-25,28.57604,-0.5886230923612743
2018-01-26,28.612497,-0.5522513092702326
2018-01-27,28.763353,-0.40148052617919916
2018-01-28,28.729536,-0.43538274308816227
2018-01-29,28.663012,-0.5019919599971274
2018-01-30,28.69205,-0.47303917690609154
2018-01-31,28.764862,-0.400312393815053
2018-02-01,28.734,-0.4312596107240161
2018-02-02,28.735966,-0.42937882763298063
2018-02-03,28.72418,-0.4412500445419454
2018-02-04,28.748795,-0.4167202614509087
2018-02-05,28.779219,-0.3863814783598727
2018-02-06,28.77824,-0.38744569526883765
2018-02-07,28.799967,-0.36580391217780317
2018-02-08,28.757849,-0.40800712908676573
2018-02-09,28.764196,-0.40174534599573164
2018-02-10,28.724392,-0.4416345629046887
2018-02-11,28.694536,-0.47157577981365506
2018-02-12,28.666636,-0.499560996722618
2018-02-13,28.673141,-0.49314121363158137
2018-02-14,28.696417,-0.4699504305405462
2018-02-15,28.69098,-0.4754726474495108
2018-02-16,28.67609,-0.490447864358476
2018-02-17,28.65113,-0.5154930812674401
2018-02-18,28.705105,-0.4616032981764029
2018-02-19,28.668827,-0.49796651508536627
2018-02-20,28.634604,-0.5322747319943311
2018-02-21,28.657091,-0.5098729489032934
2018-02-22,28.754354,-0.4126951658122593
2018-02-23,28.712282,-0.4548523827212243
2018-02-24,28.69278,-0.47443959963018756
2018-02-25,28.695263,-0.47204181653914645
2018-02-26,28.731415,-0.4359750334481127
2018-02-27,28.78171,-0.38576525035707476
2018-02-28,28.820772,-0.3467884672660375
2018-03-01,28.848276,-0.31936968417500466
2018-03-02,28.90959,-0.2581409010839657
2018-03-03,28.98305,-0.18476611799293252
2018-03-04,29.08849,-0.079411334901895
2018-03-05,29.023243,-0.1447435518108584
2018-03-06,29.033302,-0.13476976871982416
2018-03-07,29.049427,-0.11872998562878578
2018-03-08,29.03435,-0.13389220253775136
2018-03-09,29.04066,-0.12766741944671622
2018-03-10,29.035849,-0.13256363635568036
2018-03-11,29.04536,-0.12313785326464455
2018-03-12,29.137144,-0.03143907017360448
2018-03-13,29.16359,-0.005078287082568522
2018-03-14,29.304953,0.13619949600846937
2018-03-15,29.371132,0.20229327909950356
2018-03-16,29.391613,0.22268906219053974
2018-03-17,29.367323,0.19831384528157514
2018-03-18,29.342121,0.17302662837261096
2018-03-19,29.362837,0.19365741146364712
2018-03-20,29.456482,0.2872171945546853
2018-03-21,29.511412,0.3420619776457201
2018-03-22,29.522434,0.3529987607367566
2018-03-23,29.562355,0.39283454382779226
2018-03-24,29.476238,0.3066323269188267
2018-03-25,29.417057,0.24736611000986386
2018-03-26,29.475082,0.3053058931009005
2018-03-27,29.651714,0.4818526761919344
2018-03-28,29.789877,0.6199304592829762
2018-03-29,29.849403,0.6793712423740104
2018-03-30,29.990551,0.8204340254650475
2018-03-31,29.954113,0.7839108085560831
2018-04-01,29.986015,0.8157275916471178
2018-04-02,30.046358,0.875985374738157
2018-04-03,30.000578,0.8301201578291924
2018-04-04,30.120914,0.9503709409202266
2018-04-05,30.172474,1.0018457240112646
2018-04-06,30.080929,0.9102155071023006
2018-04-07,30.051296,0.8804972901933361
2018-04-08,29.91137,0.740486073284373
2018-04-09,29.88834,0.7173708563754069
2018-04-10,29.850239,0.6791846394664418
2018-04-11,29.840658,0.6695184225574806
2018-04-12,29.890112,0.7188872056485174
2018-04-13,29.959635,0.7883249887395536
2018-04-14,29.944036,0.7726407718305914
2018-04-15,30.045183,0.8737025549216284
2018-04-16,29.939205,0.767639338012664
2018-04-17,30.026058,0.8544071211036979
2018-04-18,30.124529,0.9527929041947338
2018-04-19,30.237886,1.0660646872857704
2018-04-20,30.307646,1.1357394703768051
2018-04-21,30.23856,1.0665682534678425
2018-04-22,30.32452,1.1524430365588785
2018-04-23,30.387297,1.215134819649915
2018-04-24,30.464096,1.2918486027409521
2018-04-25,30.433197,1.2608643858319866
2018-04-26,30.28779,1.1153721689230238
2018-04-27,30.391424,1.218920952014063
2018-04-28,30.396318,1.223729735105099
2018-04-29,30.363337,1.1906635181961356
2018-04-30,30.299627,1.1268683012871712
2018-05-01,30.234114,1.061270084378208
2018-05-02,30.26308,1.0901508674692408
2018-05-03,30.271538,1.0985236505602778
2018-05-04,30.186867,1.0137674336513136
2018-05-05,30.15473,0.9815452167423508
2018-05-06,30.219383,1.0461129998333867
2018-05-07,30.348427,1.175071782924423
2018-05-08,30.344841,1.171400566015457
2018-05-09,30.319588,1.1460623491064936
2018-05-10,30.43457,1.2609591321975309
2018-05-11,30.329939,1.1562429152885656
2018-05-12,30.266012,1.092230698379602
2018-05-13,30.203472,1.029605481470643
2018-05-14,30.34185,1.1678982645616784
2018-05-15,30.309866,1.135829047652713
2018-05-16,30.365723,1.1916008307437487
2018-05-17,30.278864,1.1046566138347842
2018-05-18,30.222975,1.0486823969258232
2018-05-19,30.17462,1.0002421800168584
2018-05-20,30.183561,1.0090979631078945
2018-05-21,30.224346,1.04979774619893
2018-05-22,30.261023,1.086389529289967
2018-05-23,30.14296,0.9682413123810001
2018-05-24,30.034227,0.8594230954720388
2018-05-25,29.945028,0.7701388785630741
2018-05-26,29.87712,0.7021456616541109
2018-05-27,29.849653,0.6745934447451454
2018-05-28,29.82969,0.6545452278361843
2018-05-29,29.775793,0.6005630109272211
2018-05-30,29.769873,0.5945577940182574
2018-05-31,29.732754,0.5573535771092928
2018-06-01,29.701004,0.5255183602003299
2018-06-02,29.67742,0.5018491432913663
2018-06-03,29.656004,0.4803479263824002
2018-06-04,29.601114,0.42537270947343586
2018-06-05,29.546965,0.37113849256447295
2018-06-06,29.520134,0.34422227565550756
2018-06-07,29.440361,0.2643640587465441
2018-06-08,29.361357,0.18527484183758247
2018-06-09,29.30173,0.12556262492861592
2018-06-10,29.265516,0.08926340801965438
2018-06-11,29.228195,0.051857191110688206
2018-06-12,29.200874,0.02445097420172715
2018-06-13,29.182062,0.00555375729276264
2018-06-14,29.190208,0.013614540383798612
2018-06-15,29.192915,0.0162363234748355
2018-06-16,29.155054,-0.02170989343412799
2018-06-17,29.11036,-0.0664891103430918
2018-06-18,29.056957,-0.11997732725205523
2018-06-19,29.010916,-0.16610354416101814
2018-06-20,28.987352,-0.1897527610699825
2018-06-21,29.021475,-0.15571497797894907
2018-06-22,29.021362,-0.155913194887912
2018-06-23,29.004406,-0.17295441179687643
2018-06-24,28.987305,-0.1901406287058407
2018-06-25,28.970106,-0.20742484561480268
2018-06-26,28.939835,-0.2377810625237693
2018-06-27,28.912056,-0.26564527943272864
2018-06-28,28.898853,-0.2789334963416934
2018-06-29,28.93806,-0.2398117132506563
2018-06-30,28.955275,-0.22268193015962012
2018-07-01,28.939648,-0.2383941470685862
2018-07-02,28.913782,-0.26434536397754727
2018-07-03,28.938152,-0.24006058088651372
2018-07-04,28.898172,-0.28012579779547764
2018-07-05,28.865294,-0.31308901470444184
2018-07-06,28.831516,-0.34695223161340394
2018-07-07,28.825623,-0.3529304485223683
2018-07-08,28.807913,-0.37072566543133334
2018-07-09,28.753046,-0.42567788234029535
2018-07-10,28.678282,-0.5005270992492612
2018-07-11,28.620733,-0.5581613161582233
2018-07-12,28.580027,-0.5989525330671874
2018-07-13,28.56063,-0.6184347499761493
2018-07-14,28.538498,-0.6406519668851125
2018-07-15,28.527208,-0.6520271837940754
2018-07-16,28.526138,-0.6531824007030416
2018-07-17,28.54115,-0.6382556176120069
2018-07-18,28.542765,-0.6367258345209699
2018-07-19,28.539188,-0.6403880514299338
2018-07-20,28.514126,-0.6655352683388962
2018-07-21,28.512775,-0.6669714852478599
2018-07-22,28.533894,-0.6459377021568251
2018-07-23,28.572964,-0.6069529190657903
2018-07-24,28.604488,-0.5755141359747533
2018-07-25,28.621416,-0.5586713528837173
2018-07-26,28.656937,-0.523235569792682
2018-07-27,28.667204,-0.5130537867016436
2018-07-28,28.633553,-0.5467900036106066
2018-07-29,28.608053,-0.572375220519568
2018-07-30,28.5685,-0.6120134374285335
2018-07-31,28.535063,-0.6455356543374968
2018-08-01,28.522572,-0.6581118712464615
2018-08-02,28.546806,-0.6339630881554257
2018-08-03,28.562532,-0.6183223050643889
2018-08-04,28.57498,-0.6059595219733538
2018-08-05,28.56895,-0.6120747388823169
2018-08-06,28.515656,-0.665453955791282
2018-08-07,28.475008,-0.7061871727002469
2018-08-08,28.45605,-0.7252303896092087
2018-08-09,28.448563,-0.7328026065181739
2018-08-10,28.446764,-0.7346868234271362
2018-08-11,28.426357,-0.7551790403361025
2018-08-12,28.40512,-0.7765012572450622
2018-08-13,28.385014,-0.7966924741540247
2018-08-14,28.37039,-0.81140169106299
2018-08-15,28.362553,-0.8193239079719561
2018-08-16,28.364563,-0.817399124880918
2018-08-17,28.354067,-0.8279803417898819
2018-08-18,28.34846,-0.8336725586988472
2018-08-19,28.348688,-0.8335297756078113
2018-08-20,28.344828,-0.8374749925167748
2018-08-21,28.362568,-0.819820209425739
2018-08-22,28.377207,-0.805266426334704
2018-08-23,28.409012,-0.773546643243666
2018-08-24,28.413403,-0.7692408601526317
2018-08-25,28.386335,-0.7963940770615956
2018-08-26,28.383389,-0.7994252939705575
2018-08-27,28.387047,-0.7958525108795236
2018-08-28,28.374966,-0.8080187277884825
2018-08-29,28.389957,-0.7931129446974481
2018-08-30,28.374012,-0.8091431616064106
2018-08-31,28.358917,-0.8243233785153734
2018-09-01,28.381462,-0.80186359542434
2018-09-02,28.410038,-0.773372812333303
2018-09-03,28.41373,-0.7697660292422661
2018-09-04,28.388527,-0.7950542461512313
2018-09-05,28.41753,-0.7661364630601959
2018-09-06,28.442997,-0.7407546799691609
2018-09-07,28.435572,-0.7482648968781227
2018-09-08,28.474905,-0.7090171137870875
2018-09-09,28.571863,-0.6121443306960508
2018-09-10,28.558723,-0.6253695476050147
2018-09-11,28.741407,-0.44277076451398045
2018-09-12,28.634993,-0.5492699814229383
2018-09-13,28.63572,-0.5486281983319046
2018-09-14,28.637793,-0.5466404152408693
2018-09-15,28.597364,-0.5871546321498329
2018-09-16,28.540524,-0.6440798490587945
2018-09-17,28.497501,-0.68718806596776
2018-09-18,28.465485,-0.7192892828767228
2018-09-19,28.448204,-0.7366554997856873
2018-09-20,28.463243,-0.7217017166946533
2018-09-21,28.619204,-0.565825933603616
2018-09-22,28.840193,-0.34492215051258057
2018-09-23,28.823101,-0.3620993674215427
2018-09-24,28.732912,-0.452373584330509
2018-09-25,28.720722,-0.4646488012394734
2018-09-26,28.700096,-0.48536001814843743
2018-09-27,28.706303,-0.47923823505739804
2018-09-28,28.845915,-0.3397114519663589
2018-09-29,28.92526,-0.2604516688753229
2018-09-30,28.897114,-0.28868288578429
2018-10-01,28.882359,-0.30352310269325145
2018-10-02,28.894035,-0.29193231960221766
2018-10-03,29.04031,-0.14574253651117886
2018-10-04,29.064056,-0.12208175342014371
2018-10-05,29.067822,-0.1184009703291089
2018-10-06,29.09381,-0.09249818723807124
2018-10-07,28.915096,-0.2712974041470382
2018-10-08,28.83779,-0.3486886210560023
2018-10-09,28.794847,-0.3917168379649638
2018-10-10,28.765356,-0.421293054873928
2018-10-11,28.747492,-0.43924227178289144
2018-10-12,28.738365,-0.44845448869185134
2018-10-13,28.900177,-0.28672770560081773
2018-10-14,28.97295,-0.2140399225097802
2018-10-15,29.011467,-0.17560813941874542
2018-10-16,29.043575,-0.14358535632770852
2018-10-17,28.828249,-0.35899657323667356
2018-10-18,28.830935,-0.35639579014563694
2018-10-19,28.984476,-0.20294000705460036
2018-10-20,28.960567,-0.2269342239635641
2018-10-21,28.93519,-0.25239644087253055
2018-10-22,28.937128,-0.2505436577814919
2018-10-23,28.919725,-0.26803187469045753
2018-10-24,28.92519,-0.2626520915994206
2018-10-25,28.958996,-0.22893130850838617
2018-10-26,28.999746,-0.188266525417351
2018-10-27,29.002401,-0.18569674232631428
2018-10-28,29.027323,-0.16085995923527463
2018-10-29,29.10437,-0.08389817614423833
2018-10-30,29.072515,-0.11583839305320254
2018-10-31,29.011408,-0.17703060996216635
2018-11-01,29.004692,-0.1838318268711312
2018-11-02,28.94283,-0.24577904378009308
2018-11-03,28.907562,-0.28113226068905917
2018-11-04,28.871191,-0.3175884775980222
2018-11-05,28.869204,-0.319660694506986
2018-11-06,28.912838,-0.27611191141594915
2018-11-07,28.906902,-0.2821331283249151
2018-11-08,28.857754,-0.331366345233878
2018-11-09,28.904835,-0.2843705621428434
2018-11-10,28.913937,-0.27535377905180525
2018-11-11,28.873516,-0.3158599959607713
2018-11-12,28.787525,-0.4019362128697317
2018-11-13,28.763601,-0.4259454297786931
2018-11-14,28.801298,-0.38833364668765924
2018-11-15,28.986307,-0.2034098635966224
2018-11-16,28.921606,-0.26819608050558585
2018-11-17,28.945053,-0.24483429741454898
2018-11-18,28.88069,-0.30928251432351317
2018-11-19,28.84676,-0.34329773123247875
2018-11-20,28.97284,-0.21730294814144102
2018-11-21,29.031408,-0.15882016505040752
2018-11-22,29.049433,-0.14088038195937003
2018-11-23,29.07665,-0.11374859886833377
2018-11-24,29.07318,-0.11730381577729787
2018-11-25,29.158598,-0.031971032686261225
2018-11-26,29.12764,-0.06301424959522706
2018-11-27,29.156212,-0.03452746650418703
2018-11-28,29.102186,-0.0886386834131514
2018-11-29,29.103394,-0.08751590032211354
2018-11-30,29.069786,-0.12120911723107852
2018-12-01,29.094568,-0.09651233414004423
2018-12-02,29.0964,-0.09476555104900797
2018-12-03,29.087765,-0.10348576795797015
2018-12-04,29.081173,-0.11016298486693543
2018-12-05,29.063812,-0.12760920177590052
2018-12-06,29.028568,-0.16293841868486325
2018-12-07,28.986176,-0.2054156355938268
2018-12-08,28.97028,-0.22139685250279229
2018-12-09,28.949318,-0.24244406941175356
2018-12-10,28.910412,-0.28143528632071835
2018-12-11,28.87698,-0.3149525032296836
2018-12-12,28.819477,-0.3725407201386446
2018-12-13,28.773006,-0.419096937047609
2018-12-14,28.734598,-0.45759015395657343
2018-12-15,28.686848,-0.5054253708655345
2018-12-16,28.676453,-0.5159055877745011
2018-12-17,28.749054,-0.4433898046834628
2018-12-18,28.700264,-0.49226502159242713
2018-12-19,28.675188,-0.5174262385013932
2018-12-20,28.6692,-0.5234994554103558
2018-12-21,28.78253,-0.41025467231931856
2018-12-22,28.855843,-0.3370268892282837
2018-12-23,28.835344,-0.35761110613724867
2018-12-24,28.83962,-0.35342032304621185
2018-12-25,28.897831,-0.29529453995517585
2018-12-26,28.914356,-0.2788547568641384
2018-12-27,28.871227,-0.32206897377310284
2018-12-28,28.859259,-0.33412219068206284
2018-12-29,28.818085,-0.37538140759102845
2018-12-30,28.797,-0.3965516244999918
2018-12-31,28.797068,-0.396568841408957
2019-01-01,28.787447,-0.4062750583179202
2019-01-02,28.830107,-0.36370027522688275
2019-01-03,28.837326,-0.35656649213584757
2019-01-04,28.794039,-0.399938709044811
2019-01-05,28.782927,-0.4111359259537757
2019-01-06,28.780066,-0.41408214286273903
2019-01-07,28.869022,-0.32521135977170346
2019-01-08,29.02004,-0.17427857668066693
2019-01-09,28.89247,-0.3019337935896331
2019-01-10,28.885027,-0.3094620104985957
2019-01-11,28.868912,-0.3256622274075589
2019-01-12,28.859615,-0.3350444443165195
2019-01-13,28.889719,-0.3050256612254856
2019-01-14,28.905943,-0.28888687813444847
2019-01-15,28.914364,-0.280551095043414
2019-01-16,28.852613,-0.3423873119523755
2019-01-17,28.818851,-0.37623452886134245
2019-01-18,28.808176,-0.38699474577030557
2019-01-19,28.81561,-0.37964596267926964
2019-01-20,28.789642,-0.40569917958823254
2019-01-21,28.783241,-0.4121853964971969
2019-01-22,28.739437,-0.4560746134061624
2019-01-23,28.726782,-0.46881483031512516
2019-01-24,28.729797,-0.46588504722408786
2019-01-25,28.74168,-0.45408726413305445
2019-01-26,28.748093,-0.44775948104201646
2019-01-27,28.73832,-0.45761769795097607
2019-01-28,28.751625,-0.44439791485994107
2019-01-29,28.699224,-0.4968841317689048
2019-01-30,28.676525,-0.5196683486778682
2019-01-31,28.665276,-0.5310025655868351
2019-02-01,28.695023,-0.5013407824957987
2019-02-02,28.733286,-0.46316299940476213
2019-02-03,28.768915,-0.427619216313726
2019-02-04,28.762665,-0.43395443322269145
2019-02-05,28.766472,-0.43023265013165357
2019-02-06,28.817402,-0.37938786704061656
2019-02-07,28.857399,-0.33947608394958095
2019-02-08,28.910336,-0.28662430085854496
2019-02-09,28.937162,-0.2598835177675092
2019-02-10,28.862934,-0.3341967346764747
2019-02-11,28.81667,-0.38054595158543947
2019-02-12,28.797897,-0.3994041684943994
2019-02-13,28.802834,-0.3945523854033617
2019-02-14,28.850744,-0.3467276023123276
2019-02-15,28.909004,-0.28855281922129095
2019-02-16,29.030716,-0.1669260361302527
2019-02-17,29.183933,-0.013794253039218773
2019-02-18,29.191502,-0.006310469948182629
2019-02-19,29.113874,-0.08402368685714734
2019-02-20,29.042183,-0.15579990376610908
2019-02-21,29.014061,-0.18400712067507285
2019-02-22,29.002058,-0.19609533758403686
2019-02-23,29.060139,-0.13809955449300304
2019-02-24,29.091085,-0.10723877140196691
2019-02-25,29.170698,-0.027710988310928997
2019-02-26,29.136734,-0.061760205219894004
2019-02-27,29.24117,0.042590577871145285
2019-02-28,29.371822,0.1731573609621826
2019-03-01,29.266882,0.06813214405321588
2019-03-02,29.267893,0.06905792714425374
2019-03-03,29.2773,0.07837971023528922
2019-03-04,29.450281,0.25127549332632526
2019-03-05,29.531116,0.3320252764173617
2019-03-06,29.65234,0.45316405950839567
2019-03-07,29.688688,0.4894268425994319
2019-03-08,29.567364,0.36801762569047014
2019-03-09,29.42934,0.22990840878150465
2019-03-10,29.372284,0.1727671918725413
2019-03-11,29.396978,0.1973759749635775
2019-03-12,29.397383,0.19769575805461415
2019-03-13,29.448603,0.2488305411456473
2019-03-14,29.44355,0.24369232423668663
2019-03-15,29.486534,0.2865911073277232
2019-03-16,29.483194,0.2831658904187613
2019-03-17,29.461466,0.26135267350979774
2019-03-18,29.547354,0.3471554566008308
2019-03-19,29.624157,0.4238732396918685
2019-03-20,29.747246,0.5468770227829047
2019-03-21,29.828377,0.6279228058739399
2019-03-22,29.744564,0.5440245889649766
2019-03-23,29.757868,0.5572433720560106
2019-03-24,29.768824,0.5681141551470468
2019-03-25,29.684195,0.48339993823808314
2019-03-26,29.723429,0.5225487213291196
2019-03-27,29.797556,0.5965905044201563
2019-03-28,29.864542,0.6634912875111922
2019-03-29,30.033512,0.8323760706022334
2019-03-30,30.150522,0.9493008536932663
2019-03-31,30.224464,1.0231576367843047
2019-04-01,30.217833,1.0164414198753384
2019-04-02,30.347538,1.1460612029663757
2019-04-03,30.255518,1.0539559860574101
2019-04-04,30.347,1.1453527691484489
2019-04-05,30.387651,1.1859185522394853
2019-04-06,30.295868,1.0940503353305182
2019-04-07,30.482306,1.2804031184215567
2019-04-08,30.528423,1.3264349015125916
2019-04-09,30.509485,1.307411684603629
2019-04-10,30.4789,1.276741467694663
2019-04-11,30.626997,1.4247532507856988
2019-04-12,30.66578,1.463451033876737
2019-04-13,30.709763,1.5073488169677702
2019-04-14,30.682442,1.4799426000588127
2019-04-15,30.710852,1.508267383149846
2019-04-16,30.777227,1.5745571662408828
2019-04-17,30.871172,1.6684169493319203
2019-04-18,31.010035,1.8071947324229534
2019-04-19,31.030838,1.8279125155139901
2019-04-20,31.109333,1.9063222986050263
2019-04-21,31.047264,1.8441680816960613
2019-04-22,30.952557,1.7493758647870976
2019-04-23,30.98803,1.7847636478781332
2019-04-24,30.910727,1.7073754309691722
2019-04-25,30.811794,1.6083572140602058
2019-04-26,30.84091,1.6373879971512437
2019-04-27,30.605862,1.4022547802422771
2019-04-28,30.439528,1.235835563333314
2019-04-29,30.2649,1.061122346424355
2019-04-30,30.147806,0.9439431295153895
2019-05-01,30.171389,0.9674409126064276
2019-05-02,30.122456,0.9184226956974619
2019-05-03,30.088806,0.8846874787885
2019-05-04,30.014627,0.8104232618795351
2019-05-05,29.930433,0.726144044970571
2019-05-06,29.886553,0.6821788280616055
2019-05-07,29.853714,0.6492546111526423
2019-05-08,29.822157,0.6176123942436789
2019-05-09,29.838259,0.6336291773347149
2019-05-10,29.87207,0.6673549604257509
2019-05-11,29.94979,0.7449897435167863
2019-05-12,29.917383,0.7124975266078231
2019-05-13,29.935997,0.7310263096988585
2019-05-14,30.0029,0.797844092789898
2019-05-15,29.976551,0.7714098758809342
2019-05-16,29.941439,0.7362126589719686
2019-05-17,29.935417,0.7301054420630066
2019-05-18,29.936052,0.7306552251540417
2019-05-19,29.974747,0.7692650082450783
2019-05-20,30.070387,0.8648197913361138
2019-05-21,30.121895,0.9162425744271481
2019-05-22,30.15941,0.9536723575181867
2019-05-23,30.174065,0.9682421406092203
2019-05-24,30.16531,0.9594019237002591
2019-05-25,30.128965,0.9229717067912944
2019-05-26,30.161882,0.955803489882328
2019-05-27,30.172503,0.9663392729733644
2019-05-28,30.115952,0.9097030560644015
2019-05-29,30.12942,0.9230858391554371
2019-05-30,30.096848,0.8904286222464783
2019-05-31,30.006544,0.8000394053375146
2019-06-01,29.958344,0.7517541884285492
2019-06-02,29.978407,0.7717319715195856
2019-06-03,30.17263,0.9658697546106225
2019-06-04,30.268158,1.0613125377016566
2019-06-05,30.252836,1.0459053207926914
2019-06-06,30.116749,0.9097331038837275
2019-06-07,30.005655,0.7985538869747657
2019-06-08,29.928541,0.7213546700658
2019-06-09,29.878855,0.6715834531568383
2019-06-10,29.84703,0.639673236247873
2019-06-11,29.868624,0.6611820193389093
2019-06-12,29.847988,0.6404608024299456
2019-06-13,29.803495,0.5958825855209824
2019-06-14,29.75518,0.5474823686120196
2019-06-15,29.760735,0.5529521517030567
2019-06-16,29.708603,0.5007349347940924
2019-06-17,29.673193,0.4652397178851295
2019-06-18,29.63437,0.4263315009761648
2019-06-19,29.619617,0.41149328406720187
2019-06-20,29.618124,0.4099150671582379
2019-06-21,29.606146,0.39785185024927117
2019-06-22,29.595657,0.3872776333403074
2019-06-23,29.56394,0.35547541643134295
2019-06-24,29.522629,0.3140791995223786
2019-06-25,29.450829,0.24219398261341496
2019-06-26,29.446827,0.2381067657044511
2019-06-27,29.450712,0.24190654879548745
2019-06-28,29.44989,0.240999331886524
2019-06-29,29.450144,0.2411681149775653
2019-06-30,29.44842,0.23935889806859834
2019-07-01,29.450708,0.2415616811596344
2019-07-02,29.460798,0.2515664642506721
2019-07-03,29.501371,0.2920542473417065
2019-07-04,29.48692,0.2775180304327449
2019-07-05,29.494402,0.28491481352378045
2019-07-06,29.546967,0.3373945966148142
2019-07-07,29.612337,0.40267937970585166
2019-07-08,29.595617,0.38587416279688824
2019-07-09,29.597025,0.3871969458879221
2019-07-10,29.708473,0.49855972897896095
2019-07-11,29.80956,0.5995615120699966
2019-07-12,29.832449,0.6223652951610319
2019-07-13,29.78515,0.574981078252069
2019-07-14,29.74764,0.5373858613431075
2019-07-15,29.73936,0.5290206444341443
2019-07-16,29.730316,0.5198914275251774
2019-07-17,29.6958,0.48529021061621336
2019-07-18,29.676718,0.46612299370725196
2019-07-19,29.613285,0.4026047767982881
2019-07-20,29.513824,0.3030585598893225
2019-07-21,29.435696,0.22484534298035896
2019-07-22,29.40915,0.1982141260713952
2019-07-23,29.423256,0.21223490916242937
2019-07-24,29.422089,0.21098269225346655
2019-07-25,29.42708,0.21588847534450295
2019-07-26,29.416763,0.20548625843553836
2019-07-27,29.421286,0.2099240415265733
2019-07-28,29.376375,0.16492782461761024
2019-07-29,29.349016,0.13748360770864565
2019-07-30,29.37251,0.16089239079968465
2019-07-31,29.344973,0.13327017389072182
2019-08-01,29.292547,0.08075895698175728
2019-08-02,29.256836,0.044962740072794105
2019-08-03,29.250431,0.03847252316382921
2019-08-04,29.206757,-0.00528669374513413
2019-08-05,29.160622,-0.05150691065409774
2019-08-06,29.129042,-0.08317212756306347
2019-08-07,29.130732,-0.08156734447202751
2019-08-08,29.100636,-0.11174856138098832
2019-08-09,29.067919,-0.144550778289954
2019-08-10,29.029915,-0.18263999519891883
2019-08-11,28.994778,-0.2178622121078817
2019-08-12,28.99568,-0.21704542901684576
2019-08-13,28.96833,-0.2444806459258082
2019-08-14,28.965504,-0.2473918628347711
2019-08-15,28.959913,-0.25306807974373413
2019-08-16,28.945208,-0.26785829665269745
2019-08-17,28.918901,-0.29425051356166065
2019-08-18,29.027447,-0.18578973047062775
2019-08-19,29.224195,0.010873052620411272
2019-08-20,29.14844,-0.06496716428855365
2019-08-21,29.027966,-0.18552638119751919
2019-08-22,28.975718,-0.23785959810648194
2019-08-23,28.925503,-0.2881598150154474
2019-08-24,28.887087,-0.32666103192440943
2019-08-25,28.857456,-0.3563772488333754
2019-08-26,28.854572,-0.35934646574233753
2019-08-27,28.865236,-0.3487676826513031
2019-08-28,28.885548,-0.32854089956026655
2019-08-29,28.863327,-0.3508471164692253
2019-08-30,28.81267,-0.40158933337819036
2019-08-31,28.775938,-0.43840655028715503
2019-09-01,28.757406,-0.4570237671961195
2019-09-02,28.805922,-0.40859298410508416
2019-09-03,28.768799,-0.44580120101404574
2019-09-04,28.737877,-0.4768084179230101
2019-09-05,28.73154,-0.48323063483197615
2019-09-06,28.742313,-0.4725428517409398
2019-09-07,28.760859,-0.4540820686499032
2019-09-08,28.779682,-0.43534428555886606
2019-09-09,28.748964,-0.4661475024678303
2019-09-10,28.726562,-0.4886347193767939
2019-09-11,28.71704,-0.4982419362857584
2019-09-12,28.851582,-0.3637851531947227
2019-09-13,28.92374,-0.291712370103685
2019-09-14,28.819313,-0.3962245870126466
2019-09-15,28.72715,-0.48847280392160997
2019-09-16,28.67499,-0.5407180208305746
2019-09-17,28.672867,-0.5429262377395396
2019-09-18,28.672169,-0.5437094546485035
2019-09-19,28.666903,-0.5490606715574664
2019-09-20,28.8255,-0.3905488884664301
2019-09-21,28.804634,-0.4115001053753957
2019-09-22,28.80206,-0.4141593222843589
2019-09-23,28.802212,-0.414092539193323
2019-09-24,28.833303,-0.38308675610228704
2019-09-25,28.97588,-0.24059497301125177
2019-09-26,28.943024,-0.27353618992021467
2019-09-27,28.948078,-0.268567406829181
2019-09-28,28.97709,-0.23964062373814343
2019-09-29,29.128298,-0.08851784064710344
2019-09-30,29.196508,-0.020393057556066907
2019-10-01,29.31651,0.09952372553496858
2019-10-02,29.35095,0.1338785086260046
2019-10-03,29.267298,0.05014129171703985
2019-10-04,29.500492,0.28325007480807685
2019-10-05,29.472502,0.2551748578991102
2019-10-06,29.516493,0.2990806409901481
2019-10-07,29.49478,0.2772824240811822
2019-10-08,29.4995,0.2819172071722207
2019-10-09,29.357838,0.1401699902632565
2019-10-10,29.400322,0.18256877335429067
2019-10-11,29.546324,0.32848555644532595
2019-10-12,29.659925,0.44200133953636467
2019-10-13,29.712196,0.49418712262739817
2019-10-14,29.639927,0.4218329057184391
2019-10-15,29.470587,0.2524076888094733
2019-10-16,29.551735,0.3334704719005117
2019-10-17,29.54384,0.3254902549915464
2019-10-18,29.474485,0.2560500380825843
2019-10-19,29.460499,0.24197882117361758
2019-10-20,29.339792,0.12118660426465411
2019-10-21,29.347301,0.12861038735569252
2019-10-22,29.401217,0.18244117044672592
2019-10-23,29.364002,0.14514095353776213
2019-10-24,29.305634,0.08668773662880014
2019-10-25,29.25118,0.032148519719836344
2019-10-26,29.280258,0.06114130281087071
2019-10-27,29.219566,0.00036408590190717405
2019-10-28,29.266449,0.04716186899294428
2019-10-29,29.291147,0.07177465208398104
2019-10-30,29.426003,0.20654543517501978
2019-10-31,29.327753,0.10821021826605559
2019-11-01,29.359816,0.14018800135708887
2019-11-02,29.363478,0.1437647844481269
2019-11-03,29.220106,0.0003075675391635002
2019-11-04,29.102734,-0.1171496493698001
2019-11-05,29.04129,-0.17867886627876572
2019-11-06,28.980675,-0.23937908318772827
2019-11-07,28.918495,-0.30164430009669374
2019-11-08,28.928066,-0.29215851700565665
2019-11-09,29.008303,-0.21200673391462033
2019-11-10,29.160843,-0.059551950823586
2019-11-11,29.181183,-0.0392971677325491
2019-11-12,29.369854,0.14928861535848625
2019-11-13,29.233776,0.013125398449520986
2019-11-14,29.18581,-0.03492581845943832
2019-11-15,29.315668,0.09484696463159636
2019-11-16,29.378544,0.15763774772263517
2019-11-17,29.331854,0.11086253081366948
2019-11-18,29.33639,0.11531331390470712
2019-11-19,29.359316,0.13815409699574133
2019-11-20,29.29427,0.07302288008677849
2019-11-21,29.223093,0.001760663177812205
2019-11-22,29.158085,-0.06333255373115065
2019-11-23,29.186558,-0.03494477064011292
2019-11-24,29.201817,-0.019770987549080132
2019-11-25,29.154625,-0.06704820445804316
2019-11-26,29.100958,-0.12080042136700797
2019-11-27,29.072035,-0.1498086382759709
2019-11-28,29.043941,-0.17798785518493432
2019-11-29,29.000093,-0.22192107209389533
2019-11-30,29.007263,-0.21483628900286078
2019-12-01,28.986427,-0.23575750591182398
2019-12-02,28.918997,-0.3032727228207861
2019-12-03,28.895899,-0.32645593972975107
2019-12-04,28.858936,-0.36350415663871516
2019-12-05,28.800943,-0.4215823735476789
2019-12-06,28.718187,-0.5044235904566428
2019-12-07,28.630394,-0.5923018073656081
2019-12-08,28.562433,-0.6603480242745725
2019-12-09,28.510477,-0.7123892411835335
2019-12-10,28.495491,-0.7274604580924979
2019-12-11,28.49804,-0.7249966750014636
2019-12-12,28.45915,-0.7639718919104261
2019-12-13,28.404829,-0.8183781088193918
2019-12-14,28.330976,-0.892316325728352
2019-12-15,28.28649,-0.9368875426373151
2019-12-16,28.256224,-0.9672387595462801
2019-12-17,28.228178,-0.9953699764552439
2019-12-18,28.229578,-0.9940551933642077
2019-12-19,28.23152,-0.992198410273172
2019-12-20,28.238108,-0.9856956271821353
2019-12-21,28.244787,-0.979101844091101
2019-12-22,28.285666,-0.9383080610000647
2019-12-23,28.306032,-0.9180272779090295
2019-12-24,28.302567,-0.921577494817992
2019-12-25,28.295347,-0.9288827117269562
2019-12-26,28.321033,-0.9032819286359199
2019-12-27,28.29866,-0.9257401455448822
2019-12-28,28.293737,-0.9307483624538477
2019-12-29,28.28604,-0.9385305793628085
2019-12-30,28.32038,-0.9042757962717722
2019-12-31,28.296375,-0.9283660131807352
2020-01-01,28.283396,-0.9414302300897006
2020-01-02,28.271759,-0.953152446998665
2020-01-03,28.26449,-0.9605066639076298
2020-01-04,28.29058,-0.9345018808165939
2020-01-05,28.286608,-0.9385590977255553
2020-01-06,28.235563,-0.9896893146345214
2020-01-07,28.192139,-1.0331985315434835
2020-01-08,28.156914,-1.068508748452448
2020-01-09,28.156784,-1.0687239653614142
2020-01-10,28.172804,-1.0527891822703772
2020-01-11,28.143366,-1.0823123991793402
2020-01-12,28.124863,-1.1009006160883033
2020-01-13,28.116676,-1.1091728329972703
2020-01-14,28.114824,-1.1111100499062303
2020-01-15,28.152542,-1.0734772668151926
2020-01-16,28.172464,-1.0536404837241555
2020-01-17,28.229944,-0.9962457006331213
2020-01-18,28.259449,-0.966825917542085
2020-01-19,28.28136,-0.9450001344510497
2020-01-20,28.346972,-0.8794733513600121
2020-01-21,28.356543,-0.8699875682689786
2020-01-22,28.378838,-0.8477777851779429
2020-01-23,28.371162,-0.8555390020869034
2020-01-24,28.373589,-0.8531972189958701
2020-01-25,28.36502,-0.8618514359048319
2020-01-26,28.328793,-0.8981636528137962
2020-01-27,28.283512,-0.9435298697227594
2020-01-28,28.213243,-1.0138840866317267
2020-01-29,28.135212,-1.0920003035406864
2020-01-30,28.123676,-1.10362152044965
2020-01-31,28.143303,-1.0840797373586142
2020-02-01,28.145422,-1.0820459542675778
2020-02-02,28.172556,-1.0549971711765416
2020-02-03,28.195698,-1.0319403880855056
2020-02-04,28.196562,-1.0311616049944696
2020-02-05,28.201694,-1.026114821903434
2020-02-06,28.230312,-0.9975820388123964
2020-02-07,28.240726,-0.9872532557213631
2020-02-08,28.283718,-0.9443464726303255
2020-02-09,28.265736,-0.9624136895392894
2020-02-10,28.280834,-0.9474009064482551
2020-02-11,28.30917,-0.9191501233572161
2020-02-12,28.352299,-0.8761063402661833
2020-02-13,28.40311,-0.8253805571751407
2020-02-14,28.594677,-0.6338987740841056
2020-02-15,28.545097,-0.683563990993072
2020-02-16,28.518093,-0.710653207902034
2020-02-17,28.455088,-0.7737434248109984
2020-02-18,28.488178,-0.7407386417199611
2020-02-19,28.462055,-0.766946858628927
2020-02-20,28.450768,-0.7783190755378904
2020-02-21,28.439495,-0.7896772924468536
2020-02-22,28.411053,-0.8182045093558195
2020-02-23,28.398855,-0.8304877262647814
2020-02-24,28.420519,-0.8089089431737477
2020-02-25,28.50208,-0.7274331600827111
2020-02-26,28.52277,-0.7068283769916732
2020-02-27,28.537588,-0.692095593900639
2020-02-28,28.571205,-0.6585638108096035
2020-02-29,28.618425,-0.6114290277185646
2020-03-01,28.66439,-0.5655492446275261
2020-03-02,28.762867,-0.46715746153649107
2020-03-03,28.803509,-0.4266006784454568
2020-03-04,28.921202,-0.3089928953544181
2020-03-05,29.09668,-0.13360011226338386
2020-03-06,29.131018,-0.09934732917234612
2020-03-07,29.110546,-0.11990454608131174
2020-03-08,29.051872,-0.17866376299027564
2020-03-09,29.081013,-0.14960797989924046
2020-03-10,29.12139,-0.10931619680820148
2020-03-11,29.152903,-0.0778884137171687
2020-03-12,29.211424,-0.01945263062613023
2020-03-13,29.15655,-0.07441184753509589
2020-03-14,29.231287,0.00023993555593904148
2020-03-15,29.23671,0.00557771864697898
2020-03-16,29.260822,0.02960450173801732
2020-03-17,29.3471,0.11579728482905338
2020-03-18,29.387644,0.15625606792008995
2020-03-19,29.484741,0.2532678510111239
2020-03-20,29.467623,0.23606463410215994
2020-03-21,29.49738,0.26573641719319596
2020-03-22,29.508804,0.2770752002842336
2020-03-23,29.485435,0.2536209833752672
2020-03-24,29.40712,0.17522076646630325
2020-03-25,29.473755,0.24177054955734079
2020-03-26,29.45857,0.22650033264837788
2020-03-27,29.481031,0.2488761157394137
2020-03-28,29.507113,0.2748728988304485
2020-03-29,29.673483,0.4411576819214851
2020-03-30,29.59849,0.3660794650125254
2020-03-31,29.683748,0.451252248103561
2020-04-01,29.704247,0.4716660311945944
2020-04-02,29.77926,0.5465938142856324
2020-04-03,29.833176,0.6004245973766693
2020-04-04,29.857693,0.6248563804677048
2020-04-05,29.896618,0.6636961635587397
2020-04-06,29.944082,0.7110749466497772
2020-04-07,30.124447,0.8913547297408115
2020-04-08,30.175102,0.9419245128318465
2020-04-09,30.148838,0.9155752959228849
2020-04-10,30.16232,0.9289720790139206
2020-04-11,30.128048,0.8946148621049552
2020-04-12,30.232185,0.9986666451959927
2020-04-13,30.324215,1.0906114282870263
2020-04-14,30.264359,1.030670211378066
2020-04-15,30.362984,1.1292099944691039
2020-04-16,30.377916,1.144056777560138
2020-04-17,30.471807,1.2378625606511733
2020-04-18,30.511396,1.2773663437422123
2020-04-19,30.514484,1.2803691268332464
2020-04-20,30.48594,1.2517399099242823
2020-04-21,30.544493,1.3102076930153181
2020-04-22,30.5544,1.320029476106356
2020-04-23,30.56398,1.3295242591973917
2020-04-24,30.69402,1.4594790422884252
2020-04-25,30.488886,1.2542598253794637
2020-04-26,30.58505,1.3503386084704978
2020-04-27,30.630121,1.3953243915615339
2020-04-28,30.464802,1.2299201746525696
2020-04-29,30.607172,1.3722049577436053
2020-04-30,30.533512,1.298459740834648
2020-05-01,30.486681,1.2515435239256831
2020-05-02,30.456713,1.221490307016719
2020-05-03,30.582779,1.347471090107753
2020-05-04,30.510515,1.2751218731987919
2020-05-05,30.504864,1.2693856562898276
2020-05-06,30.51234,1.2767764393808605
2020-05-07,30.338419,1.1027702224718965
2020-05-08,30.263264,1.0275300055629337
2020-05-09,30.358692,1.1228727886539716
2020-05-10,30.546806,1.3109015717450063
2020-05-11,30.414652,1.1786623548360424
2020-05-12,30.36124,1.1251651379270768
2020-05-13,30.221504,0.9853439210181136
2020-05-14,30.166794,0.9305487041091496
2020-05-15,30.051836,0.8155054872001912
2020-05-16,29.909788,0.6733722702912246
2020-05-17,29.730713,0.49421205338226315
2020-05-18,29.631062,0.39447583647329765
2020-05-19,29.597475,0.36080361956433293
2020-05-20,29.580679,0.34392240265536955
2020-05-21,29.597878,0.36103618574640706
2020-05-22,29.62657,0.38964296883744254
2020-05-23,29.727385,0.4903727519284793
2020-05-24,29.704712,0.4676145350195142
2020-05-25,29.60399,0.3668073181105491
2020-05-26,29.553299,0.3160311012015846
2020-05-27,29.552338,0.3149848842926204
2020-05-28,29.602446,0.365007667383658
2020-05-29,29.695036,0.45751245047469524
2020-05-30,29.75589,0.5182812335657339
2020-05-31,29.896566,0.658872016656769
2020-06-01,29.946033,0.7082537997478049
2020-06-02,29.993277,0.75541258283884
2020-06-03,29.911335,0.6733853659298781
2020-06-04,29.882288,0.644253149020912
2020-06-05,29.832504,0.5943839321119491
2020-06-06,29.743263,0.5050577152029838
2020-06-07,29.69825,0.4599594982940225
2020-06-08,29.664532,0.4261562813850581
2020-06-09,29.632105,0.3936440644760921
2020-06-10,29.599722,0.3611758475671287
2020-06-11,29.559671,0.32103963065816643
2020-06-12,29.576399,0.3376824137491994
2020-06-13,29.642586,0.40378419684023825
2020-06-14,29.629889,0.39100197993127495
2020-06-15,29.609114,0.37014176302231405
2020-06-16,29.566532,0.32747454611334703
2020-06-17,29.570425,0.3312823292043845
2020-06-18,29.581831,0.3426031122954214
2020-06-19,29.650198,0.4108848953864559
2020-06-20,29.681723,0.4423246784774939
2020-06-21,29.651052,0.4115684615685282
2020-06-22,29.581694,0.34212524465956307
2020-06-23,29.537357,0.2977030277506003
2020-06-24,29.572136,0.33239681084163664
2020-06-25,29.53317,0.29334559393267057
2020-06-26,29.566137,0.3262273770237094
2020-06-27,29.663033,0.4230381601147428
2020-06-28,29.658337,0.41825694320577966
2020-06-29,29.600838,0.3606727262968157
2020-06-30,29.562366,0.3221155093878565
2020-07-01,29.579855,0.3395192924788901
2020-07-02,29.56633,0.3259090755699283
2020-07-03,29.518465,0.2779588586609627
2020-07-04,29.49589,0.2552986417519989
2020-07-05,29.577894,0.3372174248430362
2020-07-06,29.634521,0.39375920793407104
2020-07-07,29.647606,0.40675899102510726
2020-07-08,29.559036,0.31810377411614255
2020-07-09,29.595116,0.3540985572071804
2020-07-10,29.605053,0.36395034029821716
2020-07-11,29.546612,0.3054241233892512
2020-07-12,29.506113,0.26483990648028666
2020-07-13,29.483427,0.24206868957132244
2020-07-14,29.537535,0.2960914726623578
2020-07-15,29.61144,0.3699112557534008
2020-07-16,29.615248,0.37363403884443613
2020-07-17,29.49766,0.25596082193547076
2020-07-18,29.588673,0.346888605026507
2020-07-19,29.716509,0.47463938811754147
2020-07-20,29.804737,0.5627821712085783
2020-07-21,29.716812,0.47477195429961583
2020-07-22,29.716686,0.4745607373906502
2020-07-23,29.676447,0.4342365204816865
2020-07-24,29.665314,0.4230183035727215
2020-07-25,29.710987,0.46860608666375825
2020-07-26,29.679884,0.43741786975479613
2020-07-27,29.552036,0.30948465284583193
2020-07-28,29.438755,0.19611843593686729
2020-07-29,29.36415,0.12142821902790146
2020-07-30,29.30354,0.06073300211894406
2020-07-31,29.26893,0.026037785209979347
2020-08-01,29.216738,-0.026239431698986238
2020-08-02,29.174288,-0.06877464860794902
2020-08-03,29.119038,-0.12410986551691394
2020-08-04,29.095964,-0.1472690824258791
2020-08-05,29.107117,-0.13620129933484293
2020-08-06,29.161362,-0.08204151624380529
2020-08-07,29.128248,-0.1152407331527705
2020-08-08,29.0805,-0.1630739500617331
2020-08-09,29.054398,-0.18926116697069872
2020-08-10,29.055107,-0.18863738387966222
2020-08-11,29.094677,-0.14915260078862502
2020-08-12,29.093655,-0.15025981769759156
2020-08-13,29.092157,-0.15184303460655357
2020-08-14,29.11254,-0.1315452515155151
2020-08-15,29.15695,-0.08722046842447995
2020-08-16,29.245531,0.0012753146665573922
2020-08-17,29.259855,0.01551409775759538
2020-08-18,29.27481,0.03038388084862831
2020-08-19,29.295326,0.05081466393966494
2020-08-20,29.353823,0.10922644703070006
2020-08-21,29.457247,0.21256523012173645
2020-08-22,29.528202,0.28343501321277387
2020-08-23,29.58292,0.338067796303811
2020-08-24,29.760561,0.5156235793948447
2020-08-25,29.858383,0.6133603624858814
2020-08-26,29.780647,0.5355391455769158
2020-08-27,29.825567,0.580373928667953
2020-08-28,29.7579,0.5126217117589889
2020-08-29,29.752808,0.5074444948500272
2020-08-30,29.830204,0.5847552779410634
2020-08-31,29.74548,0.4999460610321016
2020-09-01,29.675514,0.4298948441231367
2020-09-02,29.668316,0.4226116272141738
2020-09-03,29.664528,0.41873841030520964
2020-09-04,29.863895,0.6180201933962444
2020-09-05,29.746527,0.5005669764872813
2020-09-06,29.62443,0.3783847595783172
2020-09-07,29.593695,0.3475645426693532
2020-09-08,29.57094,0.3247243257603891
2020-09-09,29.527746,0.2814451088514254
2020-09-10,29.443283,0.19689689194246185
2020-09-11,29.371927,0.1254556750334963
2020-09-12,29.354803,0.10824645812453326
2020-09-13,29.340614,0.09397224121556746
2020-09-14,29.335096,0.08836902430660842
2020-09-15,29.276026,0.029213807397646008
2020-09-16,29.266115,0.019217590488679548
2020-09-17,29.222874,-0.024108626420282775
2020-09-18,29.163239,-0.0838288433292469
2020-09-19,29.087564,-0.1595890602382113
2020-09-20,29.06397,-0.18326827714717453
2020-09-21,29.13148,-0.11584349405613992
2020-09-22,29.356894,0.10948528903489674
2020-09-23,29.353968,0.10647407212593052
2020-09-24,29.166433,-0.0811461447830304
2020-09-25,29.083017,-0.16464736169199412
2020-09-26,29.14031,-0.10743957860096032
2020-09-27,29.146645,-0.10118979550992435
2020-09-28,29.110697,-0.13722301241888957
2020-09-29,29.080858,-0.1671472293278491
2020-09-30,29.119602,-0.12848844623681188
2020-10-01,29.105474,-0.14270166314577537
2020-10-02,29.068745,-0.1795158800547405
2020-10-03,29.036459,-0.21188709696370367
2020-10-04,29.025982,-0.2224493138726693
2020-10-05,29.140577,-0.10793953078163199
2020-10-06,29.164246,-0.08435574769059784
2020-10-07,29.11479,-0.13389696459956113
2020-10-08,29.082186,-0.16658618150852433
2020-10-09,29.017452,-0.23140539841748975
2020-10-10,28.957346,-0.2915966153264513
2020-10-11,28.901999,-0.3470288322354165
2020-10-12,28.849762,-0.39935104914438213
2020-10-13,28.844198,-0.4050002660533458
2020-10-14,28.839214,-0.41006948296231016
2020-10-15,28.839003,-0.41036569987126725
2020-10-16,28.82276,-0.42669391678023416
2020-10-17,28.789663,-0.4598761336891961
2020-10-18,28.766424,-0.48320035059816036
2020-10-19,28.76749,-0.48221956750712636
2020-10-20,28.769035,-0.48075978441609024
2020-10-21,28.790472,-0.4594080013250519
2020-10-22,28.813423,-0.43654221823401684
2020-10-23,28.82677,-0.4232804351429813
2020-10-24,28.763987,-0.4861486520519449
2020-10-25,28.764696,-0.4855248689609084
2020-10-26,28.830843,-0.4194630858698716
2020-10-27,28.87237,-0.37802130277883705
2020-10-28,28.815605,-0.4348715196877997
2020-10-29,28.79703,-0.4535317365967657
2020-10-30,28.844917,-0.4057299535057268
2020-10-31,28.838438,-0.41229417041468963
2020-11-01,28.90954,-0.34127738732365387
2020-11-02,28.981173,-0.2697296042326194
2020-11-03,29.061636,-0.18935182114158167
2020-11-04,29.18182,-0.06925303805054739
2020-11-05,29.055723,-0.1954352549595093
2020-11-06,29.084446,-0.16679747186847393
2020-11-07,29.050821,-0.20050768877743863
2020-11-08,29.236809,-0.014604905686400826
2020-11-09,29.285318,0.033818877404634407
2020-11-10,29.261866,0.010281660495671474
2020-11-11,29.244127,-0.007542556413294932
2020-11-12,29.25361,0.001855226677740518
2020-11-13,29.316366,0.06452600976877676
2020-11-14,29.293943,0.04201779285981644
2020-11-15,29.1984,-0.05361042404914684
2020-11-16,29.25345,0.0013543590418905183
2020-11-17,29.233755,-0.018425857867075734
2020-11-18,29.208422,-0.04384407477603958
2020-11-19,29.095682,-0.15666929168500232
2020-11-20,29.050224,-0.20221250859396633
2020-11-21,28.946363,-0.3061587255029288
2020-11-22,28.908518,-0.3440889424118936
2020-11-23,28.967052,-0.2856401593208595
2020-11-24,29.019321,-0.23345637622982096
2020-11-25,29.039696,-0.21316659313878716
2020-11-26,29.047932,-0.20501581004775105
2020-11-27,28.982191,-0.2708420269567142
2020-11-28,28.836607,-0.4165112438656777
2020-11-29,28.789711,-0.463492460774642
2020-11-30,28.761946,-0.49134267768360473
2020-12-01,28.748302,-0.5050718945925681
2020-12-02,28.79199,-0.4614691115015326
2020-12-03,28.84638,-0.4071643284104951
2020-12-04,28.813332,-0.44029754531945997
2020-12-05,28.861647,-0.39206776222842166
2020-12-06,28.85657,-0.39722997913738567
2020-12-07,28.856997,-0.3968881960463513
2020-12-08,28.82388,-0.430090412955316
2020-12-09,28.838161,-0.4158946298642796
2020-12-10,28.85444,-0.3997008467732428
2020-12-11,28.810669,-0.4435570636822064
2020-12-12,28.81557,-0.4387412805911701
2020-12-13,28.828352,-0.4260444975001363
2020-12-14,28.891571,-0.36291071440910017
2020-12-15,28.86759,-0.38697693131805977
2020-12-16,28.860538,-0.3941141482270254
2020-12-17,28.777363,-0.4773743651359865
2020-12-18,28.741608,-0.5132145820449523
2020-12-19,28.710081,-0.5448267989539168
2020-12-20,28.708017,-0.546976015862878
2020-12-21,28.7091,-0.5459782327718443
2020-12-22,28.696423,-0.5587404496808084
2020-12-23,28.665565,-0.5896836665897709
2020-12-24,28.667995,-0.5873388834987345
2020-12-25,28.6966,-0.5588191004076997
2020-12-26,28.816568,-0.4389363173166636
2020-12-27,28.89154,-0.3640495342256287
2020-12-28,29.008154,-0.2475207511345907
2020-12-29,28.884396,-0.371363968043557
2020-12-30,28.861032,-0.3948131849525147
2020-12-31,28.835949,-0.4199814018614809
2021-01-01,28.856356,-0.39965961877044265
2021-01-02,28.851744,-0.4043568356794083
2021-01-03,28.834446,-0.42174005258837255
2021-01-04,28.813786,-0.442485269497336
2021-01-05,28.799051,-0.45730548640630175
2021-01-06,28.854362,-0.4020797033152661
2021-01-07,28.861258,-0.395268920224229
2021-01-08,28.816727,-0.4398851371331922
2021-01-09,28.769995,-0.4867023540421549
2021-01-10,28.739653,-0.5171295709511199
2021-01-11,28.747494,-0.5093737878600848
2021-01-12,28.715069,-0.5418840047690487
2021-01-13,28.715899,-0.5411392216780122
2021-01-14,28.702995,-0.5541284385869716
2021-01-15,28.702906,-0.5543026554959383
2021-01-16,28.62636,-0.6309338724049027
2021-01-17,28.619616,-0.6377630893138644
2021-01-18,28.613058,-0.6444063062228302
2021-01-19,28.684402,-0.5731475231317944
2021-01-20,28.759556,-0.49807874004075714
2021-01-21,28.714489,-0.5432309569497207
2021-01-22,28.676954,-0.5808511738586866
2021-01-23,28.662329,-0.5955613907676494
2021-01-24,28.646818,-0.6111576076766134
2021-01-25,28.631523,-0.6265378245855757
2021-01-26,28.6046,-0.6535460414945398
2021-01-27,28.621145,-0.6370862584035066
2021-01-28,28.666225,-0.5920914753124684
2021-01-29,28.738426,-0.5199756922214327
2021-01-30,28.710657,-0.5478299091303924
2021-01-31,28.714617,-0.5439551260393571
2021-02-01,28.723387,-0.5352703429483228
2021-02-02,28.714422,-0.5443205598572867
2021-02-03,28.716389,-0.5424387767662502
2021-02-04,28.699614,-0.5592989936752133
2021-02-05,28.700499,-0.5584992105841771
2021-02-06,28.73962,-0.5194634274931431
2021-02-07,28.77955,-0.47961864440210533
2021-02-08,28.743666,-0.5155878613110687
2021-02-09,28.726667,-0.5326720782200347
2021-02-10,28.695068,-0.5643562951289987
2021-02-11,28.651442,-0.6080675120379624
2021-02-12,28.740793,-0.5188017289469258
2021-02-13,28.811167,-0.44851294585588874
2021-02-14,29.01298,-0.2467851627648514
2021-02-15,28.897696,-0.3621543796738145
2021-02-16,28.943335,-0.31660059658277717
2021-02-17,28.877748,-0.3822728134917419
2021-02-18,28.84218,-0.4179260304007073
2021-02-19,28.805353,-0.45483824730967015
2021-02-20,28.76832,-0.49195646421863515
2021-02-21,28.762323,-0.49803868112759986
2021-02-22,28.777422,-0.483024898036561
2021-02-23,28.811865,-0.44866711494552547
2021-02-24,28.906258,-0.3543593318544893
2021-02-25,28.933079,-0.3276235487634551
2021-02-26,28.972765,-0.28802276567241947
2021-02-27,29.007475,-0.253397982581383
2021-02-28,28.97309,-0.28786819949034737
2021-03-01,28.8864,-0.37464341639930865
2021-03-02,28.895916,-0.36521263330827125
2021-03-03,28.844618,-0.41659585021723444
2021-03-04,28.93823,-0.3230690671261982
2021-03-05,29.08384,-0.17754428403516442
2021-03-06,29.111841,-0.14962850094412872
2021-03-07,29.09913,-0.1624247178530922
2021-03-08,29.100695,-0.1609449347620533
2021-03-09,29.124605,-0.1371201516710201
2021-03-10,29.128492,-0.1333183685799817
2021-03-11,29.182575,-0.07932058548894716
2021-03-12,29.242092,-0.019888802397911576
2021-03-13,29.268452,0.006385980693124793
2021-03-14,29.32732,0.06516876378416114
2021-03-15,29.367014,0.10477754687519791
2021-03-16,29.440693,0.17837132996623595
2021-03-17,29.472668,0.21026111305727113
2021-03-18,29.48875,0.22625789614830794
2021-03-19,29.555817,0.29323967923934546
2021-03-20,29.6802,0.4175374623303796
2021-03-21,29.664814,0.4020662454214161
2021-03-22,29.64113,0.3782970285124527
2021-03-23,29.582682,0.31976381160348666
2021-03-24,29.626715,0.3637115946945251
2021-03-25,29.591623,0.3285343777855587
2021-03-26,29.579147,0.3159731608765952
2021-03-27,29.622618,0.35935894396763146
2021-03-28,29.47741,0.21406572705866722
2021-03-29,29.494394,0.23096451014970398
2021-03-30,29.492819,0.22930429324074098
2021-03-31,29.477074,0.21347407633177795
2021-04-01,29.398502,0.1348168594228163
2021-04-02,29.445385,0.1816146425138534
2021-04-03,29.485907,0.22205142560488866
2021-04-04,29.624378,0.36043720869592377
2021-04-05,29.833832,0.5698059917869607
2021-04-06,29.821983,0.5578717748779951
2021-04-07,29.897549,0.6333525579690331
2021-04-08,29.922503,0.6582213410600666
2021-04-09,30.040716,0.7763491241511034
2021-04-10,30.090393,0.8259409072421384
2021-04-11,30.134388,0.8698506903331769
2021-04-12,30.16008,0.8954574734242122
2021-04-13,30.153427,0.8887192565152482
2021-04-14,30.142153,0.877360039606284
2021-04-15,30.158157,0.8932788226973187
2021-04-16,29.970287,0.7053236057883581
2021-04-17,30.042208,0.7771593888793937
2021-04-18,29.961658,0.6965241719704309
2021-04-19,29.951365,0.6861459550614661
2021-04-20,30.1201,0.8547957381525038
2021-04-21,30.226597,0.9612075212435407
2021-04-22,30.240086,0.9746113043345765
2021-04-23,30.22493,0.9593700874256115
2021-04-24,30.234303,0.9686578705166475
2021-04-25,30.256983,0.9912526536076847
2021-04-26,30.25421,0.9883944366987194
2021-04-27,30.419153,1.1532522197897563
2021-04-28,30.596762,1.3307760028807891
2021-04-29,30.651049,1.3849777859718273
2021-04-30,30.770847,1.5046905690628627
2021-05-01,30.647455,1.3812133521539032
2021-05-02,30.600151,1.3338241352449387
2021-05-03,30.607246,1.3408339183359743
2021-05-04,30.5934,1.3269027014270094
2021-05-05,30.626623,1.360040484518045
2021-05-06,30.537144,1.2704762676090837
2021-05-07,30.466248,1.1994950507001185
2021-05-08,30.65391,1.387071833791154
2021-05-09,30.741137,1.4742136168821887
2021-05-10,30.888372,1.6213633999732266
2021-05-11,31.0542,1.7871061830642638
2021-05-12,31.11228,1.8451009661552966
2021-05-13,31.104277,1.837012749246334
2021-05-14,31.055037,1.7876875323373689
2021-05-15,31.103985,1.8365503154284077
2021-05-16,31.327208,2.059688098519441
2021-05-17,31.159954,1.8923488816104808
2021-05-18,30.84272,1.5750296647015176
2021-05-19,30.797838,1.5300624477925524
2021-05-20,30.731005,1.4631442308835894
2021-05-21,30.622019,1.3540730139746273
2021-05-22,30.553617,1.2855857970656608
2021-05-23,30.475494,1.2073775801566988
2021-05-24,30.374748,1.106546363247734
2021-05-25,30.25381,0.985523146338771
2021-05-26,30.164719,0.8963469294298072
2021-05-27,30.10042,0.8319627125208413
2021-05-28,30.062508,0.7939654956118787
2021-05-29,30.050898,0.7822702787029137
2021-05-30,30.086155,0.8174420617939511
2021-05-31,30.077784,0.8089858448849867
2021-06-01,30.106358,0.8374746279760252
2021-06-02,30.224691,0.955722411067061
2021-06-03,30.179003,0.9099491941580986
2021-06-04,30.059566,0.7904269772491332
2021-06-05,29.992174,0.7229497603401676
2021-06-06,29.96422,0.694910543431206
2021-06-07,29.902073,0.6326783265222424
2021-06-08,29.83574,0.5662601096132782
2021-06-09,29.761044,0.4914788927043112
2021-06-10,29.730156,0.46050567579534984
2021-06-11,29.70704,0.43730445888638414
2021-06-12,29.685204,0.4153832419774197
2021-06-13,29.669651,0.39974502506845866
2021-06-14,29.655619,0.3856278081594944
2021-06-15,29.64805,0.3779735912505302
2021-06-16,29.657885,0.38772337434156867
2021-06-17,29.678047,0.4078001574326038
2021-06-18,29.721424,0.4510919405236393
2021-06-19,29.83067,0.5602527236146777
2021-06-20,29.825216,0.5547135067057134
2021-06-21,29.772985,0.5023972897967468
2021-06-22,29.733503,0.4628300728877832
2021-06-23,29.68434,0.41358185597881914
2021-06-24,29.657587,0.38674363906985576
2021-06-25,29.60237,0.3314414221608928
2021-06-26,29.558855,0.28784120525192947
2021-06-27,29.571611,0.300511988342965
2021-06-28,29.592297,0.32111277143399874
2021-06-29,29.569859,0.2985895545250372
2021-06-30,29.594301,0.3229463376160737
2021-07-01,29.561413,0.28997312070711345
2021-07-02,29.57851,0.30698490379814913
2021-07-03,29.640646,0.369035686889184
2021-07-04,29.545946,0.2742504699802204
2021-07-05,29.53862,0.26683925307125733
2021-07-06,29.41641,0.14454403616229072
2021-07-07,29.394936,0.12298481925332894
2021-07-08,29.374123,0.10208660234436451
2021-07-09,29.318941,0.04681938543539843
2021-07-10,29.243418,-0.028788831473566034
2021-07-11,29.217875,-0.05441704838252903
2021-07-12,29.222397,-0.04998026529149158
2021-07-13,29.238276,-0.03418648220045739
2021-07-14,29.188898,-0.08364969910942222
2021-07-15,29.199013,-0.07361991601838369
2021-07-16,29.23737,-0.03534813292734995
2021-07-17,29.221478,-0.051325349836307765
2021-07-18,29.172966,-0.09992256674527411
2021-07-19,29.148687,-0.12428678365423806
2021-07-20,29.146416,-0.12664300056320243
2021-07-21,29.144136,-0.1290082174721654
2021-07-22,29.13379,-0.13943943438112782
2021-07-23,29.12467,-0.14864465129009474
2021-07-24,29.124422,-0.1489778681990579
2021-07-25,29.14519,-0.12829508510802157
2021-07-26,29.158442,-0.11512830201698421
2021-07-27,29.163195,-0.11046051892594733
2021-07-28,29.16764,-0.10610073583491442
2021-07-29,29.17818,-0.095645952743876
2021-07-30,29.195923,-0.07798816965284061
2021-07-31,29.189276,-0.08472038656180558
2021-08-01,29.169603,-0.10447860347076698
2021-08-02,29.145105,-0.1290618203797287
2021-08-03,29.13122,-0.14303203728869462
2021-08-04,29.133604,-0.14073325419765936
2021-08-05,29.11449,-0.15993247110662168
2021-08-06,29.104765,-0.16974268801558523
2021-08-07,29.110662,-0.16393090492454832
2021-08-08,29.125372,-0.149306121833515
2021-08-09,29.111204,-0.16355933874247697
2021-08-10,29.050755,-0.22409355565144295
2021-08-11,28.968096,-0.30683777256040656
2021-08-12,28.934477,-0.34054198946936864
2021-08-13,28.925507,-0.34959720637833414
2021-08-14,28.910997,-0.3641924232872995
2021-08-15,28.86983,-0.4054446401962615
2021-08-16,28.867182,-0.4081778571052226
2021-08-17,28.865753,-0.4096920740141847
2021-08-18,28.898018,-0.37751229092314986
2021-08-19,28.920422,-0.3551935078321158
2021-08-20,28.987045,-0.2886557247410799
2021-08-21,28.90341,-0.3723759416500414
2021-08-22,28.959707,-0.3161641585590047
2021-08-23,29.042215,-0.23374137546797158
2021-08-24,29.018013,-0.25802859237693454
2021-08-25,28.99206,-0.2840668092858998
2021-08-26,29.03376,-0.2424520261948615
2021-08-27,29.001963,-0.2743342431038265
2021-08-28,28.976337,-0.30004546001278953
2021-08-29,28.96475,-0.3117176769217558
2021-08-30,28.964172,-0.3123808938307171
2021-08-31,29.009611,-0.2670271107396829
2021-09-01,28.974365,-0.3023583276486441
2021-09-02,28.915398,-0.36141054455760724
2021-09-03,28.898867,-0.37802676146657177
2021-09-04,28.900724,-0.3762549783755347
2021-09-05,28.927841,-0.3492231952844982
2021-09-06,28.958729,-0.3184204121934613
2021-09-07,29.005993,-0.2712416291024269
2021-09-08,28.9455,-0.3318198460113919
2021-09-09,28.908484,-0.36892106292035365
2021-09-10,28.873718,-0.40377227982931885
2021-09-11,28.875519,-0.4020564967382825
2021-09-12,28.87186,-0.40580071364724546
2021-09-13,28.881418,-0.39632793055621107
2021-09-14,28.9116,-0.36623114746517516
2021-09-15,28.927078,-0.3508383643741375
2021-09-16,28.920053,-0.35794858128310025
2021-09-17,29.113977,-0.16410979819206517
2021-09-18,29.147015,-0.13115701510102795
2021-09-19,29.217909,-0.06034823200999284
2021-09-20,29.121634,-0.1567084489189554
2021-09-21,29.059185,-0.2192426658279203
2021-09-22,29.026943,-0.2515698827368844
2021-09-23,29.056128,-0.22247009964584663
2021-09-24,29.060638,-0.21804531655481085
2021-09-25,29.066257,-0.2125115334637755
2021-09-26,29.055061,-0.22379275037274127
2021-09-27,29.012995,-0.26594396728170366
2021-09-28,28.973845,-0.30517918419066703
2021-09-29,29.118322,-0.16078740109963263
2021-09-30,29.133345,-0.1458496180085973
2021-10-01,28.99601,-0.28326983491755797
2021-10-02,29.007156,-0.2722090518265219
2021-10-03,29.08798,-0.19147026873548256
2021-10-04,29.060707,-0.21882848564444757
2021-10-05,29.086588,-0.19303270255341332
2021-10-06,29.025843,-0.25386291946237804
2021-10-07,28.991537,-0.28825413637133934
2021-10-08,28.95965,-0.32022635328030447
2021-10-09,28.938248,-0.34171357018926685
2021-10-10,28.91783,-0.3622167870982338
2021-10-11,28.878374,-0.4017580040071955
2021-10-12,28.839056,-0.44116122091616106
2021-10-13,28.858263,-0.42203943782512354
2021-10-14,28.85226,-0.4281276547340873
2021-10-15,28.858053,-0.4224198716430507
2021-10-16,28.863533,-0.4170250885520126
2021-10-17,28.92616,-0.3544833054609775
2021-10-18,29.003838,-0.2768905223699427
2021-10-19,28.935852,-0.3449617392789044
2021-10-20,29.082218,-0.19868095618786796
2021-10-21,29.075785,-0.20519917309683322
2021-10-22,29.25726,-0.023809390005798292
2021-10-23,29.336943,0.05578839308524053
2021-10-24,29.168783,-0.1124568238237238
2021-10-25,29.168543,-0.11278204073268938
2021-10-26,29.127533,-0.1538772576416534
2021-10-27,29.107908,-0.17358747455061874
2021-10-28,29.131899,-0.14968169145958043
2021-10-29,29.06082,-0.22084590836854545
2021-10-30,29.118261,-0.16349012527750872
2021-10-31,29.09399,-0.18784634218647156
2021-11-01,29.203806,-0.07811555909543344
2021-11-02,29.353102,0.0710952239956022
2021-11-03,29.30931,0.02721800708663835
2021-11-04,29.357954,0.0757767901776738
2021-11-05,29.26044,-0.021822426731290534
2021-11-06,29.165352,-0.11699564364025505
2021-11-07,29.151434,-0.1309988605492194
2021-11-08,29.03345,-0.24906807745818327
2021-11-09,29.025618,-0.25698529436714423
2021-11-10,29.041264,-0.24142451127610798
2021-11-11,29.025364,-0.257409728185074
2021-11-12,28.995329,-0.28752994509403607
2021-11-13,29.02442,-0.25852416200300254
2021-11-14,29.074844,-0.20818537891196698
2021-11-15,29.058762,-0.22435259582092826
2021-11-16,28.988853,-0.2943468127298914
2021-11-17,28.934433,-0.34885202963885575
2021-11-18,28.94392,-0.33945024654781975
2021-11-19,28.960337,-0.3231184634567832
2021-11-20,28.987467,-0.29607368036574755
2021-11-21,28.932697,-0.35092889727470933
2021-11-22,28.922459,-0.3612521141836744
2021-11-23,28.94736,-0.3364363310926386
2021-11-24,28.894798,-0.38908354800160083
2021-11-25,28.850763,-0.4332037649105658
2021-11-26,28.939327,-0.3447249818195317
2021-11-27,28.962397,-0.32174019872849513
2021-11-28,28.908083,-0.3761394156374571
2021-11-29,28.926767,-0.35754063254642077
2021-11-30,28.894272,-0.3901208494553856
2021-12-01,28.852991,-0.4314870663643475
2021-12-02,28.855457,-0.4291062832733097
2021-12-03,28.946419,-0.33822950018227615
2021-12-04,29.034895,-0.24983871709124017
2021-12-05,29.080576,-0.20424293400020233
2021-12-06,29.08553,-0.19937415090916843
2021-12-07,28.996689,-0.28830036781813106
2021-12-08,28.99873,-0.2863445847270967
2021-12-09,29.018192,-0.26696780163605993
2021-12-10,29.023527,-0.26171801854502164
2021-12-11,29.022629,-0.2627012354539886
2021-12-12,29.013727,-0.2716884523629517
2021-12-13,29.00237,-0.283130669271916
2021-12-14,28.995333,-0.2902528861808804
2021-12-15,28.955553,-0.3301181030898448
2021-12-16,28.93255,-0.3532063199988045
2021-12-17,28.87868,-0.40716153690776835
2021-12-18,28.827997,-0.45792975381673173
2021-12-19,28.775444,-0.5105679707256954
2021-12-20,28.796227,-0.4898701876346614
2021-12-21,28.852715,-0.43346740454362376
2021-12-22,28.817917,-0.4683506214525863
2021-12-23,28.841433,-0.44491983836155313
2021-12-24,28.763538,-0.5229000552705152
2021-12-25,28.733505,-0.5530182721794787
2021-12-26,28.717596,-0.5690124890884434
2021-12-27,28.729532,-0.5571617059974088
2021-12-28,28.72891,-0.5578689229063727
2021-12-29,28.758865,-0.5279991398153356
2021-12-30,28.78232,-0.5046293567243012
2021-12-31,28.79557,-0.49146457363326235
2022-01-01,28.757872,-0.5292477905422253
2022-01-02,28.737728,-0.5494770074511877
2022-01-03,28.746096,-0.5411942243601509
2022-01-04,28.682058,-0.6053174412691149
2022-01-05,28.677773,-0.6096876581780819
2022-01-06,28.645477,-0.6420688750870447
2022-01-07,28.661758,-0.6258730919960094
2022-01-08,28.646025,-0.6416913089049707
2022-01-09,28.612236,-0.675565525813937
2022-01-10,28.592451,-0.6954357427228999
2022-01-11,28.567633,-0.7203389596318637
2022-01-12,28.61467,-0.6733871765408281
2022-01-13,28.621696,-0.6664463934497924
2022-01-14,28.639528,-0.6486996103587579
2022-01-15,28.620256,-0.6680568272677192
2022-01-16,28.605488,-0.6829100441766798
2022-01-17,28.579037,-0.7094462610856453
2022-01-18,28.56137,-0.7271984779946088
2022-01-19,28.594225,-0.6944286949035714
2022-01-20,28.76539,-0.523348911812537
2022-01-21,28.77954,-0.5092841287215002
2022-01-22,28.75873,-0.5301793456304651
2022-01-23,28.816166,-0.47282856253942995
2022-01-24,28.738144,-0.5509357794483947
2022-01-25,28.726164,-0.5630009963573563
2022-01-26,28.739174,-0.5500762132663226
2022-01-27,28.847284,-0.4420514301752867
2022-01-28,28.901396,-0.3880246470842508
2022-01-29,29.099403,-0.1901028639932143
2022-01-30,28.963612,-0.32597908090217587
2022-01-31,28.887066,-0.4026102978111368
2022-02-01,28.90394,-0.38582151472010295
2022-02-02,28.926765,-0.363081731629066
2022-02-03,28.899706,-0.3902259485380313
2022-02-04,28.894304,-0.39571316544699187
2022-02-05,28.90907,-0.3810323823559578
2022-02-06,28.934921,-0.35526659926492243
2022-02-07,28.79335,-0.49692281617388545
2022-02-08,28.891924,-0.3984340330828502
2022-02-09,28.945007,-0.3454362499918133
2022-02-10,28.911432,-0.37909646690077636
2022-02-11,28.962595,-0.3280186838097414
2022-02-12,28.900116,-0.39058290071870516
2022-02-13,28.864525,-0.4262591176276693
2022-02-14,28.834644,-0.45622533453663294
2022-02-15,28.769634,-0.5213205514455943
2022-02-16,28.667473,-0.6235667683545572
2022-02-17,28.714539,-0.5765859852635238
2022-02-18,28.702717,-0.5884932021724865
2022-02-19,28.83675,-0.45454541908145174
2022-02-20,28.96813,-0.3232506359904157
2022-02-21,29.212734,-0.07873185289937723
2022-02-22,29.024899,-0.266652069808341
2022-02-23,28.908247,-0.383389286717307
2022-02-24,28.8823,-0.4094215036262696
2022-02-25,28.899231,-0.39257572053523404
2022-02-26,28.89738,-0.3945119374442001
2022-02-27,28.886917,-0.405060154353162
2022-02-28,28.853981,-0.43808137126212543
2022-03-01,28.798107,-0.49404058817108876
2022-03-02,28.758062,-0.5341708050800555
2022-03-03,28.833643,-0.45867502198901633
2022-03-04,28.985466,-0.3069372388979801
2022-03-05,29.167305,-0.125183455806944
2022-03-06,29.19273,-0.099843672715906
2022-03-07,29.11128,-0.18137888962487025
2022-03-08,29.105083,-0.1876611065338345
2022-03-09,29.094595,-0.19823432344279723
2022-03-10,29.058924,-0.23399054035176192
2022-03-11,29.051949,-0.24105075726072656
2022-03-12,29.126572,-0.16651297416969157
2022-03-13,29.197073,-0.09609719107865544
2022-03-14,29.239765,-0.053490407987620614
2022-03-15,29.277967,-0.015373624896582783
2022-03-16,29.28957,-0.0038558418055458787
2022-03-17,29.198149,-0.09536205871451031
2022-03-18,29.106213,-0.18738327562347123
2022-03-19,29.06241,-0.23127149253243573
2022-03-20,29.058521,-0.23524570944140066
2022-03-21,29.195242,-0.09860992635036325
2022-03-22,29.27817,-0.015767143259328265
2022-03-23,29.341381,0.04735863983170674
2022-03-24,29.439726,0.14561842292274463
2022-03-25,29.590597,0.29640420601377926
2022-03-26,29.73767,0.4433919891048177
2022-03-27,29.787539,0.4931757721958512
2022-03-28,29.913902,0.6194535552868885
2022-03-29,30.142237,0.8477033383779258
2022-03-30,30.146845,0.8522261214689593
2022-03-31,30.232464,0.9377599045599965
2022-04-01,30.194658,0.8998686876510327
2022-04-02,30.248901,0.9540264707420718
2022-04-03,30.15126,0.8563002538331084
2022-04-04,30.18618,0.891135036924144
2022-04-05,30.175209,0.8800788200151786
2022-04-06,30.100498,0.8052826031062175
2022-04-07,30.071516,0.7762153861972507
2022-04-08,30.024647,0.7292611692882893
2022-04-09,30.195,0.899528952379324
2022-04-10,30.214754,0.9191977354703589
2022-04-11,30.258512,0.9628705185613953
2022-04-12,30.283705,0.9879783016524328
2022-04-13,30.333872,1.0380600847434671
2022-04-14,30.46189,1.165992867834504
2022-04-15,30.638247,1.3422646509255394
2022-04-16,30.735765,1.4396974340165762
2022-04-17,30.781076,1.4849232171076103
2022-04-18,30.603086,1.3068480001986522
2022-04-19,30.643055,1.3467317832896875
2022-04-20,30.700632,1.4042235663807219
2022-04-21,30.59271,1.2962163494717593
2022-04-22,30.689356,1.3927771325627951
2022-04-23,30.651701,1.3550369156538302
2022-04-24,30.71161,1.4148606987448673
2022-04-25,30.784864,1.488029481835902
2022-04-26,30.680326,1.3834062649269399
2022-04-27,30.86671,1.5697050480179762
2022-04-28,30.936022,1.6389318311090122
2022-04-29,30.966846,1.6696706142000473
2022-04-30,30.965563,1.6683023972910824
2022-05-01,30.928005,1.6306591803821178
2022-05-02,30.824772,1.5273409634731543
2022-05-03,30.714172,1.4166557465641958
2022-05-04,30.676464,1.3788625296552297
2022-05-05,30.608318,1.310631312746267
2022-05-06,30.478662,1.1808900958373023
2022-05-07,30.38071,1.082852878928339
2022-05-08,30.303337,1.0053946620193734
2022-05-09,30.2848,0.986772445110411
2022-05-10,30.286596,0.9884832282014457
2022-05-11,30.22771,0.9295120112924806
2022-05-12,30.191362,0.8930787943835199
2022-05-13,30.153025,0.8546565774745538
2022-05-14,30.188131,0.8896773605655888
2022-05-15,30.078121,0.7795821436566257
2022-05-16,30.051516,0.7528919267476617
2022-05-17,30.000872,0.7021627098386993
2022-05-18,29.959023,0.6602284929297362
2022-05-19,29.920483,0.6216032760207746
2022-05-20,29.902882,0.6039170591118115
2022-05-21,29.855824,0.5567738422028441
2022-05-22,29.804647,0.5055116252938809
2022-05-23,29.7576,0.45837940838491775
2022-05-24,29.72282,0.4235141914759524
2022-05-25,29.720545,0.421153974566991
2022-05-26,29.694735,0.3952587576580271
2022-05-27,29.648113,0.34855154074906025
2022-05-28,29.59655,0.2969033238400982
2022-05-29,29.553518,0.253786106931134
2022-05-30,29.52094,0.22112289002216912
2022-05-31,29.477505,0.17760267311320632
2022-06-01,29.414316,0.11432845620424104
2022-06-02,29.38376,0.08368723929527988
2022-06-03,29.327158,0.027000022386317823
2022-06-04,29.291288,-0.008955194522645371
2022-06-05,29.283272,-0.01705641143161074
2022-06-06,29.271431,-0.02898262834057519
2022-06-07,29.254305,-0.04619384524954029
2022-06-08,29.251564,-0.04902006215850463
2022-06-09,29.246773,-0.05389627906746597
2022-06-10,29.238974,-0.06178049597643209
2022-06-11,29.2476,-0.05323971288539653
2022-06-12,29.294338,-0.006586929794359264
2022-06-13,29.393919,0.09290885329667731
2022-06-14,29.334366,0.033270636387712216
2022-06-15,29.29253,-0.008650580521251783
2022-06-16,29.274076,-0.027189797430214213
2022-06-17,29.298061,-0.0032900143391785264
2022-06-18,29.335485,0.034048768751858915
2022-06-19,29.50019,0.19866855184289633
2022-06-20,29.4789,0.17729333493393185
2022-06-21,29.429228,0.12753611802496678
2022-06-22,29.358374,0.05659690111600568
2022-06-23,29.277348,-0.024514315792959707
2022-06-24,29.257254,-0.044693532701924
2022-06-25,29.206987,-0.09504574961088608
2022-06-26,29.175863,-0.12625496651985202
2022-06-27,29.175476,-0.12672718342881595
2022-06-28,29.19614,-0.10614840033777995
2022-06-29,29.245325,-0.057048617246742594
2022-06-30,29.239597,-0.0628618341557079
2022-07-01,29.240536,-0.062008051064673
2022-07-02,29.22422,-0.07840926797363679
2022-07-03,29.214344,-0.08837048488259569
2022-07-04,29.163628,-0.13917170179156102
2022-07-05,29.132357,-0.1705279187005253
2022-07-06,29.123291,-0.17967913560949
2022-07-07,29.166763,-0.13629235251845273
2022-07-08,29.157597,-0.1455435694274172
2022-07-09,29.114952,-0.18827378633638148
2022-07-10,29.078989,-0.22432200324534435
2022-07-11,29.020754,-0.2826422201543082
2022-07-12,29.00288,-0.30060143706327125
2022-07-13,28.988207,-0.3153596539722372
2022-07-14,28.991787,-0.31186487088120174
2022-07-15,29.034569,-0.2691680877901632
2022-07-16,29.035574,-0.26824830469912797
2022-07-17,29.108377,-0.1955305216080916
2022-07-18,29.17251,-0.13148273851705383
2022-07-19,29.213669,-0.09040895542601746
2022-07-20,29.130629,-0.17353417233498192
2022-07-21,29.046417,-0.2578313892439432
2022-07-22,29.001505,-0.3028286061529073
2022-07-23,28.974245,-0.33017382306187315
2022-07-24,28.939835,-0.3646690399708383
2022-07-25,29.042513,-0.2620762568798014
2022-07-26,29.186298,-0.11837647378876426
2022-07-27,29.137806,-0.1669536906977278
2022-07-28,29.127466,-0.17737890760669472
2022-07-29,29.035929,-0.2690011245156576
2022-07-30,28.961773,-0.3432423414246202
2022-07-31,28.942883,-0.3622175583335867
2022-08-01,28.905848,-0.3993377752425502
2022-08-02,28.82192,-0.48335099215151445
2022-08-03,28.754045,-0.5513112090604722
2022-08-04,28.709284,-0.5961574259694373
2022-08-05,28.691046,-0.6144806428784015
2022-08-06,28.67388,-0.6317318597873651
2022-08-07,28.66495,-0.6407470766963286
2022-08-08,28.656942,-0.6488402936052928
2022-08-09,28.67477,-0.6310975105142589
2022-08-10,28.689014,-0.6169387274232214
2022-08-11,28.709072,-0.5969659443321866
2022-08-12,28.720676,-0.5854471612411487
2022-08-13,28.757269,-0.5489393781501128
2022-08-14,28.779293,-0.5270005950590786
2022-08-15,28.785637,-0.5207418119680405
2022-08-16,28.857647,-0.4488170288770057
2022-08-17,28.841373,-0.46517624578596894
2022-08-18,28.856535,-0.4500994626949293
2022-08-19,28.878647,-0.4280726796038934
2022-08-20,28.863977,-0.4428278965128598
2022-08-21,28.835161,-0.4717291134218229
2022-08-22,28.794876,-0.5120993303307877
2022-08-23,28.819313,-0.4877475472397492
2022-08-24,28.81881,-0.48833576414871516
2022-08-25,28.801609,-0.5056219810576792
2022-08-26,28.744692,-0.5626241979666418
2022-08-27,28.716623,-0.5907784148756079
2022-08-28,28.809443,-0.4980436317845687
2022-08-29,28.91418,-0.3933918486935326
2022-08-30,28.964165,-0.3434920656024971
2022-08-31,28.875769,-0.43197328251146416
2022-09-01,28.833065,-0.47476249942042514
2022-09-02,28.787994,-0.5199187163293857
2022-09-03,28.731266,-0.5767319332383494
2022-09-04,28.681715,-0.6263681501473144
2022-09-05,28.63449,-0.6736783670562794
2022-09-06,28.568218,-0.7400355839652413
2022-09-07,28.53041,-0.7779288008742071
2022-09-08,28.545382,-0.7630420177831709
2022-09-09,28.561253,-0.7472562346921343
2022-09-10,28.591768,-0.7168264516011007
2022-09-11,28.617865,-0.6908146685100647
2022-09-12,28.70304,-0.6057248854190256
2022-09-13,28.710426,-0.5984241023279928
2022-09-14,28.758402,-0.5505333192369548
2022-09-15,28.826107,-0.4829135361459187
2022-09-16,28.837038,-0.47206775305488335
2022-09-17,28.816181,-0.4930099699638433
2022-09-18,28.814478,-0.4947981868728064
2022-09-19,28.83111,-0.47825140378177267
2022-09-20,28.886051,-0.4233956206907372
2022-09-21,28.933058,-0.37647383759970054
2022-09-22,28.91221,-0.39740705450866187
2022-09-23,28.89655,-0.41315227141762634
2022-09-24,28.961817,-0.3479704883265917
2022-09-25,29.08135,-0.22852270523555518
2022-09-26,29.022999,-0.286958922144521
2022-09-27,29.023743,-0.28630013905348406
2022-09-28,28.972733,-0.3373953559624461
2022-09-29,28.926071,-0.3841425728714114
2022-09-30,28.858356,-0.45194278978037516
2022-10-01,28.82292,-0.48746400668933987
2022-10-02,28.811281,-0.4991882235983027
2022-10-03,28.79746,-0.5130944405072633
2022-10-04,28.733728,-0.576911657416229
2022-10-05,28.727945,-0.582779874325194
2022-10-06,28.670084,-0.640726091234157
2022-10-07,28.672436,-0.6384593081431191
2022-10-08,28.785006,-0.5259745250520851
2022-10-09,28.770441,-0.5406247419610466
2022-10-10,28.83572,-0.47543095887001385
2022-10-11,28.786238,-0.5249981757789755
2022-10-12,28.964537,-0.34678439268794037
2022-10-13,28.831795,-0.47961160959690474
2022-10-14,28.739933,-0.5715588265058678
2022-10-15,28.66475,-0.6468270434148309
2022-10-16,28.622215,-0.6894472603237958
2022-10-17,28.58762,-0.7241274772327593
2022-10-18,28.579216,-0.732616694141722
2022-10-19,28.541807,-0.7701109110506863
2022-10-20,28.521318,-0.7906851279596481
2022-10-21,28.45171,-0.8603783448686144
2022-10-22,28.382277,-0.9298965617775785
2022-10-23,28.386738,-0.9255207786865398
2022-10-24,28.423038,-0.8893059955955067
2022-10-25,28.583574,-0.7288552125044703
2022-10-26,28.709103,-0.6034114294134341
2022-10-27,28.803652,-0.5089476463223974
2022-10-28,28.883446,-0.42923886323136173
2022-10-29,28.950977,-0.3617930801403233
2022-10-30,28.954638,-0.35821729704928984
2022-10-31,28.969557,-0.34338351395825484
2022-11-01,28.973215,-0.33981073086721736
2022-11-02,29.03239,-0.28072094777617806
2022-11-03,28.973152,-0.34004416468514265
2022-11-04,28.981863,-0.33141838159410497
2022-11-05,29.000124,-0.31324259850307
2022-11-06,28.963152,-0.3502998154120327
2022-11-07,28.93472,-0.37881703232099895
2022-11-08,28.907072,-0.4065502492299622
2022-11-09,28.891241,-0.4224664661389248
2022-11-10,28.858284,-0.4555086830478885
2022-11-11,28.855307,-0.45857089995685385
2022-11-12,28.809767,-0.5041961168658169
2022-11-13,28.792576,-0.5214723337747813
2022-11-14,28.712454,-0.6016795506837447
2022-11-15,28.594702,-0.7195167675927081
2022-11-16,28.63509,-0.679213984501672
2022-11-17,28.651554,-0.6628352014106333
2022-11-18,28.611032,-0.7034424183195966
2022-11-19,28.625103,-0.6894566352285629
2022-11-20,28.656254,-0.6583908521375257
2022-11-21,28.741022,-0.5737080690464893
2022-11-22,28.78533,-0.529485285955456
2022-11-23,28.78859,-0.526310502864419
2022-11-24,28.748377,-0.5666087197733809
2022-11-25,28.770948,-0.5441229366823457
2022-11-26,28.873602,-0.44155415359130856
2022-11-27,28.871618,-0.4436233705002728
2022-11-28,29.026789,-0.2885375874092375
2022-11-29,29.032854,-0.282557804318202
2022-11-30,28.964855,-0.35064202122716637
2022-12-01,28.97417,-0.34141223813612953
2022-12-02,29.007778,-0.3078894550450961
2022-12-03,28.97361,-0.3421426719540541
2022-12-04,28.949163,-0.36667488886302024
2022-12-05,28.824224,-0.49169910577198195
2022-12-06,28.737955,-0.5780533226809474
2022-12-07,28.721418,-0.594675539589911
2022-12-08,28.649986,-0.6661927564988765
2022-12-09,28.58694,-0.7293239734078405
2022-12-10,28.61333,-0.7030191903168017
2022-12-11,28.629145,-0.6872894072257658
2022-12-12,28.59114,-0.7253796241347317
2022-12-13,28.486628,-0.8299768410436954
2022-12-14,28.374825,-0.9418650579526577
2022-12-15,28.338156,-0.9786192748616216
2022-12-16,28.320665,-0.9961954917705853
2022-12-17,28.264658,-1.0522877086795503
2022-12-18,28.303606,-1.013424925588513
2022-12-19,28.316294,-1.0008221424974764
2022-12-20,28.276264,-1.0409373594064384
2022-12-21,28.303976,-1.0133105763154049
2022-12-22,28.342508,-0.9748637932243689
2022-12-23,28.414757,-0.90270001013333
2022-12-24,28.41045,-0.9070922270422948
2022-12-25,28.40048,-0.9171474439512579
2022-12-26,28.446884,-0.8708286608602229
2022-12-27,28.464096,-0.8537018777691863
2022-12-28,28.449339,-0.8685440946781533
2022-12-29,28.433075,-0.8848933115871169
2022-12-30,28.400206,-0.917847528496079
2022-12-31,28.373747,-0.9443917454050421
2023-01-01,28.341192,-0.9770319623140082
2023-01-02,28.331465,-0.9868441792229667
2023-01-03,28.345337,-0.9730573961319315
2023-01-04,28.365953,-0.9525266130408951
2023-01-05,28.377964,-0.9406008299498616
2023-01-06,28.419552,-0.8990980468588248
2023-01-07,28.433912,-0.8848232637677889
2023-01-08,28.484936,-0.8338844806767511
2023-01-09,28.475636,-0.8432696975857148
2023-01-10,28.505869,-0.8131219144946797
2023-01-11,28.544687,-0.7743891314036446
2023-01-12,28.570093,-0.7490683483126084
2023-01-13,28.642029,-0.6772175652215715
2023-01-14,28.629818,-0.6895137821305362
2023-01-15,28.63101,-0.6884069990395005
2023-01-16,28.605492,-0.7140102159484627
2023-01-17,28.557264,-0.7623234328574249
2023-01-18,28.515944,-0.8037286497663878
2023-01-19,28.486795,-0.8329628666753521
2023-01-20,28.477419,-0.8424240835843158
2023-01-21,28.45715,-0.8627783004932823
2023-01-22,28.43185,-0.8881635174022442
2023-01-23,28.389585,-0.9305137343112087
2023-01-24,28.39404,-0.9261439512201726
2023-01-25,28.322144,-0.9981251681291354
2023-01-26,28.298565,-1.021789385038101
2023-01-27,28.25767,-1.062769601947064
2023-01-28,28.189596,-1.1309288188560274
2023-01-29,28.198505,-1.1221050357649922
2023-01-30,28.248022,-1.0726732526739582
2023-01-31,28.308393,-1.0123874695829223
2023-02-01,28.395916,-0.9249496864918854
2023-02-02,28.415699,-0.9052519034008455
2023-02-03,28.472996,-0.8480401203098111
2023-02-04,28.39575,-0.925371337218774
2023-02-05,28.392921,-0.9282855541277364
2023-02-06,28.436384,-0.8849077710367013
2023-02-07,28.489944,-0.8314329879456643
2023-02-08,28.413826,-0.9076362048546294
2023-02-09,28.436512,-0.8850354217635932
2023-02-10,28.399015,-0.9226176386725591
2023-02-11,28.39445,-0.9272678555815226
2023-02-12,28.464994,-0.8568090724904849
2023-02-13,28.494974,-0.8269142893994506
2023-02-14,28.4742,-0.847773506308414
2023-02-15,28.44032,-0.8817387232173779
2023-02-16,28.445948,-0.8761959401263404
2023-02-17,28.50101,-0.8212191570353014
2023-02-18,28.538445,-0.7838693739442668
2023-02-19,28.595087,-0.7273125908532307
2023-02-20,28.622368,-0.7001168077621926
2023-02-21,28.594088,-0.728482024671159
2023-02-22,28.605701,-0.7169542415801224
2023-02-23,28.679565,-0.6431754584890861
2023-02-24,28.645445,-0.6773806753980516
2023-02-25,28.593067,-0.729843892307013
2023-02-26,28.565815,-0.7571811092159777
2023-02-27,28.588528,-0.7345533261249422
2023-02-28,28.609863,-0.7133035430339056
2023-03-01,28.60186,-0.7213917599428719
2023-03-02,28.648228,-0.6751089768518348
2023-03-03,28.704681,-0.6187411937607976
2023-03-04,28.743887,-0.5796204106697616
2023-03-05,28.77333,-0.5502626275787215
2023-03-06,28.774662,-0.5490158444876876
2023-03-07,28.760706,-0.5630570613966519
2023-03-08,28.756006,-0.5678422783056156
2023-03-09,28.784616,-0.5393174952145792
2023-03-10,28.823023,-0.5009957121235438
2023-03-11,28.857552,-0.46655192903250864
2023-03-12,28.91551,-0.4086791459414698
2023-03-13,28.937056,-0.38721836285043665
2023-03-14,28.926378,-0.3979815797593993
2023-03-15,28.9361,-0.3883447966683633
2023-03-16,28.939196,-0.385334013577328
2023-03-17,28.963148,-0.3614672304862907
2023-03-18,28.999987,-0.3247134473952542
2023-03-19,29.251036,-0.07374966430421992
2023-03-20,29.224901,-0.0999698812131804
2023-03-21,29.20483,-0.12012609812214237
2023-03-22,29.367075,0.04203368496889226
2023-03-23,29.614635,0.28950846805992825
2023-03-24,29.648525,0.32331325115096377
2023-03-25,29.601744,0.27644703424200046
2023-03-26,29.54947,0.22408781733303584
2023-03-27,29.546156,0.22068860042407223
2023-03-28,29.584332,0.2587793835151082
2023-03-29,29.629116,0.30347816660614413
2023-03-30,29.587858,0.262134949697181
2023-03-31,29.778923,0.45311473278821524
2023-04-01,29.759806,0.4339125158792534
2023-04-02,29.939165,0.6131862989702874
2023-04-03,29.88353,0.5574660820613246
2023-04-04,29.9966,0.6704508651523646
2023-04-05,29.956501,0.6302666482433992
2023-04-06,29.948435,0.6221154313344357
2023-04-07,29.938887,0.6124822144254729
2023-04-08,29.962276,0.635785997516507
2023-04-09,29.97311,0.6465347806075421
2023-04-10,30.061525,0.7348645636985793
2023-04-11,30.113333,0.7865873467896165
2023-04-12,30.358183,1.031352129880652
2023-04-13,30.495705,1.1687889129716886
2023-04-14,30.527508,1.2005066960627246
2023-04-15,30.463379,1.1362924791537594
2023-04-16,30.55036,1.223188262244797
2023-04-17,30.77612,1.4488630453358304
2023-04-18,30.913767,1.5864248284268676
2023-04-19,30.839853,1.5124256115179087
2023-04-20,30.715223,1.3877103946089449
2023-04-21,30.791185,1.4635871776999778
2023-04-22,30.888952,1.5612689607910148
2023-04-23,31.040152,1.7123837438820502
2023-04-24,30.901506,1.5736525269730883
2023-04-25,30.929276,1.6013373100641246
2023-04-26,30.970097,1.6420730931551581
2023-04-27,30.861,1.5328908762461957
2023-04-28,31.011133,1.682938659337232
2023-04-29,31.179005,1.850725442428267
2023-04-30,31.141665,1.8133002255193027
2023-05-01,31.097998,1.7695480086103395
2023-05-02,31.117079,1.7885437917013753
2023-05-03,31.048029,1.7194085747924106
2023-05-04,30.986591,1.6578853578834476
2023-05-05,30.938377,1.6095861409744856
2023-05-06,30.823015,1.494138924065524
2023-05-07,30.680964,1.352002707156558
2023-05-08,30.46875,1.1397034902475944
2023-05-09,30.28605,0.9569182733386299
2023-05-10,30.08236,0.7531430564296677
2023-05-11,29.90717,0.5778678395207031
2023-05-12,29.813522,0.48413462261173734
2023-05-13,29.778675,0.44920240570277414
2023-05-14,29.75189,0.42233218879380985
2023-05-15,29.751322,0.4216789718848446
2023-05-16,29.75012,0.4203917549758813
2023-05-17,29.762907,0.43309353806691675
2023-05-18,29.808645,0.4787463211579528
2023-05-19,29.834549,0.5045651042489894
2023-05-20,29.874826,0.5447568873400286
2023-05-21,29.885069,0.5549146704310672
2023-05-22,29.890554,0.5603144535221034
2023-05-23,29.974585,0.6442602366131389
2023-05-24,29.983496,0.6530860197041726
2023-05-25,29.950596,0.6201008027952106
2023-05-26,29.936092,0.6055115858862443
2023-05-27,29.96416,0.6334943689772814
2023-05-28,29.966528,0.635777152068318
2023-05-29,29.985462,0.654625935159352
2023-05-30,29.952312,0.6213907182503888
2023-05-31,29.916792,0.5857855013414266
2023-06-01,29.90362,0.5725282844324617
2023-06-02,29.885334,0.5541570675234979
2023-06-03,29.828182,0.49691985061453536
2023-06-04,29.795164,0.4638166337055729
2023-06-05,29.75462,0.4231874167966083
2023-06-06,29.724045,0.3925271998876454
2023-06-07,29.709322,0.37771898297868134
2023-06-08,29.668554,0.3368657660697174
2023-06-09,29.640436,0.3086625491607542
2023-06-10,29.60259,0.27073133225178836
2023-06-11,29.601082,0.2691381153428267
2023-06-12,29.594532,0.262502898433862
2023-06-13,29.568012,0.23589768152489654
2023-06-14,29.54883,0.21663046461593183
2023-06-15,29.520172,0.18788724770696774
2023-06-16,29.47804,0.145670030798005
2023-06-17,29.399744,0.06728881388903929
2023-06-18,29.38003,0.047489596980078375
2023-06-19,29.3584,0.0257743800711161
2023-06-20,29.354113,0.021402163162154153
2023-06-21,29.373478,0.04068194625318711
2023-06-22,29.413065,0.08018372934422402
2023-06-23,29.43258,0.09961351243526195
2023-06-24,29.467283,0.13423129552629476
2023-06-25,29.434746,0.10160907861733293
2023-06-26,29.42484,0.09161786170836805
2023-06-27,29.42113,0.08782264479940594
2023-06-28,29.435356,0.1019634278904391
2023-06-29,29.373589,0.04011121098147541
2023-06-30,29.29977,-0.033793005927488906
2023-07-01,29.226013,-0.10763522283645344
2023-07-02,29.173086,-0.1606474397454143
2023-07-03,29.147392,-0.18642665665437974
2023-07-04,29.129354,-0.20454987356334442
2023-07-05,29.104853,-0.22913609047230565
2023-07-06,29.1414,-0.19267430738126734
2023-07-07,29.194424,-0.13973552429023073
2023-07-08,29.195772,-0.13847274119919462
2023-07-09,29.077997,-0.25633295810816037
2023-07-10,29.036907,-0.2975081750171249
2023-07-11,29.063145,-0.2713553919260896
2023-07-12,29.117327,-0.21725860883505277
2023-07-13,29.122986,-0.21168482574401537
2023-07-14,29.149517,-0.18523904265298086
2023-07-15,29.128405,-0.20643625956194356
2023-07-16,29.106655,-0.2282714764709084
2023-07-17,29.076433,-0.2585786933798708
2023-07-18,29.051386,-0.28371091028883555
2023-07-19,29.019405,-0.3157771271978014
2023-07-20,29.014109,-0.3211583441067596
2023-07-21,29.02231,-0.3130425610157239
2023-07-22,29.017956,-0.31748177792468724
2023-07-23,29.027205,-0.3083179948336543
2023-07-24,28.994255,-0.3413532117426179
2023-07-25,28.973974,-0.3617194286515826
2023-07-26,28.988626,-0.3471526455605449
2023-07-27,29.041357,-0.2945068624695075
2023-07-28,29.055672,-0.2802770793784717
2023-07-29,29.031721,-0.304313296287436
2023-07-30,29.006102,-0.3300175131964025
2023-07-31,28.986965,-0.3492397301053636
2023-08-01,28.971197,-0.36509294701432893
2023-08-02,28.98873,-0.3476451639232927
2023-08-03,29.013195,-0.3232653808322574
2023-08-04,29.047174,-0.28937159774121923
2023-08-05,29.10302,-0.23361081465018074
2023-08-06,29.098806,-0.2379100315591458
2023-08-07,29.06763,-0.26917124846810836
2023-08-08,29.025501,-0.3113854653770751
2023-08-09,29.002836,-0.33413568228603907
2023-08-10,29.020681,-0.31637589919500186
2023-08-11,29.04591,-0.2912321161039664
2023-08-12,29.031267,-0.3059603330129299
2023-08-13,28.99668,-0.3406325499218923
2023-08-14,28.978958,-0.358439766830859
2023-08-15,28.952074,-0.385408983739822
2023-08-16,28.997177,-0.34039120064878503
2023-08-17,29.029024,-0.30862941755775
2023-08-18,29.076136,-0.26160263446671195
2023-08-19,29.132704,-0.2051198513756738
2023-08-20,29.17726,-0.16064906828463776
2023-08-21,29.186457,-0.15153728519360143
2023-08-22,29.226372,-0.11170750210256486
2023-08-23,29.275166,-0.06299871901153153
2023-08-24,29.304886,-0.03336393592049447
2023-08-25,29.314127,-0.024208152829459095
2023-08-26,29.357548,0.019127630261579043
2023-08-27,29.45685,0.11834441335261303
2023-08-28,29.397438,0.05884719644365077
2023-08-29,29.340546,0.0018699795346854842
2023-08-30,29.324575,-0.014186237374278932
2023-08-31,29.282156,-0.05669045428324182
2023-09-01,29.220264,-0.11866767119220611
2023-09-02,29.203783,-0.135233888101169
2023-09-03,29.138208,-0.2008941050101356
2023-09-04,29.063158,-0.27602932191909346
2023-09-05,29.023636,-0.3156365388280591
2023-09-06,29.056614,-0.28274375573702315
2023-09-07,29.187119,-0.15232397264598774
2023-09-08,29.271067,-0.06846118955495228
2023-09-09,29.1544,-0.18521340646391593
2023-09-10,29.096607,-0.24309162337288015
2023-09-11,29.069883,-0.26990084028184214
2023-09-12,29.057426,-0.2824430571908074
2023-09-13,29.066235,-0.27371927409977204
2023-09-14,29.075144,-0.26489549100873333
2023-09-15,29.081211,-0.2589137079176993
2023-09-16,29.069202,-0.27100792482666236
2023-09-17,29.081154,-0.2591411417356255
2023-09-18,29.092442,-0.24793835864459268
2023-09-19,29.12657,-0.21389557555355054
2023-09-20,29.242857,-0.09769379246251475
2023-09-21,29.375927,0.03529099062852126
2023-09-22,29.310255,-0.030466226280442044
2023-09-23,29.227057,-0.11374944318940905
2023-09-24,29.174152,-0.16673966009837216
2023-09-25,29.117224,-0.22375287700733537
2023-09-26,29.082611,-0.2584510939162996
2023-09-27,29.038706,-0.3024413108252624
2023-09-28,28.992907,-0.34832552773422876
2023-09-29,28.954279,-0.387038744643192
2023-09-30,28.986252,-0.3551509615521553
2023-10-01,29.012558,-0.32893017846112116
2023-10-02,28.997318,-0.34425539537008376
2023-10-03,28.953352,-0.38830661227904884
2023-10-04,28.924505,-0.41723882918800825
2023-10-05,28.893774,-0.44805504609697167
2023-10-06,28.907297,-0.4346172630059364
2023-10-07,28.899458,-0.442541479914901
2023-10-08,28.930664,-0.41142069682386406
2023-10-09,29.091055,-0.25111491373282746
2023-10-10,29.073757,-0.26849813064179173
2023-10-11,29.06848,-0.2738603475507553
2023-10-12,29.01822,-0.3242055644597208
2023-10-13,29.022234,-0.3202767813686833
2023-10-14,28.988007,-0.35458899827764867
2023-10-15,28.996223,-0.3464582151866118
2023-10-16,28.91986,-0.42290643209557643
2023-10-17,28.839964,-0.502887649004542
2023-10-18,28.833199,-0.5097378659135039
2023-10-19,28.903822,-0.4392000828224667
2023-10-20,28.963814,-0.37929329973142956
2023-10-21,29.017742,-0.3254505166403945
2023-10-22,29.097006,-0.2462717335493565
2023-10-23,29.18691,-0.15645295045831986
2023-10-24,29.240578,-0.1028701673672856
2023-10-25,29.470549,0.12701561572374942
2023-10-26,29.459032,0.11541339881478763
2023-10-27,29.35355,0.009846181905821538
2023-10-28,29.478907,0.13511796499685857
2023-10-29,29.569618,0.22574374808789344
2023-10-30,29.638731,0.29477153117893096
2023-10-31,29.510586,0.166541314269967
2023-11-01,29.367369,0.023239097361003047
2023-11-02,29.334803,-0.009412119547960174
2023-11-03,29.42434,0.08003966354307579
2023-11-04,29.531021,0.18663544663411358
2023-11-05,29.547705,0.20323422972515104
2023-11-06,29.58439,0.23983401281618555
2023-11-07,29.598549,0.2539077959072209
2023-11-08,29.590448,0.24572157899825697
2023-11-09,29.700617,0.3558053620892956
2023-11-10,29.756031,0.41113414518033053
2023-11-11,29.7308,0.38581792827136496
2023-11-12,29.655323,0.3102557113624016
2023-11-13,29.559202,0.21404949445343746
2023-11-14,29.429419,0.08418127754447369
2023-11-15,29.506403,0.16108006063550917
2023-11-16,29.607351,0.26194284372654764
2023-11-17,29.621168,0.27567462681758315
2023-11-18,29.522669,0.1770904099086188
2023-11-19,29.480095,0.13443119299965645
2023-11-20,29.497765,0.15201597609069495
2023-11-21,29.45728,0.11144575918173061
2023-11-22,29.527534,0.18161454227276508
2023-11-23,29.562973,0.21696832536380128
2023-11-24,29.406128,0.0600381084548367
2023-11-25,29.343641,-0.002534108454124606
2023-11-26,29.284527,-0.06173332536308962
2023-11-27,29.222599,-0.1237465422720554
2023-11-28,29.183813,-0.16261775918101762
2023-11-29,29.09728,-0.24923597608998094
2023-11-30,29.004093,-0.3425081929989453
2023-12-01,28.872772,-0.4739144099079091
2023-12-02,28.83399,-0.5127816268168743
2023-12-03,28.761318,-0.5855388437258391
2023-12-04,28.848354,-0.4985880606347983
2023-12-05,28.956152,-0.3908752775437634
2023-12-06,29.02575,-0.32136249445272824
2023-12-07,29.094189,-0.2530087113616908
2023-12-08,29.069708,-0.27757492827065633
2023-12-09,29.084389,-0.2629791451796173
2023-12-10,29.070686,-0.27676736208858443
2023-12-11,29.095846,-0.25169257899754527
2023-12-12,29.075087,-0.27253679590651103
2023-12-13,29.092823,-0.25488601281547574
2023-12-14,29.042604,-0.3051902297244382
2023-12-15,29.056597,-0.29128244663340297
2023-12-16,29.036686,-0.31127866354236744
2023-12-17,28.987917,-0.3601328804513315
2023-12-18,28.987225,-0.36091009736029633
2023-12-19,28.99335,-0.3548703142692595
2023-12-20,29.02009,-0.3282155311782198
2023-12-21,29.01634,-0.33205074808718393
2023-12-22,28.984686,-0.3637899649961476
2023-12-23,28.956898,-0.3916631819051126
2023-12-24,28.889393,-0.45925339881407723
2023-12-25,28.815502,-0.533229615723041
2023-12-26,28.77442,-0.5743968326320044
2023-12-27,28.754192,-0.5947100495409678
2023-12-28,28.744267,-0.6047202664499309
2023-12-29,28.731543,-0.6175294833588971
2023-12-30,28.722506,-0.6266517002678604
2023-12-31,28.69686,-0.6523829171768227
2024-01-01,28.676846,-0.6724821340857865
2024-01-02,28.686516,-0.6628973509947507
2024-01-03,28.678766,-0.6707325679037162
2024-01-04,28.726454,-0.6231297848126758
2024-01-05,28.739914,-0.6097550017216413
2024-01-06,28.771885,-0.5778692186306031
2024-01-07,28.751074,-0.5987654355395691
2024-01-08,28.757883,-0.5920416524485326
2024-01-09,28.736225,-0.6137848693574952
2024-01-10,28.735714,-0.6143810862664587
2024-01-11,28.7167,-0.6334803031754248
2024-01-12,28.728592,-0.6216735200843893
2024-01-13,28.700369,-0.6499817369933538
2024-01-14,28.666935,-0.6835009539023176
2024-01-15,28.679583,-0.6709381708112794
2024-01-16,28.703634,-0.6469723877202433
2024-01-17,28.786135,-0.5645566046292068
2024-01-18,28.809608,-0.5411688215381716
2024-01-19,28.815548,-0.5353140384471331
2024-01-20,28.856153,-0.4947942553560978
2024-01-21,28.85737,-0.4936624722650613
2024-01-22,28.887972,-0.46314568917402354
2024-01-23,28.850903,-0.50029990608299
2024-01-24,28.867323,-0.48396512299195393
2024-01-25,28.94165,-0.4097233399009177
2024-01-26,28.903017,-0.4484415568098825
2024-01-27,28.91155,-0.4399937737188466
2024-01-28,28.908894,-0.44273499062780886
2024-01-29,28.954512,-0.3972022075367718
2024-01-30,29.085344,-0.2664554244457378
2024-01-31,29.154099,-0.19778564135470234
2024-02-01,29.177689,-0.17428085826366413
2024-02-02,29.20961,-0.1424450751726276
2024-02-03,29.19362,-0.1585202920815938
2024-02-04,29.183525,-0.168700508990554
2024-02-05,29.16063,-0.19168072589951635
2024-02-06,29.14985,-0.20254594280848082
2024-02-07,29.141108,-0.2113731597174464
2024-02-08,29.152998,-0.19956837662640936
2024-02-09,29.12461,-0.228041593535373
2024-02-10,29.12864,-0.22409681044433682
2024-02-11,29.129564,-0.22325802735330313
2024-02-12,29.102232,-0.25067524426226484
2024-02-13,29.08006,-0.27293246117123005
2024-02-14,29.076485,-0.27659267808019194
2024-02-15,29.110731,-0.2424318949891564
2024-02-16,29.152845,-0.20040311189812243
2024-02-17,29.191187,-0.16214632880708635
2024-02-18,29.230612,-0.12280654571604899
2024-02-19,29.229883,-0.1236207626250092
2024-02-20,29.239449,-0.1141399795339737
2024-02-21,29.30262,-0.05105419644293718
2024-02-22,29.464348,0.1105885866480989
2024-02-23,29.484585,0.13074036973913294
2024-02-24,29.368584,0.014654152830168243
2024-02-25,29.354101,8.593592120575977e-05
2024-02-26,29.357494,0.0033937190122408367
2024-02-27,29.38681,0.032624502103278274
2024-02-28,29.38361,0.029339285194314613
2024-02-29,29.395344,0.040988068285351176
2024-03-01,29.43302,0.07857885137638476
2024-03-02,29.475935,0.12140863446742145
2024-03-03,29.482994,0.12838241755845914
2024-03-04,29.533628,0.17893120064949386
2024-03-05,29.486753,0.1319709837405334
2024-03-06,29.5486,0.1937327668315696
2024-03-07,29.467234,0.11228154992260642
2024-03-08,29.440252,0.08521433301364212
2024-03-09,29.373653,0.01853011610467803
2024-03-10,29.355042,-0.000166100804285918
2024-03-11,29.367327,0.012033682286748615
2024-03-12,29.46296,0.10758146537778401
2024-03-13,29.52631,0.1708462484688198
2024-03-14,29.560656,0.20510703155985865
2024-03-15,29.590511,0.23487681465089238
2024-03-16,29.589304,0.23358459774192752
2024-03-17,29.582533,0.22672838083296654
2024-03-18,29.630064,0.27417416392400185
2024-03-19,29.666988,0.3110129470150369
2024-03-20,29.684113,0.3280527301060765
2024-03-21,29.719486,0.36334051319711236
2024-03-22,29.771185,0.4149542962881476
2024-03-23,29.838446,0.4821300793791856
2024-03-24,29.910105,0.553703862470222
2024-03-25,29.926922,0.5704356455612576
2024-03-26,29.98201,0.6254384286522914
2024-03-27,30.051083,0.6944262117433269
2024-03-28,30.10018,0.7434379948343661
2024-03-29,30.26432,0.9074927779254018
2024-03-30,30.259367,0.9024545610164374
2024-03-31,30.465017,1.108019344107472
2024-04-01,30.535955,1.1788721271985096
2024-04-02,30.721943,1.364774910289544
2024-04-03,30.822111,1.46485769338058
2024-04-04,30.712965,1.3556264764716168
2024-04-05,30.748041,1.3906172595626565
2024-04-06,30.860872,1.5033630426536924
2024-04-07,30.952988,1.595393825744729
2024-04-08,30.807186,1.4495066088357653
2024-04-09,30.749714,1.3919493919268007
2024-04-10,30.67014,1.3122901750178357
2024-04-11,30.663216,1.3052809581088702
2024-04-12,30.637447,1.2794267411999094
2024-04-13,30.704659,1.3465535242909432
2024-04-14,30.761198,1.40300730738198
2024-04-15,30.865334,1.5070580904730164
2024-04-16,31.056128,1.6977668735640528
2024-04-17,31.16429,1.8058436566550888
2024-04-18,31.24057,1.8820384397461254
2024-04-19,31.228584,1.869967222837161
2024-04-20,31.264273,1.9055710059281985
2024-04-21,31.329268,1.9704807890192342
2024-04-22,31.40264,2.043767572110273
2024-04-23,31.388758,2.0298003552013064
2024-04-24,31.58523,2.2261871382923424
2024-04-25,31.53706,2.1779319213833794
2024-04-26,31.527563,2.1683497044744158
2024-04-27,31.52288,2.1635814875654518
2024-04-28,31.58435,2.2249662706564877
2024-04-29,31.714613,2.355144053747523
2024-04-30,31.872023,2.5124688368385577
2024-05-01,31.829334,2.4696946199295944
2024-05-02,31.84624,2.4865154030206327
2024-05-03,31.832815,2.473005186111667
2024-05-04,31.975199,2.615303969202703
2024-05-05,31.930939,2.570958752293741
2024-05-06,31.908619,2.54855353538478
2024-05-07,31.935444,2.575293318475815
2024-05-08,31.94594,2.5857041015668507
2024-05-09,31.87579,2.515468884657885
2024-05-10,31.966478,2.606071667748921
2024-05-11,31.910948,2.5504564508399596
2024-05-12,31.730974,2.370397233930994
2024-05-13,31.585546,2.224884017022031
2024-05-14,31.544931,2.1841838001130647
2024-05-15,31.560085,2.199252583204103
2024-05-16,31.576803,2.21588536629514
2024-05-17,31.513388,2.1523851493861734
2024-05-18,31.394438,2.0333499324772113
2024-05-19,31.220818,1.8596447155682476
2024-05-20,31.116236,1.7549774986592865
2024-05-21,30.96843,1.6070862817503233
2024-05-22,30.857521,1.4960920648413563
2024-05-23,30.727985,1.3664708479323942
2024-05-24,30.598892,1.2372926310234291
2024-05-25,30.485506,1.1238214141144667
2024-05-26,30.413603,1.0518331972055002
2024-05-27,30.402779,1.0409239802965367
2024-05-28,30.344576,0.9826357633875737
2024-05-29,30.263885,0.9018595464786081
2024-05-30,30.223955,0.8618443295696459
2024-05-31,30.134106,0.7719101126606809
2024-06-01,30.012789,0.6505078957517192
2024-06-02,29.943485,0.5811186788427527
2024-06-03,29.968164,0.6057124619337912
2024-06-04,29.989443,0.6269062450248271
2024-06-05,29.934559,0.5719370281158653
2024-06-06,29.936674,0.5739668112069012
2024-06-07,29.94949,0.586697594297938
2024-06-08,29.903421,0.5405433773889747
2024-06-09,29.845547,0.48258416048000896
2024-06-10,29.801878,0.43882994357104366
2024-06-11,29.777931,0.4147977266620799
2024-06-12,29.781698,0.41847950975311576
2024-06-13,29.81374,0.4504362928441523
2024-06-14,29.84834,0.4849510759351894
2024-06-15,29.857752,0.49427785902622645
2024-06-16,29.873957,0.5103976421172618
2024-06-17,29.856415,0.4927704252082954
2024-06-18,29.877535,0.5138052082993347
2024-06-19,29.841269,0.4774539913903695
2024-06-20,29.838015,0.47411477448140715
2024-06-21,29.806221,0.44223555757244526
2024-06-22,29.769411,0.4053403406634821
2024-06-23,29.731297,0.3671411237545179
2024-06-24,29.71864,0.3543989068455531
2024-06-25,29.702223,0.3378966899365885
2024-06-26,29.686085,0.32167347302762295
2024-06-27,29.680986,0.3164892561186612
2024-06-28,29.81815,0.4535680392096957
2024-06-29,29.720476,0.35580882230073385
2024-06-30,29.678768,0.31401560539177
2024-07-01,29.729832,0.36499438848280263
2024-07-02,29.764076,0.39915317157383967
2024-07-03,29.720966,0.355957954664877
2024-07-04,29.683397,0.3183037377559117
2024-07-05,29.698208,0.3330295208469529
2024-07-06,29.667467,0.30220330393798633
2024-07-07,29.635689,0.2703400870290231
2024-07-08,29.70404,0.33860587012005894
2024-07-09,29.793089,0.4275696532110942
2024-07-10,29.689028,0.3234234363021322
2024-07-11,29.669117,0.30342721939316775
2024-07-12,29.617771,0.25199600248420495
2024-07-13,29.603859,0.23799878557523968
2024-07-14,29.574356,0.20841056866627738
2024-07-15,29.564318,0.19828735175731182
2024-07-16,29.54785,0.1817341348483481
2024-07-17,29.520319,0.15411791793938434
2024-07-18,29.502996,0.13670970103041924
2024-07-19,29.507236,0.14086448412145458
2024-07-20,29.517355,0.15089826721249366
2024-07-21,29.542433,0.17589105030353025
2024-07-22,29.547106,0.1804788333945666
2024-07-23,29.57221,0.2054976164856015
2024-07-24,29.576504,0.20970639957663906
2024-07-25,29.561237,0.19435418266767357
2024-07-26,29.538685,0.1717169657587121
2024-07-27,29.527206,0.16015274884974673
2024-07-28,29.487963,0.12082453194078369
2024-07-29,29.437931,0.07070731503181804
2024-07-30,29.418848,0.05153909812285562
2024-07-31,29.416544,0.0491498812138893
2024-08-01,29.425493,0.05801366430492649
2024-08-02,29.474382,0.10681744739596155
2024-08-03,29.434525,0.06687523048699973
2024-08-04,29.462702,0.09496701357803516
2024-08-05,29.410593,0.04277279666907319
2024-08-06,29.407278,0.0393725797601121
2024-08-07,29.468155,0.10016436285114594
2024-08-08,29.569006,0.20093014594218417
2024-08-09,29.609661,0.2414999290332176
2024-08-10,29.488207,0.11996071212425363
2024-08-11,29.46565,0.09731849521529057
2024-08-12,29.464989,0.09657227830632564
2024-08-13,29.548643,0.18014106139736086
2024-08-14,29.611044,0.2424568444883981
2024-08-15,29.708622,0.3399496275794327
2024-08-16,29.671692,0.30293441067047056
2024-08-17,29.589851,0.22100819376150582
2024-08-18,29.476805,0.10787697685254116
2024-08-19,29.421862,0.05284875994357918
2024-08-20,29.461136,0.09203754303461764
2024-08-21,29.622316,0.2531323261256553
2024-08-22,29.507692,0.13842310921668854
2024-08-23,29.559326,0.1899718923077245
2024-08-24,29.608364,0.2389246753987635
2024-08-25,29.55957,0.1900454584897986
2024-08-26,29.474787,0.10517724158083297
2024-08-27,29.416904,0.047209024671868605
2024-08-28,29.378723,0.008942807762906568
2024-08-29,29.35435,-0.01551540914605809
2024-08-30,29.328941,-0.0410096260550219
2024-08-31,29.357351,-0.012684842963984977
2024-09-01,29.442595,0.07247394012705044
2024-09-02,29.33035,-0.039856276781915057
2024-09-03,29.246468,-0.1238234936908782
2024-09-04,29.222395,-0.14798171059984355
2024-09-05,29.199865,-0.17059692750880373
2024-09-06,29.159462,-0.2110851444177655
2024-09-07,29.115082,-0.2555503613267298
2024-09-08,29.09565,-0.2750675782356957
2024-09-09,29.094242,-0.2765607951446576
2024-09-10,29.10944,-0.26144801205362356
2024-09-11,29.127344,-0.2436292289625861
2024-09-12,29.16412,-0.2069384458715504
2024-09-13,29.163052,-0.2080916627805145
2024-09-14,29.150312,-0.22091687968947937
2024-09-15,29.159792,-0.21152209659844345
2024-09-16,29.136637,-0.23476231350740662
2024-09-17,29.098875,-0.27260953041637137
2024-09-18,29.060246,-0.31132374732533563
2024-09-19,29.037144,-0.33451096423429405
2024-09-20,29.016407,-0.3553331811432585
2024-09-21,29.01583,-0.35599539805222236
2024-09-22,29.017128,-0.3547826149611879
2024-09-23,29.000937,-0.3710588318701511
2024-09-24,29.035172,-0.3369090487791162
2024-09-25,29.150185,-0.22198126568807908
2024-09-26,29.25178,-0.12047148259704343
2024-09-27,29.373363,0.0010263004939936593
2024-09-28,29.323517,-0.04890491641497263
2024-09-29,29.350935,-0.021572133323935816
2024-09-30,29.37611,0.0035176497671010054
2024-10-01,29.431479,0.05880143285813588
2024-10-02,29.40075,0.027987215949170974
2024-10-03,29.392143,0.01929499904020915
2024-10-04,29.44633,0.07339678213124401
2024-10-05,29.382689,0.009670565222283045
2024-10-06,29.398836,0.025732348313319164
2024-10-07,29.583708,0.2105191314043573
2024-10-08,29.488503,0.1152289144953933
2024-10-09,29.58836,0.21500069758642937
2024-10-10,29.596004,0.22255948067746445
2024-10-11,29.544687,0.1711572637684995
2024-10-12,29.36121,-0.012404953140464414
2024-10-13,29.274836,-0.09886417004942771
2024-10-14,29.21718,-0.1566053869583932
2024-10-15,29.202738,-0.17113260386735618
2024-10-16,29.368177,-0.00577882077632097
2024-10-17,29.338758,-0.035283037685285734
2024-10-18,29.305656,-0.06847025459424927
2024-10-19,29.230871,-0.14334047150321183
2024-10-20,29.18573,-0.18856668841217328
2024-10-21,29.197874,-0.17650790532113803
2024-10-22,29.180088,-0.19437912223009945
2024-10-23,29.168055,-0.20649733913906587
2024-10-24,29.144491,-0.23014655604803025
2024-10-25,29.167019,-0.20770377295699305
2024-10-26,29.196945,-0.1778629898659574
2024-10-27,29.229803,-0.14509020677492046
2024-10-28,29.302603,-0.07237542368388361
2024-10-29,29.413515,0.038451359407151386
2024-10-30,29.402178,0.02702914249818633
2024-10-31,29.455088,0.079853925589223
2024-11-01,29.553316,0.17799670868025785
2024-11-02,29.58215,0.20674549177129364
2024-11-03,29.663248,0.2877582748623304
2024-11-04,29.675716,0.3001410579533683
2024-11-05,29.5911,0.2154398410444074
2024-11-06,29.55073,0.17498462413544402
2024-11-07,29.5829,0.20706940722647715
2024-11-08,29.5551,0.17918419031751398
2024-11-09,29.531164,0.1551629734085509
2024-11-10,29.575392,0.19930575649958726
2024-11-11,29.6239,0.24772853959062147
2024-11-12,29.635946,0.259689322681659
2024-11-13,29.742563,0.36622110577269495
2024-11-14,29.846645,0.47021788886372917
2024-11-15,29.904404,0.5278916719547659
2024-11-16,29.930582,0.5539844550458035
2024-11-17,29.89541,0.5187272381368366
2024-11-18,29.954647,0.5778790212278757
2024-11-19,29.896254,0.5194008043189093
2024-11-20,29.877598,0.5006595874099489
2024-11-21,29.809244,0.4322203705009855
2024-11-22,29.709044,0.3319351535920205
2024-11-23,29.557257,0.18006293668305773
2024-11-24,29.455961,0.07868171977409233
2024-11-25,29.381762,0.004397502865128189
2024-11-26,29.313017,-0.06443271404383566
2024-11-27,29.341362,-0.036172930952798055
2024-11-28,29.346632,-0.030988147861762627
2024-11-29,29.338633,-0.03907236477072473
2024-11-30,29.286076,-0.09171458167968893
2024-12-01,29.3582,-0.019675798588654203
2024-12-02,29.464306,0.08634498450238226
2024-12-03,29.468998,0.09095176759341683
2024-12-04,29.321505,-0.056626449315547944
2024-12-05,29.329947,-0.048269666224506125
2024-12-06,29.226065,-0.1522368831334724
2024-12-07,29.184477,-0.1939101000424337
2024-12-08,29.174103,-0.20436931695140004
2024-12-09,29.168087,-0.21047053386036296
2024-12-10,29.145796,-0.23284675076932615
2024-12-11,29.322363,-0.05636496767829158
2024-12-12,29.35577,-0.023043184587255183
2024-12-13,29.290737,-0.08816140149621887
2024-12-14,29.229694,-0.1492896184051844
2024-12-15,29.2086,-0.17046883531414636
2024-12-16,29.23236,-0.14679405222311104
2024-12-17,29.248383,-0.1308562691320745
2024-12-18,29.268118,-0.11120648604103778
2024-12-19,29.275486,-0.1039237029500022
2024-12-20,29.246843,-0.13265191985896507
2024-12-21,29.284378,-0.09520213676792721
2024-12-22,29.354656,-0.025009353676892943
2024-12-23,29.227077,-0.15267357058585418
2024-12-24,29.266113,-0.11372278749481879
2024-12-25,29.327026,-0.052895004403783474
2024-12-26,29.271303,-0.1087032213127479
2024-12-27,29.286636,-0.0934554382217101
2024-12-28,29.30716,-0.0730166551306759
2024-12-29,29.32544,-0.054821872039639175
2024-12-30,29.280548,-0.09979908894860401
2024-12-31,29.23829,-0.14214230585756837
2025-01-01,29.241184,-0.1393335227665311
2025-01-02,29.2474,-0.13320273967549667
2025-01-03,29.201294,-0.1793939565844589
2025-01-04,29.166561,-0.21421217349342214
2025-01-05,29.130556,-0.25030239040238556
2025-01-06,29.01225,-0.3686936073113465
2025-01-07,29.110628,-0.27040082422031375
2025-01-08,29.100424,-0.28069004112927587
2025-01-09,29.059471,-0.3217282580382417
2025-01-10,29.05367,-0.32761447494720386
2025-01-11,29.04391,-0.33745969185616786
2025-01-12,29.055544,-0.32591090876513107
2025-01-13,29.031185,-0.35035512567409555
2025-01-14,29.00299,-0.37863534258305975
2025-01-15,28.969019,-0.41269155949202485
2025-01-16,28.9338,-0.44799577640098676
2025-01-17,28.886377,-0.49550399330995276
2025-01-18,28.886213,-0.49575321021891483
2025-01-19,28.849627,-0.5324244271278786
2025-01-20,28.819815,-0.5623216440368424
2025-01-21,28.826344,-0.5558778609458059
2025-01-22,28.818014,-0.5642930778547672
2025-01-23,28.736069,-0.6463232947637323
2025-01-24,28.69912,-0.6833575116726962
2025-01-25,28.745457,-0.6371057285816626
2025-01-26,28.697409,-0.6852389454906245
2025-01-27,28.66637,-0.7163631623995883
2025-01-28,28.700739,-0.6820793793085542
2025-01-29,28.767153,-0.6157505962175165
2025-01-30,28.80649,-0.5764988131264808
2025-01-31,28.841911,-0.5411630300354453
2025-02-01,28.804386,-0.578773246944408
2025-02-02,28.80254,-0.5807044638533725
2025-02-03,28.777708,-0.6056216807623365
2025-02-04,28.778046,-0.6053688976712976
2025-02-05,28.827513,-0.5559871145802617
2025-02-06,28.808094,-0.5754913314892249
2025-02-07,28.784061,-0.5996095483981883
2025-02-08,28.760038,-0.623717765307152
2025-02-09,28.774904,-0.6089369822161181
2025-02-10,28.813705,-0.5702211991250827
2025-02-11,28.819378,-0.5646334160340452
2025-02-12,28.773872,-0.6102246329430088
2025-02-13,28.768562,-0.6156198498519743
2025-02-14,28.851635,-0.5326320667609359
2025-02-15,28.819084,-0.5652682836699015
2025-02-16,28.852404,-0.5320335005788657
2025-02-17,28.800528,-0.5839947174878297
2025-02-18,28.894941,-0.4896669343967943
2025-02-19,28.822248,-0.5624451513057558
2025-02-20,28.851873,-0.5329053682147169
2025-02-21,28.87815,-0.5067135851236806
2025-02-22,28.895638,-0.48931080203264443
2025-02-23,28.876394,-0.5086400189416089
2025-02-24,28.900766,-0.4843532358505733
2025-02-25,28.898352,-0.48685245275953903
2025-02-26,28.862026,-0.523263669668502
2025-02-27,28.873451,-0.5119238865774669
2025-02-28,28.916164,-0.4692961034864318
2025-03-01,28.987852,-0.39769332039539407
2025-03-02,29.051004,-0.3346265373043593
2025-03-03,29.136972,-0.24874375421332218
2025-03-04,29.226946,-0.15885497112228464
2025-03-05,29.16205,-0.2238361880312496
2025-03-06,29.164446,-0.22152540494021267
2025-03-07,29.085875,-0.3001816218491733
2025-03-08,29.037357,-0.3487848387581387
2025-03-09,29.072306,-0.3139210556671017
2025-03-10,29.225218,-0.16109427257606512
2025-03-11,29.355757,-0.030640489485030287
2025-03-12,29.360163,-0.026319706393994835
2025-03-13,29.352057,-0.03451092330296035
2025-03-14,29.42033,0.033676859788076996
2025-03-15,29.436722,0.04998364287911272
2025-03-16,29.568287,0.18146342597015064
2025-03-17,29.506805,0.11989620906118503
2025-03-18,29.540314,0.1533199921522197
2025-03-19,29.475502,0.08842277524325581
2025-03-20,29.463858,0.07669355833429137
2025-03-21,29.507885,0.12063534142533072
2025-03-22,29.508133,0.1207981245163694
2025-03-23,29.626827,0.23940690760740324
2025-03-24,29.685808,0.29830269069844206
2025-03-25,29.796051,0.40846047378947503
2025-03-26,29.822681,0.43500525688051184
2025-03-27,29.750994,0.3632330399715471
2025-03-28,29.75672,0.36887382306258587
2025-03-29,29.836226,0.4482946061536204
2025-03-30,29.774637,0.3866203892446549
2025-03-31,29.748856,0.3607541723356924
2025-04-01,29.822504,0.434316955426727
2025-04-02,29.801722,0.413449738517766
2025-04-03,29.85996,0.47160252160880134
2025-04-04,29.843143,0.4547003046998377
2025-04-05,29.757742,0.3692140877908727
2025-04-06,29.691795,0.30318187088191095
2025-04-07,29.650442,0.26174365397294963
2025-04-08,29.681429,0.29264543706398527
2025-04-09,29.657791,0.26892222015501943
2025-04-10,29.660498,0.2715440032460563
2025-04-11,29.50127,0.11223078633709349
2025-04-12,29.531973,0.1428485694281285
2025-04-13,29.70949,0.32028035251916265
2025-04-14,30.07962,0.6903251356101983
2025-04-15,30.05117,0.6617899187012348
2025-04-16,29.834454,0.4449887017922727
2025-04-17,29.811949,0.4223984848833062
2025-04-18,29.772799,0.38316326797434286
2025-04-19,29.783567,0.3938460510653812
2025-04-20,29.67875,0.28894383415641656
2025-04-21,29.858297,0.46840561724745555
2025-04-22,29.940046,0.55006940033849
2025-04-23,30.026627,0.6365651834295285
2025-04-24,29.965261,0.5751139665205649
2025-04-25,30.125975,0.7357427496115996
2025-04-26,30.106453,0.7161355327026335
2025-04-27,30.439066,1.0486633157936716
2025-04-28,30.32207,0.9315820988847072
2025-04-29,30.171505,0.7809318819757429
2025-04-30,30.239195,0.8485366650667778
2025-05-01,30.231836,0.8410924481578164
2025-05-02,30.384375,0.9935462312488497
2025-05-03,30.377335,0.9864210143398857
2025-05-04,30.324884,0.9338847974309239
2025-05-05,30.365534,0.9744495805219593
2025-05-06,30.227797,0.836627363612994
2025-05-07,30.236347,0.8450921467040331
2025-05-08,30.110304,0.7189639297950698
2025-05-09,30.210499,0.8190737128861052
2025-05-10,30.123085,0.7315744959771422
2025-05-11,30.066046,0.6744502790681786
2025-05-12,29.997084,0.6054030621592155
2025-05-13,29.969309,0.5775428452502496
2025-05-14,29.962236,0.5703846283412872
2025-05-15,29.935648,0.5437114114323229
2025-05-16,29.840616,0.44859419452335914
2025-05-17,29.812307,0.420199977614395
2025-05-18,29.828428,0.43623576070542924
2025-05-19,29.882566,0.490288543796467
2025-05-20,29.979431,0.5870683268875041
2025-05-21,29.920195,0.527747109978538
2025-05-22,29.893959,0.5014258930695767
2025-05-23,29.855307,0.4626886761606137
2025-05-24,29.778187,0.38548345925164895
2025-05-25,29.711931,0.31914224234268573
2025-05-26,29.695724,0.3028500254337203
2025-05-27,29.680353,0.28739380852475804
2025-05-28,29.687944,0.2948995916157955
2025-05-29,29.689062,0.29593237470682965
2025-05-30,29.694195,0.30098015779786635
2025-05-31,29.699333,0.3060329408889011
2025-06-01,29.691452,0.2980667239799395
2025-06-02,29.671875,0.27840450707097375
2025-06-03,29.684196,0.29064029016200976
2025-06-04,29.702646,0.30900507325304716
2025-06-05,29.713633,0.3199068563440832
2025-06-06,29.701363,0.30755163943512187
2025-06-07,29.649317,0.25542042252615715
2025-06-08,29.617405,0.22342320561719475
2025-06-09,29.596807,0.20273998870822751
2025-06-10,29.58217,0.1880177717992666
2025-06-11,29.536327,0.14208955489030117
2025-06-12,29.499151,0.1048283379813384
2025-06-13,29.489796,0.09538812107237149
2025-06-14,29.489742,0.09524890416340881
2025-06-15,29.485453,0.09087468725444481
2025-06-16,29.472775,0.07811147034547972
2025-06-17,29.451042,0.05629325343651814
2025-06-18,29.446516,0.0516820365275521
2025-06-19,29.451084,0.056164819618590656
2025-06-20,29.416597,0.021592602709624487
2025-06-21,29.374495,-0.02059461419933939
2025-06-22,29.33314,-0.062034831108299215
2025-06-23,29.31647,-0.07879004801726452
2025-06-24,29.331757,-0.06358826492622782
2025-06-25,29.363047,-0.0323834818351898
2025-06-26,29.425207,0.02969130125584485
2025-06-27,29.440523,0.04492208434687939
2025-06-28,29.429258,0.03357186743791729
2025-06-29,29.415892,0.020120650528951955
2025-06-30,29.424261,0.02840443361998979
2025-07-01,29.41391,0.017968216711025775
2025-07-02,29.428051,0.03202399980206039
2025-07-03,29.43584,0.03972778289309531
2025-07-04,29.455389,0.059191565984132666
2025-07-05,29.455765,0.05948234907516792
2025-07-06,29.4302,0.03383213216620362
2025-07-07,29.40974,0.013286915257243237
2025-07-08,29.380674,-0.015864301651721036
2025-07-09,29.398363,0.0017394814393156821
2025-07-10,29.37482,-0.021888735469648424
2025-07-11,29.384007,-0.012786952378611716
2025-07-12,29.396746,-0.00013316928757589608
2025-07-13,29.42415,0.02718561380346074
2025-07-14,29.40753,0.01048039689449709
2025-07-15,29.347946,-0.04918882001446789
2025-07-16,29.330177,-0.06704303692343316
2025-07-17,29.283422,-0.11388325383239462
2025-07-18,29.268362,-0.12902847074136048
2025-07-19,29.242447,-0.15502868765032574
2025-07-20,29.193708,-0.2038529045592874
2025-07-21,29.177689,-0.21995712146825142
2025-07-22,29.169792,-0.2279393383772117
2025-07-23,29.1506,-0.24721655528617603
2025-07-24,29.139748,-0.2581537721951399
2025-07-25,29.1471,-0.25088698910410656
2025-07-26,29.168543,-0.22952920601306914
2025-07-27,29.173004,-0.225153422922034
2025-07-28,29.202839,-0.19540363983099596
2025-07-29,29.229671,-0.16865685673996111
2025-07-30,29.283081,-0.11533207364892561
2025-07-31,29.33484,-0.06365829055788907
2025-08-01,29.401241,0.0026574925331459553
2025-08-02,29.263603,-0.1350657243758171
2025-08-03,29.172497,-0.22625694128478102
2025-08-04,29.230743,-0.16809615819374457
2025-08-05,29.231852,-0.167072375102709
2025-08-06,29.227552,-0.17145759201167365
2025-08-07,29.156511,-0.24258380892063514
2025-08-08,29.15131,-0.24787002582959872
2025-08-09,29.182873,-0.21639224273856073
2025-08-10,29.231276,-0.16807445964752432
2025-08-11,29.193636,-0.205799676556488
2025-08-12,29.134308,-0.26521289346545274
2025-08-13,29.121761,-0.27784511037441817
2025-08-14,29.10777,-0.29192132728338294
2025-08-15,29.075516,-0.3242605441923452
2025-08-16,29.050985,-0.34887676110130883
2025-08-17,29.037786,-0.362160978010273
2025-08-18,29.044373,-0.35565919491923736
2025-08-19,29.092787,-0.3073304118282003
2025-08-20,29.154278,-0.24592462873716414
2025-08-21,29.178818,-0.22146984564612993
2025-08-22,29.118576,-0.2817970625550892
2025-08-23,29.091873,-0.30858527946405445
2025-08-24,29.154202,-0.2463414963730166
2025-08-25,29.144348,-0.2562807132819813
2025-08-26,29.127327,-0.27338693019094507
2025-08-27,29.119186,-0.28161314709991103
2025-08-28,29.144644,-0.2562403640088746
2025-08-29,29.159008,-0.24196158091783815
2025-08-30,29.175268,-0.2257867978268031
2025-08-31,29.136463,-0.2646770147357671
2025-09-01,29.109503,-0.2917222316447301
2025-09-02,29.099802,-0.30150844855369385
2025-09-03,29.114037,-0.28735866546265854
2025-09-04,29.130535,-0.270945882371624
2025-09-05,29.179058,-0.22250809928058501
2025-09-06,29.192354,-0.20929731618954506
2025-09-07,29.213177,-0.18855953309850904
2025-09-08,29.248833,-0.15298875000747358
2025-09-09,29.22603,-0.17587696691643728
2025-09-10,29.208225,-0.19376718382540403
2025-09-11,29.179775,-0.22230240073436747
2025-09-12,29.25219,-0.14997261764333203
2025-09-13,29.25947,-0.14277783455229454
2025-09-14,29.152893,-0.24944005146126003
2025-09-15,29.088755,-0.31366326837022385
2025-09-16,29.07738,-0.32512348527918533
2025-09-17,29.081064,-0.32152470218814955
2025-09-18,29.03853,-0.3641439190971134
2025-09-19,29.023298,-0.37946113600607845
2025-09-20,29.035847,-0.36699735291504254
2025-09-21,29.056189,-0.3467405698240036
2025-09-22,29.082067,-0.32094778673296886
2025-09-23,29.05324,-0.3498600036419326
2025-09-24,29.024006,-0.3791792205508955
2025-09-25,29.00056,-0.40271043745985935
2025-09-26,28.994217,-0.40913865436882446
2025-09-27,29.013256,-0.3901848712777891
2025-09-28,28.98582,-0.41770608818675115
2025-09-29,28.94835,-0.45526130509571416
2025-09-30,28.904905,-0.49879152200468013
2025-10-01,28.953087,-0.45069473891364353
2025-10-02,29.060879,-0.34298795582260766
2025-10-03,29.404022,6.982726842963416e-05
2025-10-04,29.457747,0.05370961035946564
2025-10-05,29.23712,-0.16700260654949872
2025-10-06,29.258394,-0.1458138234584645
2025-10-07,29.280302,-0.12399104036742514
2025-10-08,29.249111,-0.1552672572763889
2025-10-09,29.25162,-0.15284347418535305
2025-10-10,29.20276,-0.20178869109431474
2025-10-11,29.16427,-0.24036390800328178
2025-10-12,29.328083,-0.0766361249122447
2025-10-13,29.380213,-0.024591341821206925
2025-10-14,29.45189,0.04700044126982661
2025-10-15,29.521446,0.11647122436086477
2025-10-16,29.467018,0.06195800745189928
2025-10-17,29.523537,0.1183917905429368
2025-10-18,29.404356,-0.0008744263660283025
2025-10-19,29.329943,-0.07537264327499216
2025-10-20,29.232836,-0.17256486018395734
2025-10-21,29.181982,-0.22350407709291886
2025-10-22,29.1759,-0.22967129400188213
2025-10-23,29.113024,-0.2926325109108454
2025-10-24,29.040215,-0.3655267278198089
2025-10-25,28.96603,-0.43979694472877284
2025-10-26,28.906925,-0.4989871616377357
2025-10-27,28.908884,-0.49711337854670035
2025-10-28,29.004,-0.4020825954556635
2025-10-29,29.11265,-0.29351781236463026
2025-10-30,29.22955,-0.17670302927359316
2025-10-31,29.23174,-0.17459824618255837
2025-11-01,29.238361,-0.16806246309151973
2025-11-02,29.17265,-0.23385868000048404
2025-11-03,29.154417,-0.2521768969094502
2025-11-04,29.155699,-0.25098011381841445
2025-11-05,29.148727,-0.258037330727376
2025-11-06,29.066975,-0.33987454763633806
2025-11-07,29.122585,-0.2843497645453006
2025-11-08,29.150894,-0.25612598145426446
2025-11-09,29.211744,-0.19536119836322996
2025-11-10,29.211308,-0.19588241527219452
2025-11-11,29.198011,-0.20926463218115643
2025-11-12,29.276804,-0.130556849090123
2025-11-13,29.227772,-0.17967406599908387
2025-11-14,29.280672,-0.12685928290805037
2025-11-15,29.330341,-0.07727549981701287
2025-11-16,29.208895,-0.19880671672597927
2025-11-17,29.275103,-0.13268393363494013
2025-11-18,29.228382,-0.1794901505439057
2025-11-19,29.27607,-0.1318873674528689
2025-11-20,29.297388,-0.11065458436183206
2025-11-21,29.19371,-0.21441780127079468
2025-11-22,29.138575,-0.26963801817975863
2025-11-23,29.062094,-0.3462042350887238
2025-11-24,29.072922,-0.33546145199768773
2025-11-25,29.021027,-0.38744166890665
2025-11-26,28.977676,-0.43087788581561526
2025-11-27,28.973862,-0.4347771027245777
2025-11-28,28.970766,-0.43795831963354104
2025-11-29,29.008163,-0.4006465365425065
2025-11-30,29.079144,-0.32975075345147076
2025-12-01,29.163536,-0.24544397036043364
2025-12-02,29.139936,-0.2691291872693995
2025-12-03,29.130804,-0.278346404178361
2025-12-04,29.071482,-0.33775362108732665
2025-12-05,29.061825,-0.34749583799629136
2025-12-06,29.0728,-0.3366060549052534
2025-12-07,29.0768,-0.3326912718142161
2025-12-08,29.045895,-0.3636814887231772
2025-12-09,29.003159,-0.40650270563214264
2025-12-10,28.99508,-0.41466692254110527
2025-12-11,28.960411,-0.44942113945007023
2025-12-12,28.961584,-0.4483333563590364
2025-12-13,28.971085,-0.4389175732680002
2025-12-14,28.971397,-0.4386907901769632
2025-12-15,28.947283,-0.4628900070859281
2025-12-16,28.938667,-0.47159122399489206
2025-12-17,28.94563,-0.4647134409038536
2025-12-18,28.958433,-0.4519956578128195
2025-12-19,28.950956,-0.45955787472178145
2025-12-20,28.951445,-0.4591540916307473
2025-12-21,28.935772,-0.4749123085397109
2025-12-22,28.918633,-0.4921365254486716
2025-12-23,28.896713,-0.5141417423576371
2025-12-24,28.87563,-0.5353099592665984
2025-12-25,28.863768,-0.5472571761755631
2025-12-26,28.854628,-0.5564823930845257
2025-12-27,28.867989,-0.54320660999349
2025-12-28,28.862234,-0.5490468269024547
2025-12-29,28.909775,-0.5015910438114197
2025-12-30,28.931414,-0.48003726072038333
2025-12-31,28.93759,-0.4739464776293474
